sa1_7digitcode_2011,sa2_name_2011,sa3_name_2011,sa4_name_2011,gccsa_name_2011
2100101,Alfredton,Ballarat,Ballarat,Rest of Vic.
2100102,Alfredton,Ballarat,Ballarat,Rest of Vic.
2100103,Alfredton,Ballarat,Ballarat,Rest of Vic.
2100104,Alfredton,Ballarat,Ballarat,Rest of Vic.
2100105,Alfredton,Ballarat,Ballarat,Rest of Vic.
2100106,Alfredton,Ballarat,Ballarat,Rest of Vic.
2100107,Alfredton,Ballarat,Ballarat,Rest of Vic.
2100108,Alfredton,Ballarat,Ballarat,Rest of Vic.
2100109,Alfredton,Ballarat,Ballarat,Rest of Vic.
2100110,Alfredton,Ballarat,Ballarat,Rest of Vic.
2100111,Alfredton,Ballarat,Ballarat,Rest of Vic.
2100112,Alfredton,Ballarat,Ballarat,Rest of Vic.
2100113,Alfredton,Ballarat,Ballarat,Rest of Vic.
2100114,Alfredton,Ballarat,Ballarat,Rest of Vic.
2100115,Alfredton,Ballarat,Ballarat,Rest of Vic.
2100116,Alfredton,Ballarat,Ballarat,Rest of Vic.
2100117,Alfredton,Ballarat,Ballarat,Rest of Vic.
2100201,Ballarat,Ballarat,Ballarat,Rest of Vic.
2100202,Ballarat,Ballarat,Ballarat,Rest of Vic.
2100203,Ballarat,Ballarat,Ballarat,Rest of Vic.
2100204,Ballarat,Ballarat,Ballarat,Rest of Vic.
2100205,Ballarat,Ballarat,Ballarat,Rest of Vic.
2100206,Ballarat,Ballarat,Ballarat,Rest of Vic.
2100207,Ballarat,Ballarat,Ballarat,Rest of Vic.
2100208,Ballarat,Ballarat,Ballarat,Rest of Vic.
2100209,Ballarat,Ballarat,Ballarat,Rest of Vic.
2100210,Ballarat,Ballarat,Ballarat,Rest of Vic.
2100211,Ballarat,Ballarat,Ballarat,Rest of Vic.
2100212,Ballarat,Ballarat,Ballarat,Rest of Vic.
2100213,Ballarat,Ballarat,Ballarat,Rest of Vic.
2100214,Ballarat,Ballarat,Ballarat,Rest of Vic.
2100215,Ballarat,Ballarat,Ballarat,Rest of Vic.
2100216,Ballarat,Ballarat,Ballarat,Rest of Vic.
2100217,Ballarat,Ballarat,Ballarat,Rest of Vic.
2100218,Ballarat,Ballarat,Ballarat,Rest of Vic.
2100219,Ballarat,Ballarat,Ballarat,Rest of Vic.
2100220,Ballarat,Ballarat,Ballarat,Rest of Vic.
2100221,Ballarat,Ballarat,Ballarat,Rest of Vic.
2100222,Ballarat,Ballarat,Ballarat,Rest of Vic.
2100223,Ballarat,Ballarat,Ballarat,Rest of Vic.
2100224,Ballarat,Ballarat,Ballarat,Rest of Vic.
2100225,Ballarat,Ballarat,Ballarat,Rest of Vic.
2100226,Ballarat,Ballarat,Ballarat,Rest of Vic.
2100227,Ballarat,Ballarat,Ballarat,Rest of Vic.
2100228,Ballarat,Ballarat,Ballarat,Rest of Vic.
2100229,Ballarat,Ballarat,Ballarat,Rest of Vic.
2100230,Ballarat,Ballarat,Ballarat,Rest of Vic.
2100231,Ballarat,Ballarat,Ballarat,Rest of Vic.
2100232,Ballarat,Ballarat,Ballarat,Rest of Vic.
2100233,Ballarat,Ballarat,Ballarat,Rest of Vic.
2100234,Ballarat,Ballarat,Ballarat,Rest of Vic.
2100301,Ballarat - North,Ballarat,Ballarat,Rest of Vic.
2100302,Ballarat - North,Ballarat,Ballarat,Rest of Vic.
2100303,Ballarat - North,Ballarat,Ballarat,Rest of Vic.
2100304,Ballarat - North,Ballarat,Ballarat,Rest of Vic.
2100305,Ballarat - North,Ballarat,Ballarat,Rest of Vic.
2100306,Ballarat - North,Ballarat,Ballarat,Rest of Vic.
2100307,Ballarat - North,Ballarat,Ballarat,Rest of Vic.
2100308,Ballarat - North,Ballarat,Ballarat,Rest of Vic.
2100309,Ballarat - North,Ballarat,Ballarat,Rest of Vic.
2100310,Ballarat - North,Ballarat,Ballarat,Rest of Vic.
2100311,Ballarat - North,Ballarat,Ballarat,Rest of Vic.
2100312,Ballarat - North,Ballarat,Ballarat,Rest of Vic.
2100313,Ballarat - North,Ballarat,Ballarat,Rest of Vic.
2100314,Ballarat - North,Ballarat,Ballarat,Rest of Vic.
2100315,Ballarat - North,Ballarat,Ballarat,Rest of Vic.
2100316,Ballarat - North,Ballarat,Ballarat,Rest of Vic.
2100317,Ballarat - North,Ballarat,Ballarat,Rest of Vic.
2100318,Ballarat - North,Ballarat,Ballarat,Rest of Vic.
2100319,Ballarat - North,Ballarat,Ballarat,Rest of Vic.
2100320,Ballarat - North,Ballarat,Ballarat,Rest of Vic.
2100321,Ballarat - North,Ballarat,Ballarat,Rest of Vic.
2100322,Ballarat - North,Ballarat,Ballarat,Rest of Vic.
2100323,Ballarat - North,Ballarat,Ballarat,Rest of Vic.
2100324,Ballarat - North,Ballarat,Ballarat,Rest of Vic.
2100325,Ballarat - North,Ballarat,Ballarat,Rest of Vic.
2100326,Ballarat - North,Ballarat,Ballarat,Rest of Vic.
2100327,Ballarat - North,Ballarat,Ballarat,Rest of Vic.
2100328,Ballarat - North,Ballarat,Ballarat,Rest of Vic.
2100329,Ballarat - North,Ballarat,Ballarat,Rest of Vic.
2100330,Ballarat - North,Ballarat,Ballarat,Rest of Vic.
2100331,Ballarat - North,Ballarat,Ballarat,Rest of Vic.
2100332,Ballarat - North,Ballarat,Ballarat,Rest of Vic.
2100333,Ballarat - North,Ballarat,Ballarat,Rest of Vic.
2100334,Ballarat - North,Ballarat,Ballarat,Rest of Vic.
2100335,Ballarat - North,Ballarat,Ballarat,Rest of Vic.
2100336,Ballarat - North,Ballarat,Ballarat,Rest of Vic.
2100337,Ballarat - North,Ballarat,Ballarat,Rest of Vic.
2100338,Ballarat - North,Ballarat,Ballarat,Rest of Vic.
2100339,Ballarat - North,Ballarat,Ballarat,Rest of Vic.
2100340,Ballarat - North,Ballarat,Ballarat,Rest of Vic.
2100341,Ballarat - North,Ballarat,Ballarat,Rest of Vic.
2100342,Ballarat - North,Ballarat,Ballarat,Rest of Vic.
2100343,Ballarat - North,Ballarat,Ballarat,Rest of Vic.
2100344,Ballarat - North,Ballarat,Ballarat,Rest of Vic.
2100345,Ballarat - North,Ballarat,Ballarat,Rest of Vic.
2100346,Ballarat - North,Ballarat,Ballarat,Rest of Vic.
2100347,Ballarat - North,Ballarat,Ballarat,Rest of Vic.
2100348,Ballarat - North,Ballarat,Ballarat,Rest of Vic.
2100349,Ballarat - North,Ballarat,Ballarat,Rest of Vic.
2100350,Ballarat - North,Ballarat,Ballarat,Rest of Vic.
2100351,Ballarat - North,Ballarat,Ballarat,Rest of Vic.
2100401,Ballarat - South,Ballarat,Ballarat,Rest of Vic.
2100402,Ballarat - South,Ballarat,Ballarat,Rest of Vic.
2100403,Ballarat - South,Ballarat,Ballarat,Rest of Vic.
2100404,Ballarat - South,Ballarat,Ballarat,Rest of Vic.
2100405,Ballarat - South,Ballarat,Ballarat,Rest of Vic.
2100406,Ballarat - South,Ballarat,Ballarat,Rest of Vic.
2100407,Ballarat - South,Ballarat,Ballarat,Rest of Vic.
2100408,Ballarat - South,Ballarat,Ballarat,Rest of Vic.
2100409,Ballarat - South,Ballarat,Ballarat,Rest of Vic.
2100410,Ballarat - South,Ballarat,Ballarat,Rest of Vic.
2100411,Ballarat - South,Ballarat,Ballarat,Rest of Vic.
2100412,Ballarat - South,Ballarat,Ballarat,Rest of Vic.
2100413,Ballarat - South,Ballarat,Ballarat,Rest of Vic.
2100414,Ballarat - South,Ballarat,Ballarat,Rest of Vic.
2100415,Ballarat - South,Ballarat,Ballarat,Rest of Vic.
2100416,Ballarat - South,Ballarat,Ballarat,Rest of Vic.
2100417,Ballarat - South,Ballarat,Ballarat,Rest of Vic.
2100418,Ballarat - South,Ballarat,Ballarat,Rest of Vic.
2100419,Ballarat - South,Ballarat,Ballarat,Rest of Vic.
2100420,Ballarat - South,Ballarat,Ballarat,Rest of Vic.
2100421,Ballarat - South,Ballarat,Ballarat,Rest of Vic.
2100422,Ballarat - South,Ballarat,Ballarat,Rest of Vic.
2100423,Ballarat - South,Ballarat,Ballarat,Rest of Vic.
2100424,Ballarat - South,Ballarat,Ballarat,Rest of Vic.
2100425,Ballarat - South,Ballarat,Ballarat,Rest of Vic.
2100426,Ballarat - South,Ballarat,Ballarat,Rest of Vic.
2100427,Ballarat - South,Ballarat,Ballarat,Rest of Vic.
2100428,Ballarat - South,Ballarat,Ballarat,Rest of Vic.
2100429,Ballarat - South,Ballarat,Ballarat,Rest of Vic.
2100430,Ballarat - South,Ballarat,Ballarat,Rest of Vic.
2100431,Ballarat - South,Ballarat,Ballarat,Rest of Vic.
2100432,Ballarat - South,Ballarat,Ballarat,Rest of Vic.
2100433,Ballarat - South,Ballarat,Ballarat,Rest of Vic.
2100434,Ballarat - South,Ballarat,Ballarat,Rest of Vic.
2100435,Ballarat - South,Ballarat,Ballarat,Rest of Vic.
2100436,Ballarat - South,Ballarat,Ballarat,Rest of Vic.
2100437,Ballarat - South,Ballarat,Ballarat,Rest of Vic.
2100438,Ballarat - South,Ballarat,Ballarat,Rest of Vic.
2100439,Ballarat - South,Ballarat,Ballarat,Rest of Vic.
2100440,Ballarat - South,Ballarat,Ballarat,Rest of Vic.
2100441,Ballarat - South,Ballarat,Ballarat,Rest of Vic.
2100442,Ballarat - South,Ballarat,Ballarat,Rest of Vic.
2100443,Ballarat - South,Ballarat,Ballarat,Rest of Vic.
2100444,Ballarat - South,Ballarat,Ballarat,Rest of Vic.
2100445,Ballarat - South,Ballarat,Ballarat,Rest of Vic.
2100446,Ballarat - South,Ballarat,Ballarat,Rest of Vic.
2100447,Ballarat - South,Ballarat,Ballarat,Rest of Vic.
2100448,Ballarat - South,Ballarat,Ballarat,Rest of Vic.
2100449,Ballarat - South,Ballarat,Ballarat,Rest of Vic.
2100450,Ballarat - South,Ballarat,Ballarat,Rest of Vic.
2100451,Ballarat - South,Ballarat,Ballarat,Rest of Vic.
2100501,Buninyong,Ballarat,Ballarat,Rest of Vic.
2100502,Buninyong,Ballarat,Ballarat,Rest of Vic.
2100503,Buninyong,Ballarat,Ballarat,Rest of Vic.
2100504,Buninyong,Ballarat,Ballarat,Rest of Vic.
2100505,Buninyong,Ballarat,Ballarat,Rest of Vic.
2100506,Buninyong,Ballarat,Ballarat,Rest of Vic.
2100507,Buninyong,Ballarat,Ballarat,Rest of Vic.
2100508,Buninyong,Ballarat,Ballarat,Rest of Vic.
2100509,Buninyong,Ballarat,Ballarat,Rest of Vic.
2100510,Buninyong,Ballarat,Ballarat,Rest of Vic.
2100511,Buninyong,Ballarat,Ballarat,Rest of Vic.
2100512,Buninyong,Ballarat,Ballarat,Rest of Vic.
2100513,Buninyong,Ballarat,Ballarat,Rest of Vic.
2100514,Buninyong,Ballarat,Ballarat,Rest of Vic.
2100515,Buninyong,Ballarat,Ballarat,Rest of Vic.
2100516,Buninyong,Ballarat,Ballarat,Rest of Vic.
2100517,Buninyong,Ballarat,Ballarat,Rest of Vic.
2100601,Delacombe,Ballarat,Ballarat,Rest of Vic.
2100602,Delacombe,Ballarat,Ballarat,Rest of Vic.
2100603,Delacombe,Ballarat,Ballarat,Rest of Vic.
2100604,Delacombe,Ballarat,Ballarat,Rest of Vic.
2100605,Delacombe,Ballarat,Ballarat,Rest of Vic.
2100606,Delacombe,Ballarat,Ballarat,Rest of Vic.
2100607,Delacombe,Ballarat,Ballarat,Rest of Vic.
2100608,Delacombe,Ballarat,Ballarat,Rest of Vic.
2100609,Delacombe,Ballarat,Ballarat,Rest of Vic.
2100610,Delacombe,Ballarat,Ballarat,Rest of Vic.
2100611,Delacombe,Ballarat,Ballarat,Rest of Vic.
2100612,Delacombe,Ballarat,Ballarat,Rest of Vic.
2100613,Delacombe,Ballarat,Ballarat,Rest of Vic.
2100614,Delacombe,Ballarat,Ballarat,Rest of Vic.
2100701,Smythes Creek,Ballarat,Ballarat,Rest of Vic.
2100702,Smythes Creek,Ballarat,Ballarat,Rest of Vic.
2100703,Smythes Creek,Ballarat,Ballarat,Rest of Vic.
2100704,Smythes Creek,Ballarat,Ballarat,Rest of Vic.
2100705,Smythes Creek,Ballarat,Ballarat,Rest of Vic.
2100706,Smythes Creek,Ballarat,Ballarat,Rest of Vic.
2100707,Smythes Creek,Ballarat,Ballarat,Rest of Vic.
2100708,Smythes Creek,Ballarat,Ballarat,Rest of Vic.
2100709,Smythes Creek,Ballarat,Ballarat,Rest of Vic.
2100801,Wendouree - Miners Rest,Ballarat,Ballarat,Rest of Vic.
2100802,Wendouree - Miners Rest,Ballarat,Ballarat,Rest of Vic.
2100803,Wendouree - Miners Rest,Ballarat,Ballarat,Rest of Vic.
2100804,Wendouree - Miners Rest,Ballarat,Ballarat,Rest of Vic.
2100805,Wendouree - Miners Rest,Ballarat,Ballarat,Rest of Vic.
2100806,Wendouree - Miners Rest,Ballarat,Ballarat,Rest of Vic.
2100807,Wendouree - Miners Rest,Ballarat,Ballarat,Rest of Vic.
2100808,Wendouree - Miners Rest,Ballarat,Ballarat,Rest of Vic.
2100809,Wendouree - Miners Rest,Ballarat,Ballarat,Rest of Vic.
2100810,Wendouree - Miners Rest,Ballarat,Ballarat,Rest of Vic.
2100811,Wendouree - Miners Rest,Ballarat,Ballarat,Rest of Vic.
2100812,Wendouree - Miners Rest,Ballarat,Ballarat,Rest of Vic.
2100813,Wendouree - Miners Rest,Ballarat,Ballarat,Rest of Vic.
2100814,Wendouree - Miners Rest,Ballarat,Ballarat,Rest of Vic.
2100815,Wendouree - Miners Rest,Ballarat,Ballarat,Rest of Vic.
2100816,Wendouree - Miners Rest,Ballarat,Ballarat,Rest of Vic.
2100817,Wendouree - Miners Rest,Ballarat,Ballarat,Rest of Vic.
2100818,Wendouree - Miners Rest,Ballarat,Ballarat,Rest of Vic.
2100819,Wendouree - Miners Rest,Ballarat,Ballarat,Rest of Vic.
2100820,Wendouree - Miners Rest,Ballarat,Ballarat,Rest of Vic.
2100821,Wendouree - Miners Rest,Ballarat,Ballarat,Rest of Vic.
2100822,Wendouree - Miners Rest,Ballarat,Ballarat,Rest of Vic.
2100823,Wendouree - Miners Rest,Ballarat,Ballarat,Rest of Vic.
2100824,Wendouree - Miners Rest,Ballarat,Ballarat,Rest of Vic.
2100825,Wendouree - Miners Rest,Ballarat,Ballarat,Rest of Vic.
2100826,Wendouree - Miners Rest,Ballarat,Ballarat,Rest of Vic.
2100827,Wendouree - Miners Rest,Ballarat,Ballarat,Rest of Vic.
2100828,Wendouree - Miners Rest,Ballarat,Ballarat,Rest of Vic.
2100829,Wendouree - Miners Rest,Ballarat,Ballarat,Rest of Vic.
2100830,Wendouree - Miners Rest,Ballarat,Ballarat,Rest of Vic.
2100831,Wendouree - Miners Rest,Ballarat,Ballarat,Rest of Vic.
2100832,Wendouree - Miners Rest,Ballarat,Ballarat,Rest of Vic.
2100833,Wendouree - Miners Rest,Ballarat,Ballarat,Rest of Vic.
2100834,Wendouree - Miners Rest,Ballarat,Ballarat,Rest of Vic.
2100835,Wendouree - Miners Rest,Ballarat,Ballarat,Rest of Vic.
2100901,Bacchus Marsh Region,Creswick - Daylesford - Ballan,Ballarat,Rest of Vic.
2100902,Bacchus Marsh Region,Creswick - Daylesford - Ballan,Ballarat,Rest of Vic.
2100903,Bacchus Marsh Region,Creswick - Daylesford - Ballan,Ballarat,Rest of Vic.
2100904,Bacchus Marsh Region,Creswick - Daylesford - Ballan,Ballarat,Rest of Vic.
2100905,Bacchus Marsh Region,Creswick - Daylesford - Ballan,Ballarat,Rest of Vic.
2100906,Bacchus Marsh Region,Creswick - Daylesford - Ballan,Ballarat,Rest of Vic.
2100907,Bacchus Marsh Region,Creswick - Daylesford - Ballan,Ballarat,Rest of Vic.
2100908,Bacchus Marsh Region,Creswick - Daylesford - Ballan,Ballarat,Rest of Vic.
2100909,Bacchus Marsh Region,Creswick - Daylesford - Ballan,Ballarat,Rest of Vic.
2100910,Bacchus Marsh Region,Creswick - Daylesford - Ballan,Ballarat,Rest of Vic.
2100911,Bacchus Marsh Region,Creswick - Daylesford - Ballan,Ballarat,Rest of Vic.
2100912,Bacchus Marsh Region,Creswick - Daylesford - Ballan,Ballarat,Rest of Vic.
2100913,Bacchus Marsh Region,Creswick - Daylesford - Ballan,Ballarat,Rest of Vic.
2100914,Bacchus Marsh Region,Creswick - Daylesford - Ballan,Ballarat,Rest of Vic.
2100915,Bacchus Marsh Region,Creswick - Daylesford - Ballan,Ballarat,Rest of Vic.
2100916,Bacchus Marsh Region,Creswick - Daylesford - Ballan,Ballarat,Rest of Vic.
2100917,Bacchus Marsh Region,Creswick - Daylesford - Ballan,Ballarat,Rest of Vic.
2101001,Creswick - Clunes,Creswick - Daylesford - Ballan,Ballarat,Rest of Vic.
2101002,Creswick - Clunes,Creswick - Daylesford - Ballan,Ballarat,Rest of Vic.
2101003,Creswick - Clunes,Creswick - Daylesford - Ballan,Ballarat,Rest of Vic.
2101004,Creswick - Clunes,Creswick - Daylesford - Ballan,Ballarat,Rest of Vic.
2101005,Creswick - Clunes,Creswick - Daylesford - Ballan,Ballarat,Rest of Vic.
2101006,Creswick - Clunes,Creswick - Daylesford - Ballan,Ballarat,Rest of Vic.
2101007,Creswick - Clunes,Creswick - Daylesford - Ballan,Ballarat,Rest of Vic.
2101008,Creswick - Clunes,Creswick - Daylesford - Ballan,Ballarat,Rest of Vic.
2101009,Creswick - Clunes,Creswick - Daylesford - Ballan,Ballarat,Rest of Vic.
2101010,Creswick - Clunes,Creswick - Daylesford - Ballan,Ballarat,Rest of Vic.
2101011,Creswick - Clunes,Creswick - Daylesford - Ballan,Ballarat,Rest of Vic.
2101012,Creswick - Clunes,Creswick - Daylesford - Ballan,Ballarat,Rest of Vic.
2101013,Creswick - Clunes,Creswick - Daylesford - Ballan,Ballarat,Rest of Vic.
2101014,Creswick - Clunes,Creswick - Daylesford - Ballan,Ballarat,Rest of Vic.
2101015,Creswick - Clunes,Creswick - Daylesford - Ballan,Ballarat,Rest of Vic.
2101016,Creswick - Clunes,Creswick - Daylesford - Ballan,Ballarat,Rest of Vic.
2101017,Creswick - Clunes,Creswick - Daylesford - Ballan,Ballarat,Rest of Vic.
2101018,Creswick - Clunes,Creswick - Daylesford - Ballan,Ballarat,Rest of Vic.
2101019,Creswick - Clunes,Creswick - Daylesford - Ballan,Ballarat,Rest of Vic.
2101020,Creswick - Clunes,Creswick - Daylesford - Ballan,Ballarat,Rest of Vic.
2101021,Creswick - Clunes,Creswick - Daylesford - Ballan,Ballarat,Rest of Vic.
2101101,Daylesford,Creswick - Daylesford - Ballan,Ballarat,Rest of Vic.
2101102,Daylesford,Creswick - Daylesford - Ballan,Ballarat,Rest of Vic.
2101103,Daylesford,Creswick - Daylesford - Ballan,Ballarat,Rest of Vic.
2101104,Daylesford,Creswick - Daylesford - Ballan,Ballarat,Rest of Vic.
2101105,Daylesford,Creswick - Daylesford - Ballan,Ballarat,Rest of Vic.
2101106,Daylesford,Creswick - Daylesford - Ballan,Ballarat,Rest of Vic.
2101107,Daylesford,Creswick - Daylesford - Ballan,Ballarat,Rest of Vic.
2101108,Daylesford,Creswick - Daylesford - Ballan,Ballarat,Rest of Vic.
2101109,Daylesford,Creswick - Daylesford - Ballan,Ballarat,Rest of Vic.
2101110,Daylesford,Creswick - Daylesford - Ballan,Ballarat,Rest of Vic.
2101111,Daylesford,Creswick - Daylesford - Ballan,Ballarat,Rest of Vic.
2101112,Daylesford,Creswick - Daylesford - Ballan,Ballarat,Rest of Vic.
2101113,Daylesford,Creswick - Daylesford - Ballan,Ballarat,Rest of Vic.
2101114,Daylesford,Creswick - Daylesford - Ballan,Ballarat,Rest of Vic.
2101115,Daylesford,Creswick - Daylesford - Ballan,Ballarat,Rest of Vic.
2101116,Daylesford,Creswick - Daylesford - Ballan,Ballarat,Rest of Vic.
2101117,Daylesford,Creswick - Daylesford - Ballan,Ballarat,Rest of Vic.
2101118,Daylesford,Creswick - Daylesford - Ballan,Ballarat,Rest of Vic.
2101119,Daylesford,Creswick - Daylesford - Ballan,Ballarat,Rest of Vic.
2101120,Daylesford,Creswick - Daylesford - Ballan,Ballarat,Rest of Vic.
2101121,Daylesford,Creswick - Daylesford - Ballan,Ballarat,Rest of Vic.
2101122,Daylesford,Creswick - Daylesford - Ballan,Ballarat,Rest of Vic.
2101123,Daylesford,Creswick - Daylesford - Ballan,Ballarat,Rest of Vic.
2101124,Daylesford,Creswick - Daylesford - Ballan,Ballarat,Rest of Vic.
2101125,Daylesford,Creswick - Daylesford - Ballan,Ballarat,Rest of Vic.
2101201,Gordon (Vic.),Creswick - Daylesford - Ballan,Ballarat,Rest of Vic.
2101202,Gordon (Vic.),Creswick - Daylesford - Ballan,Ballarat,Rest of Vic.
2101203,Gordon (Vic.),Creswick - Daylesford - Ballan,Ballarat,Rest of Vic.
2101204,Gordon (Vic.),Creswick - Daylesford - Ballan,Ballarat,Rest of Vic.
2101205,Gordon (Vic.),Creswick - Daylesford - Ballan,Ballarat,Rest of Vic.
2101206,Gordon (Vic.),Creswick - Daylesford - Ballan,Ballarat,Rest of Vic.
2101207,Gordon (Vic.),Creswick - Daylesford - Ballan,Ballarat,Rest of Vic.
2101208,Gordon (Vic.),Creswick - Daylesford - Ballan,Ballarat,Rest of Vic.
2101209,Gordon (Vic.),Creswick - Daylesford - Ballan,Ballarat,Rest of Vic.
2101210,Gordon (Vic.),Creswick - Daylesford - Ballan,Ballarat,Rest of Vic.
2101211,Gordon (Vic.),Creswick - Daylesford - Ballan,Ballarat,Rest of Vic.
2101212,Gordon (Vic.),Creswick - Daylesford - Ballan,Ballarat,Rest of Vic.
2101213,Gordon (Vic.),Creswick - Daylesford - Ballan,Ballarat,Rest of Vic.
2101214,Gordon (Vic.),Creswick - Daylesford - Ballan,Ballarat,Rest of Vic.
2101215,Gordon (Vic.),Creswick - Daylesford - Ballan,Ballarat,Rest of Vic.
2101216,Gordon (Vic.),Creswick - Daylesford - Ballan,Ballarat,Rest of Vic.
2101217,Gordon (Vic.),Creswick - Daylesford - Ballan,Ballarat,Rest of Vic.
2101301,Avoca,Maryborough - Pyrenees,Ballarat,Rest of Vic.
2101302,Avoca,Maryborough - Pyrenees,Ballarat,Rest of Vic.
2101303,Avoca,Maryborough - Pyrenees,Ballarat,Rest of Vic.
2101304,Avoca,Maryborough - Pyrenees,Ballarat,Rest of Vic.
2101305,Avoca,Maryborough - Pyrenees,Ballarat,Rest of Vic.
2101306,Avoca,Maryborough - Pyrenees,Ballarat,Rest of Vic.
2101307,Avoca,Maryborough - Pyrenees,Ballarat,Rest of Vic.
2101308,Avoca,Maryborough - Pyrenees,Ballarat,Rest of Vic.
2101309,Avoca,Maryborough - Pyrenees,Ballarat,Rest of Vic.
2101310,Avoca,Maryborough - Pyrenees,Ballarat,Rest of Vic.
2101401,Beaufort,Maryborough - Pyrenees,Ballarat,Rest of Vic.
2101402,Beaufort,Maryborough - Pyrenees,Ballarat,Rest of Vic.
2101403,Beaufort,Maryborough - Pyrenees,Ballarat,Rest of Vic.
2101404,Beaufort,Maryborough - Pyrenees,Ballarat,Rest of Vic.
2101405,Beaufort,Maryborough - Pyrenees,Ballarat,Rest of Vic.
2101406,Beaufort,Maryborough - Pyrenees,Ballarat,Rest of Vic.
2101407,Beaufort,Maryborough - Pyrenees,Ballarat,Rest of Vic.
2101408,Beaufort,Maryborough - Pyrenees,Ballarat,Rest of Vic.
2101409,Beaufort,Maryborough - Pyrenees,Ballarat,Rest of Vic.
2101410,Beaufort,Maryborough - Pyrenees,Ballarat,Rest of Vic.
2101411,Beaufort,Maryborough - Pyrenees,Ballarat,Rest of Vic.
2101412,Beaufort,Maryborough - Pyrenees,Ballarat,Rest of Vic.
2101413,Beaufort,Maryborough - Pyrenees,Ballarat,Rest of Vic.
2101501,Golden Plains - North,Maryborough - Pyrenees,Ballarat,Rest of Vic.
2101502,Golden Plains - North,Maryborough - Pyrenees,Ballarat,Rest of Vic.
2101503,Golden Plains - North,Maryborough - Pyrenees,Ballarat,Rest of Vic.
2101504,Golden Plains - North,Maryborough - Pyrenees,Ballarat,Rest of Vic.
2101505,Golden Plains - North,Maryborough - Pyrenees,Ballarat,Rest of Vic.
2101506,Golden Plains - North,Maryborough - Pyrenees,Ballarat,Rest of Vic.
2101507,Golden Plains - North,Maryborough - Pyrenees,Ballarat,Rest of Vic.
2101508,Golden Plains - North,Maryborough - Pyrenees,Ballarat,Rest of Vic.
2101509,Golden Plains - North,Maryborough - Pyrenees,Ballarat,Rest of Vic.
2101510,Golden Plains - North,Maryborough - Pyrenees,Ballarat,Rest of Vic.
2101511,Golden Plains - North,Maryborough - Pyrenees,Ballarat,Rest of Vic.
2101512,Golden Plains - North,Maryborough - Pyrenees,Ballarat,Rest of Vic.
2101601,Maryborough (Vic.),Maryborough - Pyrenees,Ballarat,Rest of Vic.
2101602,Maryborough (Vic.),Maryborough - Pyrenees,Ballarat,Rest of Vic.
2101603,Maryborough (Vic.),Maryborough - Pyrenees,Ballarat,Rest of Vic.
2101604,Maryborough (Vic.),Maryborough - Pyrenees,Ballarat,Rest of Vic.
2101605,Maryborough (Vic.),Maryborough - Pyrenees,Ballarat,Rest of Vic.
2101606,Maryborough (Vic.),Maryborough - Pyrenees,Ballarat,Rest of Vic.
2101607,Maryborough (Vic.),Maryborough - Pyrenees,Ballarat,Rest of Vic.
2101608,Maryborough (Vic.),Maryborough - Pyrenees,Ballarat,Rest of Vic.
2101609,Maryborough (Vic.),Maryborough - Pyrenees,Ballarat,Rest of Vic.
2101610,Maryborough (Vic.),Maryborough - Pyrenees,Ballarat,Rest of Vic.
2101611,Maryborough (Vic.),Maryborough - Pyrenees,Ballarat,Rest of Vic.
2101612,Maryborough (Vic.),Maryborough - Pyrenees,Ballarat,Rest of Vic.
2101613,Maryborough (Vic.),Maryborough - Pyrenees,Ballarat,Rest of Vic.
2101614,Maryborough (Vic.),Maryborough - Pyrenees,Ballarat,Rest of Vic.
2101615,Maryborough (Vic.),Maryborough - Pyrenees,Ballarat,Rest of Vic.
2101616,Maryborough (Vic.),Maryborough - Pyrenees,Ballarat,Rest of Vic.
2101617,Maryborough (Vic.),Maryborough - Pyrenees,Ballarat,Rest of Vic.
2101618,Maryborough (Vic.),Maryborough - Pyrenees,Ballarat,Rest of Vic.
2101619,Maryborough (Vic.),Maryborough - Pyrenees,Ballarat,Rest of Vic.
2101620,Maryborough (Vic.),Maryborough - Pyrenees,Ballarat,Rest of Vic.
2101621,Maryborough (Vic.),Maryborough - Pyrenees,Ballarat,Rest of Vic.
2101701,Maryborough Region,Maryborough - Pyrenees,Ballarat,Rest of Vic.
2101702,Maryborough Region,Maryborough - Pyrenees,Ballarat,Rest of Vic.
2101703,Maryborough Region,Maryborough - Pyrenees,Ballarat,Rest of Vic.
2101704,Maryborough Region,Maryborough - Pyrenees,Ballarat,Rest of Vic.
2101705,Maryborough Region,Maryborough - Pyrenees,Ballarat,Rest of Vic.
2101706,Maryborough Region,Maryborough - Pyrenees,Ballarat,Rest of Vic.
2101707,Maryborough Region,Maryborough - Pyrenees,Ballarat,Rest of Vic.
2101708,Maryborough Region,Maryborough - Pyrenees,Ballarat,Rest of Vic.
2101709,Maryborough Region,Maryborough - Pyrenees,Ballarat,Rest of Vic.
2101710,Maryborough Region,Maryborough - Pyrenees,Ballarat,Rest of Vic.
2101711,Maryborough Region,Maryborough - Pyrenees,Ballarat,Rest of Vic.
2101712,Maryborough Region,Maryborough - Pyrenees,Ballarat,Rest of Vic.
2101713,Maryborough Region,Maryborough - Pyrenees,Ballarat,Rest of Vic.
2101714,Maryborough Region,Maryborough - Pyrenees,Ballarat,Rest of Vic.
2101715,Maryborough Region,Maryborough - Pyrenees,Ballarat,Rest of Vic.
2101801,Bendigo,Bendigo,Bendigo,Rest of Vic.
2101802,Bendigo,Bendigo,Bendigo,Rest of Vic.
2101803,Bendigo,Bendigo,Bendigo,Rest of Vic.
2101804,Bendigo,Bendigo,Bendigo,Rest of Vic.
2101805,Bendigo,Bendigo,Bendigo,Rest of Vic.
2101806,Bendigo,Bendigo,Bendigo,Rest of Vic.
2101807,Bendigo,Bendigo,Bendigo,Rest of Vic.
2101808,Bendigo,Bendigo,Bendigo,Rest of Vic.
2101809,Bendigo,Bendigo,Bendigo,Rest of Vic.
2101810,Bendigo,Bendigo,Bendigo,Rest of Vic.
2101811,Bendigo,Bendigo,Bendigo,Rest of Vic.
2101812,Bendigo,Bendigo,Bendigo,Rest of Vic.
2101813,Bendigo,Bendigo,Bendigo,Rest of Vic.
2101814,Bendigo,Bendigo,Bendigo,Rest of Vic.
2101815,Bendigo,Bendigo,Bendigo,Rest of Vic.
2101816,Bendigo,Bendigo,Bendigo,Rest of Vic.
2101817,Bendigo,Bendigo,Bendigo,Rest of Vic.
2101818,Bendigo,Bendigo,Bendigo,Rest of Vic.
2101819,Bendigo,Bendigo,Bendigo,Rest of Vic.
2101820,Bendigo,Bendigo,Bendigo,Rest of Vic.
2101821,Bendigo,Bendigo,Bendigo,Rest of Vic.
2101822,Bendigo,Bendigo,Bendigo,Rest of Vic.
2101823,Bendigo,Bendigo,Bendigo,Rest of Vic.
2101824,Bendigo,Bendigo,Bendigo,Rest of Vic.
2101825,Bendigo,Bendigo,Bendigo,Rest of Vic.
2101826,Bendigo,Bendigo,Bendigo,Rest of Vic.
2101827,Bendigo,Bendigo,Bendigo,Rest of Vic.
2101828,Bendigo,Bendigo,Bendigo,Rest of Vic.
2101829,Bendigo,Bendigo,Bendigo,Rest of Vic.
2101830,Bendigo,Bendigo,Bendigo,Rest of Vic.
2101831,Bendigo,Bendigo,Bendigo,Rest of Vic.
2101832,Bendigo,Bendigo,Bendigo,Rest of Vic.
2101833,Bendigo,Bendigo,Bendigo,Rest of Vic.
2101834,Bendigo,Bendigo,Bendigo,Rest of Vic.
2101835,Bendigo,Bendigo,Bendigo,Rest of Vic.
2101836,Bendigo,Bendigo,Bendigo,Rest of Vic.
2101837,Bendigo,Bendigo,Bendigo,Rest of Vic.
2101838,Bendigo,Bendigo,Bendigo,Rest of Vic.
2101901,California Gully - Eaglehawk,Bendigo,Bendigo,Rest of Vic.
2101902,California Gully - Eaglehawk,Bendigo,Bendigo,Rest of Vic.
2101903,California Gully - Eaglehawk,Bendigo,Bendigo,Rest of Vic.
2101904,California Gully - Eaglehawk,Bendigo,Bendigo,Rest of Vic.
2101905,California Gully - Eaglehawk,Bendigo,Bendigo,Rest of Vic.
2101906,California Gully - Eaglehawk,Bendigo,Bendigo,Rest of Vic.
2101907,California Gully - Eaglehawk,Bendigo,Bendigo,Rest of Vic.
2101908,California Gully - Eaglehawk,Bendigo,Bendigo,Rest of Vic.
2101909,California Gully - Eaglehawk,Bendigo,Bendigo,Rest of Vic.
2101910,California Gully - Eaglehawk,Bendigo,Bendigo,Rest of Vic.
2101911,California Gully - Eaglehawk,Bendigo,Bendigo,Rest of Vic.
2101912,California Gully - Eaglehawk,Bendigo,Bendigo,Rest of Vic.
2101913,California Gully - Eaglehawk,Bendigo,Bendigo,Rest of Vic.
2101914,California Gully - Eaglehawk,Bendigo,Bendigo,Rest of Vic.
2101915,California Gully - Eaglehawk,Bendigo,Bendigo,Rest of Vic.
2101916,California Gully - Eaglehawk,Bendigo,Bendigo,Rest of Vic.
2101917,California Gully - Eaglehawk,Bendigo,Bendigo,Rest of Vic.
2101918,California Gully - Eaglehawk,Bendigo,Bendigo,Rest of Vic.
2101919,California Gully - Eaglehawk,Bendigo,Bendigo,Rest of Vic.
2101920,California Gully - Eaglehawk,Bendigo,Bendigo,Rest of Vic.
2101921,California Gully - Eaglehawk,Bendigo,Bendigo,Rest of Vic.
2101922,California Gully - Eaglehawk,Bendigo,Bendigo,Rest of Vic.
2101923,California Gully - Eaglehawk,Bendigo,Bendigo,Rest of Vic.
2101924,California Gully - Eaglehawk,Bendigo,Bendigo,Rest of Vic.
2102001,East Bendigo - Kennington,Bendigo,Bendigo,Rest of Vic.
2102002,East Bendigo - Kennington,Bendigo,Bendigo,Rest of Vic.
2102003,East Bendigo - Kennington,Bendigo,Bendigo,Rest of Vic.
2102004,East Bendigo - Kennington,Bendigo,Bendigo,Rest of Vic.
2102005,East Bendigo - Kennington,Bendigo,Bendigo,Rest of Vic.
2102006,East Bendigo - Kennington,Bendigo,Bendigo,Rest of Vic.
2102007,East Bendigo - Kennington,Bendigo,Bendigo,Rest of Vic.
2102008,East Bendigo - Kennington,Bendigo,Bendigo,Rest of Vic.
2102009,East Bendigo - Kennington,Bendigo,Bendigo,Rest of Vic.
2102010,East Bendigo - Kennington,Bendigo,Bendigo,Rest of Vic.
2102011,East Bendigo - Kennington,Bendigo,Bendigo,Rest of Vic.
2102012,East Bendigo - Kennington,Bendigo,Bendigo,Rest of Vic.
2102013,East Bendigo - Kennington,Bendigo,Bendigo,Rest of Vic.
2102014,East Bendigo - Kennington,Bendigo,Bendigo,Rest of Vic.
2102015,East Bendigo - Kennington,Bendigo,Bendigo,Rest of Vic.
2102016,East Bendigo - Kennington,Bendigo,Bendigo,Rest of Vic.
2102017,East Bendigo - Kennington,Bendigo,Bendigo,Rest of Vic.
2102018,East Bendigo - Kennington,Bendigo,Bendigo,Rest of Vic.
2102019,East Bendigo - Kennington,Bendigo,Bendigo,Rest of Vic.
2102020,East Bendigo - Kennington,Bendigo,Bendigo,Rest of Vic.
2102021,East Bendigo - Kennington,Bendigo,Bendigo,Rest of Vic.
2102022,East Bendigo - Kennington,Bendigo,Bendigo,Rest of Vic.
2102023,East Bendigo - Kennington,Bendigo,Bendigo,Rest of Vic.
2102024,East Bendigo - Kennington,Bendigo,Bendigo,Rest of Vic.
2102025,East Bendigo - Kennington,Bendigo,Bendigo,Rest of Vic.
2102026,East Bendigo - Kennington,Bendigo,Bendigo,Rest of Vic.
2102027,East Bendigo - Kennington,Bendigo,Bendigo,Rest of Vic.
2102028,East Bendigo - Kennington,Bendigo,Bendigo,Rest of Vic.
2102029,East Bendigo - Kennington,Bendigo,Bendigo,Rest of Vic.
2102030,East Bendigo - Kennington,Bendigo,Bendigo,Rest of Vic.
2102031,East Bendigo - Kennington,Bendigo,Bendigo,Rest of Vic.
2102032,East Bendigo - Kennington,Bendigo,Bendigo,Rest of Vic.
2102033,East Bendigo - Kennington,Bendigo,Bendigo,Rest of Vic.
2102034,East Bendigo - Kennington,Bendigo,Bendigo,Rest of Vic.
2102035,East Bendigo - Kennington,Bendigo,Bendigo,Rest of Vic.
2102036,East Bendigo - Kennington,Bendigo,Bendigo,Rest of Vic.
2102037,East Bendigo - Kennington,Bendigo,Bendigo,Rest of Vic.
2102038,East Bendigo - Kennington,Bendigo,Bendigo,Rest of Vic.
2102039,East Bendigo - Kennington,Bendigo,Bendigo,Rest of Vic.
2102101,Flora Hill - Spring Gully,Bendigo,Bendigo,Rest of Vic.
2102102,Flora Hill - Spring Gully,Bendigo,Bendigo,Rest of Vic.
2102103,Flora Hill - Spring Gully,Bendigo,Bendigo,Rest of Vic.
2102104,Flora Hill - Spring Gully,Bendigo,Bendigo,Rest of Vic.
2102105,Flora Hill - Spring Gully,Bendigo,Bendigo,Rest of Vic.
2102106,Flora Hill - Spring Gully,Bendigo,Bendigo,Rest of Vic.
2102107,Flora Hill - Spring Gully,Bendigo,Bendigo,Rest of Vic.
2102108,Flora Hill - Spring Gully,Bendigo,Bendigo,Rest of Vic.
2102109,Flora Hill - Spring Gully,Bendigo,Bendigo,Rest of Vic.
2102110,Flora Hill - Spring Gully,Bendigo,Bendigo,Rest of Vic.
2102111,Flora Hill - Spring Gully,Bendigo,Bendigo,Rest of Vic.
2102112,Flora Hill - Spring Gully,Bendigo,Bendigo,Rest of Vic.
2102113,Flora Hill - Spring Gully,Bendigo,Bendigo,Rest of Vic.
2102114,Flora Hill - Spring Gully,Bendigo,Bendigo,Rest of Vic.
2102115,Flora Hill - Spring Gully,Bendigo,Bendigo,Rest of Vic.
2102116,Flora Hill - Spring Gully,Bendigo,Bendigo,Rest of Vic.
2102117,Flora Hill - Spring Gully,Bendigo,Bendigo,Rest of Vic.
2102118,Flora Hill - Spring Gully,Bendigo,Bendigo,Rest of Vic.
2102119,Flora Hill - Spring Gully,Bendigo,Bendigo,Rest of Vic.
2102120,Flora Hill - Spring Gully,Bendigo,Bendigo,Rest of Vic.
2102121,Flora Hill - Spring Gully,Bendigo,Bendigo,Rest of Vic.
2102122,Flora Hill - Spring Gully,Bendigo,Bendigo,Rest of Vic.
2102123,Flora Hill - Spring Gully,Bendigo,Bendigo,Rest of Vic.
2102124,Flora Hill - Spring Gully,Bendigo,Bendigo,Rest of Vic.
2102125,Flora Hill - Spring Gully,Bendigo,Bendigo,Rest of Vic.
2102126,Flora Hill - Spring Gully,Bendigo,Bendigo,Rest of Vic.
2102127,Flora Hill - Spring Gully,Bendigo,Bendigo,Rest of Vic.
2102201,Kangaroo Flat - Golden Square,Bendigo,Bendigo,Rest of Vic.
2102202,Kangaroo Flat - Golden Square,Bendigo,Bendigo,Rest of Vic.
2102203,Kangaroo Flat - Golden Square,Bendigo,Bendigo,Rest of Vic.
2102204,Kangaroo Flat - Golden Square,Bendigo,Bendigo,Rest of Vic.
2102205,Kangaroo Flat - Golden Square,Bendigo,Bendigo,Rest of Vic.
2102206,Kangaroo Flat - Golden Square,Bendigo,Bendigo,Rest of Vic.
2102207,Kangaroo Flat - Golden Square,Bendigo,Bendigo,Rest of Vic.
2102208,Kangaroo Flat - Golden Square,Bendigo,Bendigo,Rest of Vic.
2102209,Kangaroo Flat - Golden Square,Bendigo,Bendigo,Rest of Vic.
2102210,Kangaroo Flat - Golden Square,Bendigo,Bendigo,Rest of Vic.
2102211,Kangaroo Flat - Golden Square,Bendigo,Bendigo,Rest of Vic.
2102212,Kangaroo Flat - Golden Square,Bendigo,Bendigo,Rest of Vic.
2102213,Kangaroo Flat - Golden Square,Bendigo,Bendigo,Rest of Vic.
2102214,Kangaroo Flat - Golden Square,Bendigo,Bendigo,Rest of Vic.
2102215,Kangaroo Flat - Golden Square,Bendigo,Bendigo,Rest of Vic.
2102216,Kangaroo Flat - Golden Square,Bendigo,Bendigo,Rest of Vic.
2102217,Kangaroo Flat - Golden Square,Bendigo,Bendigo,Rest of Vic.
2102218,Kangaroo Flat - Golden Square,Bendigo,Bendigo,Rest of Vic.
2102219,Kangaroo Flat - Golden Square,Bendigo,Bendigo,Rest of Vic.
2102220,Kangaroo Flat - Golden Square,Bendigo,Bendigo,Rest of Vic.
2102221,Kangaroo Flat - Golden Square,Bendigo,Bendigo,Rest of Vic.
2102222,Kangaroo Flat - Golden Square,Bendigo,Bendigo,Rest of Vic.
2102223,Kangaroo Flat - Golden Square,Bendigo,Bendigo,Rest of Vic.
2102224,Kangaroo Flat - Golden Square,Bendigo,Bendigo,Rest of Vic.
2102225,Kangaroo Flat - Golden Square,Bendigo,Bendigo,Rest of Vic.
2102226,Kangaroo Flat - Golden Square,Bendigo,Bendigo,Rest of Vic.
2102227,Kangaroo Flat - Golden Square,Bendigo,Bendigo,Rest of Vic.
2102228,Kangaroo Flat - Golden Square,Bendigo,Bendigo,Rest of Vic.
2102229,Kangaroo Flat - Golden Square,Bendigo,Bendigo,Rest of Vic.
2102230,Kangaroo Flat - Golden Square,Bendigo,Bendigo,Rest of Vic.
2102231,Kangaroo Flat - Golden Square,Bendigo,Bendigo,Rest of Vic.
2102232,Kangaroo Flat - Golden Square,Bendigo,Bendigo,Rest of Vic.
2102233,Kangaroo Flat - Golden Square,Bendigo,Bendigo,Rest of Vic.
2102234,Kangaroo Flat - Golden Square,Bendigo,Bendigo,Rest of Vic.
2102235,Kangaroo Flat - Golden Square,Bendigo,Bendigo,Rest of Vic.
2102236,Kangaroo Flat - Golden Square,Bendigo,Bendigo,Rest of Vic.
2102237,Kangaroo Flat - Golden Square,Bendigo,Bendigo,Rest of Vic.
2102238,Kangaroo Flat - Golden Square,Bendigo,Bendigo,Rest of Vic.
2102239,Kangaroo Flat - Golden Square,Bendigo,Bendigo,Rest of Vic.
2102240,Kangaroo Flat - Golden Square,Bendigo,Bendigo,Rest of Vic.
2102241,Kangaroo Flat - Golden Square,Bendigo,Bendigo,Rest of Vic.
2102242,Kangaroo Flat - Golden Square,Bendigo,Bendigo,Rest of Vic.
2102243,Kangaroo Flat - Golden Square,Bendigo,Bendigo,Rest of Vic.
2102244,Kangaroo Flat - Golden Square,Bendigo,Bendigo,Rest of Vic.
2102301,Maiden Gully,Bendigo,Bendigo,Rest of Vic.
2102302,Maiden Gully,Bendigo,Bendigo,Rest of Vic.
2102303,Maiden Gully,Bendigo,Bendigo,Rest of Vic.
2102304,Maiden Gully,Bendigo,Bendigo,Rest of Vic.
2102305,Maiden Gully,Bendigo,Bendigo,Rest of Vic.
2102306,Maiden Gully,Bendigo,Bendigo,Rest of Vic.
2102307,Maiden Gully,Bendigo,Bendigo,Rest of Vic.
2102308,Maiden Gully,Bendigo,Bendigo,Rest of Vic.
2102401,Strathfieldsaye,Bendigo,Bendigo,Rest of Vic.
2102402,Strathfieldsaye,Bendigo,Bendigo,Rest of Vic.
2102403,Strathfieldsaye,Bendigo,Bendigo,Rest of Vic.
2102404,Strathfieldsaye,Bendigo,Bendigo,Rest of Vic.
2102405,Strathfieldsaye,Bendigo,Bendigo,Rest of Vic.
2102406,Strathfieldsaye,Bendigo,Bendigo,Rest of Vic.
2102407,Strathfieldsaye,Bendigo,Bendigo,Rest of Vic.
2102408,Strathfieldsaye,Bendigo,Bendigo,Rest of Vic.
2102409,Strathfieldsaye,Bendigo,Bendigo,Rest of Vic.
2102410,Strathfieldsaye,Bendigo,Bendigo,Rest of Vic.
2102411,Strathfieldsaye,Bendigo,Bendigo,Rest of Vic.
2102412,Strathfieldsaye,Bendigo,Bendigo,Rest of Vic.
2102413,Strathfieldsaye,Bendigo,Bendigo,Rest of Vic.
2102414,Strathfieldsaye,Bendigo,Bendigo,Rest of Vic.
2102415,Strathfieldsaye,Bendigo,Bendigo,Rest of Vic.
2102501,White Hills - Ascot,Bendigo,Bendigo,Rest of Vic.
2102502,White Hills - Ascot,Bendigo,Bendigo,Rest of Vic.
2102503,White Hills - Ascot,Bendigo,Bendigo,Rest of Vic.
2102504,White Hills - Ascot,Bendigo,Bendigo,Rest of Vic.
2102505,White Hills - Ascot,Bendigo,Bendigo,Rest of Vic.
2102506,White Hills - Ascot,Bendigo,Bendigo,Rest of Vic.
2102507,White Hills - Ascot,Bendigo,Bendigo,Rest of Vic.
2102508,White Hills - Ascot,Bendigo,Bendigo,Rest of Vic.
2102509,White Hills - Ascot,Bendigo,Bendigo,Rest of Vic.
2102510,White Hills - Ascot,Bendigo,Bendigo,Rest of Vic.
2102511,White Hills - Ascot,Bendigo,Bendigo,Rest of Vic.
2102512,White Hills - Ascot,Bendigo,Bendigo,Rest of Vic.
2102513,White Hills - Ascot,Bendigo,Bendigo,Rest of Vic.
2102514,White Hills - Ascot,Bendigo,Bendigo,Rest of Vic.
2102515,White Hills - Ascot,Bendigo,Bendigo,Rest of Vic.
2102516,White Hills - Ascot,Bendigo,Bendigo,Rest of Vic.
2102517,White Hills - Ascot,Bendigo,Bendigo,Rest of Vic.
2102518,White Hills - Ascot,Bendigo,Bendigo,Rest of Vic.
2102519,White Hills - Ascot,Bendigo,Bendigo,Rest of Vic.
2102520,White Hills - Ascot,Bendigo,Bendigo,Rest of Vic.
2102601,Bendigo Region - South,Heathcote - Castlemaine - Kyneton,Bendigo,Rest of Vic.
2102602,Bendigo Region - South,Heathcote - Castlemaine - Kyneton,Bendigo,Rest of Vic.
2102603,Bendigo Region - South,Heathcote - Castlemaine - Kyneton,Bendigo,Rest of Vic.
2102604,Bendigo Region - South,Heathcote - Castlemaine - Kyneton,Bendigo,Rest of Vic.
2102605,Bendigo Region - South,Heathcote - Castlemaine - Kyneton,Bendigo,Rest of Vic.
2102606,Bendigo Region - South,Heathcote - Castlemaine - Kyneton,Bendigo,Rest of Vic.
2102607,Bendigo Region - South,Heathcote - Castlemaine - Kyneton,Bendigo,Rest of Vic.
2102608,Bendigo Region - South,Heathcote - Castlemaine - Kyneton,Bendigo,Rest of Vic.
2102609,Bendigo Region - South,Heathcote - Castlemaine - Kyneton,Bendigo,Rest of Vic.
2102610,Bendigo Region - South,Heathcote - Castlemaine - Kyneton,Bendigo,Rest of Vic.
2102611,Bendigo Region - South,Heathcote - Castlemaine - Kyneton,Bendigo,Rest of Vic.
2102612,Bendigo Region - South,Heathcote - Castlemaine - Kyneton,Bendigo,Rest of Vic.
2102613,Bendigo Region - South,Heathcote - Castlemaine - Kyneton,Bendigo,Rest of Vic.
2102614,Bendigo Region - South,Heathcote - Castlemaine - Kyneton,Bendigo,Rest of Vic.
2102615,Bendigo Region - South,Heathcote - Castlemaine - Kyneton,Bendigo,Rest of Vic.
2102616,Bendigo Region - South,Heathcote - Castlemaine - Kyneton,Bendigo,Rest of Vic.
2102617,Bendigo Region - South,Heathcote - Castlemaine - Kyneton,Bendigo,Rest of Vic.
2102618,Bendigo Region - South,Heathcote - Castlemaine - Kyneton,Bendigo,Rest of Vic.
2102619,Bendigo Region - South,Heathcote - Castlemaine - Kyneton,Bendigo,Rest of Vic.
2102701,Castlemaine,Heathcote - Castlemaine - Kyneton,Bendigo,Rest of Vic.
2102702,Castlemaine,Heathcote - Castlemaine - Kyneton,Bendigo,Rest of Vic.
2102703,Castlemaine,Heathcote - Castlemaine - Kyneton,Bendigo,Rest of Vic.
2102704,Castlemaine,Heathcote - Castlemaine - Kyneton,Bendigo,Rest of Vic.
2102705,Castlemaine,Heathcote - Castlemaine - Kyneton,Bendigo,Rest of Vic.
2102706,Castlemaine,Heathcote - Castlemaine - Kyneton,Bendigo,Rest of Vic.
2102707,Castlemaine,Heathcote - Castlemaine - Kyneton,Bendigo,Rest of Vic.
2102708,Castlemaine,Heathcote - Castlemaine - Kyneton,Bendigo,Rest of Vic.
2102709,Castlemaine,Heathcote - Castlemaine - Kyneton,Bendigo,Rest of Vic.
2102710,Castlemaine,Heathcote - Castlemaine - Kyneton,Bendigo,Rest of Vic.
2102711,Castlemaine,Heathcote - Castlemaine - Kyneton,Bendigo,Rest of Vic.
2102712,Castlemaine,Heathcote - Castlemaine - Kyneton,Bendigo,Rest of Vic.
2102713,Castlemaine,Heathcote - Castlemaine - Kyneton,Bendigo,Rest of Vic.
2102714,Castlemaine,Heathcote - Castlemaine - Kyneton,Bendigo,Rest of Vic.
2102715,Castlemaine,Heathcote - Castlemaine - Kyneton,Bendigo,Rest of Vic.
2102716,Castlemaine,Heathcote - Castlemaine - Kyneton,Bendigo,Rest of Vic.
2102717,Castlemaine,Heathcote - Castlemaine - Kyneton,Bendigo,Rest of Vic.
2102718,Castlemaine,Heathcote - Castlemaine - Kyneton,Bendigo,Rest of Vic.
2102719,Castlemaine,Heathcote - Castlemaine - Kyneton,Bendigo,Rest of Vic.
2102720,Castlemaine,Heathcote - Castlemaine - Kyneton,Bendigo,Rest of Vic.
2102721,Castlemaine,Heathcote - Castlemaine - Kyneton,Bendigo,Rest of Vic.
2102722,Castlemaine,Heathcote - Castlemaine - Kyneton,Bendigo,Rest of Vic.
2102723,Castlemaine,Heathcote - Castlemaine - Kyneton,Bendigo,Rest of Vic.
2102724,Castlemaine,Heathcote - Castlemaine - Kyneton,Bendigo,Rest of Vic.
2102725,Castlemaine,Heathcote - Castlemaine - Kyneton,Bendigo,Rest of Vic.
2102726,Castlemaine,Heathcote - Castlemaine - Kyneton,Bendigo,Rest of Vic.
2102727,Castlemaine,Heathcote - Castlemaine - Kyneton,Bendigo,Rest of Vic.
2102801,Castlemaine Region,Heathcote - Castlemaine - Kyneton,Bendigo,Rest of Vic.
2102802,Castlemaine Region,Heathcote - Castlemaine - Kyneton,Bendigo,Rest of Vic.
2102803,Castlemaine Region,Heathcote - Castlemaine - Kyneton,Bendigo,Rest of Vic.
2102804,Castlemaine Region,Heathcote - Castlemaine - Kyneton,Bendigo,Rest of Vic.
2102805,Castlemaine Region,Heathcote - Castlemaine - Kyneton,Bendigo,Rest of Vic.
2102806,Castlemaine Region,Heathcote - Castlemaine - Kyneton,Bendigo,Rest of Vic.
2102807,Castlemaine Region,Heathcote - Castlemaine - Kyneton,Bendigo,Rest of Vic.
2102808,Castlemaine Region,Heathcote - Castlemaine - Kyneton,Bendigo,Rest of Vic.
2102809,Castlemaine Region,Heathcote - Castlemaine - Kyneton,Bendigo,Rest of Vic.
2102810,Castlemaine Region,Heathcote - Castlemaine - Kyneton,Bendigo,Rest of Vic.
2102811,Castlemaine Region,Heathcote - Castlemaine - Kyneton,Bendigo,Rest of Vic.
2102812,Castlemaine Region,Heathcote - Castlemaine - Kyneton,Bendigo,Rest of Vic.
2102813,Castlemaine Region,Heathcote - Castlemaine - Kyneton,Bendigo,Rest of Vic.
2102814,Castlemaine Region,Heathcote - Castlemaine - Kyneton,Bendigo,Rest of Vic.
2102815,Castlemaine Region,Heathcote - Castlemaine - Kyneton,Bendigo,Rest of Vic.
2102816,Castlemaine Region,Heathcote - Castlemaine - Kyneton,Bendigo,Rest of Vic.
2102817,Castlemaine Region,Heathcote - Castlemaine - Kyneton,Bendigo,Rest of Vic.
2102818,Castlemaine Region,Heathcote - Castlemaine - Kyneton,Bendigo,Rest of Vic.
2102819,Castlemaine Region,Heathcote - Castlemaine - Kyneton,Bendigo,Rest of Vic.
2102820,Castlemaine Region,Heathcote - Castlemaine - Kyneton,Bendigo,Rest of Vic.
2102821,Castlemaine Region,Heathcote - Castlemaine - Kyneton,Bendigo,Rest of Vic.
2102822,Castlemaine Region,Heathcote - Castlemaine - Kyneton,Bendigo,Rest of Vic.
2102823,Castlemaine Region,Heathcote - Castlemaine - Kyneton,Bendigo,Rest of Vic.
2102824,Castlemaine Region,Heathcote - Castlemaine - Kyneton,Bendigo,Rest of Vic.
2102825,Castlemaine Region,Heathcote - Castlemaine - Kyneton,Bendigo,Rest of Vic.
2102826,Castlemaine Region,Heathcote - Castlemaine - Kyneton,Bendigo,Rest of Vic.
2102901,Heathcote,Heathcote - Castlemaine - Kyneton,Bendigo,Rest of Vic.
2102902,Heathcote,Heathcote - Castlemaine - Kyneton,Bendigo,Rest of Vic.
2102903,Heathcote,Heathcote - Castlemaine - Kyneton,Bendigo,Rest of Vic.
2102904,Heathcote,Heathcote - Castlemaine - Kyneton,Bendigo,Rest of Vic.
2102905,Heathcote,Heathcote - Castlemaine - Kyneton,Bendigo,Rest of Vic.
2102906,Heathcote,Heathcote - Castlemaine - Kyneton,Bendigo,Rest of Vic.
2102907,Heathcote,Heathcote - Castlemaine - Kyneton,Bendigo,Rest of Vic.
2102908,Heathcote,Heathcote - Castlemaine - Kyneton,Bendigo,Rest of Vic.
2102909,Heathcote,Heathcote - Castlemaine - Kyneton,Bendigo,Rest of Vic.
2102910,Heathcote,Heathcote - Castlemaine - Kyneton,Bendigo,Rest of Vic.
2102911,Heathcote,Heathcote - Castlemaine - Kyneton,Bendigo,Rest of Vic.
2102912,Heathcote,Heathcote - Castlemaine - Kyneton,Bendigo,Rest of Vic.
2102913,Heathcote,Heathcote - Castlemaine - Kyneton,Bendigo,Rest of Vic.
2103001,Kyneton,Heathcote - Castlemaine - Kyneton,Bendigo,Rest of Vic.
2103002,Kyneton,Heathcote - Castlemaine - Kyneton,Bendigo,Rest of Vic.
2103003,Kyneton,Heathcote - Castlemaine - Kyneton,Bendigo,Rest of Vic.
2103004,Kyneton,Heathcote - Castlemaine - Kyneton,Bendigo,Rest of Vic.
2103005,Kyneton,Heathcote - Castlemaine - Kyneton,Bendigo,Rest of Vic.
2103006,Kyneton,Heathcote - Castlemaine - Kyneton,Bendigo,Rest of Vic.
2103007,Kyneton,Heathcote - Castlemaine - Kyneton,Bendigo,Rest of Vic.
2103008,Kyneton,Heathcote - Castlemaine - Kyneton,Bendigo,Rest of Vic.
2103009,Kyneton,Heathcote - Castlemaine - Kyneton,Bendigo,Rest of Vic.
2103010,Kyneton,Heathcote - Castlemaine - Kyneton,Bendigo,Rest of Vic.
2103011,Kyneton,Heathcote - Castlemaine - Kyneton,Bendigo,Rest of Vic.
2103012,Kyneton,Heathcote - Castlemaine - Kyneton,Bendigo,Rest of Vic.
2103013,Kyneton,Heathcote - Castlemaine - Kyneton,Bendigo,Rest of Vic.
2103014,Kyneton,Heathcote - Castlemaine - Kyneton,Bendigo,Rest of Vic.
2103015,Kyneton,Heathcote - Castlemaine - Kyneton,Bendigo,Rest of Vic.
2103016,Kyneton,Heathcote - Castlemaine - Kyneton,Bendigo,Rest of Vic.
2103017,Kyneton,Heathcote - Castlemaine - Kyneton,Bendigo,Rest of Vic.
2103018,Kyneton,Heathcote - Castlemaine - Kyneton,Bendigo,Rest of Vic.
2103019,Kyneton,Heathcote - Castlemaine - Kyneton,Bendigo,Rest of Vic.
2103020,Kyneton,Heathcote - Castlemaine - Kyneton,Bendigo,Rest of Vic.
2103021,Kyneton,Heathcote - Castlemaine - Kyneton,Bendigo,Rest of Vic.
2103022,Kyneton,Heathcote - Castlemaine - Kyneton,Bendigo,Rest of Vic.
2103023,Kyneton,Heathcote - Castlemaine - Kyneton,Bendigo,Rest of Vic.
2103101,Woodend,Heathcote - Castlemaine - Kyneton,Bendigo,Rest of Vic.
2103102,Woodend,Heathcote - Castlemaine - Kyneton,Bendigo,Rest of Vic.
2103103,Woodend,Heathcote - Castlemaine - Kyneton,Bendigo,Rest of Vic.
2103104,Woodend,Heathcote - Castlemaine - Kyneton,Bendigo,Rest of Vic.
2103105,Woodend,Heathcote - Castlemaine - Kyneton,Bendigo,Rest of Vic.
2103106,Woodend,Heathcote - Castlemaine - Kyneton,Bendigo,Rest of Vic.
2103107,Woodend,Heathcote - Castlemaine - Kyneton,Bendigo,Rest of Vic.
2103108,Woodend,Heathcote - Castlemaine - Kyneton,Bendigo,Rest of Vic.
2103109,Woodend,Heathcote - Castlemaine - Kyneton,Bendigo,Rest of Vic.
2103110,Woodend,Heathcote - Castlemaine - Kyneton,Bendigo,Rest of Vic.
2103111,Woodend,Heathcote - Castlemaine - Kyneton,Bendigo,Rest of Vic.
2103112,Woodend,Heathcote - Castlemaine - Kyneton,Bendigo,Rest of Vic.
2103113,Woodend,Heathcote - Castlemaine - Kyneton,Bendigo,Rest of Vic.
2103114,Woodend,Heathcote - Castlemaine - Kyneton,Bendigo,Rest of Vic.
2103115,Woodend,Heathcote - Castlemaine - Kyneton,Bendigo,Rest of Vic.
2103116,Woodend,Heathcote - Castlemaine - Kyneton,Bendigo,Rest of Vic.
2103201,Bendigo Region - North,Loddon - Elmore,Bendigo,Rest of Vic.
2103202,Bendigo Region - North,Loddon - Elmore,Bendigo,Rest of Vic.
2103203,Bendigo Region - North,Loddon - Elmore,Bendigo,Rest of Vic.
2103204,Bendigo Region - North,Loddon - Elmore,Bendigo,Rest of Vic.
2103205,Bendigo Region - North,Loddon - Elmore,Bendigo,Rest of Vic.
2103206,Bendigo Region - North,Loddon - Elmore,Bendigo,Rest of Vic.
2103207,Bendigo Region - North,Loddon - Elmore,Bendigo,Rest of Vic.
2103208,Bendigo Region - North,Loddon - Elmore,Bendigo,Rest of Vic.
2103209,Bendigo Region - North,Loddon - Elmore,Bendigo,Rest of Vic.
2103210,Bendigo Region - North,Loddon - Elmore,Bendigo,Rest of Vic.
2103211,Bendigo Region - North,Loddon - Elmore,Bendigo,Rest of Vic.
2103212,Bendigo Region - North,Loddon - Elmore,Bendigo,Rest of Vic.
2103213,Bendigo Region - North,Loddon - Elmore,Bendigo,Rest of Vic.
2103301,Loddon,Loddon - Elmore,Bendigo,Rest of Vic.
2103302,Loddon,Loddon - Elmore,Bendigo,Rest of Vic.
2103303,Loddon,Loddon - Elmore,Bendigo,Rest of Vic.
2103304,Loddon,Loddon - Elmore,Bendigo,Rest of Vic.
2103305,Loddon,Loddon - Elmore,Bendigo,Rest of Vic.
2103306,Loddon,Loddon - Elmore,Bendigo,Rest of Vic.
2103307,Loddon,Loddon - Elmore,Bendigo,Rest of Vic.
2103308,Loddon,Loddon - Elmore,Bendigo,Rest of Vic.
2103309,Loddon,Loddon - Elmore,Bendigo,Rest of Vic.
2103310,Loddon,Loddon - Elmore,Bendigo,Rest of Vic.
2103311,Loddon,Loddon - Elmore,Bendigo,Rest of Vic.
2103312,Loddon,Loddon - Elmore,Bendigo,Rest of Vic.
2103313,Loddon,Loddon - Elmore,Bendigo,Rest of Vic.
2103314,Loddon,Loddon - Elmore,Bendigo,Rest of Vic.
2103315,Loddon,Loddon - Elmore,Bendigo,Rest of Vic.
2103316,Loddon,Loddon - Elmore,Bendigo,Rest of Vic.
2103317,Loddon,Loddon - Elmore,Bendigo,Rest of Vic.
2103318,Loddon,Loddon - Elmore,Bendigo,Rest of Vic.
2103319,Loddon,Loddon - Elmore,Bendigo,Rest of Vic.
2103320,Loddon,Loddon - Elmore,Bendigo,Rest of Vic.
2103321,Loddon,Loddon - Elmore,Bendigo,Rest of Vic.
2103322,Loddon,Loddon - Elmore,Bendigo,Rest of Vic.
2103401,Bannockburn,Barwon - West,Geelong,Rest of Vic.
2103402,Bannockburn,Barwon - West,Geelong,Rest of Vic.
2103403,Bannockburn,Barwon - West,Geelong,Rest of Vic.
2103404,Bannockburn,Barwon - West,Geelong,Rest of Vic.
2103405,Bannockburn,Barwon - West,Geelong,Rest of Vic.
2103406,Bannockburn,Barwon - West,Geelong,Rest of Vic.
2103407,Bannockburn,Barwon - West,Geelong,Rest of Vic.
2103408,Bannockburn,Barwon - West,Geelong,Rest of Vic.
2103409,Bannockburn,Barwon - West,Geelong,Rest of Vic.
2103410,Bannockburn,Barwon - West,Geelong,Rest of Vic.
2103411,Bannockburn,Barwon - West,Geelong,Rest of Vic.
2103501,Golden Plains - South,Barwon - West,Geelong,Rest of Vic.
2103502,Golden Plains - South,Barwon - West,Geelong,Rest of Vic.
2103503,Golden Plains - South,Barwon - West,Geelong,Rest of Vic.
2103504,Golden Plains - South,Barwon - West,Geelong,Rest of Vic.
2103505,Golden Plains - South,Barwon - West,Geelong,Rest of Vic.
2103506,Golden Plains - South,Barwon - West,Geelong,Rest of Vic.
2103507,Golden Plains - South,Barwon - West,Geelong,Rest of Vic.
2103508,Golden Plains - South,Barwon - West,Geelong,Rest of Vic.
2103509,Golden Plains - South,Barwon - West,Geelong,Rest of Vic.
2103510,Golden Plains - South,Barwon - West,Geelong,Rest of Vic.
2103511,Golden Plains - South,Barwon - West,Geelong,Rest of Vic.
2103512,Golden Plains - South,Barwon - West,Geelong,Rest of Vic.
2103513,Golden Plains - South,Barwon - West,Geelong,Rest of Vic.
2103514,Golden Plains - South,Barwon - West,Geelong,Rest of Vic.
2103515,Golden Plains - South,Barwon - West,Geelong,Rest of Vic.
2103516,Golden Plains - South,Barwon - West,Geelong,Rest of Vic.
2103601,Winchelsea,Barwon - West,Geelong,Rest of Vic.
2103602,Winchelsea,Barwon - West,Geelong,Rest of Vic.
2103603,Winchelsea,Barwon - West,Geelong,Rest of Vic.
2103604,Winchelsea,Barwon - West,Geelong,Rest of Vic.
2103605,Winchelsea,Barwon - West,Geelong,Rest of Vic.
2103606,Winchelsea,Barwon - West,Geelong,Rest of Vic.
2103607,Winchelsea,Barwon - West,Geelong,Rest of Vic.
2103608,Winchelsea,Barwon - West,Geelong,Rest of Vic.
2103609,Winchelsea,Barwon - West,Geelong,Rest of Vic.
2103610,Winchelsea,Barwon - West,Geelong,Rest of Vic.
2103611,Winchelsea,Barwon - West,Geelong,Rest of Vic.
2103612,Winchelsea,Barwon - West,Geelong,Rest of Vic.
2103613,Winchelsea,Barwon - West,Geelong,Rest of Vic.
2103614,Winchelsea,Barwon - West,Geelong,Rest of Vic.
2103615,Winchelsea,Barwon - West,Geelong,Rest of Vic.
2103616,Winchelsea,Barwon - West,Geelong,Rest of Vic.
2103701,Belmont,Geelong,Geelong,Rest of Vic.
2103702,Belmont,Geelong,Geelong,Rest of Vic.
2103703,Belmont,Geelong,Geelong,Rest of Vic.
2103704,Belmont,Geelong,Geelong,Rest of Vic.
2103705,Belmont,Geelong,Geelong,Rest of Vic.
2103706,Belmont,Geelong,Geelong,Rest of Vic.
2103707,Belmont,Geelong,Geelong,Rest of Vic.
2103708,Belmont,Geelong,Geelong,Rest of Vic.
2103709,Belmont,Geelong,Geelong,Rest of Vic.
2103710,Belmont,Geelong,Geelong,Rest of Vic.
2103711,Belmont,Geelong,Geelong,Rest of Vic.
2103712,Belmont,Geelong,Geelong,Rest of Vic.
2103713,Belmont,Geelong,Geelong,Rest of Vic.
2103714,Belmont,Geelong,Geelong,Rest of Vic.
2103715,Belmont,Geelong,Geelong,Rest of Vic.
2103716,Belmont,Geelong,Geelong,Rest of Vic.
2103717,Belmont,Geelong,Geelong,Rest of Vic.
2103718,Belmont,Geelong,Geelong,Rest of Vic.
2103719,Belmont,Geelong,Geelong,Rest of Vic.
2103720,Belmont,Geelong,Geelong,Rest of Vic.
2103721,Belmont,Geelong,Geelong,Rest of Vic.
2103722,Belmont,Geelong,Geelong,Rest of Vic.
2103723,Belmont,Geelong,Geelong,Rest of Vic.
2103724,Belmont,Geelong,Geelong,Rest of Vic.
2103725,Belmont,Geelong,Geelong,Rest of Vic.
2103726,Belmont,Geelong,Geelong,Rest of Vic.
2103727,Belmont,Geelong,Geelong,Rest of Vic.
2103728,Belmont,Geelong,Geelong,Rest of Vic.
2103729,Belmont,Geelong,Geelong,Rest of Vic.
2103730,Belmont,Geelong,Geelong,Rest of Vic.
2103731,Belmont,Geelong,Geelong,Rest of Vic.
2103732,Belmont,Geelong,Geelong,Rest of Vic.
2103801,Corio - Norlane,Geelong,Geelong,Rest of Vic.
2103802,Corio - Norlane,Geelong,Geelong,Rest of Vic.
2103803,Corio - Norlane,Geelong,Geelong,Rest of Vic.
2103804,Corio - Norlane,Geelong,Geelong,Rest of Vic.
2103805,Corio - Norlane,Geelong,Geelong,Rest of Vic.
2103806,Corio - Norlane,Geelong,Geelong,Rest of Vic.
2103807,Corio - Norlane,Geelong,Geelong,Rest of Vic.
2103808,Corio - Norlane,Geelong,Geelong,Rest of Vic.
2103809,Corio - Norlane,Geelong,Geelong,Rest of Vic.
2103810,Corio - Norlane,Geelong,Geelong,Rest of Vic.
2103811,Corio - Norlane,Geelong,Geelong,Rest of Vic.
2103812,Corio - Norlane,Geelong,Geelong,Rest of Vic.
2103813,Corio - Norlane,Geelong,Geelong,Rest of Vic.
2103814,Corio - Norlane,Geelong,Geelong,Rest of Vic.
2103815,Corio - Norlane,Geelong,Geelong,Rest of Vic.
2103816,Corio - Norlane,Geelong,Geelong,Rest of Vic.
2103817,Corio - Norlane,Geelong,Geelong,Rest of Vic.
2103818,Corio - Norlane,Geelong,Geelong,Rest of Vic.
2103819,Corio - Norlane,Geelong,Geelong,Rest of Vic.
2103820,Corio - Norlane,Geelong,Geelong,Rest of Vic.
2103821,Corio - Norlane,Geelong,Geelong,Rest of Vic.
2103822,Corio - Norlane,Geelong,Geelong,Rest of Vic.
2103823,Corio - Norlane,Geelong,Geelong,Rest of Vic.
2103824,Corio - Norlane,Geelong,Geelong,Rest of Vic.
2103825,Corio - Norlane,Geelong,Geelong,Rest of Vic.
2103826,Corio - Norlane,Geelong,Geelong,Rest of Vic.
2103827,Corio - Norlane,Geelong,Geelong,Rest of Vic.
2103828,Corio - Norlane,Geelong,Geelong,Rest of Vic.
2103829,Corio - Norlane,Geelong,Geelong,Rest of Vic.
2103830,Corio - Norlane,Geelong,Geelong,Rest of Vic.
2103831,Corio - Norlane,Geelong,Geelong,Rest of Vic.
2103832,Corio - Norlane,Geelong,Geelong,Rest of Vic.
2103833,Corio - Norlane,Geelong,Geelong,Rest of Vic.
2103834,Corio - Norlane,Geelong,Geelong,Rest of Vic.
2103835,Corio - Norlane,Geelong,Geelong,Rest of Vic.
2103836,Corio - Norlane,Geelong,Geelong,Rest of Vic.
2103837,Corio - Norlane,Geelong,Geelong,Rest of Vic.
2103838,Corio - Norlane,Geelong,Geelong,Rest of Vic.
2103839,Corio - Norlane,Geelong,Geelong,Rest of Vic.
2103840,Corio - Norlane,Geelong,Geelong,Rest of Vic.
2103841,Corio - Norlane,Geelong,Geelong,Rest of Vic.
2103842,Corio - Norlane,Geelong,Geelong,Rest of Vic.
2103843,Corio - Norlane,Geelong,Geelong,Rest of Vic.
2103844,Corio - Norlane,Geelong,Geelong,Rest of Vic.
2103845,Corio - Norlane,Geelong,Geelong,Rest of Vic.
2103846,Corio - Norlane,Geelong,Geelong,Rest of Vic.
2103847,Corio - Norlane,Geelong,Geelong,Rest of Vic.
2103848,Corio - Norlane,Geelong,Geelong,Rest of Vic.
2103849,Corio - Norlane,Geelong,Geelong,Rest of Vic.
2103850,Corio - Norlane,Geelong,Geelong,Rest of Vic.
2103851,Corio - Norlane,Geelong,Geelong,Rest of Vic.
2103852,Corio - Norlane,Geelong,Geelong,Rest of Vic.
2103853,Corio - Norlane,Geelong,Geelong,Rest of Vic.
2103854,Corio - Norlane,Geelong,Geelong,Rest of Vic.
2103855,Corio - Norlane,Geelong,Geelong,Rest of Vic.
2103856,Corio - Norlane,Geelong,Geelong,Rest of Vic.
2103857,Corio - Norlane,Geelong,Geelong,Rest of Vic.
2103858,Corio - Norlane,Geelong,Geelong,Rest of Vic.
2103859,Corio - Norlane,Geelong,Geelong,Rest of Vic.
2103860,Corio - Norlane,Geelong,Geelong,Rest of Vic.
2103861,Corio - Norlane,Geelong,Geelong,Rest of Vic.
2103862,Corio - Norlane,Geelong,Geelong,Rest of Vic.
2103863,Corio - Norlane,Geelong,Geelong,Rest of Vic.
2103864,Corio - Norlane,Geelong,Geelong,Rest of Vic.
2103865,Corio - Norlane,Geelong,Geelong,Rest of Vic.
2103866,Corio - Norlane,Geelong,Geelong,Rest of Vic.
2103867,Corio - Norlane,Geelong,Geelong,Rest of Vic.
2103868,Corio - Norlane,Geelong,Geelong,Rest of Vic.
2103869,Corio - Norlane,Geelong,Geelong,Rest of Vic.
2103870,Corio - Norlane,Geelong,Geelong,Rest of Vic.
2103871,Corio - Norlane,Geelong,Geelong,Rest of Vic.
2103872,Corio - Norlane,Geelong,Geelong,Rest of Vic.
2103873,Corio - Norlane,Geelong,Geelong,Rest of Vic.
2103874,Corio - Norlane,Geelong,Geelong,Rest of Vic.
2103875,Corio - Norlane,Geelong,Geelong,Rest of Vic.
2103876,Corio - Norlane,Geelong,Geelong,Rest of Vic.
2103901,Geelong,Geelong,Geelong,Rest of Vic.
2103902,Geelong,Geelong,Geelong,Rest of Vic.
2103903,Geelong,Geelong,Geelong,Rest of Vic.
2103904,Geelong,Geelong,Geelong,Rest of Vic.
2103905,Geelong,Geelong,Geelong,Rest of Vic.
2103906,Geelong,Geelong,Geelong,Rest of Vic.
2103907,Geelong,Geelong,Geelong,Rest of Vic.
2103908,Geelong,Geelong,Geelong,Rest of Vic.
2103909,Geelong,Geelong,Geelong,Rest of Vic.
2103910,Geelong,Geelong,Geelong,Rest of Vic.
2103911,Geelong,Geelong,Geelong,Rest of Vic.
2103912,Geelong,Geelong,Geelong,Rest of Vic.
2103913,Geelong,Geelong,Geelong,Rest of Vic.
2103914,Geelong,Geelong,Geelong,Rest of Vic.
2103915,Geelong,Geelong,Geelong,Rest of Vic.
2103916,Geelong,Geelong,Geelong,Rest of Vic.
2103917,Geelong,Geelong,Geelong,Rest of Vic.
2103918,Geelong,Geelong,Geelong,Rest of Vic.
2103919,Geelong,Geelong,Geelong,Rest of Vic.
2103920,Geelong,Geelong,Geelong,Rest of Vic.
2103921,Geelong,Geelong,Geelong,Rest of Vic.
2103922,Geelong,Geelong,Geelong,Rest of Vic.
2103923,Geelong,Geelong,Geelong,Rest of Vic.
2103924,Geelong,Geelong,Geelong,Rest of Vic.
2103925,Geelong,Geelong,Geelong,Rest of Vic.
2103926,Geelong,Geelong,Geelong,Rest of Vic.
2103927,Geelong,Geelong,Geelong,Rest of Vic.
2103928,Geelong,Geelong,Geelong,Rest of Vic.
2103929,Geelong,Geelong,Geelong,Rest of Vic.
2103930,Geelong,Geelong,Geelong,Rest of Vic.
2103931,Geelong,Geelong,Geelong,Rest of Vic.
2103932,Geelong,Geelong,Geelong,Rest of Vic.
2104001,Geelong West - Hamlyn Heights,Geelong,Geelong,Rest of Vic.
2104002,Geelong West - Hamlyn Heights,Geelong,Geelong,Rest of Vic.
2104003,Geelong West - Hamlyn Heights,Geelong,Geelong,Rest of Vic.
2104004,Geelong West - Hamlyn Heights,Geelong,Geelong,Rest of Vic.
2104005,Geelong West - Hamlyn Heights,Geelong,Geelong,Rest of Vic.
2104006,Geelong West - Hamlyn Heights,Geelong,Geelong,Rest of Vic.
2104007,Geelong West - Hamlyn Heights,Geelong,Geelong,Rest of Vic.
2104008,Geelong West - Hamlyn Heights,Geelong,Geelong,Rest of Vic.
2104009,Geelong West - Hamlyn Heights,Geelong,Geelong,Rest of Vic.
2104010,Geelong West - Hamlyn Heights,Geelong,Geelong,Rest of Vic.
2104011,Geelong West - Hamlyn Heights,Geelong,Geelong,Rest of Vic.
2104012,Geelong West - Hamlyn Heights,Geelong,Geelong,Rest of Vic.
2104013,Geelong West - Hamlyn Heights,Geelong,Geelong,Rest of Vic.
2104014,Geelong West - Hamlyn Heights,Geelong,Geelong,Rest of Vic.
2104015,Geelong West - Hamlyn Heights,Geelong,Geelong,Rest of Vic.
2104016,Geelong West - Hamlyn Heights,Geelong,Geelong,Rest of Vic.
2104017,Geelong West - Hamlyn Heights,Geelong,Geelong,Rest of Vic.
2104018,Geelong West - Hamlyn Heights,Geelong,Geelong,Rest of Vic.
2104019,Geelong West - Hamlyn Heights,Geelong,Geelong,Rest of Vic.
2104020,Geelong West - Hamlyn Heights,Geelong,Geelong,Rest of Vic.
2104021,Geelong West - Hamlyn Heights,Geelong,Geelong,Rest of Vic.
2104022,Geelong West - Hamlyn Heights,Geelong,Geelong,Rest of Vic.
2104023,Geelong West - Hamlyn Heights,Geelong,Geelong,Rest of Vic.
2104024,Geelong West - Hamlyn Heights,Geelong,Geelong,Rest of Vic.
2104025,Geelong West - Hamlyn Heights,Geelong,Geelong,Rest of Vic.
2104026,Geelong West - Hamlyn Heights,Geelong,Geelong,Rest of Vic.
2104027,Geelong West - Hamlyn Heights,Geelong,Geelong,Rest of Vic.
2104028,Geelong West - Hamlyn Heights,Geelong,Geelong,Rest of Vic.
2104029,Geelong West - Hamlyn Heights,Geelong,Geelong,Rest of Vic.
2104030,Geelong West - Hamlyn Heights,Geelong,Geelong,Rest of Vic.
2104031,Geelong West - Hamlyn Heights,Geelong,Geelong,Rest of Vic.
2104032,Geelong West - Hamlyn Heights,Geelong,Geelong,Rest of Vic.
2104033,Geelong West - Hamlyn Heights,Geelong,Geelong,Rest of Vic.
2104034,Geelong West - Hamlyn Heights,Geelong,Geelong,Rest of Vic.
2104035,Geelong West - Hamlyn Heights,Geelong,Geelong,Rest of Vic.
2104036,Geelong West - Hamlyn Heights,Geelong,Geelong,Rest of Vic.
2104037,Geelong West - Hamlyn Heights,Geelong,Geelong,Rest of Vic.
2104038,Geelong West - Hamlyn Heights,Geelong,Geelong,Rest of Vic.
2104039,Geelong West - Hamlyn Heights,Geelong,Geelong,Rest of Vic.
2104040,Geelong West - Hamlyn Heights,Geelong,Geelong,Rest of Vic.
2104041,Geelong West - Hamlyn Heights,Geelong,Geelong,Rest of Vic.
2104042,Geelong West - Hamlyn Heights,Geelong,Geelong,Rest of Vic.
2104043,Geelong West - Hamlyn Heights,Geelong,Geelong,Rest of Vic.
2104044,Geelong West - Hamlyn Heights,Geelong,Geelong,Rest of Vic.
2104045,Geelong West - Hamlyn Heights,Geelong,Geelong,Rest of Vic.
2104046,Geelong West - Hamlyn Heights,Geelong,Geelong,Rest of Vic.
2104047,Geelong West - Hamlyn Heights,Geelong,Geelong,Rest of Vic.
2104048,Geelong West - Hamlyn Heights,Geelong,Geelong,Rest of Vic.
2104049,Geelong West - Hamlyn Heights,Geelong,Geelong,Rest of Vic.
2104050,Geelong West - Hamlyn Heights,Geelong,Geelong,Rest of Vic.
2104101,Grovedale,Geelong,Geelong,Rest of Vic.
2104102,Grovedale,Geelong,Geelong,Rest of Vic.
2104103,Grovedale,Geelong,Geelong,Rest of Vic.
2104104,Grovedale,Geelong,Geelong,Rest of Vic.
2104105,Grovedale,Geelong,Geelong,Rest of Vic.
2104106,Grovedale,Geelong,Geelong,Rest of Vic.
2104107,Grovedale,Geelong,Geelong,Rest of Vic.
2104108,Grovedale,Geelong,Geelong,Rest of Vic.
2104109,Grovedale,Geelong,Geelong,Rest of Vic.
2104110,Grovedale,Geelong,Geelong,Rest of Vic.
2104111,Grovedale,Geelong,Geelong,Rest of Vic.
2104112,Grovedale,Geelong,Geelong,Rest of Vic.
2104113,Grovedale,Geelong,Geelong,Rest of Vic.
2104114,Grovedale,Geelong,Geelong,Rest of Vic.
2104115,Grovedale,Geelong,Geelong,Rest of Vic.
2104116,Grovedale,Geelong,Geelong,Rest of Vic.
2104117,Grovedale,Geelong,Geelong,Rest of Vic.
2104118,Grovedale,Geelong,Geelong,Rest of Vic.
2104119,Grovedale,Geelong,Geelong,Rest of Vic.
2104120,Grovedale,Geelong,Geelong,Rest of Vic.
2104121,Grovedale,Geelong,Geelong,Rest of Vic.
2104122,Grovedale,Geelong,Geelong,Rest of Vic.
2104123,Grovedale,Geelong,Geelong,Rest of Vic.
2104124,Grovedale,Geelong,Geelong,Rest of Vic.
2104125,Grovedale,Geelong,Geelong,Rest of Vic.
2104126,Grovedale,Geelong,Geelong,Rest of Vic.
2104127,Grovedale,Geelong,Geelong,Rest of Vic.
2104128,Grovedale,Geelong,Geelong,Rest of Vic.
2104129,Grovedale,Geelong,Geelong,Rest of Vic.
2104130,Grovedale,Geelong,Geelong,Rest of Vic.
2104131,Grovedale,Geelong,Geelong,Rest of Vic.
2104132,Grovedale,Geelong,Geelong,Rest of Vic.
2104133,Grovedale,Geelong,Geelong,Rest of Vic.
2104134,Grovedale,Geelong,Geelong,Rest of Vic.
2104135,Grovedale,Geelong,Geelong,Rest of Vic.
2104136,Grovedale,Geelong,Geelong,Rest of Vic.
2104137,Grovedale,Geelong,Geelong,Rest of Vic.
2104138,Grovedale,Geelong,Geelong,Rest of Vic.
2104139,Grovedale,Geelong,Geelong,Rest of Vic.
2104140,Grovedale,Geelong,Geelong,Rest of Vic.
2104141,Grovedale,Geelong,Geelong,Rest of Vic.
2104142,Grovedale,Geelong,Geelong,Rest of Vic.
2104143,Grovedale,Geelong,Geelong,Rest of Vic.
2104201,Highton,Geelong,Geelong,Rest of Vic.
2104202,Highton,Geelong,Geelong,Rest of Vic.
2104203,Highton,Geelong,Geelong,Rest of Vic.
2104204,Highton,Geelong,Geelong,Rest of Vic.
2104205,Highton,Geelong,Geelong,Rest of Vic.
2104206,Highton,Geelong,Geelong,Rest of Vic.
2104207,Highton,Geelong,Geelong,Rest of Vic.
2104208,Highton,Geelong,Geelong,Rest of Vic.
2104209,Highton,Geelong,Geelong,Rest of Vic.
2104210,Highton,Geelong,Geelong,Rest of Vic.
2104211,Highton,Geelong,Geelong,Rest of Vic.
2104212,Highton,Geelong,Geelong,Rest of Vic.
2104213,Highton,Geelong,Geelong,Rest of Vic.
2104214,Highton,Geelong,Geelong,Rest of Vic.
2104215,Highton,Geelong,Geelong,Rest of Vic.
2104216,Highton,Geelong,Geelong,Rest of Vic.
2104217,Highton,Geelong,Geelong,Rest of Vic.
2104218,Highton,Geelong,Geelong,Rest of Vic.
2104219,Highton,Geelong,Geelong,Rest of Vic.
2104220,Highton,Geelong,Geelong,Rest of Vic.
2104221,Highton,Geelong,Geelong,Rest of Vic.
2104222,Highton,Geelong,Geelong,Rest of Vic.
2104223,Highton,Geelong,Geelong,Rest of Vic.
2104224,Highton,Geelong,Geelong,Rest of Vic.
2104225,Highton,Geelong,Geelong,Rest of Vic.
2104226,Highton,Geelong,Geelong,Rest of Vic.
2104227,Highton,Geelong,Geelong,Rest of Vic.
2104228,Highton,Geelong,Geelong,Rest of Vic.
2104229,Highton,Geelong,Geelong,Rest of Vic.
2104230,Highton,Geelong,Geelong,Rest of Vic.
2104231,Highton,Geelong,Geelong,Rest of Vic.
2104232,Highton,Geelong,Geelong,Rest of Vic.
2104233,Highton,Geelong,Geelong,Rest of Vic.
2104234,Highton,Geelong,Geelong,Rest of Vic.
2104235,Highton,Geelong,Geelong,Rest of Vic.
2104236,Highton,Geelong,Geelong,Rest of Vic.
2104237,Highton,Geelong,Geelong,Rest of Vic.
2104238,Highton,Geelong,Geelong,Rest of Vic.
2104239,Highton,Geelong,Geelong,Rest of Vic.
2104240,Highton,Geelong,Geelong,Rest of Vic.
2104241,Highton,Geelong,Geelong,Rest of Vic.
2104242,Highton,Geelong,Geelong,Rest of Vic.
2104243,Highton,Geelong,Geelong,Rest of Vic.
2104244,Highton,Geelong,Geelong,Rest of Vic.
2104301,Lara,Geelong,Geelong,Rest of Vic.
2104302,Lara,Geelong,Geelong,Rest of Vic.
2104303,Lara,Geelong,Geelong,Rest of Vic.
2104304,Lara,Geelong,Geelong,Rest of Vic.
2104305,Lara,Geelong,Geelong,Rest of Vic.
2104306,Lara,Geelong,Geelong,Rest of Vic.
2104307,Lara,Geelong,Geelong,Rest of Vic.
2104308,Lara,Geelong,Geelong,Rest of Vic.
2104309,Lara,Geelong,Geelong,Rest of Vic.
2104310,Lara,Geelong,Geelong,Rest of Vic.
2104311,Lara,Geelong,Geelong,Rest of Vic.
2104312,Lara,Geelong,Geelong,Rest of Vic.
2104313,Lara,Geelong,Geelong,Rest of Vic.
2104314,Lara,Geelong,Geelong,Rest of Vic.
2104315,Lara,Geelong,Geelong,Rest of Vic.
2104316,Lara,Geelong,Geelong,Rest of Vic.
2104317,Lara,Geelong,Geelong,Rest of Vic.
2104318,Lara,Geelong,Geelong,Rest of Vic.
2104319,Lara,Geelong,Geelong,Rest of Vic.
2104320,Lara,Geelong,Geelong,Rest of Vic.
2104321,Lara,Geelong,Geelong,Rest of Vic.
2104322,Lara,Geelong,Geelong,Rest of Vic.
2104323,Lara,Geelong,Geelong,Rest of Vic.
2104324,Lara,Geelong,Geelong,Rest of Vic.
2104325,Lara,Geelong,Geelong,Rest of Vic.
2104326,Lara,Geelong,Geelong,Rest of Vic.
2104327,Lara,Geelong,Geelong,Rest of Vic.
2104328,Lara,Geelong,Geelong,Rest of Vic.
2104329,Lara,Geelong,Geelong,Rest of Vic.
2104330,Lara,Geelong,Geelong,Rest of Vic.
2104331,Lara,Geelong,Geelong,Rest of Vic.
2104332,Lara,Geelong,Geelong,Rest of Vic.
2104333,Lara,Geelong,Geelong,Rest of Vic.
2104334,Lara,Geelong,Geelong,Rest of Vic.
2104335,Lara,Geelong,Geelong,Rest of Vic.
2104336,Lara,Geelong,Geelong,Rest of Vic.
2104337,Lara,Geelong,Geelong,Rest of Vic.
2104401,Leopold,Geelong,Geelong,Rest of Vic.
2104402,Leopold,Geelong,Geelong,Rest of Vic.
2104403,Leopold,Geelong,Geelong,Rest of Vic.
2104404,Leopold,Geelong,Geelong,Rest of Vic.
2104405,Leopold,Geelong,Geelong,Rest of Vic.
2104406,Leopold,Geelong,Geelong,Rest of Vic.
2104407,Leopold,Geelong,Geelong,Rest of Vic.
2104408,Leopold,Geelong,Geelong,Rest of Vic.
2104409,Leopold,Geelong,Geelong,Rest of Vic.
2104410,Leopold,Geelong,Geelong,Rest of Vic.
2104411,Leopold,Geelong,Geelong,Rest of Vic.
2104412,Leopold,Geelong,Geelong,Rest of Vic.
2104413,Leopold,Geelong,Geelong,Rest of Vic.
2104414,Leopold,Geelong,Geelong,Rest of Vic.
2104415,Leopold,Geelong,Geelong,Rest of Vic.
2104416,Leopold,Geelong,Geelong,Rest of Vic.
2104417,Leopold,Geelong,Geelong,Rest of Vic.
2104418,Leopold,Geelong,Geelong,Rest of Vic.
2104419,Leopold,Geelong,Geelong,Rest of Vic.
2104420,Leopold,Geelong,Geelong,Rest of Vic.
2104421,Leopold,Geelong,Geelong,Rest of Vic.
2104422,Leopold,Geelong,Geelong,Rest of Vic.
2104423,Leopold,Geelong,Geelong,Rest of Vic.
2104424,Leopold,Geelong,Geelong,Rest of Vic.
2104501,Newcomb - Moolap,Geelong,Geelong,Rest of Vic.
2104502,Newcomb - Moolap,Geelong,Geelong,Rest of Vic.
2104503,Newcomb - Moolap,Geelong,Geelong,Rest of Vic.
2104504,Newcomb - Moolap,Geelong,Geelong,Rest of Vic.
2104505,Newcomb - Moolap,Geelong,Geelong,Rest of Vic.
2104506,Newcomb - Moolap,Geelong,Geelong,Rest of Vic.
2104507,Newcomb - Moolap,Geelong,Geelong,Rest of Vic.
2104508,Newcomb - Moolap,Geelong,Geelong,Rest of Vic.
2104509,Newcomb - Moolap,Geelong,Geelong,Rest of Vic.
2104510,Newcomb - Moolap,Geelong,Geelong,Rest of Vic.
2104511,Newcomb - Moolap,Geelong,Geelong,Rest of Vic.
2104512,Newcomb - Moolap,Geelong,Geelong,Rest of Vic.
2104513,Newcomb - Moolap,Geelong,Geelong,Rest of Vic.
2104514,Newcomb - Moolap,Geelong,Geelong,Rest of Vic.
2104515,Newcomb - Moolap,Geelong,Geelong,Rest of Vic.
2104516,Newcomb - Moolap,Geelong,Geelong,Rest of Vic.
2104517,Newcomb - Moolap,Geelong,Geelong,Rest of Vic.
2104518,Newcomb - Moolap,Geelong,Geelong,Rest of Vic.
2104519,Newcomb - Moolap,Geelong,Geelong,Rest of Vic.
2104520,Newcomb - Moolap,Geelong,Geelong,Rest of Vic.
2104521,Newcomb - Moolap,Geelong,Geelong,Rest of Vic.
2104522,Newcomb - Moolap,Geelong,Geelong,Rest of Vic.
2104523,Newcomb - Moolap,Geelong,Geelong,Rest of Vic.
2104524,Newcomb - Moolap,Geelong,Geelong,Rest of Vic.
2104525,Newcomb - Moolap,Geelong,Geelong,Rest of Vic.
2104526,Newcomb - Moolap,Geelong,Geelong,Rest of Vic.
2104527,Newcomb - Moolap,Geelong,Geelong,Rest of Vic.
2104528,Newcomb - Moolap,Geelong,Geelong,Rest of Vic.
2104529,Newcomb - Moolap,Geelong,Geelong,Rest of Vic.
2104530,Newcomb - Moolap,Geelong,Geelong,Rest of Vic.
2104531,Newcomb - Moolap,Geelong,Geelong,Rest of Vic.
2104532,Newcomb - Moolap,Geelong,Geelong,Rest of Vic.
2104533,Newcomb - Moolap,Geelong,Geelong,Rest of Vic.
2104534,Newcomb - Moolap,Geelong,Geelong,Rest of Vic.
2104535,Newcomb - Moolap,Geelong,Geelong,Rest of Vic.
2104601,Newtown (Vic.),Geelong,Geelong,Rest of Vic.
2104602,Newtown (Vic.),Geelong,Geelong,Rest of Vic.
2104603,Newtown (Vic.),Geelong,Geelong,Rest of Vic.
2104604,Newtown (Vic.),Geelong,Geelong,Rest of Vic.
2104605,Newtown (Vic.),Geelong,Geelong,Rest of Vic.
2104606,Newtown (Vic.),Geelong,Geelong,Rest of Vic.
2104607,Newtown (Vic.),Geelong,Geelong,Rest of Vic.
2104608,Newtown (Vic.),Geelong,Geelong,Rest of Vic.
2104609,Newtown (Vic.),Geelong,Geelong,Rest of Vic.
2104610,Newtown (Vic.),Geelong,Geelong,Rest of Vic.
2104611,Newtown (Vic.),Geelong,Geelong,Rest of Vic.
2104612,Newtown (Vic.),Geelong,Geelong,Rest of Vic.
2104613,Newtown (Vic.),Geelong,Geelong,Rest of Vic.
2104614,Newtown (Vic.),Geelong,Geelong,Rest of Vic.
2104615,Newtown (Vic.),Geelong,Geelong,Rest of Vic.
2104616,Newtown (Vic.),Geelong,Geelong,Rest of Vic.
2104617,Newtown (Vic.),Geelong,Geelong,Rest of Vic.
2104618,Newtown (Vic.),Geelong,Geelong,Rest of Vic.
2104619,Newtown (Vic.),Geelong,Geelong,Rest of Vic.
2104620,Newtown (Vic.),Geelong,Geelong,Rest of Vic.
2104621,Newtown (Vic.),Geelong,Geelong,Rest of Vic.
2104622,Newtown (Vic.),Geelong,Geelong,Rest of Vic.
2104623,Newtown (Vic.),Geelong,Geelong,Rest of Vic.
2104624,Newtown (Vic.),Geelong,Geelong,Rest of Vic.
2104625,Newtown (Vic.),Geelong,Geelong,Rest of Vic.
2104701,North Geelong - Bell Park,Geelong,Geelong,Rest of Vic.
2104702,North Geelong - Bell Park,Geelong,Geelong,Rest of Vic.
2104703,North Geelong - Bell Park,Geelong,Geelong,Rest of Vic.
2104704,North Geelong - Bell Park,Geelong,Geelong,Rest of Vic.
2104705,North Geelong - Bell Park,Geelong,Geelong,Rest of Vic.
2104706,North Geelong - Bell Park,Geelong,Geelong,Rest of Vic.
2104707,North Geelong - Bell Park,Geelong,Geelong,Rest of Vic.
2104708,North Geelong - Bell Park,Geelong,Geelong,Rest of Vic.
2104709,North Geelong - Bell Park,Geelong,Geelong,Rest of Vic.
2104710,North Geelong - Bell Park,Geelong,Geelong,Rest of Vic.
2104711,North Geelong - Bell Park,Geelong,Geelong,Rest of Vic.
2104712,North Geelong - Bell Park,Geelong,Geelong,Rest of Vic.
2104713,North Geelong - Bell Park,Geelong,Geelong,Rest of Vic.
2104714,North Geelong - Bell Park,Geelong,Geelong,Rest of Vic.
2104715,North Geelong - Bell Park,Geelong,Geelong,Rest of Vic.
2104716,North Geelong - Bell Park,Geelong,Geelong,Rest of Vic.
2104717,North Geelong - Bell Park,Geelong,Geelong,Rest of Vic.
2104718,North Geelong - Bell Park,Geelong,Geelong,Rest of Vic.
2104719,North Geelong - Bell Park,Geelong,Geelong,Rest of Vic.
2104720,North Geelong - Bell Park,Geelong,Geelong,Rest of Vic.
2104721,North Geelong - Bell Park,Geelong,Geelong,Rest of Vic.
2104722,North Geelong - Bell Park,Geelong,Geelong,Rest of Vic.
2104723,North Geelong - Bell Park,Geelong,Geelong,Rest of Vic.
2104724,North Geelong - Bell Park,Geelong,Geelong,Rest of Vic.
2104725,North Geelong - Bell Park,Geelong,Geelong,Rest of Vic.
2104726,North Geelong - Bell Park,Geelong,Geelong,Rest of Vic.
2104727,North Geelong - Bell Park,Geelong,Geelong,Rest of Vic.
2104728,North Geelong - Bell Park,Geelong,Geelong,Rest of Vic.
2104729,North Geelong - Bell Park,Geelong,Geelong,Rest of Vic.
2104730,North Geelong - Bell Park,Geelong,Geelong,Rest of Vic.
2104731,North Geelong - Bell Park,Geelong,Geelong,Rest of Vic.
2104732,North Geelong - Bell Park,Geelong,Geelong,Rest of Vic.
2104733,North Geelong - Bell Park,Geelong,Geelong,Rest of Vic.
2104734,North Geelong - Bell Park,Geelong,Geelong,Rest of Vic.
2104735,North Geelong - Bell Park,Geelong,Geelong,Rest of Vic.
2104736,North Geelong - Bell Park,Geelong,Geelong,Rest of Vic.
2104737,North Geelong - Bell Park,Geelong,Geelong,Rest of Vic.
2104738,North Geelong - Bell Park,Geelong,Geelong,Rest of Vic.
2104739,North Geelong - Bell Park,Geelong,Geelong,Rest of Vic.
2104740,North Geelong - Bell Park,Geelong,Geelong,Rest of Vic.
2104801,Clifton Springs,Surf Coast - Bellarine Peninsula,Geelong,Rest of Vic.
2104802,Clifton Springs,Surf Coast - Bellarine Peninsula,Geelong,Rest of Vic.
2104803,Clifton Springs,Surf Coast - Bellarine Peninsula,Geelong,Rest of Vic.
2104804,Clifton Springs,Surf Coast - Bellarine Peninsula,Geelong,Rest of Vic.
2104805,Clifton Springs,Surf Coast - Bellarine Peninsula,Geelong,Rest of Vic.
2104806,Clifton Springs,Surf Coast - Bellarine Peninsula,Geelong,Rest of Vic.
2104807,Clifton Springs,Surf Coast - Bellarine Peninsula,Geelong,Rest of Vic.
2104808,Clifton Springs,Surf Coast - Bellarine Peninsula,Geelong,Rest of Vic.
2104809,Clifton Springs,Surf Coast - Bellarine Peninsula,Geelong,Rest of Vic.
2104810,Clifton Springs,Surf Coast - Bellarine Peninsula,Geelong,Rest of Vic.
2104811,Clifton Springs,Surf Coast - Bellarine Peninsula,Geelong,Rest of Vic.
2104812,Clifton Springs,Surf Coast - Bellarine Peninsula,Geelong,Rest of Vic.
2104813,Clifton Springs,Surf Coast - Bellarine Peninsula,Geelong,Rest of Vic.
2104814,Clifton Springs,Surf Coast - Bellarine Peninsula,Geelong,Rest of Vic.
2104815,Clifton Springs,Surf Coast - Bellarine Peninsula,Geelong,Rest of Vic.
2104816,Clifton Springs,Surf Coast - Bellarine Peninsula,Geelong,Rest of Vic.
2104817,Clifton Springs,Surf Coast - Bellarine Peninsula,Geelong,Rest of Vic.
2104818,Clifton Springs,Surf Coast - Bellarine Peninsula,Geelong,Rest of Vic.
2104819,Clifton Springs,Surf Coast - Bellarine Peninsula,Geelong,Rest of Vic.
2104820,Clifton Springs,Surf Coast - Bellarine Peninsula,Geelong,Rest of Vic.
2104821,Clifton Springs,Surf Coast - Bellarine Peninsula,Geelong,Rest of Vic.
2104822,Clifton Springs,Surf Coast - Bellarine Peninsula,Geelong,Rest of Vic.
2104823,Clifton Springs,Surf Coast - Bellarine Peninsula,Geelong,Rest of Vic.
2104824,Clifton Springs,Surf Coast - Bellarine Peninsula,Geelong,Rest of Vic.
2104825,Clifton Springs,Surf Coast - Bellarine Peninsula,Geelong,Rest of Vic.
2104826,Clifton Springs,Surf Coast - Bellarine Peninsula,Geelong,Rest of Vic.
2104827,Clifton Springs,Surf Coast - Bellarine Peninsula,Geelong,Rest of Vic.
2104828,Clifton Springs,Surf Coast - Bellarine Peninsula,Geelong,Rest of Vic.
2104829,Clifton Springs,Surf Coast - Bellarine Peninsula,Geelong,Rest of Vic.
2104830,Clifton Springs,Surf Coast - Bellarine Peninsula,Geelong,Rest of Vic.
2104831,Clifton Springs,Surf Coast - Bellarine Peninsula,Geelong,Rest of Vic.
2104901,Lorne - Anglesea,Surf Coast - Bellarine Peninsula,Geelong,Rest of Vic.
2104902,Lorne - Anglesea,Surf Coast - Bellarine Peninsula,Geelong,Rest of Vic.
2104903,Lorne - Anglesea,Surf Coast - Bellarine Peninsula,Geelong,Rest of Vic.
2104904,Lorne - Anglesea,Surf Coast - Bellarine Peninsula,Geelong,Rest of Vic.
2104905,Lorne - Anglesea,Surf Coast - Bellarine Peninsula,Geelong,Rest of Vic.
2104906,Lorne - Anglesea,Surf Coast - Bellarine Peninsula,Geelong,Rest of Vic.
2104907,Lorne - Anglesea,Surf Coast - Bellarine Peninsula,Geelong,Rest of Vic.
2104908,Lorne - Anglesea,Surf Coast - Bellarine Peninsula,Geelong,Rest of Vic.
2104909,Lorne - Anglesea,Surf Coast - Bellarine Peninsula,Geelong,Rest of Vic.
2104910,Lorne - Anglesea,Surf Coast - Bellarine Peninsula,Geelong,Rest of Vic.
2104911,Lorne - Anglesea,Surf Coast - Bellarine Peninsula,Geelong,Rest of Vic.
2105001,Ocean Grove - Barwon Heads,Surf Coast - Bellarine Peninsula,Geelong,Rest of Vic.
2105002,Ocean Grove - Barwon Heads,Surf Coast - Bellarine Peninsula,Geelong,Rest of Vic.
2105003,Ocean Grove - Barwon Heads,Surf Coast - Bellarine Peninsula,Geelong,Rest of Vic.
2105004,Ocean Grove - Barwon Heads,Surf Coast - Bellarine Peninsula,Geelong,Rest of Vic.
2105005,Ocean Grove - Barwon Heads,Surf Coast - Bellarine Peninsula,Geelong,Rest of Vic.
2105006,Ocean Grove - Barwon Heads,Surf Coast - Bellarine Peninsula,Geelong,Rest of Vic.
2105007,Ocean Grove - Barwon Heads,Surf Coast - Bellarine Peninsula,Geelong,Rest of Vic.
2105008,Ocean Grove - Barwon Heads,Surf Coast - Bellarine Peninsula,Geelong,Rest of Vic.
2105009,Ocean Grove - Barwon Heads,Surf Coast - Bellarine Peninsula,Geelong,Rest of Vic.
2105010,Ocean Grove - Barwon Heads,Surf Coast - Bellarine Peninsula,Geelong,Rest of Vic.
2105011,Ocean Grove - Barwon Heads,Surf Coast - Bellarine Peninsula,Geelong,Rest of Vic.
2105012,Ocean Grove - Barwon Heads,Surf Coast - Bellarine Peninsula,Geelong,Rest of Vic.
2105013,Ocean Grove - Barwon Heads,Surf Coast - Bellarine Peninsula,Geelong,Rest of Vic.
2105014,Ocean Grove - Barwon Heads,Surf Coast - Bellarine Peninsula,Geelong,Rest of Vic.
2105015,Ocean Grove - Barwon Heads,Surf Coast - Bellarine Peninsula,Geelong,Rest of Vic.
2105016,Ocean Grove - Barwon Heads,Surf Coast - Bellarine Peninsula,Geelong,Rest of Vic.
2105017,Ocean Grove - Barwon Heads,Surf Coast - Bellarine Peninsula,Geelong,Rest of Vic.
2105018,Ocean Grove - Barwon Heads,Surf Coast - Bellarine Peninsula,Geelong,Rest of Vic.
2105019,Ocean Grove - Barwon Heads,Surf Coast - Bellarine Peninsula,Geelong,Rest of Vic.
2105020,Ocean Grove - Barwon Heads,Surf Coast - Bellarine Peninsula,Geelong,Rest of Vic.
2105021,Ocean Grove - Barwon Heads,Surf Coast - Bellarine Peninsula,Geelong,Rest of Vic.
2105022,Ocean Grove - Barwon Heads,Surf Coast - Bellarine Peninsula,Geelong,Rest of Vic.
2105023,Ocean Grove - Barwon Heads,Surf Coast - Bellarine Peninsula,Geelong,Rest of Vic.
2105024,Ocean Grove - Barwon Heads,Surf Coast - Bellarine Peninsula,Geelong,Rest of Vic.
2105025,Ocean Grove - Barwon Heads,Surf Coast - Bellarine Peninsula,Geelong,Rest of Vic.
2105026,Ocean Grove - Barwon Heads,Surf Coast - Bellarine Peninsula,Geelong,Rest of Vic.
2105027,Ocean Grove - Barwon Heads,Surf Coast - Bellarine Peninsula,Geelong,Rest of Vic.
2105028,Ocean Grove - Barwon Heads,Surf Coast - Bellarine Peninsula,Geelong,Rest of Vic.
2105029,Ocean Grove - Barwon Heads,Surf Coast - Bellarine Peninsula,Geelong,Rest of Vic.
2105030,Ocean Grove - Barwon Heads,Surf Coast - Bellarine Peninsula,Geelong,Rest of Vic.
2105031,Ocean Grove - Barwon Heads,Surf Coast - Bellarine Peninsula,Geelong,Rest of Vic.
2105032,Ocean Grove - Barwon Heads,Surf Coast - Bellarine Peninsula,Geelong,Rest of Vic.
2105033,Ocean Grove - Barwon Heads,Surf Coast - Bellarine Peninsula,Geelong,Rest of Vic.
2105034,Ocean Grove - Barwon Heads,Surf Coast - Bellarine Peninsula,Geelong,Rest of Vic.
2105035,Ocean Grove - Barwon Heads,Surf Coast - Bellarine Peninsula,Geelong,Rest of Vic.
2105036,Ocean Grove - Barwon Heads,Surf Coast - Bellarine Peninsula,Geelong,Rest of Vic.
2105037,Ocean Grove - Barwon Heads,Surf Coast - Bellarine Peninsula,Geelong,Rest of Vic.
2105038,Ocean Grove - Barwon Heads,Surf Coast - Bellarine Peninsula,Geelong,Rest of Vic.
2105039,Ocean Grove - Barwon Heads,Surf Coast - Bellarine Peninsula,Geelong,Rest of Vic.
2105040,Ocean Grove - Barwon Heads,Surf Coast - Bellarine Peninsula,Geelong,Rest of Vic.
2105041,Ocean Grove - Barwon Heads,Surf Coast - Bellarine Peninsula,Geelong,Rest of Vic.
2105042,Ocean Grove - Barwon Heads,Surf Coast - Bellarine Peninsula,Geelong,Rest of Vic.
2105043,Ocean Grove - Barwon Heads,Surf Coast - Bellarine Peninsula,Geelong,Rest of Vic.
2105044,Ocean Grove - Barwon Heads,Surf Coast - Bellarine Peninsula,Geelong,Rest of Vic.
2105101,Portarlington,Surf Coast - Bellarine Peninsula,Geelong,Rest of Vic.
2105102,Portarlington,Surf Coast - Bellarine Peninsula,Geelong,Rest of Vic.
2105103,Portarlington,Surf Coast - Bellarine Peninsula,Geelong,Rest of Vic.
2105104,Portarlington,Surf Coast - Bellarine Peninsula,Geelong,Rest of Vic.
2105105,Portarlington,Surf Coast - Bellarine Peninsula,Geelong,Rest of Vic.
2105106,Portarlington,Surf Coast - Bellarine Peninsula,Geelong,Rest of Vic.
2105107,Portarlington,Surf Coast - Bellarine Peninsula,Geelong,Rest of Vic.
2105108,Portarlington,Surf Coast - Bellarine Peninsula,Geelong,Rest of Vic.
2105109,Portarlington,Surf Coast - Bellarine Peninsula,Geelong,Rest of Vic.
2105110,Portarlington,Surf Coast - Bellarine Peninsula,Geelong,Rest of Vic.
2105111,Portarlington,Surf Coast - Bellarine Peninsula,Geelong,Rest of Vic.
2105112,Portarlington,Surf Coast - Bellarine Peninsula,Geelong,Rest of Vic.
2105113,Portarlington,Surf Coast - Bellarine Peninsula,Geelong,Rest of Vic.
2105114,Portarlington,Surf Coast - Bellarine Peninsula,Geelong,Rest of Vic.
2105115,Portarlington,Surf Coast - Bellarine Peninsula,Geelong,Rest of Vic.
2105116,Portarlington,Surf Coast - Bellarine Peninsula,Geelong,Rest of Vic.
2105117,Portarlington,Surf Coast - Bellarine Peninsula,Geelong,Rest of Vic.
2105201,Queenscliff,Surf Coast - Bellarine Peninsula,Geelong,Rest of Vic.
2105202,Queenscliff,Surf Coast - Bellarine Peninsula,Geelong,Rest of Vic.
2105203,Queenscliff,Surf Coast - Bellarine Peninsula,Geelong,Rest of Vic.
2105204,Queenscliff,Surf Coast - Bellarine Peninsula,Geelong,Rest of Vic.
2105205,Queenscliff,Surf Coast - Bellarine Peninsula,Geelong,Rest of Vic.
2105206,Queenscliff,Surf Coast - Bellarine Peninsula,Geelong,Rest of Vic.
2105207,Queenscliff,Surf Coast - Bellarine Peninsula,Geelong,Rest of Vic.
2105208,Queenscliff,Surf Coast - Bellarine Peninsula,Geelong,Rest of Vic.
2105209,Queenscliff,Surf Coast - Bellarine Peninsula,Geelong,Rest of Vic.
2105210,Queenscliff,Surf Coast - Bellarine Peninsula,Geelong,Rest of Vic.
2105211,Queenscliff,Surf Coast - Bellarine Peninsula,Geelong,Rest of Vic.
2105301,Torquay,Surf Coast - Bellarine Peninsula,Geelong,Rest of Vic.
2105302,Torquay,Surf Coast - Bellarine Peninsula,Geelong,Rest of Vic.
2105303,Torquay,Surf Coast - Bellarine Peninsula,Geelong,Rest of Vic.
2105304,Torquay,Surf Coast - Bellarine Peninsula,Geelong,Rest of Vic.
2105305,Torquay,Surf Coast - Bellarine Peninsula,Geelong,Rest of Vic.
2105306,Torquay,Surf Coast - Bellarine Peninsula,Geelong,Rest of Vic.
2105307,Torquay,Surf Coast - Bellarine Peninsula,Geelong,Rest of Vic.
2105308,Torquay,Surf Coast - Bellarine Peninsula,Geelong,Rest of Vic.
2105309,Torquay,Surf Coast - Bellarine Peninsula,Geelong,Rest of Vic.
2105310,Torquay,Surf Coast - Bellarine Peninsula,Geelong,Rest of Vic.
2105311,Torquay,Surf Coast - Bellarine Peninsula,Geelong,Rest of Vic.
2105312,Torquay,Surf Coast - Bellarine Peninsula,Geelong,Rest of Vic.
2105313,Torquay,Surf Coast - Bellarine Peninsula,Geelong,Rest of Vic.
2105314,Torquay,Surf Coast - Bellarine Peninsula,Geelong,Rest of Vic.
2105315,Torquay,Surf Coast - Bellarine Peninsula,Geelong,Rest of Vic.
2105316,Torquay,Surf Coast - Bellarine Peninsula,Geelong,Rest of Vic.
2105317,Torquay,Surf Coast - Bellarine Peninsula,Geelong,Rest of Vic.
2105318,Torquay,Surf Coast - Bellarine Peninsula,Geelong,Rest of Vic.
2105319,Torquay,Surf Coast - Bellarine Peninsula,Geelong,Rest of Vic.
2105320,Torquay,Surf Coast - Bellarine Peninsula,Geelong,Rest of Vic.
2105321,Torquay,Surf Coast - Bellarine Peninsula,Geelong,Rest of Vic.
2105322,Torquay,Surf Coast - Bellarine Peninsula,Geelong,Rest of Vic.
2105323,Torquay,Surf Coast - Bellarine Peninsula,Geelong,Rest of Vic.
2105324,Torquay,Surf Coast - Bellarine Peninsula,Geelong,Rest of Vic.
2105325,Torquay,Surf Coast - Bellarine Peninsula,Geelong,Rest of Vic.
2105326,Torquay,Surf Coast - Bellarine Peninsula,Geelong,Rest of Vic.
2105327,Torquay,Surf Coast - Bellarine Peninsula,Geelong,Rest of Vic.
2105328,Torquay,Surf Coast - Bellarine Peninsula,Geelong,Rest of Vic.
2105329,Torquay,Surf Coast - Bellarine Peninsula,Geelong,Rest of Vic.
2105330,Torquay,Surf Coast - Bellarine Peninsula,Geelong,Rest of Vic.
2105331,Torquay,Surf Coast - Bellarine Peninsula,Geelong,Rest of Vic.
2105332,Torquay,Surf Coast - Bellarine Peninsula,Geelong,Rest of Vic.
2105333,Torquay,Surf Coast - Bellarine Peninsula,Geelong,Rest of Vic.
2105334,Torquay,Surf Coast - Bellarine Peninsula,Geelong,Rest of Vic.
2105401,Alexandra,Upper Goulburn Valley,Hume,Rest of Vic.
2105402,Alexandra,Upper Goulburn Valley,Hume,Rest of Vic.
2105403,Alexandra,Upper Goulburn Valley,Hume,Rest of Vic.
2105404,Alexandra,Upper Goulburn Valley,Hume,Rest of Vic.
2105405,Alexandra,Upper Goulburn Valley,Hume,Rest of Vic.
2105406,Alexandra,Upper Goulburn Valley,Hume,Rest of Vic.
2105407,Alexandra,Upper Goulburn Valley,Hume,Rest of Vic.
2105408,Alexandra,Upper Goulburn Valley,Hume,Rest of Vic.
2105409,Alexandra,Upper Goulburn Valley,Hume,Rest of Vic.
2105410,Alexandra,Upper Goulburn Valley,Hume,Rest of Vic.
2105411,Alexandra,Upper Goulburn Valley,Hume,Rest of Vic.
2105412,Alexandra,Upper Goulburn Valley,Hume,Rest of Vic.
2105413,Alexandra,Upper Goulburn Valley,Hume,Rest of Vic.
2105414,Alexandra,Upper Goulburn Valley,Hume,Rest of Vic.
2105415,Alexandra,Upper Goulburn Valley,Hume,Rest of Vic.
2105416,Alexandra,Upper Goulburn Valley,Hume,Rest of Vic.
2105417,Alexandra,Upper Goulburn Valley,Hume,Rest of Vic.
2105418,Alexandra,Upper Goulburn Valley,Hume,Rest of Vic.
2105419,Alexandra,Upper Goulburn Valley,Hume,Rest of Vic.
2105501,Euroa,Upper Goulburn Valley,Hume,Rest of Vic.
2105502,Euroa,Upper Goulburn Valley,Hume,Rest of Vic.
2105503,Euroa,Upper Goulburn Valley,Hume,Rest of Vic.
2105504,Euroa,Upper Goulburn Valley,Hume,Rest of Vic.
2105505,Euroa,Upper Goulburn Valley,Hume,Rest of Vic.
2105506,Euroa,Upper Goulburn Valley,Hume,Rest of Vic.
2105507,Euroa,Upper Goulburn Valley,Hume,Rest of Vic.
2105508,Euroa,Upper Goulburn Valley,Hume,Rest of Vic.
2105509,Euroa,Upper Goulburn Valley,Hume,Rest of Vic.
2105510,Euroa,Upper Goulburn Valley,Hume,Rest of Vic.
2105511,Euroa,Upper Goulburn Valley,Hume,Rest of Vic.
2105512,Euroa,Upper Goulburn Valley,Hume,Rest of Vic.
2105513,Euroa,Upper Goulburn Valley,Hume,Rest of Vic.
2105514,Euroa,Upper Goulburn Valley,Hume,Rest of Vic.
2105515,Euroa,Upper Goulburn Valley,Hume,Rest of Vic.
2105516,Euroa,Upper Goulburn Valley,Hume,Rest of Vic.
2105517,Euroa,Upper Goulburn Valley,Hume,Rest of Vic.
2105518,Euroa,Upper Goulburn Valley,Hume,Rest of Vic.
2105519,Euroa,Upper Goulburn Valley,Hume,Rest of Vic.
2105601,Kilmore - Broadford,Upper Goulburn Valley,Hume,Rest of Vic.
2105602,Kilmore - Broadford,Upper Goulburn Valley,Hume,Rest of Vic.
2105603,Kilmore - Broadford,Upper Goulburn Valley,Hume,Rest of Vic.
2105604,Kilmore - Broadford,Upper Goulburn Valley,Hume,Rest of Vic.
2105605,Kilmore - Broadford,Upper Goulburn Valley,Hume,Rest of Vic.
2105606,Kilmore - Broadford,Upper Goulburn Valley,Hume,Rest of Vic.
2105607,Kilmore - Broadford,Upper Goulburn Valley,Hume,Rest of Vic.
2105608,Kilmore - Broadford,Upper Goulburn Valley,Hume,Rest of Vic.
2105609,Kilmore - Broadford,Upper Goulburn Valley,Hume,Rest of Vic.
2105610,Kilmore - Broadford,Upper Goulburn Valley,Hume,Rest of Vic.
2105611,Kilmore - Broadford,Upper Goulburn Valley,Hume,Rest of Vic.
2105612,Kilmore - Broadford,Upper Goulburn Valley,Hume,Rest of Vic.
2105613,Kilmore - Broadford,Upper Goulburn Valley,Hume,Rest of Vic.
2105614,Kilmore - Broadford,Upper Goulburn Valley,Hume,Rest of Vic.
2105615,Kilmore - Broadford,Upper Goulburn Valley,Hume,Rest of Vic.
2105616,Kilmore - Broadford,Upper Goulburn Valley,Hume,Rest of Vic.
2105617,Kilmore - Broadford,Upper Goulburn Valley,Hume,Rest of Vic.
2105618,Kilmore - Broadford,Upper Goulburn Valley,Hume,Rest of Vic.
2105619,Kilmore - Broadford,Upper Goulburn Valley,Hume,Rest of Vic.
2105620,Kilmore - Broadford,Upper Goulburn Valley,Hume,Rest of Vic.
2105621,Kilmore - Broadford,Upper Goulburn Valley,Hume,Rest of Vic.
2105622,Kilmore - Broadford,Upper Goulburn Valley,Hume,Rest of Vic.
2105623,Kilmore - Broadford,Upper Goulburn Valley,Hume,Rest of Vic.
2105624,Kilmore - Broadford,Upper Goulburn Valley,Hume,Rest of Vic.
2105625,Kilmore - Broadford,Upper Goulburn Valley,Hume,Rest of Vic.
2105626,Kilmore - Broadford,Upper Goulburn Valley,Hume,Rest of Vic.
2105627,Kilmore - Broadford,Upper Goulburn Valley,Hume,Rest of Vic.
2105628,Kilmore - Broadford,Upper Goulburn Valley,Hume,Rest of Vic.
2105629,Kilmore - Broadford,Upper Goulburn Valley,Hume,Rest of Vic.
2105630,Kilmore - Broadford,Upper Goulburn Valley,Hume,Rest of Vic.
2105631,Kilmore - Broadford,Upper Goulburn Valley,Hume,Rest of Vic.
2105701,Mansfield (Vic.),Upper Goulburn Valley,Hume,Rest of Vic.
2105702,Mansfield (Vic.),Upper Goulburn Valley,Hume,Rest of Vic.
2105703,Mansfield (Vic.),Upper Goulburn Valley,Hume,Rest of Vic.
2105704,Mansfield (Vic.),Upper Goulburn Valley,Hume,Rest of Vic.
2105705,Mansfield (Vic.),Upper Goulburn Valley,Hume,Rest of Vic.
2105706,Mansfield (Vic.),Upper Goulburn Valley,Hume,Rest of Vic.
2105707,Mansfield (Vic.),Upper Goulburn Valley,Hume,Rest of Vic.
2105708,Mansfield (Vic.),Upper Goulburn Valley,Hume,Rest of Vic.
2105709,Mansfield (Vic.),Upper Goulburn Valley,Hume,Rest of Vic.
2105710,Mansfield (Vic.),Upper Goulburn Valley,Hume,Rest of Vic.
2105711,Mansfield (Vic.),Upper Goulburn Valley,Hume,Rest of Vic.
2105712,Mansfield (Vic.),Upper Goulburn Valley,Hume,Rest of Vic.
2105713,Mansfield (Vic.),Upper Goulburn Valley,Hume,Rest of Vic.
2105714,Mansfield (Vic.),Upper Goulburn Valley,Hume,Rest of Vic.
2105715,Mansfield (Vic.),Upper Goulburn Valley,Hume,Rest of Vic.
2105716,Mansfield (Vic.),Upper Goulburn Valley,Hume,Rest of Vic.
2105717,Mansfield (Vic.),Upper Goulburn Valley,Hume,Rest of Vic.
2105718,Mansfield (Vic.),Upper Goulburn Valley,Hume,Rest of Vic.
2105719,Mansfield (Vic.),Upper Goulburn Valley,Hume,Rest of Vic.
2105720,Mansfield (Vic.),Upper Goulburn Valley,Hume,Rest of Vic.
2105721,Mansfield (Vic.),Upper Goulburn Valley,Hume,Rest of Vic.
2105722,Mansfield (Vic.),Upper Goulburn Valley,Hume,Rest of Vic.
2105801,Nagambie,Upper Goulburn Valley,Hume,Rest of Vic.
2105802,Nagambie,Upper Goulburn Valley,Hume,Rest of Vic.
2105803,Nagambie,Upper Goulburn Valley,Hume,Rest of Vic.
2105804,Nagambie,Upper Goulburn Valley,Hume,Rest of Vic.
2105805,Nagambie,Upper Goulburn Valley,Hume,Rest of Vic.
2105806,Nagambie,Upper Goulburn Valley,Hume,Rest of Vic.
2105807,Nagambie,Upper Goulburn Valley,Hume,Rest of Vic.
2105808,Nagambie,Upper Goulburn Valley,Hume,Rest of Vic.
2105809,Nagambie,Upper Goulburn Valley,Hume,Rest of Vic.
2105810,Nagambie,Upper Goulburn Valley,Hume,Rest of Vic.
2105811,Nagambie,Upper Goulburn Valley,Hume,Rest of Vic.
2105812,Nagambie,Upper Goulburn Valley,Hume,Rest of Vic.
2105813,Nagambie,Upper Goulburn Valley,Hume,Rest of Vic.
2105814,Nagambie,Upper Goulburn Valley,Hume,Rest of Vic.
2105901,Seymour,Upper Goulburn Valley,Hume,Rest of Vic.
2105902,Seymour,Upper Goulburn Valley,Hume,Rest of Vic.
2105903,Seymour,Upper Goulburn Valley,Hume,Rest of Vic.
2105904,Seymour,Upper Goulburn Valley,Hume,Rest of Vic.
2105905,Seymour,Upper Goulburn Valley,Hume,Rest of Vic.
2105906,Seymour,Upper Goulburn Valley,Hume,Rest of Vic.
2105907,Seymour,Upper Goulburn Valley,Hume,Rest of Vic.
2105908,Seymour,Upper Goulburn Valley,Hume,Rest of Vic.
2105909,Seymour,Upper Goulburn Valley,Hume,Rest of Vic.
2105910,Seymour,Upper Goulburn Valley,Hume,Rest of Vic.
2105911,Seymour,Upper Goulburn Valley,Hume,Rest of Vic.
2105912,Seymour,Upper Goulburn Valley,Hume,Rest of Vic.
2105913,Seymour,Upper Goulburn Valley,Hume,Rest of Vic.
2105914,Seymour,Upper Goulburn Valley,Hume,Rest of Vic.
2105915,Seymour,Upper Goulburn Valley,Hume,Rest of Vic.
2105916,Seymour,Upper Goulburn Valley,Hume,Rest of Vic.
2105917,Seymour,Upper Goulburn Valley,Hume,Rest of Vic.
2106001,Seymour Region,Upper Goulburn Valley,Hume,Rest of Vic.
2106002,Seymour Region,Upper Goulburn Valley,Hume,Rest of Vic.
2106003,Seymour Region,Upper Goulburn Valley,Hume,Rest of Vic.
2106004,Seymour Region,Upper Goulburn Valley,Hume,Rest of Vic.
2106005,Seymour Region,Upper Goulburn Valley,Hume,Rest of Vic.
2106006,Seymour Region,Upper Goulburn Valley,Hume,Rest of Vic.
2106007,Seymour Region,Upper Goulburn Valley,Hume,Rest of Vic.
2106008,Seymour Region,Upper Goulburn Valley,Hume,Rest of Vic.
2106009,Seymour Region,Upper Goulburn Valley,Hume,Rest of Vic.
2106010,Seymour Region,Upper Goulburn Valley,Hume,Rest of Vic.
2106011,Seymour Region,Upper Goulburn Valley,Hume,Rest of Vic.
2106101,Upper Yarra Valley,Upper Goulburn Valley,Hume,Rest of Vic.
2106201,Yea,Upper Goulburn Valley,Hume,Rest of Vic.
2106202,Yea,Upper Goulburn Valley,Hume,Rest of Vic.
2106203,Yea,Upper Goulburn Valley,Hume,Rest of Vic.
2106204,Yea,Upper Goulburn Valley,Hume,Rest of Vic.
2106205,Yea,Upper Goulburn Valley,Hume,Rest of Vic.
2106206,Yea,Upper Goulburn Valley,Hume,Rest of Vic.
2106207,Yea,Upper Goulburn Valley,Hume,Rest of Vic.
2106208,Yea,Upper Goulburn Valley,Hume,Rest of Vic.
2106209,Yea,Upper Goulburn Valley,Hume,Rest of Vic.
2106210,Yea,Upper Goulburn Valley,Hume,Rest of Vic.
2106301,Benalla,Wangaratta - Benalla,Hume,Rest of Vic.
2106302,Benalla,Wangaratta - Benalla,Hume,Rest of Vic.
2106303,Benalla,Wangaratta - Benalla,Hume,Rest of Vic.
2106304,Benalla,Wangaratta - Benalla,Hume,Rest of Vic.
2106305,Benalla,Wangaratta - Benalla,Hume,Rest of Vic.
2106306,Benalla,Wangaratta - Benalla,Hume,Rest of Vic.
2106307,Benalla,Wangaratta - Benalla,Hume,Rest of Vic.
2106308,Benalla,Wangaratta - Benalla,Hume,Rest of Vic.
2106309,Benalla,Wangaratta - Benalla,Hume,Rest of Vic.
2106310,Benalla,Wangaratta - Benalla,Hume,Rest of Vic.
2106311,Benalla,Wangaratta - Benalla,Hume,Rest of Vic.
2106312,Benalla,Wangaratta - Benalla,Hume,Rest of Vic.
2106313,Benalla,Wangaratta - Benalla,Hume,Rest of Vic.
2106314,Benalla,Wangaratta - Benalla,Hume,Rest of Vic.
2106315,Benalla,Wangaratta - Benalla,Hume,Rest of Vic.
2106316,Benalla,Wangaratta - Benalla,Hume,Rest of Vic.
2106317,Benalla,Wangaratta - Benalla,Hume,Rest of Vic.
2106318,Benalla,Wangaratta - Benalla,Hume,Rest of Vic.
2106319,Benalla,Wangaratta - Benalla,Hume,Rest of Vic.
2106320,Benalla,Wangaratta - Benalla,Hume,Rest of Vic.
2106321,Benalla,Wangaratta - Benalla,Hume,Rest of Vic.
2106322,Benalla,Wangaratta - Benalla,Hume,Rest of Vic.
2106323,Benalla,Wangaratta - Benalla,Hume,Rest of Vic.
2106324,Benalla,Wangaratta - Benalla,Hume,Rest of Vic.
2106325,Benalla,Wangaratta - Benalla,Hume,Rest of Vic.
2106326,Benalla,Wangaratta - Benalla,Hume,Rest of Vic.
2106327,Benalla,Wangaratta - Benalla,Hume,Rest of Vic.
2106328,Benalla,Wangaratta - Benalla,Hume,Rest of Vic.
2106329,Benalla,Wangaratta - Benalla,Hume,Rest of Vic.
2106401,Benalla Region,Wangaratta - Benalla,Hume,Rest of Vic.
2106402,Benalla Region,Wangaratta - Benalla,Hume,Rest of Vic.
2106403,Benalla Region,Wangaratta - Benalla,Hume,Rest of Vic.
2106404,Benalla Region,Wangaratta - Benalla,Hume,Rest of Vic.
2106405,Benalla Region,Wangaratta - Benalla,Hume,Rest of Vic.
2106406,Benalla Region,Wangaratta - Benalla,Hume,Rest of Vic.
2106407,Benalla Region,Wangaratta - Benalla,Hume,Rest of Vic.
2106408,Benalla Region,Wangaratta - Benalla,Hume,Rest of Vic.
2106409,Benalla Region,Wangaratta - Benalla,Hume,Rest of Vic.
2106501,Rutherglen,Wangaratta - Benalla,Hume,Rest of Vic.
2106502,Rutherglen,Wangaratta - Benalla,Hume,Rest of Vic.
2106503,Rutherglen,Wangaratta - Benalla,Hume,Rest of Vic.
2106504,Rutherglen,Wangaratta - Benalla,Hume,Rest of Vic.
2106505,Rutherglen,Wangaratta - Benalla,Hume,Rest of Vic.
2106506,Rutherglen,Wangaratta - Benalla,Hume,Rest of Vic.
2106507,Rutherglen,Wangaratta - Benalla,Hume,Rest of Vic.
2106508,Rutherglen,Wangaratta - Benalla,Hume,Rest of Vic.
2106509,Rutherglen,Wangaratta - Benalla,Hume,Rest of Vic.
2106510,Rutherglen,Wangaratta - Benalla,Hume,Rest of Vic.
2106511,Rutherglen,Wangaratta - Benalla,Hume,Rest of Vic.
2106601,Wangaratta,Wangaratta - Benalla,Hume,Rest of Vic.
2106602,Wangaratta,Wangaratta - Benalla,Hume,Rest of Vic.
2106603,Wangaratta,Wangaratta - Benalla,Hume,Rest of Vic.
2106604,Wangaratta,Wangaratta - Benalla,Hume,Rest of Vic.
2106605,Wangaratta,Wangaratta - Benalla,Hume,Rest of Vic.
2106606,Wangaratta,Wangaratta - Benalla,Hume,Rest of Vic.
2106607,Wangaratta,Wangaratta - Benalla,Hume,Rest of Vic.
2106608,Wangaratta,Wangaratta - Benalla,Hume,Rest of Vic.
2106609,Wangaratta,Wangaratta - Benalla,Hume,Rest of Vic.
2106610,Wangaratta,Wangaratta - Benalla,Hume,Rest of Vic.
2106611,Wangaratta,Wangaratta - Benalla,Hume,Rest of Vic.
2106612,Wangaratta,Wangaratta - Benalla,Hume,Rest of Vic.
2106613,Wangaratta,Wangaratta - Benalla,Hume,Rest of Vic.
2106614,Wangaratta,Wangaratta - Benalla,Hume,Rest of Vic.
2106615,Wangaratta,Wangaratta - Benalla,Hume,Rest of Vic.
2106616,Wangaratta,Wangaratta - Benalla,Hume,Rest of Vic.
2106617,Wangaratta,Wangaratta - Benalla,Hume,Rest of Vic.
2106618,Wangaratta,Wangaratta - Benalla,Hume,Rest of Vic.
2106619,Wangaratta,Wangaratta - Benalla,Hume,Rest of Vic.
2106620,Wangaratta,Wangaratta - Benalla,Hume,Rest of Vic.
2106621,Wangaratta,Wangaratta - Benalla,Hume,Rest of Vic.
2106622,Wangaratta,Wangaratta - Benalla,Hume,Rest of Vic.
2106623,Wangaratta,Wangaratta - Benalla,Hume,Rest of Vic.
2106624,Wangaratta,Wangaratta - Benalla,Hume,Rest of Vic.
2106625,Wangaratta,Wangaratta - Benalla,Hume,Rest of Vic.
2106626,Wangaratta,Wangaratta - Benalla,Hume,Rest of Vic.
2106627,Wangaratta,Wangaratta - Benalla,Hume,Rest of Vic.
2106628,Wangaratta,Wangaratta - Benalla,Hume,Rest of Vic.
2106629,Wangaratta,Wangaratta - Benalla,Hume,Rest of Vic.
2106630,Wangaratta,Wangaratta - Benalla,Hume,Rest of Vic.
2106631,Wangaratta,Wangaratta - Benalla,Hume,Rest of Vic.
2106632,Wangaratta,Wangaratta - Benalla,Hume,Rest of Vic.
2106633,Wangaratta,Wangaratta - Benalla,Hume,Rest of Vic.
2106634,Wangaratta,Wangaratta - Benalla,Hume,Rest of Vic.
2106635,Wangaratta,Wangaratta - Benalla,Hume,Rest of Vic.
2106636,Wangaratta,Wangaratta - Benalla,Hume,Rest of Vic.
2106637,Wangaratta,Wangaratta - Benalla,Hume,Rest of Vic.
2106638,Wangaratta,Wangaratta - Benalla,Hume,Rest of Vic.
2106639,Wangaratta,Wangaratta - Benalla,Hume,Rest of Vic.
2106640,Wangaratta,Wangaratta - Benalla,Hume,Rest of Vic.
2106641,Wangaratta,Wangaratta - Benalla,Hume,Rest of Vic.
2106642,Wangaratta,Wangaratta - Benalla,Hume,Rest of Vic.
2106643,Wangaratta,Wangaratta - Benalla,Hume,Rest of Vic.
2106644,Wangaratta,Wangaratta - Benalla,Hume,Rest of Vic.
2106645,Wangaratta,Wangaratta - Benalla,Hume,Rest of Vic.
2106646,Wangaratta,Wangaratta - Benalla,Hume,Rest of Vic.
2106647,Wangaratta,Wangaratta - Benalla,Hume,Rest of Vic.
2106701,Wangaratta Region,Wangaratta - Benalla,Hume,Rest of Vic.
2106702,Wangaratta Region,Wangaratta - Benalla,Hume,Rest of Vic.
2106703,Wangaratta Region,Wangaratta - Benalla,Hume,Rest of Vic.
2106704,Wangaratta Region,Wangaratta - Benalla,Hume,Rest of Vic.
2106705,Wangaratta Region,Wangaratta - Benalla,Hume,Rest of Vic.
2106706,Wangaratta Region,Wangaratta - Benalla,Hume,Rest of Vic.
2106707,Wangaratta Region,Wangaratta - Benalla,Hume,Rest of Vic.
2106708,Wangaratta Region,Wangaratta - Benalla,Hume,Rest of Vic.
2106709,Wangaratta Region,Wangaratta - Benalla,Hume,Rest of Vic.
2106710,Wangaratta Region,Wangaratta - Benalla,Hume,Rest of Vic.
2106711,Wangaratta Region,Wangaratta - Benalla,Hume,Rest of Vic.
2106712,Wangaratta Region,Wangaratta - Benalla,Hume,Rest of Vic.
2106713,Wangaratta Region,Wangaratta - Benalla,Hume,Rest of Vic.
2106714,Wangaratta Region,Wangaratta - Benalla,Hume,Rest of Vic.
2106715,Wangaratta Region,Wangaratta - Benalla,Hume,Rest of Vic.
2106716,Wangaratta Region,Wangaratta - Benalla,Hume,Rest of Vic.
2106717,Wangaratta Region,Wangaratta - Benalla,Hume,Rest of Vic.
2106718,Wangaratta Region,Wangaratta - Benalla,Hume,Rest of Vic.
2106719,Wangaratta Region,Wangaratta - Benalla,Hume,Rest of Vic.
2106720,Wangaratta Region,Wangaratta - Benalla,Hume,Rest of Vic.
2106721,Wangaratta Region,Wangaratta - Benalla,Hume,Rest of Vic.
2106722,Wangaratta Region,Wangaratta - Benalla,Hume,Rest of Vic.
2106723,Wangaratta Region,Wangaratta - Benalla,Hume,Rest of Vic.
2106724,Wangaratta Region,Wangaratta - Benalla,Hume,Rest of Vic.
2106725,Wangaratta Region,Wangaratta - Benalla,Hume,Rest of Vic.
2106726,Wangaratta Region,Wangaratta - Benalla,Hume,Rest of Vic.
2106727,Wangaratta Region,Wangaratta - Benalla,Hume,Rest of Vic.
2106728,Wangaratta Region,Wangaratta - Benalla,Hume,Rest of Vic.
2106729,Wangaratta Region,Wangaratta - Benalla,Hume,Rest of Vic.
2106730,Wangaratta Region,Wangaratta - Benalla,Hume,Rest of Vic.
2106731,Wangaratta Region,Wangaratta - Benalla,Hume,Rest of Vic.
2106801,Beechworth,Wodonga - Alpine,Hume,Rest of Vic.
2106802,Beechworth,Wodonga - Alpine,Hume,Rest of Vic.
2106803,Beechworth,Wodonga - Alpine,Hume,Rest of Vic.
2106804,Beechworth,Wodonga - Alpine,Hume,Rest of Vic.
2106805,Beechworth,Wodonga - Alpine,Hume,Rest of Vic.
2106806,Beechworth,Wodonga - Alpine,Hume,Rest of Vic.
2106807,Beechworth,Wodonga - Alpine,Hume,Rest of Vic.
2106808,Beechworth,Wodonga - Alpine,Hume,Rest of Vic.
2106809,Beechworth,Wodonga - Alpine,Hume,Rest of Vic.
2106810,Beechworth,Wodonga - Alpine,Hume,Rest of Vic.
2106811,Beechworth,Wodonga - Alpine,Hume,Rest of Vic.
2106812,Beechworth,Wodonga - Alpine,Hume,Rest of Vic.
2106901,Bright - Mount Beauty,Wodonga - Alpine,Hume,Rest of Vic.
2106902,Bright - Mount Beauty,Wodonga - Alpine,Hume,Rest of Vic.
2106903,Bright - Mount Beauty,Wodonga - Alpine,Hume,Rest of Vic.
2106904,Bright - Mount Beauty,Wodonga - Alpine,Hume,Rest of Vic.
2106905,Bright - Mount Beauty,Wodonga - Alpine,Hume,Rest of Vic.
2106906,Bright - Mount Beauty,Wodonga - Alpine,Hume,Rest of Vic.
2106907,Bright - Mount Beauty,Wodonga - Alpine,Hume,Rest of Vic.
2106908,Bright - Mount Beauty,Wodonga - Alpine,Hume,Rest of Vic.
2106909,Bright - Mount Beauty,Wodonga - Alpine,Hume,Rest of Vic.
2106910,Bright - Mount Beauty,Wodonga - Alpine,Hume,Rest of Vic.
2106911,Bright - Mount Beauty,Wodonga - Alpine,Hume,Rest of Vic.
2106912,Bright - Mount Beauty,Wodonga - Alpine,Hume,Rest of Vic.
2106913,Bright - Mount Beauty,Wodonga - Alpine,Hume,Rest of Vic.
2106914,Bright - Mount Beauty,Wodonga - Alpine,Hume,Rest of Vic.
2106915,Bright - Mount Beauty,Wodonga - Alpine,Hume,Rest of Vic.
2106916,Bright - Mount Beauty,Wodonga - Alpine,Hume,Rest of Vic.
2106917,Bright - Mount Beauty,Wodonga - Alpine,Hume,Rest of Vic.
2106918,Bright - Mount Beauty,Wodonga - Alpine,Hume,Rest of Vic.
2106919,Bright - Mount Beauty,Wodonga - Alpine,Hume,Rest of Vic.
2106920,Bright - Mount Beauty,Wodonga - Alpine,Hume,Rest of Vic.
2106921,Bright - Mount Beauty,Wodonga - Alpine,Hume,Rest of Vic.
2106922,Bright - Mount Beauty,Wodonga - Alpine,Hume,Rest of Vic.
2106923,Bright - Mount Beauty,Wodonga - Alpine,Hume,Rest of Vic.
2106924,Bright - Mount Beauty,Wodonga - Alpine,Hume,Rest of Vic.
2106925,Bright - Mount Beauty,Wodonga - Alpine,Hume,Rest of Vic.
2106926,Bright - Mount Beauty,Wodonga - Alpine,Hume,Rest of Vic.
2106927,Bright - Mount Beauty,Wodonga - Alpine,Hume,Rest of Vic.
2106928,Bright - Mount Beauty,Wodonga - Alpine,Hume,Rest of Vic.
2106929,Bright - Mount Beauty,Wodonga - Alpine,Hume,Rest of Vic.
2106930,Bright - Mount Beauty,Wodonga - Alpine,Hume,Rest of Vic.
2106931,Bright - Mount Beauty,Wodonga - Alpine,Hume,Rest of Vic.
2107001,Chiltern - Indigo Valley,Wodonga - Alpine,Hume,Rest of Vic.
2107002,Chiltern - Indigo Valley,Wodonga - Alpine,Hume,Rest of Vic.
2107003,Chiltern - Indigo Valley,Wodonga - Alpine,Hume,Rest of Vic.
2107004,Chiltern - Indigo Valley,Wodonga - Alpine,Hume,Rest of Vic.
2107005,Chiltern - Indigo Valley,Wodonga - Alpine,Hume,Rest of Vic.
2107006,Chiltern - Indigo Valley,Wodonga - Alpine,Hume,Rest of Vic.
2107007,Chiltern - Indigo Valley,Wodonga - Alpine,Hume,Rest of Vic.
2107008,Chiltern - Indigo Valley,Wodonga - Alpine,Hume,Rest of Vic.
2107009,Chiltern - Indigo Valley,Wodonga - Alpine,Hume,Rest of Vic.
2107101,Myrtleford,Wodonga - Alpine,Hume,Rest of Vic.
2107102,Myrtleford,Wodonga - Alpine,Hume,Rest of Vic.
2107103,Myrtleford,Wodonga - Alpine,Hume,Rest of Vic.
2107104,Myrtleford,Wodonga - Alpine,Hume,Rest of Vic.
2107105,Myrtleford,Wodonga - Alpine,Hume,Rest of Vic.
2107106,Myrtleford,Wodonga - Alpine,Hume,Rest of Vic.
2107107,Myrtleford,Wodonga - Alpine,Hume,Rest of Vic.
2107108,Myrtleford,Wodonga - Alpine,Hume,Rest of Vic.
2107109,Myrtleford,Wodonga - Alpine,Hume,Rest of Vic.
2107110,Myrtleford,Wodonga - Alpine,Hume,Rest of Vic.
2107111,Myrtleford,Wodonga - Alpine,Hume,Rest of Vic.
2107112,Myrtleford,Wodonga - Alpine,Hume,Rest of Vic.
2107113,Myrtleford,Wodonga - Alpine,Hume,Rest of Vic.
2107114,Myrtleford,Wodonga - Alpine,Hume,Rest of Vic.
2107115,Myrtleford,Wodonga - Alpine,Hume,Rest of Vic.
2107201,Towong,Wodonga - Alpine,Hume,Rest of Vic.
2107202,Towong,Wodonga - Alpine,Hume,Rest of Vic.
2107203,Towong,Wodonga - Alpine,Hume,Rest of Vic.
2107204,Towong,Wodonga - Alpine,Hume,Rest of Vic.
2107205,Towong,Wodonga - Alpine,Hume,Rest of Vic.
2107206,Towong,Wodonga - Alpine,Hume,Rest of Vic.
2107207,Towong,Wodonga - Alpine,Hume,Rest of Vic.
2107208,Towong,Wodonga - Alpine,Hume,Rest of Vic.
2107209,Towong,Wodonga - Alpine,Hume,Rest of Vic.
2107210,Towong,Wodonga - Alpine,Hume,Rest of Vic.
2107211,Towong,Wodonga - Alpine,Hume,Rest of Vic.
2107212,Towong,Wodonga - Alpine,Hume,Rest of Vic.
2107213,Towong,Wodonga - Alpine,Hume,Rest of Vic.
2107214,Towong,Wodonga - Alpine,Hume,Rest of Vic.
2107215,Towong,Wodonga - Alpine,Hume,Rest of Vic.
2107216,Towong,Wodonga - Alpine,Hume,Rest of Vic.
2107217,Towong,Wodonga - Alpine,Hume,Rest of Vic.
2107218,Towong,Wodonga - Alpine,Hume,Rest of Vic.
2107219,Towong,Wodonga - Alpine,Hume,Rest of Vic.
2107220,Towong,Wodonga - Alpine,Hume,Rest of Vic.
2107301,West Wodonga,Wodonga - Alpine,Hume,Rest of Vic.
2107302,West Wodonga,Wodonga - Alpine,Hume,Rest of Vic.
2107303,West Wodonga,Wodonga - Alpine,Hume,Rest of Vic.
2107304,West Wodonga,Wodonga - Alpine,Hume,Rest of Vic.
2107305,West Wodonga,Wodonga - Alpine,Hume,Rest of Vic.
2107306,West Wodonga,Wodonga - Alpine,Hume,Rest of Vic.
2107307,West Wodonga,Wodonga - Alpine,Hume,Rest of Vic.
2107308,West Wodonga,Wodonga - Alpine,Hume,Rest of Vic.
2107309,West Wodonga,Wodonga - Alpine,Hume,Rest of Vic.
2107310,West Wodonga,Wodonga - Alpine,Hume,Rest of Vic.
2107311,West Wodonga,Wodonga - Alpine,Hume,Rest of Vic.
2107312,West Wodonga,Wodonga - Alpine,Hume,Rest of Vic.
2107313,West Wodonga,Wodonga - Alpine,Hume,Rest of Vic.
2107314,West Wodonga,Wodonga - Alpine,Hume,Rest of Vic.
2107315,West Wodonga,Wodonga - Alpine,Hume,Rest of Vic.
2107316,West Wodonga,Wodonga - Alpine,Hume,Rest of Vic.
2107317,West Wodonga,Wodonga - Alpine,Hume,Rest of Vic.
2107318,West Wodonga,Wodonga - Alpine,Hume,Rest of Vic.
2107319,West Wodonga,Wodonga - Alpine,Hume,Rest of Vic.
2107320,West Wodonga,Wodonga - Alpine,Hume,Rest of Vic.
2107321,West Wodonga,Wodonga - Alpine,Hume,Rest of Vic.
2107322,West Wodonga,Wodonga - Alpine,Hume,Rest of Vic.
2107323,West Wodonga,Wodonga - Alpine,Hume,Rest of Vic.
2107324,West Wodonga,Wodonga - Alpine,Hume,Rest of Vic.
2107325,West Wodonga,Wodonga - Alpine,Hume,Rest of Vic.
2107326,West Wodonga,Wodonga - Alpine,Hume,Rest of Vic.
2107327,West Wodonga,Wodonga - Alpine,Hume,Rest of Vic.
2107328,West Wodonga,Wodonga - Alpine,Hume,Rest of Vic.
2107329,West Wodonga,Wodonga - Alpine,Hume,Rest of Vic.
2107330,West Wodonga,Wodonga - Alpine,Hume,Rest of Vic.
2107331,West Wodonga,Wodonga - Alpine,Hume,Rest of Vic.
2107332,West Wodonga,Wodonga - Alpine,Hume,Rest of Vic.
2107333,West Wodonga,Wodonga - Alpine,Hume,Rest of Vic.
2107334,West Wodonga,Wodonga - Alpine,Hume,Rest of Vic.
2107335,West Wodonga,Wodonga - Alpine,Hume,Rest of Vic.
2107401,Wodonga,Wodonga - Alpine,Hume,Rest of Vic.
2107402,Wodonga,Wodonga - Alpine,Hume,Rest of Vic.
2107403,Wodonga,Wodonga - Alpine,Hume,Rest of Vic.
2107404,Wodonga,Wodonga - Alpine,Hume,Rest of Vic.
2107405,Wodonga,Wodonga - Alpine,Hume,Rest of Vic.
2107406,Wodonga,Wodonga - Alpine,Hume,Rest of Vic.
2107407,Wodonga,Wodonga - Alpine,Hume,Rest of Vic.
2107408,Wodonga,Wodonga - Alpine,Hume,Rest of Vic.
2107409,Wodonga,Wodonga - Alpine,Hume,Rest of Vic.
2107410,Wodonga,Wodonga - Alpine,Hume,Rest of Vic.
2107411,Wodonga,Wodonga - Alpine,Hume,Rest of Vic.
2107412,Wodonga,Wodonga - Alpine,Hume,Rest of Vic.
2107413,Wodonga,Wodonga - Alpine,Hume,Rest of Vic.
2107414,Wodonga,Wodonga - Alpine,Hume,Rest of Vic.
2107415,Wodonga,Wodonga - Alpine,Hume,Rest of Vic.
2107416,Wodonga,Wodonga - Alpine,Hume,Rest of Vic.
2107417,Wodonga,Wodonga - Alpine,Hume,Rest of Vic.
2107418,Wodonga,Wodonga - Alpine,Hume,Rest of Vic.
2107419,Wodonga,Wodonga - Alpine,Hume,Rest of Vic.
2107420,Wodonga,Wodonga - Alpine,Hume,Rest of Vic.
2107421,Wodonga,Wodonga - Alpine,Hume,Rest of Vic.
2107422,Wodonga,Wodonga - Alpine,Hume,Rest of Vic.
2107423,Wodonga,Wodonga - Alpine,Hume,Rest of Vic.
2107424,Wodonga,Wodonga - Alpine,Hume,Rest of Vic.
2107425,Wodonga,Wodonga - Alpine,Hume,Rest of Vic.
2107426,Wodonga,Wodonga - Alpine,Hume,Rest of Vic.
2107427,Wodonga,Wodonga - Alpine,Hume,Rest of Vic.
2107428,Wodonga,Wodonga - Alpine,Hume,Rest of Vic.
2107429,Wodonga,Wodonga - Alpine,Hume,Rest of Vic.
2107430,Wodonga,Wodonga - Alpine,Hume,Rest of Vic.
2107431,Wodonga,Wodonga - Alpine,Hume,Rest of Vic.
2107432,Wodonga,Wodonga - Alpine,Hume,Rest of Vic.
2107433,Wodonga,Wodonga - Alpine,Hume,Rest of Vic.
2107434,Wodonga,Wodonga - Alpine,Hume,Rest of Vic.
2107435,Wodonga,Wodonga - Alpine,Hume,Rest of Vic.
2107436,Wodonga,Wodonga - Alpine,Hume,Rest of Vic.
2107437,Wodonga,Wodonga - Alpine,Hume,Rest of Vic.
2107438,Wodonga,Wodonga - Alpine,Hume,Rest of Vic.
2107439,Wodonga,Wodonga - Alpine,Hume,Rest of Vic.
2107440,Wodonga,Wodonga - Alpine,Hume,Rest of Vic.
2107441,Wodonga,Wodonga - Alpine,Hume,Rest of Vic.
2107442,Wodonga,Wodonga - Alpine,Hume,Rest of Vic.
2107443,Wodonga,Wodonga - Alpine,Hume,Rest of Vic.
2107444,Wodonga,Wodonga - Alpine,Hume,Rest of Vic.
2107445,Wodonga,Wodonga - Alpine,Hume,Rest of Vic.
2107446,Wodonga,Wodonga - Alpine,Hume,Rest of Vic.
2107447,Wodonga,Wodonga - Alpine,Hume,Rest of Vic.
2107448,Wodonga,Wodonga - Alpine,Hume,Rest of Vic.
2107449,Wodonga,Wodonga - Alpine,Hume,Rest of Vic.
2107450,Wodonga,Wodonga - Alpine,Hume,Rest of Vic.
2107451,Wodonga,Wodonga - Alpine,Hume,Rest of Vic.
2107452,Wodonga,Wodonga - Alpine,Hume,Rest of Vic.
2107453,Wodonga,Wodonga - Alpine,Hume,Rest of Vic.
2107454,Wodonga,Wodonga - Alpine,Hume,Rest of Vic.
2107455,Wodonga,Wodonga - Alpine,Hume,Rest of Vic.
2107501,Yackandandah,Wodonga - Alpine,Hume,Rest of Vic.
2107502,Yackandandah,Wodonga - Alpine,Hume,Rest of Vic.
2107503,Yackandandah,Wodonga - Alpine,Hume,Rest of Vic.
2107504,Yackandandah,Wodonga - Alpine,Hume,Rest of Vic.
2107505,Yackandandah,Wodonga - Alpine,Hume,Rest of Vic.
2107506,Yackandandah,Wodonga - Alpine,Hume,Rest of Vic.
2107507,Yackandandah,Wodonga - Alpine,Hume,Rest of Vic.
2107508,Yackandandah,Wodonga - Alpine,Hume,Rest of Vic.
2107509,Yackandandah,Wodonga - Alpine,Hume,Rest of Vic.
2107510,Yackandandah,Wodonga - Alpine,Hume,Rest of Vic.
2107511,Yackandandah,Wodonga - Alpine,Hume,Rest of Vic.
2107512,Yackandandah,Wodonga - Alpine,Hume,Rest of Vic.
2107601,Drouin,Baw Baw,Latrobe - Gippsland,Rest of Vic.
2107602,Drouin,Baw Baw,Latrobe - Gippsland,Rest of Vic.
2107603,Drouin,Baw Baw,Latrobe - Gippsland,Rest of Vic.
2107604,Drouin,Baw Baw,Latrobe - Gippsland,Rest of Vic.
2107605,Drouin,Baw Baw,Latrobe - Gippsland,Rest of Vic.
2107606,Drouin,Baw Baw,Latrobe - Gippsland,Rest of Vic.
2107607,Drouin,Baw Baw,Latrobe - Gippsland,Rest of Vic.
2107608,Drouin,Baw Baw,Latrobe - Gippsland,Rest of Vic.
2107609,Drouin,Baw Baw,Latrobe - Gippsland,Rest of Vic.
2107610,Drouin,Baw Baw,Latrobe - Gippsland,Rest of Vic.
2107611,Drouin,Baw Baw,Latrobe - Gippsland,Rest of Vic.
2107612,Drouin,Baw Baw,Latrobe - Gippsland,Rest of Vic.
2107613,Drouin,Baw Baw,Latrobe - Gippsland,Rest of Vic.
2107614,Drouin,Baw Baw,Latrobe - Gippsland,Rest of Vic.
2107615,Drouin,Baw Baw,Latrobe - Gippsland,Rest of Vic.
2107616,Drouin,Baw Baw,Latrobe - Gippsland,Rest of Vic.
2107617,Drouin,Baw Baw,Latrobe - Gippsland,Rest of Vic.
2107618,Drouin,Baw Baw,Latrobe - Gippsland,Rest of Vic.
2107619,Drouin,Baw Baw,Latrobe - Gippsland,Rest of Vic.
2107620,Drouin,Baw Baw,Latrobe - Gippsland,Rest of Vic.
2107621,Drouin,Baw Baw,Latrobe - Gippsland,Rest of Vic.
2107622,Drouin,Baw Baw,Latrobe - Gippsland,Rest of Vic.
2107623,Drouin,Baw Baw,Latrobe - Gippsland,Rest of Vic.
2107624,Drouin,Baw Baw,Latrobe - Gippsland,Rest of Vic.
2107625,Drouin,Baw Baw,Latrobe - Gippsland,Rest of Vic.
2107626,Drouin,Baw Baw,Latrobe - Gippsland,Rest of Vic.
2107627,Drouin,Baw Baw,Latrobe - Gippsland,Rest of Vic.
2107628,Drouin,Baw Baw,Latrobe - Gippsland,Rest of Vic.
2107629,Drouin,Baw Baw,Latrobe - Gippsland,Rest of Vic.
2107630,Drouin,Baw Baw,Latrobe - Gippsland,Rest of Vic.
2107631,Drouin,Baw Baw,Latrobe - Gippsland,Rest of Vic.
2107632,Drouin,Baw Baw,Latrobe - Gippsland,Rest of Vic.
2107633,Drouin,Baw Baw,Latrobe - Gippsland,Rest of Vic.
2107701,Mount Baw Baw Region,Baw Baw,Latrobe - Gippsland,Rest of Vic.
2107702,Mount Baw Baw Region,Baw Baw,Latrobe - Gippsland,Rest of Vic.
2107703,Mount Baw Baw Region,Baw Baw,Latrobe - Gippsland,Rest of Vic.
2107704,Mount Baw Baw Region,Baw Baw,Latrobe - Gippsland,Rest of Vic.
2107705,Mount Baw Baw Region,Baw Baw,Latrobe - Gippsland,Rest of Vic.
2107706,Mount Baw Baw Region,Baw Baw,Latrobe - Gippsland,Rest of Vic.
2107707,Mount Baw Baw Region,Baw Baw,Latrobe - Gippsland,Rest of Vic.
2107708,Mount Baw Baw Region,Baw Baw,Latrobe - Gippsland,Rest of Vic.
2107709,Mount Baw Baw Region,Baw Baw,Latrobe - Gippsland,Rest of Vic.
2107710,Mount Baw Baw Region,Baw Baw,Latrobe - Gippsland,Rest of Vic.
2107711,Mount Baw Baw Region,Baw Baw,Latrobe - Gippsland,Rest of Vic.
2107712,Mount Baw Baw Region,Baw Baw,Latrobe - Gippsland,Rest of Vic.
2107713,Mount Baw Baw Region,Baw Baw,Latrobe - Gippsland,Rest of Vic.
2107714,Mount Baw Baw Region,Baw Baw,Latrobe - Gippsland,Rest of Vic.
2107715,Mount Baw Baw Region,Baw Baw,Latrobe - Gippsland,Rest of Vic.
2107716,Mount Baw Baw Region,Baw Baw,Latrobe - Gippsland,Rest of Vic.
2107717,Mount Baw Baw Region,Baw Baw,Latrobe - Gippsland,Rest of Vic.
2107718,Mount Baw Baw Region,Baw Baw,Latrobe - Gippsland,Rest of Vic.
2107719,Mount Baw Baw Region,Baw Baw,Latrobe - Gippsland,Rest of Vic.
2107720,Mount Baw Baw Region,Baw Baw,Latrobe - Gippsland,Rest of Vic.
2107721,Mount Baw Baw Region,Baw Baw,Latrobe - Gippsland,Rest of Vic.
2107722,Mount Baw Baw Region,Baw Baw,Latrobe - Gippsland,Rest of Vic.
2107801,Trafalgar (Vic.),Baw Baw,Latrobe - Gippsland,Rest of Vic.
2107802,Trafalgar (Vic.),Baw Baw,Latrobe - Gippsland,Rest of Vic.
2107803,Trafalgar (Vic.),Baw Baw,Latrobe - Gippsland,Rest of Vic.
2107804,Trafalgar (Vic.),Baw Baw,Latrobe - Gippsland,Rest of Vic.
2107805,Trafalgar (Vic.),Baw Baw,Latrobe - Gippsland,Rest of Vic.
2107806,Trafalgar (Vic.),Baw Baw,Latrobe - Gippsland,Rest of Vic.
2107807,Trafalgar (Vic.),Baw Baw,Latrobe - Gippsland,Rest of Vic.
2107808,Trafalgar (Vic.),Baw Baw,Latrobe - Gippsland,Rest of Vic.
2107809,Trafalgar (Vic.),Baw Baw,Latrobe - Gippsland,Rest of Vic.
2107810,Trafalgar (Vic.),Baw Baw,Latrobe - Gippsland,Rest of Vic.
2107811,Trafalgar (Vic.),Baw Baw,Latrobe - Gippsland,Rest of Vic.
2107812,Trafalgar (Vic.),Baw Baw,Latrobe - Gippsland,Rest of Vic.
2107813,Trafalgar (Vic.),Baw Baw,Latrobe - Gippsland,Rest of Vic.
2107814,Trafalgar (Vic.),Baw Baw,Latrobe - Gippsland,Rest of Vic.
2107815,Trafalgar (Vic.),Baw Baw,Latrobe - Gippsland,Rest of Vic.
2107816,Trafalgar (Vic.),Baw Baw,Latrobe - Gippsland,Rest of Vic.
2107817,Trafalgar (Vic.),Baw Baw,Latrobe - Gippsland,Rest of Vic.
2107818,Trafalgar (Vic.),Baw Baw,Latrobe - Gippsland,Rest of Vic.
2107819,Trafalgar (Vic.),Baw Baw,Latrobe - Gippsland,Rest of Vic.
2107820,Trafalgar (Vic.),Baw Baw,Latrobe - Gippsland,Rest of Vic.
2107821,Trafalgar (Vic.),Baw Baw,Latrobe - Gippsland,Rest of Vic.
2107901,Warragul,Baw Baw,Latrobe - Gippsland,Rest of Vic.
2107902,Warragul,Baw Baw,Latrobe - Gippsland,Rest of Vic.
2107903,Warragul,Baw Baw,Latrobe - Gippsland,Rest of Vic.
2107904,Warragul,Baw Baw,Latrobe - Gippsland,Rest of Vic.
2107905,Warragul,Baw Baw,Latrobe - Gippsland,Rest of Vic.
2107906,Warragul,Baw Baw,Latrobe - Gippsland,Rest of Vic.
2107907,Warragul,Baw Baw,Latrobe - Gippsland,Rest of Vic.
2107908,Warragul,Baw Baw,Latrobe - Gippsland,Rest of Vic.
2107909,Warragul,Baw Baw,Latrobe - Gippsland,Rest of Vic.
2107910,Warragul,Baw Baw,Latrobe - Gippsland,Rest of Vic.
2107911,Warragul,Baw Baw,Latrobe - Gippsland,Rest of Vic.
2107912,Warragul,Baw Baw,Latrobe - Gippsland,Rest of Vic.
2107913,Warragul,Baw Baw,Latrobe - Gippsland,Rest of Vic.
2107914,Warragul,Baw Baw,Latrobe - Gippsland,Rest of Vic.
2107915,Warragul,Baw Baw,Latrobe - Gippsland,Rest of Vic.
2107916,Warragul,Baw Baw,Latrobe - Gippsland,Rest of Vic.
2107917,Warragul,Baw Baw,Latrobe - Gippsland,Rest of Vic.
2107918,Warragul,Baw Baw,Latrobe - Gippsland,Rest of Vic.
2107919,Warragul,Baw Baw,Latrobe - Gippsland,Rest of Vic.
2107920,Warragul,Baw Baw,Latrobe - Gippsland,Rest of Vic.
2107921,Warragul,Baw Baw,Latrobe - Gippsland,Rest of Vic.
2107922,Warragul,Baw Baw,Latrobe - Gippsland,Rest of Vic.
2107923,Warragul,Baw Baw,Latrobe - Gippsland,Rest of Vic.
2107924,Warragul,Baw Baw,Latrobe - Gippsland,Rest of Vic.
2107925,Warragul,Baw Baw,Latrobe - Gippsland,Rest of Vic.
2107926,Warragul,Baw Baw,Latrobe - Gippsland,Rest of Vic.
2107927,Warragul,Baw Baw,Latrobe - Gippsland,Rest of Vic.
2107928,Warragul,Baw Baw,Latrobe - Gippsland,Rest of Vic.
2107929,Warragul,Baw Baw,Latrobe - Gippsland,Rest of Vic.
2107930,Warragul,Baw Baw,Latrobe - Gippsland,Rest of Vic.
2107931,Warragul,Baw Baw,Latrobe - Gippsland,Rest of Vic.
2107932,Warragul,Baw Baw,Latrobe - Gippsland,Rest of Vic.
2107933,Warragul,Baw Baw,Latrobe - Gippsland,Rest of Vic.
2107934,Warragul,Baw Baw,Latrobe - Gippsland,Rest of Vic.
2107935,Warragul,Baw Baw,Latrobe - Gippsland,Rest of Vic.
2107936,Warragul,Baw Baw,Latrobe - Gippsland,Rest of Vic.
2107937,Warragul,Baw Baw,Latrobe - Gippsland,Rest of Vic.
2107938,Warragul,Baw Baw,Latrobe - Gippsland,Rest of Vic.
2107939,Warragul,Baw Baw,Latrobe - Gippsland,Rest of Vic.
2107940,Warragul,Baw Baw,Latrobe - Gippsland,Rest of Vic.
2108001,Alps - East,Gippsland - East,Latrobe - Gippsland,Rest of Vic.
2108101,Bairnsdale,Gippsland - East,Latrobe - Gippsland,Rest of Vic.
2108102,Bairnsdale,Gippsland - East,Latrobe - Gippsland,Rest of Vic.
2108103,Bairnsdale,Gippsland - East,Latrobe - Gippsland,Rest of Vic.
2108104,Bairnsdale,Gippsland - East,Latrobe - Gippsland,Rest of Vic.
2108105,Bairnsdale,Gippsland - East,Latrobe - Gippsland,Rest of Vic.
2108106,Bairnsdale,Gippsland - East,Latrobe - Gippsland,Rest of Vic.
2108107,Bairnsdale,Gippsland - East,Latrobe - Gippsland,Rest of Vic.
2108108,Bairnsdale,Gippsland - East,Latrobe - Gippsland,Rest of Vic.
2108109,Bairnsdale,Gippsland - East,Latrobe - Gippsland,Rest of Vic.
2108110,Bairnsdale,Gippsland - East,Latrobe - Gippsland,Rest of Vic.
2108111,Bairnsdale,Gippsland - East,Latrobe - Gippsland,Rest of Vic.
2108112,Bairnsdale,Gippsland - East,Latrobe - Gippsland,Rest of Vic.
2108113,Bairnsdale,Gippsland - East,Latrobe - Gippsland,Rest of Vic.
2108114,Bairnsdale,Gippsland - East,Latrobe - Gippsland,Rest of Vic.
2108115,Bairnsdale,Gippsland - East,Latrobe - Gippsland,Rest of Vic.
2108116,Bairnsdale,Gippsland - East,Latrobe - Gippsland,Rest of Vic.
2108117,Bairnsdale,Gippsland - East,Latrobe - Gippsland,Rest of Vic.
2108118,Bairnsdale,Gippsland - East,Latrobe - Gippsland,Rest of Vic.
2108119,Bairnsdale,Gippsland - East,Latrobe - Gippsland,Rest of Vic.
2108120,Bairnsdale,Gippsland - East,Latrobe - Gippsland,Rest of Vic.
2108121,Bairnsdale,Gippsland - East,Latrobe - Gippsland,Rest of Vic.
2108122,Bairnsdale,Gippsland - East,Latrobe - Gippsland,Rest of Vic.
2108123,Bairnsdale,Gippsland - East,Latrobe - Gippsland,Rest of Vic.
2108124,Bairnsdale,Gippsland - East,Latrobe - Gippsland,Rest of Vic.
2108125,Bairnsdale,Gippsland - East,Latrobe - Gippsland,Rest of Vic.
2108126,Bairnsdale,Gippsland - East,Latrobe - Gippsland,Rest of Vic.
2108127,Bairnsdale,Gippsland - East,Latrobe - Gippsland,Rest of Vic.
2108128,Bairnsdale,Gippsland - East,Latrobe - Gippsland,Rest of Vic.
2108129,Bairnsdale,Gippsland - East,Latrobe - Gippsland,Rest of Vic.
2108130,Bairnsdale,Gippsland - East,Latrobe - Gippsland,Rest of Vic.
2108201,Bruthen - Omeo,Gippsland - East,Latrobe - Gippsland,Rest of Vic.
2108202,Bruthen - Omeo,Gippsland - East,Latrobe - Gippsland,Rest of Vic.
2108203,Bruthen - Omeo,Gippsland - East,Latrobe - Gippsland,Rest of Vic.
2108204,Bruthen - Omeo,Gippsland - East,Latrobe - Gippsland,Rest of Vic.
2108205,Bruthen - Omeo,Gippsland - East,Latrobe - Gippsland,Rest of Vic.
2108206,Bruthen - Omeo,Gippsland - East,Latrobe - Gippsland,Rest of Vic.
2108207,Bruthen - Omeo,Gippsland - East,Latrobe - Gippsland,Rest of Vic.
2108208,Bruthen - Omeo,Gippsland - East,Latrobe - Gippsland,Rest of Vic.
2108209,Bruthen - Omeo,Gippsland - East,Latrobe - Gippsland,Rest of Vic.
2108210,Bruthen - Omeo,Gippsland - East,Latrobe - Gippsland,Rest of Vic.
2108211,Bruthen - Omeo,Gippsland - East,Latrobe - Gippsland,Rest of Vic.
2108212,Bruthen - Omeo,Gippsland - East,Latrobe - Gippsland,Rest of Vic.
2108213,Bruthen - Omeo,Gippsland - East,Latrobe - Gippsland,Rest of Vic.
2108214,Bruthen - Omeo,Gippsland - East,Latrobe - Gippsland,Rest of Vic.
2108215,Bruthen - Omeo,Gippsland - East,Latrobe - Gippsland,Rest of Vic.
2108216,Bruthen - Omeo,Gippsland - East,Latrobe - Gippsland,Rest of Vic.
2108217,Bruthen - Omeo,Gippsland - East,Latrobe - Gippsland,Rest of Vic.
2108218,Bruthen - Omeo,Gippsland - East,Latrobe - Gippsland,Rest of Vic.
2108219,Bruthen - Omeo,Gippsland - East,Latrobe - Gippsland,Rest of Vic.
2108220,Bruthen - Omeo,Gippsland - East,Latrobe - Gippsland,Rest of Vic.
2108221,Bruthen - Omeo,Gippsland - East,Latrobe - Gippsland,Rest of Vic.
2108222,Bruthen - Omeo,Gippsland - East,Latrobe - Gippsland,Rest of Vic.
2108223,Bruthen - Omeo,Gippsland - East,Latrobe - Gippsland,Rest of Vic.
2108224,Bruthen - Omeo,Gippsland - East,Latrobe - Gippsland,Rest of Vic.
2108225,Bruthen - Omeo,Gippsland - East,Latrobe - Gippsland,Rest of Vic.
2108301,Lake King,Gippsland - East,Latrobe - Gippsland,Rest of Vic.
2108401,Lakes Entrance,Gippsland - East,Latrobe - Gippsland,Rest of Vic.
2108402,Lakes Entrance,Gippsland - East,Latrobe - Gippsland,Rest of Vic.
2108403,Lakes Entrance,Gippsland - East,Latrobe - Gippsland,Rest of Vic.
2108404,Lakes Entrance,Gippsland - East,Latrobe - Gippsland,Rest of Vic.
2108405,Lakes Entrance,Gippsland - East,Latrobe - Gippsland,Rest of Vic.
2108406,Lakes Entrance,Gippsland - East,Latrobe - Gippsland,Rest of Vic.
2108407,Lakes Entrance,Gippsland - East,Latrobe - Gippsland,Rest of Vic.
2108408,Lakes Entrance,Gippsland - East,Latrobe - Gippsland,Rest of Vic.
2108409,Lakes Entrance,Gippsland - East,Latrobe - Gippsland,Rest of Vic.
2108410,Lakes Entrance,Gippsland - East,Latrobe - Gippsland,Rest of Vic.
2108411,Lakes Entrance,Gippsland - East,Latrobe - Gippsland,Rest of Vic.
2108412,Lakes Entrance,Gippsland - East,Latrobe - Gippsland,Rest of Vic.
2108413,Lakes Entrance,Gippsland - East,Latrobe - Gippsland,Rest of Vic.
2108414,Lakes Entrance,Gippsland - East,Latrobe - Gippsland,Rest of Vic.
2108415,Lakes Entrance,Gippsland - East,Latrobe - Gippsland,Rest of Vic.
2108416,Lakes Entrance,Gippsland - East,Latrobe - Gippsland,Rest of Vic.
2108417,Lakes Entrance,Gippsland - East,Latrobe - Gippsland,Rest of Vic.
2108418,Lakes Entrance,Gippsland - East,Latrobe - Gippsland,Rest of Vic.
2108419,Lakes Entrance,Gippsland - East,Latrobe - Gippsland,Rest of Vic.
2108420,Lakes Entrance,Gippsland - East,Latrobe - Gippsland,Rest of Vic.
2108421,Lakes Entrance,Gippsland - East,Latrobe - Gippsland,Rest of Vic.
2108422,Lakes Entrance,Gippsland - East,Latrobe - Gippsland,Rest of Vic.
2108423,Lakes Entrance,Gippsland - East,Latrobe - Gippsland,Rest of Vic.
2108424,Lakes Entrance,Gippsland - East,Latrobe - Gippsland,Rest of Vic.
2108425,Lakes Entrance,Gippsland - East,Latrobe - Gippsland,Rest of Vic.
2108426,Lakes Entrance,Gippsland - East,Latrobe - Gippsland,Rest of Vic.
2108427,Lakes Entrance,Gippsland - East,Latrobe - Gippsland,Rest of Vic.
2108428,Lakes Entrance,Gippsland - East,Latrobe - Gippsland,Rest of Vic.
2108501,Orbost,Gippsland - East,Latrobe - Gippsland,Rest of Vic.
2108502,Orbost,Gippsland - East,Latrobe - Gippsland,Rest of Vic.
2108503,Orbost,Gippsland - East,Latrobe - Gippsland,Rest of Vic.
2108504,Orbost,Gippsland - East,Latrobe - Gippsland,Rest of Vic.
2108505,Orbost,Gippsland - East,Latrobe - Gippsland,Rest of Vic.
2108506,Orbost,Gippsland - East,Latrobe - Gippsland,Rest of Vic.
2108507,Orbost,Gippsland - East,Latrobe - Gippsland,Rest of Vic.
2108508,Orbost,Gippsland - East,Latrobe - Gippsland,Rest of Vic.
2108509,Orbost,Gippsland - East,Latrobe - Gippsland,Rest of Vic.
2108510,Orbost,Gippsland - East,Latrobe - Gippsland,Rest of Vic.
2108511,Orbost,Gippsland - East,Latrobe - Gippsland,Rest of Vic.
2108512,Orbost,Gippsland - East,Latrobe - Gippsland,Rest of Vic.
2108513,Orbost,Gippsland - East,Latrobe - Gippsland,Rest of Vic.
2108514,Orbost,Gippsland - East,Latrobe - Gippsland,Rest of Vic.
2108515,Orbost,Gippsland - East,Latrobe - Gippsland,Rest of Vic.
2108516,Orbost,Gippsland - East,Latrobe - Gippsland,Rest of Vic.
2108517,Orbost,Gippsland - East,Latrobe - Gippsland,Rest of Vic.
2108518,Orbost,Gippsland - East,Latrobe - Gippsland,Rest of Vic.
2108519,Orbost,Gippsland - East,Latrobe - Gippsland,Rest of Vic.
2108520,Orbost,Gippsland - East,Latrobe - Gippsland,Rest of Vic.
2108521,Orbost,Gippsland - East,Latrobe - Gippsland,Rest of Vic.
2108522,Orbost,Gippsland - East,Latrobe - Gippsland,Rest of Vic.
2108601,Paynesville,Gippsland - East,Latrobe - Gippsland,Rest of Vic.
2108602,Paynesville,Gippsland - East,Latrobe - Gippsland,Rest of Vic.
2108603,Paynesville,Gippsland - East,Latrobe - Gippsland,Rest of Vic.
2108604,Paynesville,Gippsland - East,Latrobe - Gippsland,Rest of Vic.
2108605,Paynesville,Gippsland - East,Latrobe - Gippsland,Rest of Vic.
2108606,Paynesville,Gippsland - East,Latrobe - Gippsland,Rest of Vic.
2108607,Paynesville,Gippsland - East,Latrobe - Gippsland,Rest of Vic.
2108608,Paynesville,Gippsland - East,Latrobe - Gippsland,Rest of Vic.
2108609,Paynesville,Gippsland - East,Latrobe - Gippsland,Rest of Vic.
2108610,Paynesville,Gippsland - East,Latrobe - Gippsland,Rest of Vic.
2108611,Paynesville,Gippsland - East,Latrobe - Gippsland,Rest of Vic.
2108612,Paynesville,Gippsland - East,Latrobe - Gippsland,Rest of Vic.
2108613,Paynesville,Gippsland - East,Latrobe - Gippsland,Rest of Vic.
2108614,Paynesville,Gippsland - East,Latrobe - Gippsland,Rest of Vic.
2108615,Paynesville,Gippsland - East,Latrobe - Gippsland,Rest of Vic.
2108616,Paynesville,Gippsland - East,Latrobe - Gippsland,Rest of Vic.
2108617,Paynesville,Gippsland - East,Latrobe - Gippsland,Rest of Vic.
2108701,Foster,Gippsland - South West,Latrobe - Gippsland,Rest of Vic.
2108702,Foster,Gippsland - South West,Latrobe - Gippsland,Rest of Vic.
2108703,Foster,Gippsland - South West,Latrobe - Gippsland,Rest of Vic.
2108704,Foster,Gippsland - South West,Latrobe - Gippsland,Rest of Vic.
2108705,Foster,Gippsland - South West,Latrobe - Gippsland,Rest of Vic.
2108706,Foster,Gippsland - South West,Latrobe - Gippsland,Rest of Vic.
2108707,Foster,Gippsland - South West,Latrobe - Gippsland,Rest of Vic.
2108708,Foster,Gippsland - South West,Latrobe - Gippsland,Rest of Vic.
2108709,Foster,Gippsland - South West,Latrobe - Gippsland,Rest of Vic.
2108710,Foster,Gippsland - South West,Latrobe - Gippsland,Rest of Vic.
2108711,Foster,Gippsland - South West,Latrobe - Gippsland,Rest of Vic.
2108712,Foster,Gippsland - South West,Latrobe - Gippsland,Rest of Vic.
2108713,Foster,Gippsland - South West,Latrobe - Gippsland,Rest of Vic.
2108714,Foster,Gippsland - South West,Latrobe - Gippsland,Rest of Vic.
2108715,Foster,Gippsland - South West,Latrobe - Gippsland,Rest of Vic.
2108716,Foster,Gippsland - South West,Latrobe - Gippsland,Rest of Vic.
2108717,Foster,Gippsland - South West,Latrobe - Gippsland,Rest of Vic.
2108718,Foster,Gippsland - South West,Latrobe - Gippsland,Rest of Vic.
2108719,Foster,Gippsland - South West,Latrobe - Gippsland,Rest of Vic.
2108720,Foster,Gippsland - South West,Latrobe - Gippsland,Rest of Vic.
2108721,Foster,Gippsland - South West,Latrobe - Gippsland,Rest of Vic.
2108722,Foster,Gippsland - South West,Latrobe - Gippsland,Rest of Vic.
2108723,Foster,Gippsland - South West,Latrobe - Gippsland,Rest of Vic.
2108724,Foster,Gippsland - South West,Latrobe - Gippsland,Rest of Vic.
2108725,Foster,Gippsland - South West,Latrobe - Gippsland,Rest of Vic.
2108801,French Island,Gippsland - South West,Latrobe - Gippsland,Rest of Vic.
2108901,Korumburra,Gippsland - South West,Latrobe - Gippsland,Rest of Vic.
2108902,Korumburra,Gippsland - South West,Latrobe - Gippsland,Rest of Vic.
2108903,Korumburra,Gippsland - South West,Latrobe - Gippsland,Rest of Vic.
2108904,Korumburra,Gippsland - South West,Latrobe - Gippsland,Rest of Vic.
2108905,Korumburra,Gippsland - South West,Latrobe - Gippsland,Rest of Vic.
2108906,Korumburra,Gippsland - South West,Latrobe - Gippsland,Rest of Vic.
2108907,Korumburra,Gippsland - South West,Latrobe - Gippsland,Rest of Vic.
2108908,Korumburra,Gippsland - South West,Latrobe - Gippsland,Rest of Vic.
2108909,Korumburra,Gippsland - South West,Latrobe - Gippsland,Rest of Vic.
2108910,Korumburra,Gippsland - South West,Latrobe - Gippsland,Rest of Vic.
2108911,Korumburra,Gippsland - South West,Latrobe - Gippsland,Rest of Vic.
2108912,Korumburra,Gippsland - South West,Latrobe - Gippsland,Rest of Vic.
2108913,Korumburra,Gippsland - South West,Latrobe - Gippsland,Rest of Vic.
2108914,Korumburra,Gippsland - South West,Latrobe - Gippsland,Rest of Vic.
2108915,Korumburra,Gippsland - South West,Latrobe - Gippsland,Rest of Vic.
2108916,Korumburra,Gippsland - South West,Latrobe - Gippsland,Rest of Vic.
2108917,Korumburra,Gippsland - South West,Latrobe - Gippsland,Rest of Vic.
2108918,Korumburra,Gippsland - South West,Latrobe - Gippsland,Rest of Vic.
2108919,Korumburra,Gippsland - South West,Latrobe - Gippsland,Rest of Vic.
2108920,Korumburra,Gippsland - South West,Latrobe - Gippsland,Rest of Vic.
2108921,Korumburra,Gippsland - South West,Latrobe - Gippsland,Rest of Vic.
2108922,Korumburra,Gippsland - South West,Latrobe - Gippsland,Rest of Vic.
2108923,Korumburra,Gippsland - South West,Latrobe - Gippsland,Rest of Vic.
2109001,Leongatha,Gippsland - South West,Latrobe - Gippsland,Rest of Vic.
2109002,Leongatha,Gippsland - South West,Latrobe - Gippsland,Rest of Vic.
2109003,Leongatha,Gippsland - South West,Latrobe - Gippsland,Rest of Vic.
2109004,Leongatha,Gippsland - South West,Latrobe - Gippsland,Rest of Vic.
2109005,Leongatha,Gippsland - South West,Latrobe - Gippsland,Rest of Vic.
2109006,Leongatha,Gippsland - South West,Latrobe - Gippsland,Rest of Vic.
2109007,Leongatha,Gippsland - South West,Latrobe - Gippsland,Rest of Vic.
2109008,Leongatha,Gippsland - South West,Latrobe - Gippsland,Rest of Vic.
2109009,Leongatha,Gippsland - South West,Latrobe - Gippsland,Rest of Vic.
2109010,Leongatha,Gippsland - South West,Latrobe - Gippsland,Rest of Vic.
2109011,Leongatha,Gippsland - South West,Latrobe - Gippsland,Rest of Vic.
2109012,Leongatha,Gippsland - South West,Latrobe - Gippsland,Rest of Vic.
2109013,Leongatha,Gippsland - South West,Latrobe - Gippsland,Rest of Vic.
2109014,Leongatha,Gippsland - South West,Latrobe - Gippsland,Rest of Vic.
2109015,Leongatha,Gippsland - South West,Latrobe - Gippsland,Rest of Vic.
2109016,Leongatha,Gippsland - South West,Latrobe - Gippsland,Rest of Vic.
2109017,Leongatha,Gippsland - South West,Latrobe - Gippsland,Rest of Vic.
2109018,Leongatha,Gippsland - South West,Latrobe - Gippsland,Rest of Vic.
2109019,Leongatha,Gippsland - South West,Latrobe - Gippsland,Rest of Vic.
2109020,Leongatha,Gippsland - South West,Latrobe - Gippsland,Rest of Vic.
2109021,Leongatha,Gippsland - South West,Latrobe - Gippsland,Rest of Vic.
2109022,Leongatha,Gippsland - South West,Latrobe - Gippsland,Rest of Vic.
2109023,Leongatha,Gippsland - South West,Latrobe - Gippsland,Rest of Vic.
2109024,Leongatha,Gippsland - South West,Latrobe - Gippsland,Rest of Vic.
2109025,Leongatha,Gippsland - South West,Latrobe - Gippsland,Rest of Vic.
2109026,Leongatha,Gippsland - South West,Latrobe - Gippsland,Rest of Vic.
2109101,Phillip Island,Gippsland - South West,Latrobe - Gippsland,Rest of Vic.
2109102,Phillip Island,Gippsland - South West,Latrobe - Gippsland,Rest of Vic.
2109103,Phillip Island,Gippsland - South West,Latrobe - Gippsland,Rest of Vic.
2109104,Phillip Island,Gippsland - South West,Latrobe - Gippsland,Rest of Vic.
2109105,Phillip Island,Gippsland - South West,Latrobe - Gippsland,Rest of Vic.
2109106,Phillip Island,Gippsland - South West,Latrobe - Gippsland,Rest of Vic.
2109107,Phillip Island,Gippsland - South West,Latrobe - Gippsland,Rest of Vic.
2109108,Phillip Island,Gippsland - South West,Latrobe - Gippsland,Rest of Vic.
2109109,Phillip Island,Gippsland - South West,Latrobe - Gippsland,Rest of Vic.
2109110,Phillip Island,Gippsland - South West,Latrobe - Gippsland,Rest of Vic.
2109111,Phillip Island,Gippsland - South West,Latrobe - Gippsland,Rest of Vic.
2109112,Phillip Island,Gippsland - South West,Latrobe - Gippsland,Rest of Vic.
2109113,Phillip Island,Gippsland - South West,Latrobe - Gippsland,Rest of Vic.
2109114,Phillip Island,Gippsland - South West,Latrobe - Gippsland,Rest of Vic.
2109115,Phillip Island,Gippsland - South West,Latrobe - Gippsland,Rest of Vic.
2109116,Phillip Island,Gippsland - South West,Latrobe - Gippsland,Rest of Vic.
2109117,Phillip Island,Gippsland - South West,Latrobe - Gippsland,Rest of Vic.
2109118,Phillip Island,Gippsland - South West,Latrobe - Gippsland,Rest of Vic.
2109119,Phillip Island,Gippsland - South West,Latrobe - Gippsland,Rest of Vic.
2109120,Phillip Island,Gippsland - South West,Latrobe - Gippsland,Rest of Vic.
2109121,Phillip Island,Gippsland - South West,Latrobe - Gippsland,Rest of Vic.
2109122,Phillip Island,Gippsland - South West,Latrobe - Gippsland,Rest of Vic.
2109123,Phillip Island,Gippsland - South West,Latrobe - Gippsland,Rest of Vic.
2109124,Phillip Island,Gippsland - South West,Latrobe - Gippsland,Rest of Vic.
2109201,Wilsons Promontory,Gippsland - South West,Latrobe - Gippsland,Rest of Vic.
2109301,Wonthaggi - Inverloch,Gippsland - South West,Latrobe - Gippsland,Rest of Vic.
2109302,Wonthaggi - Inverloch,Gippsland - South West,Latrobe - Gippsland,Rest of Vic.
2109303,Wonthaggi - Inverloch,Gippsland - South West,Latrobe - Gippsland,Rest of Vic.
2109304,Wonthaggi - Inverloch,Gippsland - South West,Latrobe - Gippsland,Rest of Vic.
2109305,Wonthaggi - Inverloch,Gippsland - South West,Latrobe - Gippsland,Rest of Vic.
2109306,Wonthaggi - Inverloch,Gippsland - South West,Latrobe - Gippsland,Rest of Vic.
2109307,Wonthaggi - Inverloch,Gippsland - South West,Latrobe - Gippsland,Rest of Vic.
2109308,Wonthaggi - Inverloch,Gippsland - South West,Latrobe - Gippsland,Rest of Vic.
2109309,Wonthaggi - Inverloch,Gippsland - South West,Latrobe - Gippsland,Rest of Vic.
2109310,Wonthaggi - Inverloch,Gippsland - South West,Latrobe - Gippsland,Rest of Vic.
2109311,Wonthaggi - Inverloch,Gippsland - South West,Latrobe - Gippsland,Rest of Vic.
2109312,Wonthaggi - Inverloch,Gippsland - South West,Latrobe - Gippsland,Rest of Vic.
2109313,Wonthaggi - Inverloch,Gippsland - South West,Latrobe - Gippsland,Rest of Vic.
2109314,Wonthaggi - Inverloch,Gippsland - South West,Latrobe - Gippsland,Rest of Vic.
2109315,Wonthaggi - Inverloch,Gippsland - South West,Latrobe - Gippsland,Rest of Vic.
2109316,Wonthaggi - Inverloch,Gippsland - South West,Latrobe - Gippsland,Rest of Vic.
2109317,Wonthaggi - Inverloch,Gippsland - South West,Latrobe - Gippsland,Rest of Vic.
2109318,Wonthaggi - Inverloch,Gippsland - South West,Latrobe - Gippsland,Rest of Vic.
2109319,Wonthaggi - Inverloch,Gippsland - South West,Latrobe - Gippsland,Rest of Vic.
2109320,Wonthaggi - Inverloch,Gippsland - South West,Latrobe - Gippsland,Rest of Vic.
2109321,Wonthaggi - Inverloch,Gippsland - South West,Latrobe - Gippsland,Rest of Vic.
2109322,Wonthaggi - Inverloch,Gippsland - South West,Latrobe - Gippsland,Rest of Vic.
2109323,Wonthaggi - Inverloch,Gippsland - South West,Latrobe - Gippsland,Rest of Vic.
2109324,Wonthaggi - Inverloch,Gippsland - South West,Latrobe - Gippsland,Rest of Vic.
2109325,Wonthaggi - Inverloch,Gippsland - South West,Latrobe - Gippsland,Rest of Vic.
2109326,Wonthaggi - Inverloch,Gippsland - South West,Latrobe - Gippsland,Rest of Vic.
2109327,Wonthaggi - Inverloch,Gippsland - South West,Latrobe - Gippsland,Rest of Vic.
2109328,Wonthaggi - Inverloch,Gippsland - South West,Latrobe - Gippsland,Rest of Vic.
2109329,Wonthaggi - Inverloch,Gippsland - South West,Latrobe - Gippsland,Rest of Vic.
2109330,Wonthaggi - Inverloch,Gippsland - South West,Latrobe - Gippsland,Rest of Vic.
2109331,Wonthaggi - Inverloch,Gippsland - South West,Latrobe - Gippsland,Rest of Vic.
2109332,Wonthaggi - Inverloch,Gippsland - South West,Latrobe - Gippsland,Rest of Vic.
2109333,Wonthaggi - Inverloch,Gippsland - South West,Latrobe - Gippsland,Rest of Vic.
2109334,Wonthaggi - Inverloch,Gippsland - South West,Latrobe - Gippsland,Rest of Vic.
2109335,Wonthaggi - Inverloch,Gippsland - South West,Latrobe - Gippsland,Rest of Vic.
2109336,Wonthaggi - Inverloch,Gippsland - South West,Latrobe - Gippsland,Rest of Vic.
2109337,Wonthaggi - Inverloch,Gippsland - South West,Latrobe - Gippsland,Rest of Vic.
2109338,Wonthaggi - Inverloch,Gippsland - South West,Latrobe - Gippsland,Rest of Vic.
2109339,Wonthaggi - Inverloch,Gippsland - South West,Latrobe - Gippsland,Rest of Vic.
2109340,Wonthaggi - Inverloch,Gippsland - South West,Latrobe - Gippsland,Rest of Vic.
2109341,Wonthaggi - Inverloch,Gippsland - South West,Latrobe - Gippsland,Rest of Vic.
2109342,Wonthaggi - Inverloch,Gippsland - South West,Latrobe - Gippsland,Rest of Vic.
2109343,Wonthaggi - Inverloch,Gippsland - South West,Latrobe - Gippsland,Rest of Vic.
2109344,Wonthaggi - Inverloch,Gippsland - South West,Latrobe - Gippsland,Rest of Vic.
2109345,Wonthaggi - Inverloch,Gippsland - South West,Latrobe - Gippsland,Rest of Vic.
2109346,Wonthaggi - Inverloch,Gippsland - South West,Latrobe - Gippsland,Rest of Vic.
2109347,Wonthaggi - Inverloch,Gippsland - South West,Latrobe - Gippsland,Rest of Vic.
2109348,Wonthaggi - Inverloch,Gippsland - South West,Latrobe - Gippsland,Rest of Vic.
2109349,Wonthaggi - Inverloch,Gippsland - South West,Latrobe - Gippsland,Rest of Vic.
2109350,Wonthaggi - Inverloch,Gippsland - South West,Latrobe - Gippsland,Rest of Vic.
2109351,Wonthaggi - Inverloch,Gippsland - South West,Latrobe - Gippsland,Rest of Vic.
2109401,Churchill,Latrobe Valley,Latrobe - Gippsland,Rest of Vic.
2109402,Churchill,Latrobe Valley,Latrobe - Gippsland,Rest of Vic.
2109403,Churchill,Latrobe Valley,Latrobe - Gippsland,Rest of Vic.
2109404,Churchill,Latrobe Valley,Latrobe - Gippsland,Rest of Vic.
2109405,Churchill,Latrobe Valley,Latrobe - Gippsland,Rest of Vic.
2109406,Churchill,Latrobe Valley,Latrobe - Gippsland,Rest of Vic.
2109407,Churchill,Latrobe Valley,Latrobe - Gippsland,Rest of Vic.
2109408,Churchill,Latrobe Valley,Latrobe - Gippsland,Rest of Vic.
2109409,Churchill,Latrobe Valley,Latrobe - Gippsland,Rest of Vic.
2109410,Churchill,Latrobe Valley,Latrobe - Gippsland,Rest of Vic.
2109411,Churchill,Latrobe Valley,Latrobe - Gippsland,Rest of Vic.
2109412,Churchill,Latrobe Valley,Latrobe - Gippsland,Rest of Vic.
2109413,Churchill,Latrobe Valley,Latrobe - Gippsland,Rest of Vic.
2109414,Churchill,Latrobe Valley,Latrobe - Gippsland,Rest of Vic.
2109415,Churchill,Latrobe Valley,Latrobe - Gippsland,Rest of Vic.
2109416,Churchill,Latrobe Valley,Latrobe - Gippsland,Rest of Vic.
2109417,Churchill,Latrobe Valley,Latrobe - Gippsland,Rest of Vic.
2109418,Churchill,Latrobe Valley,Latrobe - Gippsland,Rest of Vic.
2109419,Churchill,Latrobe Valley,Latrobe - Gippsland,Rest of Vic.
2109420,Churchill,Latrobe Valley,Latrobe - Gippsland,Rest of Vic.
2109421,Churchill,Latrobe Valley,Latrobe - Gippsland,Rest of Vic.
2109422,Churchill,Latrobe Valley,Latrobe - Gippsland,Rest of Vic.
2109423,Churchill,Latrobe Valley,Latrobe - Gippsland,Rest of Vic.
2109424,Churchill,Latrobe Valley,Latrobe - Gippsland,Rest of Vic.
2109425,Churchill,Latrobe Valley,Latrobe - Gippsland,Rest of Vic.
2109426,Churchill,Latrobe Valley,Latrobe - Gippsland,Rest of Vic.
2109427,Churchill,Latrobe Valley,Latrobe - Gippsland,Rest of Vic.
2109428,Churchill,Latrobe Valley,Latrobe - Gippsland,Rest of Vic.
2109429,Churchill,Latrobe Valley,Latrobe - Gippsland,Rest of Vic.
2109430,Churchill,Latrobe Valley,Latrobe - Gippsland,Rest of Vic.
2109431,Churchill,Latrobe Valley,Latrobe - Gippsland,Rest of Vic.
2109501,Moe - Newborough,Latrobe Valley,Latrobe - Gippsland,Rest of Vic.
2109502,Moe - Newborough,Latrobe Valley,Latrobe - Gippsland,Rest of Vic.
2109503,Moe - Newborough,Latrobe Valley,Latrobe - Gippsland,Rest of Vic.
2109504,Moe - Newborough,Latrobe Valley,Latrobe - Gippsland,Rest of Vic.
2109505,Moe - Newborough,Latrobe Valley,Latrobe - Gippsland,Rest of Vic.
2109506,Moe - Newborough,Latrobe Valley,Latrobe - Gippsland,Rest of Vic.
2109507,Moe - Newborough,Latrobe Valley,Latrobe - Gippsland,Rest of Vic.
2109508,Moe - Newborough,Latrobe Valley,Latrobe - Gippsland,Rest of Vic.
2109509,Moe - Newborough,Latrobe Valley,Latrobe - Gippsland,Rest of Vic.
2109510,Moe - Newborough,Latrobe Valley,Latrobe - Gippsland,Rest of Vic.
2109511,Moe - Newborough,Latrobe Valley,Latrobe - Gippsland,Rest of Vic.
2109512,Moe - Newborough,Latrobe Valley,Latrobe - Gippsland,Rest of Vic.
2109513,Moe - Newborough,Latrobe Valley,Latrobe - Gippsland,Rest of Vic.
2109514,Moe - Newborough,Latrobe Valley,Latrobe - Gippsland,Rest of Vic.
2109515,Moe - Newborough,Latrobe Valley,Latrobe - Gippsland,Rest of Vic.
2109516,Moe - Newborough,Latrobe Valley,Latrobe - Gippsland,Rest of Vic.
2109517,Moe - Newborough,Latrobe Valley,Latrobe - Gippsland,Rest of Vic.
2109518,Moe - Newborough,Latrobe Valley,Latrobe - Gippsland,Rest of Vic.
2109519,Moe - Newborough,Latrobe Valley,Latrobe - Gippsland,Rest of Vic.
2109520,Moe - Newborough,Latrobe Valley,Latrobe - Gippsland,Rest of Vic.
2109521,Moe - Newborough,Latrobe Valley,Latrobe - Gippsland,Rest of Vic.
2109522,Moe - Newborough,Latrobe Valley,Latrobe - Gippsland,Rest of Vic.
2109523,Moe - Newborough,Latrobe Valley,Latrobe - Gippsland,Rest of Vic.
2109524,Moe - Newborough,Latrobe Valley,Latrobe - Gippsland,Rest of Vic.
2109525,Moe - Newborough,Latrobe Valley,Latrobe - Gippsland,Rest of Vic.
2109526,Moe - Newborough,Latrobe Valley,Latrobe - Gippsland,Rest of Vic.
2109527,Moe - Newborough,Latrobe Valley,Latrobe - Gippsland,Rest of Vic.
2109528,Moe - Newborough,Latrobe Valley,Latrobe - Gippsland,Rest of Vic.
2109529,Moe - Newborough,Latrobe Valley,Latrobe - Gippsland,Rest of Vic.
2109530,Moe - Newborough,Latrobe Valley,Latrobe - Gippsland,Rest of Vic.
2109531,Moe - Newborough,Latrobe Valley,Latrobe - Gippsland,Rest of Vic.
2109532,Moe - Newborough,Latrobe Valley,Latrobe - Gippsland,Rest of Vic.
2109533,Moe - Newborough,Latrobe Valley,Latrobe - Gippsland,Rest of Vic.
2109534,Moe - Newborough,Latrobe Valley,Latrobe - Gippsland,Rest of Vic.
2109535,Moe - Newborough,Latrobe Valley,Latrobe - Gippsland,Rest of Vic.
2109536,Moe - Newborough,Latrobe Valley,Latrobe - Gippsland,Rest of Vic.
2109537,Moe - Newborough,Latrobe Valley,Latrobe - Gippsland,Rest of Vic.
2109538,Moe - Newborough,Latrobe Valley,Latrobe - Gippsland,Rest of Vic.
2109601,Morwell,Latrobe Valley,Latrobe - Gippsland,Rest of Vic.
2109602,Morwell,Latrobe Valley,Latrobe - Gippsland,Rest of Vic.
2109603,Morwell,Latrobe Valley,Latrobe - Gippsland,Rest of Vic.
2109604,Morwell,Latrobe Valley,Latrobe - Gippsland,Rest of Vic.
2109605,Morwell,Latrobe Valley,Latrobe - Gippsland,Rest of Vic.
2109606,Morwell,Latrobe Valley,Latrobe - Gippsland,Rest of Vic.
2109607,Morwell,Latrobe Valley,Latrobe - Gippsland,Rest of Vic.
2109608,Morwell,Latrobe Valley,Latrobe - Gippsland,Rest of Vic.
2109609,Morwell,Latrobe Valley,Latrobe - Gippsland,Rest of Vic.
2109610,Morwell,Latrobe Valley,Latrobe - Gippsland,Rest of Vic.
2109611,Morwell,Latrobe Valley,Latrobe - Gippsland,Rest of Vic.
2109612,Morwell,Latrobe Valley,Latrobe - Gippsland,Rest of Vic.
2109613,Morwell,Latrobe Valley,Latrobe - Gippsland,Rest of Vic.
2109614,Morwell,Latrobe Valley,Latrobe - Gippsland,Rest of Vic.
2109615,Morwell,Latrobe Valley,Latrobe - Gippsland,Rest of Vic.
2109616,Morwell,Latrobe Valley,Latrobe - Gippsland,Rest of Vic.
2109617,Morwell,Latrobe Valley,Latrobe - Gippsland,Rest of Vic.
2109618,Morwell,Latrobe Valley,Latrobe - Gippsland,Rest of Vic.
2109619,Morwell,Latrobe Valley,Latrobe - Gippsland,Rest of Vic.
2109620,Morwell,Latrobe Valley,Latrobe - Gippsland,Rest of Vic.
2109621,Morwell,Latrobe Valley,Latrobe - Gippsland,Rest of Vic.
2109622,Morwell,Latrobe Valley,Latrobe - Gippsland,Rest of Vic.
2109623,Morwell,Latrobe Valley,Latrobe - Gippsland,Rest of Vic.
2109624,Morwell,Latrobe Valley,Latrobe - Gippsland,Rest of Vic.
2109625,Morwell,Latrobe Valley,Latrobe - Gippsland,Rest of Vic.
2109626,Morwell,Latrobe Valley,Latrobe - Gippsland,Rest of Vic.
2109627,Morwell,Latrobe Valley,Latrobe - Gippsland,Rest of Vic.
2109628,Morwell,Latrobe Valley,Latrobe - Gippsland,Rest of Vic.
2109629,Morwell,Latrobe Valley,Latrobe - Gippsland,Rest of Vic.
2109630,Morwell,Latrobe Valley,Latrobe - Gippsland,Rest of Vic.
2109631,Morwell,Latrobe Valley,Latrobe - Gippsland,Rest of Vic.
2109632,Morwell,Latrobe Valley,Latrobe - Gippsland,Rest of Vic.
2109633,Morwell,Latrobe Valley,Latrobe - Gippsland,Rest of Vic.
2109634,Morwell,Latrobe Valley,Latrobe - Gippsland,Rest of Vic.
2109635,Morwell,Latrobe Valley,Latrobe - Gippsland,Rest of Vic.
2109636,Morwell,Latrobe Valley,Latrobe - Gippsland,Rest of Vic.
2109701,Traralgon,Latrobe Valley,Latrobe - Gippsland,Rest of Vic.
2109702,Traralgon,Latrobe Valley,Latrobe - Gippsland,Rest of Vic.
2109703,Traralgon,Latrobe Valley,Latrobe - Gippsland,Rest of Vic.
2109704,Traralgon,Latrobe Valley,Latrobe - Gippsland,Rest of Vic.
2109705,Traralgon,Latrobe Valley,Latrobe - Gippsland,Rest of Vic.
2109706,Traralgon,Latrobe Valley,Latrobe - Gippsland,Rest of Vic.
2109707,Traralgon,Latrobe Valley,Latrobe - Gippsland,Rest of Vic.
2109708,Traralgon,Latrobe Valley,Latrobe - Gippsland,Rest of Vic.
2109709,Traralgon,Latrobe Valley,Latrobe - Gippsland,Rest of Vic.
2109710,Traralgon,Latrobe Valley,Latrobe - Gippsland,Rest of Vic.
2109711,Traralgon,Latrobe Valley,Latrobe - Gippsland,Rest of Vic.
2109712,Traralgon,Latrobe Valley,Latrobe - Gippsland,Rest of Vic.
2109713,Traralgon,Latrobe Valley,Latrobe - Gippsland,Rest of Vic.
2109714,Traralgon,Latrobe Valley,Latrobe - Gippsland,Rest of Vic.
2109715,Traralgon,Latrobe Valley,Latrobe - Gippsland,Rest of Vic.
2109716,Traralgon,Latrobe Valley,Latrobe - Gippsland,Rest of Vic.
2109717,Traralgon,Latrobe Valley,Latrobe - Gippsland,Rest of Vic.
2109718,Traralgon,Latrobe Valley,Latrobe - Gippsland,Rest of Vic.
2109719,Traralgon,Latrobe Valley,Latrobe - Gippsland,Rest of Vic.
2109720,Traralgon,Latrobe Valley,Latrobe - Gippsland,Rest of Vic.
2109721,Traralgon,Latrobe Valley,Latrobe - Gippsland,Rest of Vic.
2109722,Traralgon,Latrobe Valley,Latrobe - Gippsland,Rest of Vic.
2109723,Traralgon,Latrobe Valley,Latrobe - Gippsland,Rest of Vic.
2109724,Traralgon,Latrobe Valley,Latrobe - Gippsland,Rest of Vic.
2109725,Traralgon,Latrobe Valley,Latrobe - Gippsland,Rest of Vic.
2109726,Traralgon,Latrobe Valley,Latrobe - Gippsland,Rest of Vic.
2109727,Traralgon,Latrobe Valley,Latrobe - Gippsland,Rest of Vic.
2109728,Traralgon,Latrobe Valley,Latrobe - Gippsland,Rest of Vic.
2109729,Traralgon,Latrobe Valley,Latrobe - Gippsland,Rest of Vic.
2109730,Traralgon,Latrobe Valley,Latrobe - Gippsland,Rest of Vic.
2109731,Traralgon,Latrobe Valley,Latrobe - Gippsland,Rest of Vic.
2109732,Traralgon,Latrobe Valley,Latrobe - Gippsland,Rest of Vic.
2109733,Traralgon,Latrobe Valley,Latrobe - Gippsland,Rest of Vic.
2109734,Traralgon,Latrobe Valley,Latrobe - Gippsland,Rest of Vic.
2109735,Traralgon,Latrobe Valley,Latrobe - Gippsland,Rest of Vic.
2109736,Traralgon,Latrobe Valley,Latrobe - Gippsland,Rest of Vic.
2109737,Traralgon,Latrobe Valley,Latrobe - Gippsland,Rest of Vic.
2109738,Traralgon,Latrobe Valley,Latrobe - Gippsland,Rest of Vic.
2109739,Traralgon,Latrobe Valley,Latrobe - Gippsland,Rest of Vic.
2109740,Traralgon,Latrobe Valley,Latrobe - Gippsland,Rest of Vic.
2109741,Traralgon,Latrobe Valley,Latrobe - Gippsland,Rest of Vic.
2109742,Traralgon,Latrobe Valley,Latrobe - Gippsland,Rest of Vic.
2109743,Traralgon,Latrobe Valley,Latrobe - Gippsland,Rest of Vic.
2109744,Traralgon,Latrobe Valley,Latrobe - Gippsland,Rest of Vic.
2109745,Traralgon,Latrobe Valley,Latrobe - Gippsland,Rest of Vic.
2109746,Traralgon,Latrobe Valley,Latrobe - Gippsland,Rest of Vic.
2109747,Traralgon,Latrobe Valley,Latrobe - Gippsland,Rest of Vic.
2109748,Traralgon,Latrobe Valley,Latrobe - Gippsland,Rest of Vic.
2109749,Traralgon,Latrobe Valley,Latrobe - Gippsland,Rest of Vic.
2109750,Traralgon,Latrobe Valley,Latrobe - Gippsland,Rest of Vic.
2109751,Traralgon,Latrobe Valley,Latrobe - Gippsland,Rest of Vic.
2109752,Traralgon,Latrobe Valley,Latrobe - Gippsland,Rest of Vic.
2109753,Traralgon,Latrobe Valley,Latrobe - Gippsland,Rest of Vic.
2109754,Traralgon,Latrobe Valley,Latrobe - Gippsland,Rest of Vic.
2109755,Traralgon,Latrobe Valley,Latrobe - Gippsland,Rest of Vic.
2109756,Traralgon,Latrobe Valley,Latrobe - Gippsland,Rest of Vic.
2109757,Traralgon,Latrobe Valley,Latrobe - Gippsland,Rest of Vic.
2109758,Traralgon,Latrobe Valley,Latrobe - Gippsland,Rest of Vic.
2109759,Traralgon,Latrobe Valley,Latrobe - Gippsland,Rest of Vic.
2109760,Traralgon,Latrobe Valley,Latrobe - Gippsland,Rest of Vic.
2109761,Traralgon,Latrobe Valley,Latrobe - Gippsland,Rest of Vic.
2109762,Traralgon,Latrobe Valley,Latrobe - Gippsland,Rest of Vic.
2109763,Traralgon,Latrobe Valley,Latrobe - Gippsland,Rest of Vic.
2109764,Traralgon,Latrobe Valley,Latrobe - Gippsland,Rest of Vic.
2109801,Yallourn North - Glengarry,Latrobe Valley,Latrobe - Gippsland,Rest of Vic.
2109802,Yallourn North - Glengarry,Latrobe Valley,Latrobe - Gippsland,Rest of Vic.
2109803,Yallourn North - Glengarry,Latrobe Valley,Latrobe - Gippsland,Rest of Vic.
2109804,Yallourn North - Glengarry,Latrobe Valley,Latrobe - Gippsland,Rest of Vic.
2109805,Yallourn North - Glengarry,Latrobe Valley,Latrobe - Gippsland,Rest of Vic.
2109806,Yallourn North - Glengarry,Latrobe Valley,Latrobe - Gippsland,Rest of Vic.
2109807,Yallourn North - Glengarry,Latrobe Valley,Latrobe - Gippsland,Rest of Vic.
2109808,Yallourn North - Glengarry,Latrobe Valley,Latrobe - Gippsland,Rest of Vic.
2109809,Yallourn North - Glengarry,Latrobe Valley,Latrobe - Gippsland,Rest of Vic.
2109810,Yallourn North - Glengarry,Latrobe Valley,Latrobe - Gippsland,Rest of Vic.
2109811,Yallourn North - Glengarry,Latrobe Valley,Latrobe - Gippsland,Rest of Vic.
2109812,Yallourn North - Glengarry,Latrobe Valley,Latrobe - Gippsland,Rest of Vic.
2109813,Yallourn North - Glengarry,Latrobe Valley,Latrobe - Gippsland,Rest of Vic.
2109814,Yallourn North - Glengarry,Latrobe Valley,Latrobe - Gippsland,Rest of Vic.
2109901,Alps - West,Wellington,Latrobe - Gippsland,Rest of Vic.
2110001,Longford - Loch Sport,Wellington,Latrobe - Gippsland,Rest of Vic.
2110002,Longford - Loch Sport,Wellington,Latrobe - Gippsland,Rest of Vic.
2110003,Longford - Loch Sport,Wellington,Latrobe - Gippsland,Rest of Vic.
2110004,Longford - Loch Sport,Wellington,Latrobe - Gippsland,Rest of Vic.
2110005,Longford - Loch Sport,Wellington,Latrobe - Gippsland,Rest of Vic.
2110006,Longford - Loch Sport,Wellington,Latrobe - Gippsland,Rest of Vic.
2110007,Longford - Loch Sport,Wellington,Latrobe - Gippsland,Rest of Vic.
2110008,Longford - Loch Sport,Wellington,Latrobe - Gippsland,Rest of Vic.
2110009,Longford - Loch Sport,Wellington,Latrobe - Gippsland,Rest of Vic.
2110010,Longford - Loch Sport,Wellington,Latrobe - Gippsland,Rest of Vic.
2110011,Longford - Loch Sport,Wellington,Latrobe - Gippsland,Rest of Vic.
2110012,Longford - Loch Sport,Wellington,Latrobe - Gippsland,Rest of Vic.
2110013,Longford - Loch Sport,Wellington,Latrobe - Gippsland,Rest of Vic.
2110101,Maffra,Wellington,Latrobe - Gippsland,Rest of Vic.
2110102,Maffra,Wellington,Latrobe - Gippsland,Rest of Vic.
2110103,Maffra,Wellington,Latrobe - Gippsland,Rest of Vic.
2110104,Maffra,Wellington,Latrobe - Gippsland,Rest of Vic.
2110105,Maffra,Wellington,Latrobe - Gippsland,Rest of Vic.
2110106,Maffra,Wellington,Latrobe - Gippsland,Rest of Vic.
2110107,Maffra,Wellington,Latrobe - Gippsland,Rest of Vic.
2110108,Maffra,Wellington,Latrobe - Gippsland,Rest of Vic.
2110109,Maffra,Wellington,Latrobe - Gippsland,Rest of Vic.
2110110,Maffra,Wellington,Latrobe - Gippsland,Rest of Vic.
2110111,Maffra,Wellington,Latrobe - Gippsland,Rest of Vic.
2110112,Maffra,Wellington,Latrobe - Gippsland,Rest of Vic.
2110113,Maffra,Wellington,Latrobe - Gippsland,Rest of Vic.
2110114,Maffra,Wellington,Latrobe - Gippsland,Rest of Vic.
2110115,Maffra,Wellington,Latrobe - Gippsland,Rest of Vic.
2110116,Maffra,Wellington,Latrobe - Gippsland,Rest of Vic.
2110117,Maffra,Wellington,Latrobe - Gippsland,Rest of Vic.
2110118,Maffra,Wellington,Latrobe - Gippsland,Rest of Vic.
2110119,Maffra,Wellington,Latrobe - Gippsland,Rest of Vic.
2110120,Maffra,Wellington,Latrobe - Gippsland,Rest of Vic.
2110121,Maffra,Wellington,Latrobe - Gippsland,Rest of Vic.
2110122,Maffra,Wellington,Latrobe - Gippsland,Rest of Vic.
2110123,Maffra,Wellington,Latrobe - Gippsland,Rest of Vic.
2110124,Maffra,Wellington,Latrobe - Gippsland,Rest of Vic.
2110125,Maffra,Wellington,Latrobe - Gippsland,Rest of Vic.
2110126,Maffra,Wellington,Latrobe - Gippsland,Rest of Vic.
2110127,Maffra,Wellington,Latrobe - Gippsland,Rest of Vic.
2110128,Maffra,Wellington,Latrobe - Gippsland,Rest of Vic.
2110129,Maffra,Wellington,Latrobe - Gippsland,Rest of Vic.
2110130,Maffra,Wellington,Latrobe - Gippsland,Rest of Vic.
2110131,Maffra,Wellington,Latrobe - Gippsland,Rest of Vic.
2110132,Maffra,Wellington,Latrobe - Gippsland,Rest of Vic.
2110133,Maffra,Wellington,Latrobe - Gippsland,Rest of Vic.
2110134,Maffra,Wellington,Latrobe - Gippsland,Rest of Vic.
2110135,Maffra,Wellington,Latrobe - Gippsland,Rest of Vic.
2110201,Rosedale,Wellington,Latrobe - Gippsland,Rest of Vic.
2110202,Rosedale,Wellington,Latrobe - Gippsland,Rest of Vic.
2110203,Rosedale,Wellington,Latrobe - Gippsland,Rest of Vic.
2110204,Rosedale,Wellington,Latrobe - Gippsland,Rest of Vic.
2110205,Rosedale,Wellington,Latrobe - Gippsland,Rest of Vic.
2110206,Rosedale,Wellington,Latrobe - Gippsland,Rest of Vic.
2110207,Rosedale,Wellington,Latrobe - Gippsland,Rest of Vic.
2110208,Rosedale,Wellington,Latrobe - Gippsland,Rest of Vic.
2110209,Rosedale,Wellington,Latrobe - Gippsland,Rest of Vic.
2110210,Rosedale,Wellington,Latrobe - Gippsland,Rest of Vic.
2110211,Rosedale,Wellington,Latrobe - Gippsland,Rest of Vic.
2110212,Rosedale,Wellington,Latrobe - Gippsland,Rest of Vic.
2110301,Sale,Wellington,Latrobe - Gippsland,Rest of Vic.
2110302,Sale,Wellington,Latrobe - Gippsland,Rest of Vic.
2110303,Sale,Wellington,Latrobe - Gippsland,Rest of Vic.
2110304,Sale,Wellington,Latrobe - Gippsland,Rest of Vic.
2110305,Sale,Wellington,Latrobe - Gippsland,Rest of Vic.
2110306,Sale,Wellington,Latrobe - Gippsland,Rest of Vic.
2110307,Sale,Wellington,Latrobe - Gippsland,Rest of Vic.
2110308,Sale,Wellington,Latrobe - Gippsland,Rest of Vic.
2110309,Sale,Wellington,Latrobe - Gippsland,Rest of Vic.
2110310,Sale,Wellington,Latrobe - Gippsland,Rest of Vic.
2110311,Sale,Wellington,Latrobe - Gippsland,Rest of Vic.
2110312,Sale,Wellington,Latrobe - Gippsland,Rest of Vic.
2110313,Sale,Wellington,Latrobe - Gippsland,Rest of Vic.
2110314,Sale,Wellington,Latrobe - Gippsland,Rest of Vic.
2110315,Sale,Wellington,Latrobe - Gippsland,Rest of Vic.
2110316,Sale,Wellington,Latrobe - Gippsland,Rest of Vic.
2110317,Sale,Wellington,Latrobe - Gippsland,Rest of Vic.
2110318,Sale,Wellington,Latrobe - Gippsland,Rest of Vic.
2110319,Sale,Wellington,Latrobe - Gippsland,Rest of Vic.
2110320,Sale,Wellington,Latrobe - Gippsland,Rest of Vic.
2110321,Sale,Wellington,Latrobe - Gippsland,Rest of Vic.
2110322,Sale,Wellington,Latrobe - Gippsland,Rest of Vic.
2110323,Sale,Wellington,Latrobe - Gippsland,Rest of Vic.
2110324,Sale,Wellington,Latrobe - Gippsland,Rest of Vic.
2110325,Sale,Wellington,Latrobe - Gippsland,Rest of Vic.
2110326,Sale,Wellington,Latrobe - Gippsland,Rest of Vic.
2110327,Sale,Wellington,Latrobe - Gippsland,Rest of Vic.
2110328,Sale,Wellington,Latrobe - Gippsland,Rest of Vic.
2110329,Sale,Wellington,Latrobe - Gippsland,Rest of Vic.
2110330,Sale,Wellington,Latrobe - Gippsland,Rest of Vic.
2110331,Sale,Wellington,Latrobe - Gippsland,Rest of Vic.
2110332,Sale,Wellington,Latrobe - Gippsland,Rest of Vic.
2110333,Sale,Wellington,Latrobe - Gippsland,Rest of Vic.
2110334,Sale,Wellington,Latrobe - Gippsland,Rest of Vic.
2110401,Yarram,Wellington,Latrobe - Gippsland,Rest of Vic.
2110402,Yarram,Wellington,Latrobe - Gippsland,Rest of Vic.
2110403,Yarram,Wellington,Latrobe - Gippsland,Rest of Vic.
2110404,Yarram,Wellington,Latrobe - Gippsland,Rest of Vic.
2110405,Yarram,Wellington,Latrobe - Gippsland,Rest of Vic.
2110406,Yarram,Wellington,Latrobe - Gippsland,Rest of Vic.
2110407,Yarram,Wellington,Latrobe - Gippsland,Rest of Vic.
2110408,Yarram,Wellington,Latrobe - Gippsland,Rest of Vic.
2110409,Yarram,Wellington,Latrobe - Gippsland,Rest of Vic.
2110410,Yarram,Wellington,Latrobe - Gippsland,Rest of Vic.
2110411,Yarram,Wellington,Latrobe - Gippsland,Rest of Vic.
2110412,Yarram,Wellington,Latrobe - Gippsland,Rest of Vic.
2110413,Yarram,Wellington,Latrobe - Gippsland,Rest of Vic.
2110414,Yarram,Wellington,Latrobe - Gippsland,Rest of Vic.
2110415,Yarram,Wellington,Latrobe - Gippsland,Rest of Vic.
2110416,Yarram,Wellington,Latrobe - Gippsland,Rest of Vic.
2110501,Brunswick,Brunswick - Coburg,Melbourne - Inner,Greater Melbourne
2110502,Brunswick,Brunswick - Coburg,Melbourne - Inner,Greater Melbourne
2110503,Brunswick,Brunswick - Coburg,Melbourne - Inner,Greater Melbourne
2110504,Brunswick,Brunswick - Coburg,Melbourne - Inner,Greater Melbourne
2110505,Brunswick,Brunswick - Coburg,Melbourne - Inner,Greater Melbourne
2110506,Brunswick,Brunswick - Coburg,Melbourne - Inner,Greater Melbourne
2110507,Brunswick,Brunswick - Coburg,Melbourne - Inner,Greater Melbourne
2110508,Brunswick,Brunswick - Coburg,Melbourne - Inner,Greater Melbourne
2110509,Brunswick,Brunswick - Coburg,Melbourne - Inner,Greater Melbourne
2110510,Brunswick,Brunswick - Coburg,Melbourne - Inner,Greater Melbourne
2110511,Brunswick,Brunswick - Coburg,Melbourne - Inner,Greater Melbourne
2110512,Brunswick,Brunswick - Coburg,Melbourne - Inner,Greater Melbourne
2110513,Brunswick,Brunswick - Coburg,Melbourne - Inner,Greater Melbourne
2110514,Brunswick,Brunswick - Coburg,Melbourne - Inner,Greater Melbourne
2110515,Brunswick,Brunswick - Coburg,Melbourne - Inner,Greater Melbourne
2110516,Brunswick,Brunswick - Coburg,Melbourne - Inner,Greater Melbourne
2110517,Brunswick,Brunswick - Coburg,Melbourne - Inner,Greater Melbourne
2110518,Brunswick,Brunswick - Coburg,Melbourne - Inner,Greater Melbourne
2110519,Brunswick,Brunswick - Coburg,Melbourne - Inner,Greater Melbourne
2110520,Brunswick,Brunswick - Coburg,Melbourne - Inner,Greater Melbourne
2110521,Brunswick,Brunswick - Coburg,Melbourne - Inner,Greater Melbourne
2110522,Brunswick,Brunswick - Coburg,Melbourne - Inner,Greater Melbourne
2110523,Brunswick,Brunswick - Coburg,Melbourne - Inner,Greater Melbourne
2110524,Brunswick,Brunswick - Coburg,Melbourne - Inner,Greater Melbourne
2110525,Brunswick,Brunswick - Coburg,Melbourne - Inner,Greater Melbourne
2110526,Brunswick,Brunswick - Coburg,Melbourne - Inner,Greater Melbourne
2110527,Brunswick,Brunswick - Coburg,Melbourne - Inner,Greater Melbourne
2110528,Brunswick,Brunswick - Coburg,Melbourne - Inner,Greater Melbourne
2110529,Brunswick,Brunswick - Coburg,Melbourne - Inner,Greater Melbourne
2110530,Brunswick,Brunswick - Coburg,Melbourne - Inner,Greater Melbourne
2110531,Brunswick,Brunswick - Coburg,Melbourne - Inner,Greater Melbourne
2110532,Brunswick,Brunswick - Coburg,Melbourne - Inner,Greater Melbourne
2110533,Brunswick,Brunswick - Coburg,Melbourne - Inner,Greater Melbourne
2110534,Brunswick,Brunswick - Coburg,Melbourne - Inner,Greater Melbourne
2110535,Brunswick,Brunswick - Coburg,Melbourne - Inner,Greater Melbourne
2110536,Brunswick,Brunswick - Coburg,Melbourne - Inner,Greater Melbourne
2110537,Brunswick,Brunswick - Coburg,Melbourne - Inner,Greater Melbourne
2110538,Brunswick,Brunswick - Coburg,Melbourne - Inner,Greater Melbourne
2110539,Brunswick,Brunswick - Coburg,Melbourne - Inner,Greater Melbourne
2110540,Brunswick,Brunswick - Coburg,Melbourne - Inner,Greater Melbourne
2110541,Brunswick,Brunswick - Coburg,Melbourne - Inner,Greater Melbourne
2110542,Brunswick,Brunswick - Coburg,Melbourne - Inner,Greater Melbourne
2110543,Brunswick,Brunswick - Coburg,Melbourne - Inner,Greater Melbourne
2110544,Brunswick,Brunswick - Coburg,Melbourne - Inner,Greater Melbourne
2110545,Brunswick,Brunswick - Coburg,Melbourne - Inner,Greater Melbourne
2110546,Brunswick,Brunswick - Coburg,Melbourne - Inner,Greater Melbourne
2110547,Brunswick,Brunswick - Coburg,Melbourne - Inner,Greater Melbourne
2110548,Brunswick,Brunswick - Coburg,Melbourne - Inner,Greater Melbourne
2110549,Brunswick,Brunswick - Coburg,Melbourne - Inner,Greater Melbourne
2110550,Brunswick,Brunswick - Coburg,Melbourne - Inner,Greater Melbourne
2110601,Brunswick East,Brunswick - Coburg,Melbourne - Inner,Greater Melbourne
2110602,Brunswick East,Brunswick - Coburg,Melbourne - Inner,Greater Melbourne
2110603,Brunswick East,Brunswick - Coburg,Melbourne - Inner,Greater Melbourne
2110604,Brunswick East,Brunswick - Coburg,Melbourne - Inner,Greater Melbourne
2110605,Brunswick East,Brunswick - Coburg,Melbourne - Inner,Greater Melbourne
2110606,Brunswick East,Brunswick - Coburg,Melbourne - Inner,Greater Melbourne
2110607,Brunswick East,Brunswick - Coburg,Melbourne - Inner,Greater Melbourne
2110608,Brunswick East,Brunswick - Coburg,Melbourne - Inner,Greater Melbourne
2110609,Brunswick East,Brunswick - Coburg,Melbourne - Inner,Greater Melbourne
2110610,Brunswick East,Brunswick - Coburg,Melbourne - Inner,Greater Melbourne
2110611,Brunswick East,Brunswick - Coburg,Melbourne - Inner,Greater Melbourne
2110612,Brunswick East,Brunswick - Coburg,Melbourne - Inner,Greater Melbourne
2110613,Brunswick East,Brunswick - Coburg,Melbourne - Inner,Greater Melbourne
2110614,Brunswick East,Brunswick - Coburg,Melbourne - Inner,Greater Melbourne
2110615,Brunswick East,Brunswick - Coburg,Melbourne - Inner,Greater Melbourne
2110616,Brunswick East,Brunswick - Coburg,Melbourne - Inner,Greater Melbourne
2110617,Brunswick East,Brunswick - Coburg,Melbourne - Inner,Greater Melbourne
2110618,Brunswick East,Brunswick - Coburg,Melbourne - Inner,Greater Melbourne
2110619,Brunswick East,Brunswick - Coburg,Melbourne - Inner,Greater Melbourne
2110701,Brunswick West,Brunswick - Coburg,Melbourne - Inner,Greater Melbourne
2110702,Brunswick West,Brunswick - Coburg,Melbourne - Inner,Greater Melbourne
2110703,Brunswick West,Brunswick - Coburg,Melbourne - Inner,Greater Melbourne
2110704,Brunswick West,Brunswick - Coburg,Melbourne - Inner,Greater Melbourne
2110705,Brunswick West,Brunswick - Coburg,Melbourne - Inner,Greater Melbourne
2110706,Brunswick West,Brunswick - Coburg,Melbourne - Inner,Greater Melbourne
2110707,Brunswick West,Brunswick - Coburg,Melbourne - Inner,Greater Melbourne
2110708,Brunswick West,Brunswick - Coburg,Melbourne - Inner,Greater Melbourne
2110709,Brunswick West,Brunswick - Coburg,Melbourne - Inner,Greater Melbourne
2110710,Brunswick West,Brunswick - Coburg,Melbourne - Inner,Greater Melbourne
2110711,Brunswick West,Brunswick - Coburg,Melbourne - Inner,Greater Melbourne
2110712,Brunswick West,Brunswick - Coburg,Melbourne - Inner,Greater Melbourne
2110713,Brunswick West,Brunswick - Coburg,Melbourne - Inner,Greater Melbourne
2110714,Brunswick West,Brunswick - Coburg,Melbourne - Inner,Greater Melbourne
2110715,Brunswick West,Brunswick - Coburg,Melbourne - Inner,Greater Melbourne
2110716,Brunswick West,Brunswick - Coburg,Melbourne - Inner,Greater Melbourne
2110717,Brunswick West,Brunswick - Coburg,Melbourne - Inner,Greater Melbourne
2110718,Brunswick West,Brunswick - Coburg,Melbourne - Inner,Greater Melbourne
2110719,Brunswick West,Brunswick - Coburg,Melbourne - Inner,Greater Melbourne
2110720,Brunswick West,Brunswick - Coburg,Melbourne - Inner,Greater Melbourne
2110721,Brunswick West,Brunswick - Coburg,Melbourne - Inner,Greater Melbourne
2110722,Brunswick West,Brunswick - Coburg,Melbourne - Inner,Greater Melbourne
2110723,Brunswick West,Brunswick - Coburg,Melbourne - Inner,Greater Melbourne
2110724,Brunswick West,Brunswick - Coburg,Melbourne - Inner,Greater Melbourne
2110725,Brunswick West,Brunswick - Coburg,Melbourne - Inner,Greater Melbourne
2110726,Brunswick West,Brunswick - Coburg,Melbourne - Inner,Greater Melbourne
2110727,Brunswick West,Brunswick - Coburg,Melbourne - Inner,Greater Melbourne
2110728,Brunswick West,Brunswick - Coburg,Melbourne - Inner,Greater Melbourne
2110729,Brunswick West,Brunswick - Coburg,Melbourne - Inner,Greater Melbourne
2110730,Brunswick West,Brunswick - Coburg,Melbourne - Inner,Greater Melbourne
2110731,Brunswick West,Brunswick - Coburg,Melbourne - Inner,Greater Melbourne
2110801,Coburg,Brunswick - Coburg,Melbourne - Inner,Greater Melbourne
2110802,Coburg,Brunswick - Coburg,Melbourne - Inner,Greater Melbourne
2110803,Coburg,Brunswick - Coburg,Melbourne - Inner,Greater Melbourne
2110804,Coburg,Brunswick - Coburg,Melbourne - Inner,Greater Melbourne
2110805,Coburg,Brunswick - Coburg,Melbourne - Inner,Greater Melbourne
2110806,Coburg,Brunswick - Coburg,Melbourne - Inner,Greater Melbourne
2110807,Coburg,Brunswick - Coburg,Melbourne - Inner,Greater Melbourne
2110808,Coburg,Brunswick - Coburg,Melbourne - Inner,Greater Melbourne
2110809,Coburg,Brunswick - Coburg,Melbourne - Inner,Greater Melbourne
2110810,Coburg,Brunswick - Coburg,Melbourne - Inner,Greater Melbourne
2110811,Coburg,Brunswick - Coburg,Melbourne - Inner,Greater Melbourne
2110812,Coburg,Brunswick - Coburg,Melbourne - Inner,Greater Melbourne
2110813,Coburg,Brunswick - Coburg,Melbourne - Inner,Greater Melbourne
2110814,Coburg,Brunswick - Coburg,Melbourne - Inner,Greater Melbourne
2110815,Coburg,Brunswick - Coburg,Melbourne - Inner,Greater Melbourne
2110816,Coburg,Brunswick - Coburg,Melbourne - Inner,Greater Melbourne
2110817,Coburg,Brunswick - Coburg,Melbourne - Inner,Greater Melbourne
2110818,Coburg,Brunswick - Coburg,Melbourne - Inner,Greater Melbourne
2110819,Coburg,Brunswick - Coburg,Melbourne - Inner,Greater Melbourne
2110820,Coburg,Brunswick - Coburg,Melbourne - Inner,Greater Melbourne
2110821,Coburg,Brunswick - Coburg,Melbourne - Inner,Greater Melbourne
2110822,Coburg,Brunswick - Coburg,Melbourne - Inner,Greater Melbourne
2110823,Coburg,Brunswick - Coburg,Melbourne - Inner,Greater Melbourne
2110824,Coburg,Brunswick - Coburg,Melbourne - Inner,Greater Melbourne
2110825,Coburg,Brunswick - Coburg,Melbourne - Inner,Greater Melbourne
2110826,Coburg,Brunswick - Coburg,Melbourne - Inner,Greater Melbourne
2110827,Coburg,Brunswick - Coburg,Melbourne - Inner,Greater Melbourne
2110828,Coburg,Brunswick - Coburg,Melbourne - Inner,Greater Melbourne
2110829,Coburg,Brunswick - Coburg,Melbourne - Inner,Greater Melbourne
2110830,Coburg,Brunswick - Coburg,Melbourne - Inner,Greater Melbourne
2110831,Coburg,Brunswick - Coburg,Melbourne - Inner,Greater Melbourne
2110832,Coburg,Brunswick - Coburg,Melbourne - Inner,Greater Melbourne
2110833,Coburg,Brunswick - Coburg,Melbourne - Inner,Greater Melbourne
2110834,Coburg,Brunswick - Coburg,Melbourne - Inner,Greater Melbourne
2110835,Coburg,Brunswick - Coburg,Melbourne - Inner,Greater Melbourne
2110836,Coburg,Brunswick - Coburg,Melbourne - Inner,Greater Melbourne
2110837,Coburg,Brunswick - Coburg,Melbourne - Inner,Greater Melbourne
2110838,Coburg,Brunswick - Coburg,Melbourne - Inner,Greater Melbourne
2110839,Coburg,Brunswick - Coburg,Melbourne - Inner,Greater Melbourne
2110840,Coburg,Brunswick - Coburg,Melbourne - Inner,Greater Melbourne
2110841,Coburg,Brunswick - Coburg,Melbourne - Inner,Greater Melbourne
2110842,Coburg,Brunswick - Coburg,Melbourne - Inner,Greater Melbourne
2110843,Coburg,Brunswick - Coburg,Melbourne - Inner,Greater Melbourne
2110844,Coburg,Brunswick - Coburg,Melbourne - Inner,Greater Melbourne
2110845,Coburg,Brunswick - Coburg,Melbourne - Inner,Greater Melbourne
2110846,Coburg,Brunswick - Coburg,Melbourne - Inner,Greater Melbourne
2110847,Coburg,Brunswick - Coburg,Melbourne - Inner,Greater Melbourne
2110848,Coburg,Brunswick - Coburg,Melbourne - Inner,Greater Melbourne
2110849,Coburg,Brunswick - Coburg,Melbourne - Inner,Greater Melbourne
2110850,Coburg,Brunswick - Coburg,Melbourne - Inner,Greater Melbourne
2110851,Coburg,Brunswick - Coburg,Melbourne - Inner,Greater Melbourne
2110852,Coburg,Brunswick - Coburg,Melbourne - Inner,Greater Melbourne
2110853,Coburg,Brunswick - Coburg,Melbourne - Inner,Greater Melbourne
2110854,Coburg,Brunswick - Coburg,Melbourne - Inner,Greater Melbourne
2110855,Coburg,Brunswick - Coburg,Melbourne - Inner,Greater Melbourne
2110856,Coburg,Brunswick - Coburg,Melbourne - Inner,Greater Melbourne
2110857,Coburg,Brunswick - Coburg,Melbourne - Inner,Greater Melbourne
2110858,Coburg,Brunswick - Coburg,Melbourne - Inner,Greater Melbourne
2110859,Coburg,Brunswick - Coburg,Melbourne - Inner,Greater Melbourne
2110860,Coburg,Brunswick - Coburg,Melbourne - Inner,Greater Melbourne
2110901,Pascoe Vale South,Brunswick - Coburg,Melbourne - Inner,Greater Melbourne
2110902,Pascoe Vale South,Brunswick - Coburg,Melbourne - Inner,Greater Melbourne
2110903,Pascoe Vale South,Brunswick - Coburg,Melbourne - Inner,Greater Melbourne
2110904,Pascoe Vale South,Brunswick - Coburg,Melbourne - Inner,Greater Melbourne
2110905,Pascoe Vale South,Brunswick - Coburg,Melbourne - Inner,Greater Melbourne
2110906,Pascoe Vale South,Brunswick - Coburg,Melbourne - Inner,Greater Melbourne
2110907,Pascoe Vale South,Brunswick - Coburg,Melbourne - Inner,Greater Melbourne
2110908,Pascoe Vale South,Brunswick - Coburg,Melbourne - Inner,Greater Melbourne
2110909,Pascoe Vale South,Brunswick - Coburg,Melbourne - Inner,Greater Melbourne
2110910,Pascoe Vale South,Brunswick - Coburg,Melbourne - Inner,Greater Melbourne
2110911,Pascoe Vale South,Brunswick - Coburg,Melbourne - Inner,Greater Melbourne
2110912,Pascoe Vale South,Brunswick - Coburg,Melbourne - Inner,Greater Melbourne
2110913,Pascoe Vale South,Brunswick - Coburg,Melbourne - Inner,Greater Melbourne
2110914,Pascoe Vale South,Brunswick - Coburg,Melbourne - Inner,Greater Melbourne
2110915,Pascoe Vale South,Brunswick - Coburg,Melbourne - Inner,Greater Melbourne
2110916,Pascoe Vale South,Brunswick - Coburg,Melbourne - Inner,Greater Melbourne
2110917,Pascoe Vale South,Brunswick - Coburg,Melbourne - Inner,Greater Melbourne
2110918,Pascoe Vale South,Brunswick - Coburg,Melbourne - Inner,Greater Melbourne
2110919,Pascoe Vale South,Brunswick - Coburg,Melbourne - Inner,Greater Melbourne
2110920,Pascoe Vale South,Brunswick - Coburg,Melbourne - Inner,Greater Melbourne
2110921,Pascoe Vale South,Brunswick - Coburg,Melbourne - Inner,Greater Melbourne
2110922,Pascoe Vale South,Brunswick - Coburg,Melbourne - Inner,Greater Melbourne
2110923,Pascoe Vale South,Brunswick - Coburg,Melbourne - Inner,Greater Melbourne
2110924,Pascoe Vale South,Brunswick - Coburg,Melbourne - Inner,Greater Melbourne
2111001,Alphington - Fairfield,Darebin - South,Melbourne - Inner,Greater Melbourne
2111002,Alphington - Fairfield,Darebin - South,Melbourne - Inner,Greater Melbourne
2111003,Alphington - Fairfield,Darebin - South,Melbourne - Inner,Greater Melbourne
2111004,Alphington - Fairfield,Darebin - South,Melbourne - Inner,Greater Melbourne
2111005,Alphington - Fairfield,Darebin - South,Melbourne - Inner,Greater Melbourne
2111006,Alphington - Fairfield,Darebin - South,Melbourne - Inner,Greater Melbourne
2111007,Alphington - Fairfield,Darebin - South,Melbourne - Inner,Greater Melbourne
2111008,Alphington - Fairfield,Darebin - South,Melbourne - Inner,Greater Melbourne
2111009,Alphington - Fairfield,Darebin - South,Melbourne - Inner,Greater Melbourne
2111010,Alphington - Fairfield,Darebin - South,Melbourne - Inner,Greater Melbourne
2111011,Alphington - Fairfield,Darebin - South,Melbourne - Inner,Greater Melbourne
2111012,Alphington - Fairfield,Darebin - South,Melbourne - Inner,Greater Melbourne
2111013,Alphington - Fairfield,Darebin - South,Melbourne - Inner,Greater Melbourne
2111014,Alphington - Fairfield,Darebin - South,Melbourne - Inner,Greater Melbourne
2111015,Alphington - Fairfield,Darebin - South,Melbourne - Inner,Greater Melbourne
2111016,Alphington - Fairfield,Darebin - South,Melbourne - Inner,Greater Melbourne
2111017,Alphington - Fairfield,Darebin - South,Melbourne - Inner,Greater Melbourne
2111018,Alphington - Fairfield,Darebin - South,Melbourne - Inner,Greater Melbourne
2111019,Alphington - Fairfield,Darebin - South,Melbourne - Inner,Greater Melbourne
2111020,Alphington - Fairfield,Darebin - South,Melbourne - Inner,Greater Melbourne
2111021,Alphington - Fairfield,Darebin - South,Melbourne - Inner,Greater Melbourne
2111022,Alphington - Fairfield,Darebin - South,Melbourne - Inner,Greater Melbourne
2111101,Northcote,Darebin - South,Melbourne - Inner,Greater Melbourne
2111102,Northcote,Darebin - South,Melbourne - Inner,Greater Melbourne
2111103,Northcote,Darebin - South,Melbourne - Inner,Greater Melbourne
2111104,Northcote,Darebin - South,Melbourne - Inner,Greater Melbourne
2111105,Northcote,Darebin - South,Melbourne - Inner,Greater Melbourne
2111106,Northcote,Darebin - South,Melbourne - Inner,Greater Melbourne
2111107,Northcote,Darebin - South,Melbourne - Inner,Greater Melbourne
2111108,Northcote,Darebin - South,Melbourne - Inner,Greater Melbourne
2111109,Northcote,Darebin - South,Melbourne - Inner,Greater Melbourne
2111110,Northcote,Darebin - South,Melbourne - Inner,Greater Melbourne
2111111,Northcote,Darebin - South,Melbourne - Inner,Greater Melbourne
2111112,Northcote,Darebin - South,Melbourne - Inner,Greater Melbourne
2111113,Northcote,Darebin - South,Melbourne - Inner,Greater Melbourne
2111114,Northcote,Darebin - South,Melbourne - Inner,Greater Melbourne
2111115,Northcote,Darebin - South,Melbourne - Inner,Greater Melbourne
2111116,Northcote,Darebin - South,Melbourne - Inner,Greater Melbourne
2111117,Northcote,Darebin - South,Melbourne - Inner,Greater Melbourne
2111118,Northcote,Darebin - South,Melbourne - Inner,Greater Melbourne
2111119,Northcote,Darebin - South,Melbourne - Inner,Greater Melbourne
2111120,Northcote,Darebin - South,Melbourne - Inner,Greater Melbourne
2111121,Northcote,Darebin - South,Melbourne - Inner,Greater Melbourne
2111122,Northcote,Darebin - South,Melbourne - Inner,Greater Melbourne
2111123,Northcote,Darebin - South,Melbourne - Inner,Greater Melbourne
2111124,Northcote,Darebin - South,Melbourne - Inner,Greater Melbourne
2111125,Northcote,Darebin - South,Melbourne - Inner,Greater Melbourne
2111126,Northcote,Darebin - South,Melbourne - Inner,Greater Melbourne
2111127,Northcote,Darebin - South,Melbourne - Inner,Greater Melbourne
2111128,Northcote,Darebin - South,Melbourne - Inner,Greater Melbourne
2111129,Northcote,Darebin - South,Melbourne - Inner,Greater Melbourne
2111130,Northcote,Darebin - South,Melbourne - Inner,Greater Melbourne
2111131,Northcote,Darebin - South,Melbourne - Inner,Greater Melbourne
2111132,Northcote,Darebin - South,Melbourne - Inner,Greater Melbourne
2111133,Northcote,Darebin - South,Melbourne - Inner,Greater Melbourne
2111134,Northcote,Darebin - South,Melbourne - Inner,Greater Melbourne
2111135,Northcote,Darebin - South,Melbourne - Inner,Greater Melbourne
2111136,Northcote,Darebin - South,Melbourne - Inner,Greater Melbourne
2111137,Northcote,Darebin - South,Melbourne - Inner,Greater Melbourne
2111138,Northcote,Darebin - South,Melbourne - Inner,Greater Melbourne
2111139,Northcote,Darebin - South,Melbourne - Inner,Greater Melbourne
2111140,Northcote,Darebin - South,Melbourne - Inner,Greater Melbourne
2111141,Northcote,Darebin - South,Melbourne - Inner,Greater Melbourne
2111142,Northcote,Darebin - South,Melbourne - Inner,Greater Melbourne
2111143,Northcote,Darebin - South,Melbourne - Inner,Greater Melbourne
2111144,Northcote,Darebin - South,Melbourne - Inner,Greater Melbourne
2111145,Northcote,Darebin - South,Melbourne - Inner,Greater Melbourne
2111146,Northcote,Darebin - South,Melbourne - Inner,Greater Melbourne
2111147,Northcote,Darebin - South,Melbourne - Inner,Greater Melbourne
2111148,Northcote,Darebin - South,Melbourne - Inner,Greater Melbourne
2111149,Northcote,Darebin - South,Melbourne - Inner,Greater Melbourne
2111150,Northcote,Darebin - South,Melbourne - Inner,Greater Melbourne
2111151,Northcote,Darebin - South,Melbourne - Inner,Greater Melbourne
2111152,Northcote,Darebin - South,Melbourne - Inner,Greater Melbourne
2111153,Northcote,Darebin - South,Melbourne - Inner,Greater Melbourne
2111201,Thornbury,Darebin - South,Melbourne - Inner,Greater Melbourne
2111202,Thornbury,Darebin - South,Melbourne - Inner,Greater Melbourne
2111203,Thornbury,Darebin - South,Melbourne - Inner,Greater Melbourne
2111204,Thornbury,Darebin - South,Melbourne - Inner,Greater Melbourne
2111205,Thornbury,Darebin - South,Melbourne - Inner,Greater Melbourne
2111206,Thornbury,Darebin - South,Melbourne - Inner,Greater Melbourne
2111207,Thornbury,Darebin - South,Melbourne - Inner,Greater Melbourne
2111208,Thornbury,Darebin - South,Melbourne - Inner,Greater Melbourne
2111209,Thornbury,Darebin - South,Melbourne - Inner,Greater Melbourne
2111210,Thornbury,Darebin - South,Melbourne - Inner,Greater Melbourne
2111211,Thornbury,Darebin - South,Melbourne - Inner,Greater Melbourne
2111212,Thornbury,Darebin - South,Melbourne - Inner,Greater Melbourne
2111213,Thornbury,Darebin - South,Melbourne - Inner,Greater Melbourne
2111214,Thornbury,Darebin - South,Melbourne - Inner,Greater Melbourne
2111215,Thornbury,Darebin - South,Melbourne - Inner,Greater Melbourne
2111216,Thornbury,Darebin - South,Melbourne - Inner,Greater Melbourne
2111217,Thornbury,Darebin - South,Melbourne - Inner,Greater Melbourne
2111218,Thornbury,Darebin - South,Melbourne - Inner,Greater Melbourne
2111219,Thornbury,Darebin - South,Melbourne - Inner,Greater Melbourne
2111220,Thornbury,Darebin - South,Melbourne - Inner,Greater Melbourne
2111221,Thornbury,Darebin - South,Melbourne - Inner,Greater Melbourne
2111222,Thornbury,Darebin - South,Melbourne - Inner,Greater Melbourne
2111223,Thornbury,Darebin - South,Melbourne - Inner,Greater Melbourne
2111224,Thornbury,Darebin - South,Melbourne - Inner,Greater Melbourne
2111225,Thornbury,Darebin - South,Melbourne - Inner,Greater Melbourne
2111226,Thornbury,Darebin - South,Melbourne - Inner,Greater Melbourne
2111227,Thornbury,Darebin - South,Melbourne - Inner,Greater Melbourne
2111228,Thornbury,Darebin - South,Melbourne - Inner,Greater Melbourne
2111229,Thornbury,Darebin - South,Melbourne - Inner,Greater Melbourne
2111230,Thornbury,Darebin - South,Melbourne - Inner,Greater Melbourne
2111231,Thornbury,Darebin - South,Melbourne - Inner,Greater Melbourne
2111232,Thornbury,Darebin - South,Melbourne - Inner,Greater Melbourne
2111233,Thornbury,Darebin - South,Melbourne - Inner,Greater Melbourne
2111234,Thornbury,Darebin - South,Melbourne - Inner,Greater Melbourne
2111235,Thornbury,Darebin - South,Melbourne - Inner,Greater Melbourne
2111236,Thornbury,Darebin - South,Melbourne - Inner,Greater Melbourne
2111237,Thornbury,Darebin - South,Melbourne - Inner,Greater Melbourne
2111238,Thornbury,Darebin - South,Melbourne - Inner,Greater Melbourne
2111239,Thornbury,Darebin - South,Melbourne - Inner,Greater Melbourne
2111240,Thornbury,Darebin - South,Melbourne - Inner,Greater Melbourne
2111241,Thornbury,Darebin - South,Melbourne - Inner,Greater Melbourne
2111242,Thornbury,Darebin - South,Melbourne - Inner,Greater Melbourne
2111301,Ascot Vale,Essendon,Melbourne - Inner,Greater Melbourne
2111302,Ascot Vale,Essendon,Melbourne - Inner,Greater Melbourne
2111303,Ascot Vale,Essendon,Melbourne - Inner,Greater Melbourne
2111304,Ascot Vale,Essendon,Melbourne - Inner,Greater Melbourne
2111305,Ascot Vale,Essendon,Melbourne - Inner,Greater Melbourne
2111306,Ascot Vale,Essendon,Melbourne - Inner,Greater Melbourne
2111307,Ascot Vale,Essendon,Melbourne - Inner,Greater Melbourne
2111308,Ascot Vale,Essendon,Melbourne - Inner,Greater Melbourne
2111309,Ascot Vale,Essendon,Melbourne - Inner,Greater Melbourne
2111310,Ascot Vale,Essendon,Melbourne - Inner,Greater Melbourne
2111311,Ascot Vale,Essendon,Melbourne - Inner,Greater Melbourne
2111312,Ascot Vale,Essendon,Melbourne - Inner,Greater Melbourne
2111313,Ascot Vale,Essendon,Melbourne - Inner,Greater Melbourne
2111314,Ascot Vale,Essendon,Melbourne - Inner,Greater Melbourne
2111315,Ascot Vale,Essendon,Melbourne - Inner,Greater Melbourne
2111316,Ascot Vale,Essendon,Melbourne - Inner,Greater Melbourne
2111317,Ascot Vale,Essendon,Melbourne - Inner,Greater Melbourne
2111318,Ascot Vale,Essendon,Melbourne - Inner,Greater Melbourne
2111319,Ascot Vale,Essendon,Melbourne - Inner,Greater Melbourne
2111320,Ascot Vale,Essendon,Melbourne - Inner,Greater Melbourne
2111321,Ascot Vale,Essendon,Melbourne - Inner,Greater Melbourne
2111322,Ascot Vale,Essendon,Melbourne - Inner,Greater Melbourne
2111323,Ascot Vale,Essendon,Melbourne - Inner,Greater Melbourne
2111324,Ascot Vale,Essendon,Melbourne - Inner,Greater Melbourne
2111325,Ascot Vale,Essendon,Melbourne - Inner,Greater Melbourne
2111326,Ascot Vale,Essendon,Melbourne - Inner,Greater Melbourne
2111327,Ascot Vale,Essendon,Melbourne - Inner,Greater Melbourne
2111328,Ascot Vale,Essendon,Melbourne - Inner,Greater Melbourne
2111329,Ascot Vale,Essendon,Melbourne - Inner,Greater Melbourne
2111330,Ascot Vale,Essendon,Melbourne - Inner,Greater Melbourne
2111331,Ascot Vale,Essendon,Melbourne - Inner,Greater Melbourne
2111332,Ascot Vale,Essendon,Melbourne - Inner,Greater Melbourne
2111401,Essendon - Aberfeldie,Essendon,Melbourne - Inner,Greater Melbourne
2111402,Essendon - Aberfeldie,Essendon,Melbourne - Inner,Greater Melbourne
2111403,Essendon - Aberfeldie,Essendon,Melbourne - Inner,Greater Melbourne
2111404,Essendon - Aberfeldie,Essendon,Melbourne - Inner,Greater Melbourne
2111405,Essendon - Aberfeldie,Essendon,Melbourne - Inner,Greater Melbourne
2111406,Essendon - Aberfeldie,Essendon,Melbourne - Inner,Greater Melbourne
2111407,Essendon - Aberfeldie,Essendon,Melbourne - Inner,Greater Melbourne
2111408,Essendon - Aberfeldie,Essendon,Melbourne - Inner,Greater Melbourne
2111409,Essendon - Aberfeldie,Essendon,Melbourne - Inner,Greater Melbourne
2111410,Essendon - Aberfeldie,Essendon,Melbourne - Inner,Greater Melbourne
2111411,Essendon - Aberfeldie,Essendon,Melbourne - Inner,Greater Melbourne
2111412,Essendon - Aberfeldie,Essendon,Melbourne - Inner,Greater Melbourne
2111413,Essendon - Aberfeldie,Essendon,Melbourne - Inner,Greater Melbourne
2111414,Essendon - Aberfeldie,Essendon,Melbourne - Inner,Greater Melbourne
2111415,Essendon - Aberfeldie,Essendon,Melbourne - Inner,Greater Melbourne
2111416,Essendon - Aberfeldie,Essendon,Melbourne - Inner,Greater Melbourne
2111417,Essendon - Aberfeldie,Essendon,Melbourne - Inner,Greater Melbourne
2111418,Essendon - Aberfeldie,Essendon,Melbourne - Inner,Greater Melbourne
2111419,Essendon - Aberfeldie,Essendon,Melbourne - Inner,Greater Melbourne
2111420,Essendon - Aberfeldie,Essendon,Melbourne - Inner,Greater Melbourne
2111421,Essendon - Aberfeldie,Essendon,Melbourne - Inner,Greater Melbourne
2111422,Essendon - Aberfeldie,Essendon,Melbourne - Inner,Greater Melbourne
2111423,Essendon - Aberfeldie,Essendon,Melbourne - Inner,Greater Melbourne
2111424,Essendon - Aberfeldie,Essendon,Melbourne - Inner,Greater Melbourne
2111425,Essendon - Aberfeldie,Essendon,Melbourne - Inner,Greater Melbourne
2111426,Essendon - Aberfeldie,Essendon,Melbourne - Inner,Greater Melbourne
2111427,Essendon - Aberfeldie,Essendon,Melbourne - Inner,Greater Melbourne
2111428,Essendon - Aberfeldie,Essendon,Melbourne - Inner,Greater Melbourne
2111429,Essendon - Aberfeldie,Essendon,Melbourne - Inner,Greater Melbourne
2111430,Essendon - Aberfeldie,Essendon,Melbourne - Inner,Greater Melbourne
2111431,Essendon - Aberfeldie,Essendon,Melbourne - Inner,Greater Melbourne
2111432,Essendon - Aberfeldie,Essendon,Melbourne - Inner,Greater Melbourne
2111433,Essendon - Aberfeldie,Essendon,Melbourne - Inner,Greater Melbourne
2111434,Essendon - Aberfeldie,Essendon,Melbourne - Inner,Greater Melbourne
2111435,Essendon - Aberfeldie,Essendon,Melbourne - Inner,Greater Melbourne
2111436,Essendon - Aberfeldie,Essendon,Melbourne - Inner,Greater Melbourne
2111437,Essendon - Aberfeldie,Essendon,Melbourne - Inner,Greater Melbourne
2111438,Essendon - Aberfeldie,Essendon,Melbourne - Inner,Greater Melbourne
2111439,Essendon - Aberfeldie,Essendon,Melbourne - Inner,Greater Melbourne
2111440,Essendon - Aberfeldie,Essendon,Melbourne - Inner,Greater Melbourne
2111441,Essendon - Aberfeldie,Essendon,Melbourne - Inner,Greater Melbourne
2111442,Essendon - Aberfeldie,Essendon,Melbourne - Inner,Greater Melbourne
2111443,Essendon - Aberfeldie,Essendon,Melbourne - Inner,Greater Melbourne
2111444,Essendon - Aberfeldie,Essendon,Melbourne - Inner,Greater Melbourne
2111445,Essendon - Aberfeldie,Essendon,Melbourne - Inner,Greater Melbourne
2111446,Essendon - Aberfeldie,Essendon,Melbourne - Inner,Greater Melbourne
2111447,Essendon - Aberfeldie,Essendon,Melbourne - Inner,Greater Melbourne
2111448,Essendon - Aberfeldie,Essendon,Melbourne - Inner,Greater Melbourne
2111449,Essendon - Aberfeldie,Essendon,Melbourne - Inner,Greater Melbourne
2111450,Essendon - Aberfeldie,Essendon,Melbourne - Inner,Greater Melbourne
2111451,Essendon - Aberfeldie,Essendon,Melbourne - Inner,Greater Melbourne
2111452,Essendon - Aberfeldie,Essendon,Melbourne - Inner,Greater Melbourne
2111453,Essendon - Aberfeldie,Essendon,Melbourne - Inner,Greater Melbourne
2111454,Essendon - Aberfeldie,Essendon,Melbourne - Inner,Greater Melbourne
2111455,Essendon - Aberfeldie,Essendon,Melbourne - Inner,Greater Melbourne
2111456,Essendon - Aberfeldie,Essendon,Melbourne - Inner,Greater Melbourne
2111457,Essendon - Aberfeldie,Essendon,Melbourne - Inner,Greater Melbourne
2111458,Essendon - Aberfeldie,Essendon,Melbourne - Inner,Greater Melbourne
2111459,Essendon - Aberfeldie,Essendon,Melbourne - Inner,Greater Melbourne
2111460,Essendon - Aberfeldie,Essendon,Melbourne - Inner,Greater Melbourne
2111461,Essendon - Aberfeldie,Essendon,Melbourne - Inner,Greater Melbourne
2111501,Flemington,Essendon,Melbourne - Inner,Greater Melbourne
2111502,Flemington,Essendon,Melbourne - Inner,Greater Melbourne
2111503,Flemington,Essendon,Melbourne - Inner,Greater Melbourne
2111504,Flemington,Essendon,Melbourne - Inner,Greater Melbourne
2111505,Flemington,Essendon,Melbourne - Inner,Greater Melbourne
2111506,Flemington,Essendon,Melbourne - Inner,Greater Melbourne
2111507,Flemington,Essendon,Melbourne - Inner,Greater Melbourne
2111508,Flemington,Essendon,Melbourne - Inner,Greater Melbourne
2111509,Flemington,Essendon,Melbourne - Inner,Greater Melbourne
2111510,Flemington,Essendon,Melbourne - Inner,Greater Melbourne
2111511,Flemington,Essendon,Melbourne - Inner,Greater Melbourne
2111512,Flemington,Essendon,Melbourne - Inner,Greater Melbourne
2111513,Flemington,Essendon,Melbourne - Inner,Greater Melbourne
2111514,Flemington,Essendon,Melbourne - Inner,Greater Melbourne
2111515,Flemington,Essendon,Melbourne - Inner,Greater Melbourne
2111516,Flemington,Essendon,Melbourne - Inner,Greater Melbourne
2111517,Flemington,Essendon,Melbourne - Inner,Greater Melbourne
2111518,Flemington,Essendon,Melbourne - Inner,Greater Melbourne
2111519,Flemington,Essendon,Melbourne - Inner,Greater Melbourne
2111520,Flemington,Essendon,Melbourne - Inner,Greater Melbourne
2111521,Flemington,Essendon,Melbourne - Inner,Greater Melbourne
2111601,Moonee Ponds,Essendon,Melbourne - Inner,Greater Melbourne
2111602,Moonee Ponds,Essendon,Melbourne - Inner,Greater Melbourne
2111603,Moonee Ponds,Essendon,Melbourne - Inner,Greater Melbourne
2111604,Moonee Ponds,Essendon,Melbourne - Inner,Greater Melbourne
2111605,Moonee Ponds,Essendon,Melbourne - Inner,Greater Melbourne
2111606,Moonee Ponds,Essendon,Melbourne - Inner,Greater Melbourne
2111607,Moonee Ponds,Essendon,Melbourne - Inner,Greater Melbourne
2111608,Moonee Ponds,Essendon,Melbourne - Inner,Greater Melbourne
2111609,Moonee Ponds,Essendon,Melbourne - Inner,Greater Melbourne
2111610,Moonee Ponds,Essendon,Melbourne - Inner,Greater Melbourne
2111611,Moonee Ponds,Essendon,Melbourne - Inner,Greater Melbourne
2111612,Moonee Ponds,Essendon,Melbourne - Inner,Greater Melbourne
2111613,Moonee Ponds,Essendon,Melbourne - Inner,Greater Melbourne
2111614,Moonee Ponds,Essendon,Melbourne - Inner,Greater Melbourne
2111615,Moonee Ponds,Essendon,Melbourne - Inner,Greater Melbourne
2111616,Moonee Ponds,Essendon,Melbourne - Inner,Greater Melbourne
2111617,Moonee Ponds,Essendon,Melbourne - Inner,Greater Melbourne
2111618,Moonee Ponds,Essendon,Melbourne - Inner,Greater Melbourne
2111619,Moonee Ponds,Essendon,Melbourne - Inner,Greater Melbourne
2111620,Moonee Ponds,Essendon,Melbourne - Inner,Greater Melbourne
2111621,Moonee Ponds,Essendon,Melbourne - Inner,Greater Melbourne
2111622,Moonee Ponds,Essendon,Melbourne - Inner,Greater Melbourne
2111623,Moonee Ponds,Essendon,Melbourne - Inner,Greater Melbourne
2111624,Moonee Ponds,Essendon,Melbourne - Inner,Greater Melbourne
2111625,Moonee Ponds,Essendon,Melbourne - Inner,Greater Melbourne
2111626,Moonee Ponds,Essendon,Melbourne - Inner,Greater Melbourne
2111627,Moonee Ponds,Essendon,Melbourne - Inner,Greater Melbourne
2111628,Moonee Ponds,Essendon,Melbourne - Inner,Greater Melbourne
2111629,Moonee Ponds,Essendon,Melbourne - Inner,Greater Melbourne
2111630,Moonee Ponds,Essendon,Melbourne - Inner,Greater Melbourne
2111631,Moonee Ponds,Essendon,Melbourne - Inner,Greater Melbourne
2111632,Moonee Ponds,Essendon,Melbourne - Inner,Greater Melbourne
2111701,Carlton,Melbourne City,Melbourne - Inner,Greater Melbourne
2111702,Carlton,Melbourne City,Melbourne - Inner,Greater Melbourne
2111703,Carlton,Melbourne City,Melbourne - Inner,Greater Melbourne
2111704,Carlton,Melbourne City,Melbourne - Inner,Greater Melbourne
2111705,Carlton,Melbourne City,Melbourne - Inner,Greater Melbourne
2111706,Carlton,Melbourne City,Melbourne - Inner,Greater Melbourne
2111707,Carlton,Melbourne City,Melbourne - Inner,Greater Melbourne
2111708,Carlton,Melbourne City,Melbourne - Inner,Greater Melbourne
2111709,Carlton,Melbourne City,Melbourne - Inner,Greater Melbourne
2111710,Carlton,Melbourne City,Melbourne - Inner,Greater Melbourne
2111711,Carlton,Melbourne City,Melbourne - Inner,Greater Melbourne
2111712,Carlton,Melbourne City,Melbourne - Inner,Greater Melbourne
2111713,Carlton,Melbourne City,Melbourne - Inner,Greater Melbourne
2111714,Carlton,Melbourne City,Melbourne - Inner,Greater Melbourne
2111715,Carlton,Melbourne City,Melbourne - Inner,Greater Melbourne
2111716,Carlton,Melbourne City,Melbourne - Inner,Greater Melbourne
2111717,Carlton,Melbourne City,Melbourne - Inner,Greater Melbourne
2111718,Carlton,Melbourne City,Melbourne - Inner,Greater Melbourne
2111719,Carlton,Melbourne City,Melbourne - Inner,Greater Melbourne
2111720,Carlton,Melbourne City,Melbourne - Inner,Greater Melbourne
2111721,Carlton,Melbourne City,Melbourne - Inner,Greater Melbourne
2111722,Carlton,Melbourne City,Melbourne - Inner,Greater Melbourne
2111723,Carlton,Melbourne City,Melbourne - Inner,Greater Melbourne
2111724,Carlton,Melbourne City,Melbourne - Inner,Greater Melbourne
2111725,Carlton,Melbourne City,Melbourne - Inner,Greater Melbourne
2111726,Carlton,Melbourne City,Melbourne - Inner,Greater Melbourne
2111727,Carlton,Melbourne City,Melbourne - Inner,Greater Melbourne
2111728,Carlton,Melbourne City,Melbourne - Inner,Greater Melbourne
2111729,Carlton,Melbourne City,Melbourne - Inner,Greater Melbourne
2111730,Carlton,Melbourne City,Melbourne - Inner,Greater Melbourne
2111731,Carlton,Melbourne City,Melbourne - Inner,Greater Melbourne
2111732,Carlton,Melbourne City,Melbourne - Inner,Greater Melbourne
2111801,Docklands,Melbourne City,Melbourne - Inner,Greater Melbourne
2111802,Docklands,Melbourne City,Melbourne - Inner,Greater Melbourne
2111803,Docklands,Melbourne City,Melbourne - Inner,Greater Melbourne
2111804,Docklands,Melbourne City,Melbourne - Inner,Greater Melbourne
2111805,Docklands,Melbourne City,Melbourne - Inner,Greater Melbourne
2111806,Docklands,Melbourne City,Melbourne - Inner,Greater Melbourne
2111807,Docklands,Melbourne City,Melbourne - Inner,Greater Melbourne
2111808,Docklands,Melbourne City,Melbourne - Inner,Greater Melbourne
2111809,Docklands,Melbourne City,Melbourne - Inner,Greater Melbourne
2111810,Docklands,Melbourne City,Melbourne - Inner,Greater Melbourne
2111811,Docklands,Melbourne City,Melbourne - Inner,Greater Melbourne
2111812,Docklands,Melbourne City,Melbourne - Inner,Greater Melbourne
2111813,Docklands,Melbourne City,Melbourne - Inner,Greater Melbourne
2111814,Docklands,Melbourne City,Melbourne - Inner,Greater Melbourne
2111901,East Melbourne,Melbourne City,Melbourne - Inner,Greater Melbourne
2111902,East Melbourne,Melbourne City,Melbourne - Inner,Greater Melbourne
2111903,East Melbourne,Melbourne City,Melbourne - Inner,Greater Melbourne
2111904,East Melbourne,Melbourne City,Melbourne - Inner,Greater Melbourne
2111905,East Melbourne,Melbourne City,Melbourne - Inner,Greater Melbourne
2111906,East Melbourne,Melbourne City,Melbourne - Inner,Greater Melbourne
2111907,East Melbourne,Melbourne City,Melbourne - Inner,Greater Melbourne
2111908,East Melbourne,Melbourne City,Melbourne - Inner,Greater Melbourne
2111909,East Melbourne,Melbourne City,Melbourne - Inner,Greater Melbourne
2111910,East Melbourne,Melbourne City,Melbourne - Inner,Greater Melbourne
2111911,East Melbourne,Melbourne City,Melbourne - Inner,Greater Melbourne
2111912,East Melbourne,Melbourne City,Melbourne - Inner,Greater Melbourne
2111913,East Melbourne,Melbourne City,Melbourne - Inner,Greater Melbourne
2111914,East Melbourne,Melbourne City,Melbourne - Inner,Greater Melbourne
2111915,East Melbourne,Melbourne City,Melbourne - Inner,Greater Melbourne
2112001,Flemington Racecourse,Melbourne City,Melbourne - Inner,Greater Melbourne
2112101,Kensington,Melbourne City,Melbourne - Inner,Greater Melbourne
2112102,Kensington,Melbourne City,Melbourne - Inner,Greater Melbourne
2112103,Kensington,Melbourne City,Melbourne - Inner,Greater Melbourne
2112104,Kensington,Melbourne City,Melbourne - Inner,Greater Melbourne
2112105,Kensington,Melbourne City,Melbourne - Inner,Greater Melbourne
2112106,Kensington,Melbourne City,Melbourne - Inner,Greater Melbourne
2112107,Kensington,Melbourne City,Melbourne - Inner,Greater Melbourne
2112108,Kensington,Melbourne City,Melbourne - Inner,Greater Melbourne
2112109,Kensington,Melbourne City,Melbourne - Inner,Greater Melbourne
2112110,Kensington,Melbourne City,Melbourne - Inner,Greater Melbourne
2112111,Kensington,Melbourne City,Melbourne - Inner,Greater Melbourne
2112112,Kensington,Melbourne City,Melbourne - Inner,Greater Melbourne
2112113,Kensington,Melbourne City,Melbourne - Inner,Greater Melbourne
2112114,Kensington,Melbourne City,Melbourne - Inner,Greater Melbourne
2112115,Kensington,Melbourne City,Melbourne - Inner,Greater Melbourne
2112116,Kensington,Melbourne City,Melbourne - Inner,Greater Melbourne
2112117,Kensington,Melbourne City,Melbourne - Inner,Greater Melbourne
2112118,Kensington,Melbourne City,Melbourne - Inner,Greater Melbourne
2112119,Kensington,Melbourne City,Melbourne - Inner,Greater Melbourne
2112120,Kensington,Melbourne City,Melbourne - Inner,Greater Melbourne
2112121,Kensington,Melbourne City,Melbourne - Inner,Greater Melbourne
2112122,Kensington,Melbourne City,Melbourne - Inner,Greater Melbourne
2112123,Kensington,Melbourne City,Melbourne - Inner,Greater Melbourne
2112201,Melbourne,Melbourne City,Melbourne - Inner,Greater Melbourne
2112202,Melbourne,Melbourne City,Melbourne - Inner,Greater Melbourne
2112203,Melbourne,Melbourne City,Melbourne - Inner,Greater Melbourne
2112204,Melbourne,Melbourne City,Melbourne - Inner,Greater Melbourne
2112205,Melbourne,Melbourne City,Melbourne - Inner,Greater Melbourne
2112206,Melbourne,Melbourne City,Melbourne - Inner,Greater Melbourne
2112207,Melbourne,Melbourne City,Melbourne - Inner,Greater Melbourne
2112208,Melbourne,Melbourne City,Melbourne - Inner,Greater Melbourne
2112209,Melbourne,Melbourne City,Melbourne - Inner,Greater Melbourne
2112210,Melbourne,Melbourne City,Melbourne - Inner,Greater Melbourne
2112211,Melbourne,Melbourne City,Melbourne - Inner,Greater Melbourne
2112212,Melbourne,Melbourne City,Melbourne - Inner,Greater Melbourne
2112213,Melbourne,Melbourne City,Melbourne - Inner,Greater Melbourne
2112214,Melbourne,Melbourne City,Melbourne - Inner,Greater Melbourne
2112215,Melbourne,Melbourne City,Melbourne - Inner,Greater Melbourne
2112216,Melbourne,Melbourne City,Melbourne - Inner,Greater Melbourne
2112217,Melbourne,Melbourne City,Melbourne - Inner,Greater Melbourne
2112218,Melbourne,Melbourne City,Melbourne - Inner,Greater Melbourne
2112219,Melbourne,Melbourne City,Melbourne - Inner,Greater Melbourne
2112220,Melbourne,Melbourne City,Melbourne - Inner,Greater Melbourne
2112221,Melbourne,Melbourne City,Melbourne - Inner,Greater Melbourne
2112222,Melbourne,Melbourne City,Melbourne - Inner,Greater Melbourne
2112223,Melbourne,Melbourne City,Melbourne - Inner,Greater Melbourne
2112224,Melbourne,Melbourne City,Melbourne - Inner,Greater Melbourne
2112225,Melbourne,Melbourne City,Melbourne - Inner,Greater Melbourne
2112226,Melbourne,Melbourne City,Melbourne - Inner,Greater Melbourne
2112227,Melbourne,Melbourne City,Melbourne - Inner,Greater Melbourne
2112228,Melbourne,Melbourne City,Melbourne - Inner,Greater Melbourne
2112229,Melbourne,Melbourne City,Melbourne - Inner,Greater Melbourne
2112230,Melbourne,Melbourne City,Melbourne - Inner,Greater Melbourne
2112231,Melbourne,Melbourne City,Melbourne - Inner,Greater Melbourne
2112232,Melbourne,Melbourne City,Melbourne - Inner,Greater Melbourne
2112233,Melbourne,Melbourne City,Melbourne - Inner,Greater Melbourne
2112234,Melbourne,Melbourne City,Melbourne - Inner,Greater Melbourne
2112235,Melbourne,Melbourne City,Melbourne - Inner,Greater Melbourne
2112301,North Melbourne,Melbourne City,Melbourne - Inner,Greater Melbourne
2112302,North Melbourne,Melbourne City,Melbourne - Inner,Greater Melbourne
2112303,North Melbourne,Melbourne City,Melbourne - Inner,Greater Melbourne
2112304,North Melbourne,Melbourne City,Melbourne - Inner,Greater Melbourne
2112305,North Melbourne,Melbourne City,Melbourne - Inner,Greater Melbourne
2112306,North Melbourne,Melbourne City,Melbourne - Inner,Greater Melbourne
2112307,North Melbourne,Melbourne City,Melbourne - Inner,Greater Melbourne
2112308,North Melbourne,Melbourne City,Melbourne - Inner,Greater Melbourne
2112309,North Melbourne,Melbourne City,Melbourne - Inner,Greater Melbourne
2112310,North Melbourne,Melbourne City,Melbourne - Inner,Greater Melbourne
2112311,North Melbourne,Melbourne City,Melbourne - Inner,Greater Melbourne
2112312,North Melbourne,Melbourne City,Melbourne - Inner,Greater Melbourne
2112313,North Melbourne,Melbourne City,Melbourne - Inner,Greater Melbourne
2112314,North Melbourne,Melbourne City,Melbourne - Inner,Greater Melbourne
2112315,North Melbourne,Melbourne City,Melbourne - Inner,Greater Melbourne
2112316,North Melbourne,Melbourne City,Melbourne - Inner,Greater Melbourne
2112317,North Melbourne,Melbourne City,Melbourne - Inner,Greater Melbourne
2112318,North Melbourne,Melbourne City,Melbourne - Inner,Greater Melbourne
2112319,North Melbourne,Melbourne City,Melbourne - Inner,Greater Melbourne
2112320,North Melbourne,Melbourne City,Melbourne - Inner,Greater Melbourne
2112321,North Melbourne,Melbourne City,Melbourne - Inner,Greater Melbourne
2112322,North Melbourne,Melbourne City,Melbourne - Inner,Greater Melbourne
2112323,North Melbourne,Melbourne City,Melbourne - Inner,Greater Melbourne
2112324,North Melbourne,Melbourne City,Melbourne - Inner,Greater Melbourne
2112325,North Melbourne,Melbourne City,Melbourne - Inner,Greater Melbourne
2112326,North Melbourne,Melbourne City,Melbourne - Inner,Greater Melbourne
2112327,North Melbourne,Melbourne City,Melbourne - Inner,Greater Melbourne
2112328,North Melbourne,Melbourne City,Melbourne - Inner,Greater Melbourne
2112329,North Melbourne,Melbourne City,Melbourne - Inner,Greater Melbourne
2112330,North Melbourne,Melbourne City,Melbourne - Inner,Greater Melbourne
2112331,North Melbourne,Melbourne City,Melbourne - Inner,Greater Melbourne
2112332,North Melbourne,Melbourne City,Melbourne - Inner,Greater Melbourne
2112333,North Melbourne,Melbourne City,Melbourne - Inner,Greater Melbourne
2112334,North Melbourne,Melbourne City,Melbourne - Inner,Greater Melbourne
2112335,North Melbourne,Melbourne City,Melbourne - Inner,Greater Melbourne
2112336,North Melbourne,Melbourne City,Melbourne - Inner,Greater Melbourne
2112337,North Melbourne,Melbourne City,Melbourne - Inner,Greater Melbourne
2112338,North Melbourne,Melbourne City,Melbourne - Inner,Greater Melbourne
2112401,Parkville,Melbourne City,Melbourne - Inner,Greater Melbourne
2112402,Parkville,Melbourne City,Melbourne - Inner,Greater Melbourne
2112403,Parkville,Melbourne City,Melbourne - Inner,Greater Melbourne
2112404,Parkville,Melbourne City,Melbourne - Inner,Greater Melbourne
2112405,Parkville,Melbourne City,Melbourne - Inner,Greater Melbourne
2112406,Parkville,Melbourne City,Melbourne - Inner,Greater Melbourne
2112407,Parkville,Melbourne City,Melbourne - Inner,Greater Melbourne
2112408,Parkville,Melbourne City,Melbourne - Inner,Greater Melbourne
2112409,Parkville,Melbourne City,Melbourne - Inner,Greater Melbourne
2112410,Parkville,Melbourne City,Melbourne - Inner,Greater Melbourne
2112411,Parkville,Melbourne City,Melbourne - Inner,Greater Melbourne
2112412,Parkville,Melbourne City,Melbourne - Inner,Greater Melbourne
2112413,Parkville,Melbourne City,Melbourne - Inner,Greater Melbourne
2112501,South Yarra - West,Melbourne City,Melbourne - Inner,Greater Melbourne
2112502,South Yarra - West,Melbourne City,Melbourne - Inner,Greater Melbourne
2112503,South Yarra - West,Melbourne City,Melbourne - Inner,Greater Melbourne
2112504,South Yarra - West,Melbourne City,Melbourne - Inner,Greater Melbourne
2112505,South Yarra - West,Melbourne City,Melbourne - Inner,Greater Melbourne
2112506,South Yarra - West,Melbourne City,Melbourne - Inner,Greater Melbourne
2112507,South Yarra - West,Melbourne City,Melbourne - Inner,Greater Melbourne
2112508,South Yarra - West,Melbourne City,Melbourne - Inner,Greater Melbourne
2112509,South Yarra - West,Melbourne City,Melbourne - Inner,Greater Melbourne
2112510,South Yarra - West,Melbourne City,Melbourne - Inner,Greater Melbourne
2112511,South Yarra - West,Melbourne City,Melbourne - Inner,Greater Melbourne
2112512,South Yarra - West,Melbourne City,Melbourne - Inner,Greater Melbourne
2112513,South Yarra - West,Melbourne City,Melbourne - Inner,Greater Melbourne
2112514,South Yarra - West,Melbourne City,Melbourne - Inner,Greater Melbourne
2112601,Southbank,Melbourne City,Melbourne - Inner,Greater Melbourne
2112602,Southbank,Melbourne City,Melbourne - Inner,Greater Melbourne
2112603,Southbank,Melbourne City,Melbourne - Inner,Greater Melbourne
2112604,Southbank,Melbourne City,Melbourne - Inner,Greater Melbourne
2112605,Southbank,Melbourne City,Melbourne - Inner,Greater Melbourne
2112606,Southbank,Melbourne City,Melbourne - Inner,Greater Melbourne
2112607,Southbank,Melbourne City,Melbourne - Inner,Greater Melbourne
2112608,Southbank,Melbourne City,Melbourne - Inner,Greater Melbourne
2112609,Southbank,Melbourne City,Melbourne - Inner,Greater Melbourne
2112610,Southbank,Melbourne City,Melbourne - Inner,Greater Melbourne
2112611,Southbank,Melbourne City,Melbourne - Inner,Greater Melbourne
2112612,Southbank,Melbourne City,Melbourne - Inner,Greater Melbourne
2112613,Southbank,Melbourne City,Melbourne - Inner,Greater Melbourne
2112614,Southbank,Melbourne City,Melbourne - Inner,Greater Melbourne
2112615,Southbank,Melbourne City,Melbourne - Inner,Greater Melbourne
2112616,Southbank,Melbourne City,Melbourne - Inner,Greater Melbourne
2112617,Southbank,Melbourne City,Melbourne - Inner,Greater Melbourne
2112618,Southbank,Melbourne City,Melbourne - Inner,Greater Melbourne
2112619,Southbank,Melbourne City,Melbourne - Inner,Greater Melbourne
2112620,Southbank,Melbourne City,Melbourne - Inner,Greater Melbourne
2112621,Southbank,Melbourne City,Melbourne - Inner,Greater Melbourne
2112622,Southbank,Melbourne City,Melbourne - Inner,Greater Melbourne
2112623,Southbank,Melbourne City,Melbourne - Inner,Greater Melbourne
2112624,Southbank,Melbourne City,Melbourne - Inner,Greater Melbourne
2112625,Southbank,Melbourne City,Melbourne - Inner,Greater Melbourne
2112626,Southbank,Melbourne City,Melbourne - Inner,Greater Melbourne
2112627,Southbank,Melbourne City,Melbourne - Inner,Greater Melbourne
2112628,Southbank,Melbourne City,Melbourne - Inner,Greater Melbourne
2112701,West Melbourne,Melbourne City,Melbourne - Inner,Greater Melbourne
2112702,West Melbourne,Melbourne City,Melbourne - Inner,Greater Melbourne
2112801,Albert Park,Port Phillip,Melbourne - Inner,Greater Melbourne
2112802,Albert Park,Port Phillip,Melbourne - Inner,Greater Melbourne
2112803,Albert Park,Port Phillip,Melbourne - Inner,Greater Melbourne
2112804,Albert Park,Port Phillip,Melbourne - Inner,Greater Melbourne
2112805,Albert Park,Port Phillip,Melbourne - Inner,Greater Melbourne
2112806,Albert Park,Port Phillip,Melbourne - Inner,Greater Melbourne
2112807,Albert Park,Port Phillip,Melbourne - Inner,Greater Melbourne
2112808,Albert Park,Port Phillip,Melbourne - Inner,Greater Melbourne
2112809,Albert Park,Port Phillip,Melbourne - Inner,Greater Melbourne
2112810,Albert Park,Port Phillip,Melbourne - Inner,Greater Melbourne
2112811,Albert Park,Port Phillip,Melbourne - Inner,Greater Melbourne
2112812,Albert Park,Port Phillip,Melbourne - Inner,Greater Melbourne
2112813,Albert Park,Port Phillip,Melbourne - Inner,Greater Melbourne
2112814,Albert Park,Port Phillip,Melbourne - Inner,Greater Melbourne
2112815,Albert Park,Port Phillip,Melbourne - Inner,Greater Melbourne
2112816,Albert Park,Port Phillip,Melbourne - Inner,Greater Melbourne
2112817,Albert Park,Port Phillip,Melbourne - Inner,Greater Melbourne
2112818,Albert Park,Port Phillip,Melbourne - Inner,Greater Melbourne
2112819,Albert Park,Port Phillip,Melbourne - Inner,Greater Melbourne
2112820,Albert Park,Port Phillip,Melbourne - Inner,Greater Melbourne
2112821,Albert Park,Port Phillip,Melbourne - Inner,Greater Melbourne
2112822,Albert Park,Port Phillip,Melbourne - Inner,Greater Melbourne
2112823,Albert Park,Port Phillip,Melbourne - Inner,Greater Melbourne
2112824,Albert Park,Port Phillip,Melbourne - Inner,Greater Melbourne
2112825,Albert Park,Port Phillip,Melbourne - Inner,Greater Melbourne
2112826,Albert Park,Port Phillip,Melbourne - Inner,Greater Melbourne
2112827,Albert Park,Port Phillip,Melbourne - Inner,Greater Melbourne
2112828,Albert Park,Port Phillip,Melbourne - Inner,Greater Melbourne
2112829,Albert Park,Port Phillip,Melbourne - Inner,Greater Melbourne
2112830,Albert Park,Port Phillip,Melbourne - Inner,Greater Melbourne
2112831,Albert Park,Port Phillip,Melbourne - Inner,Greater Melbourne
2112832,Albert Park,Port Phillip,Melbourne - Inner,Greater Melbourne
2112833,Albert Park,Port Phillip,Melbourne - Inner,Greater Melbourne
2112901,Elwood,Port Phillip,Melbourne - Inner,Greater Melbourne
2112902,Elwood,Port Phillip,Melbourne - Inner,Greater Melbourne
2112903,Elwood,Port Phillip,Melbourne - Inner,Greater Melbourne
2112904,Elwood,Port Phillip,Melbourne - Inner,Greater Melbourne
2112905,Elwood,Port Phillip,Melbourne - Inner,Greater Melbourne
2112906,Elwood,Port Phillip,Melbourne - Inner,Greater Melbourne
2112907,Elwood,Port Phillip,Melbourne - Inner,Greater Melbourne
2112908,Elwood,Port Phillip,Melbourne - Inner,Greater Melbourne
2112909,Elwood,Port Phillip,Melbourne - Inner,Greater Melbourne
2112910,Elwood,Port Phillip,Melbourne - Inner,Greater Melbourne
2112911,Elwood,Port Phillip,Melbourne - Inner,Greater Melbourne
2112912,Elwood,Port Phillip,Melbourne - Inner,Greater Melbourne
2112913,Elwood,Port Phillip,Melbourne - Inner,Greater Melbourne
2112914,Elwood,Port Phillip,Melbourne - Inner,Greater Melbourne
2112915,Elwood,Port Phillip,Melbourne - Inner,Greater Melbourne
2112916,Elwood,Port Phillip,Melbourne - Inner,Greater Melbourne
2112917,Elwood,Port Phillip,Melbourne - Inner,Greater Melbourne
2112918,Elwood,Port Phillip,Melbourne - Inner,Greater Melbourne
2112919,Elwood,Port Phillip,Melbourne - Inner,Greater Melbourne
2112920,Elwood,Port Phillip,Melbourne - Inner,Greater Melbourne
2112921,Elwood,Port Phillip,Melbourne - Inner,Greater Melbourne
2112922,Elwood,Port Phillip,Melbourne - Inner,Greater Melbourne
2112923,Elwood,Port Phillip,Melbourne - Inner,Greater Melbourne
2112924,Elwood,Port Phillip,Melbourne - Inner,Greater Melbourne
2112925,Elwood,Port Phillip,Melbourne - Inner,Greater Melbourne
2112926,Elwood,Port Phillip,Melbourne - Inner,Greater Melbourne
2112927,Elwood,Port Phillip,Melbourne - Inner,Greater Melbourne
2112928,Elwood,Port Phillip,Melbourne - Inner,Greater Melbourne
2112929,Elwood,Port Phillip,Melbourne - Inner,Greater Melbourne
2112930,Elwood,Port Phillip,Melbourne - Inner,Greater Melbourne
2112931,Elwood,Port Phillip,Melbourne - Inner,Greater Melbourne
2112932,Elwood,Port Phillip,Melbourne - Inner,Greater Melbourne
2112933,Elwood,Port Phillip,Melbourne - Inner,Greater Melbourne
2112934,Elwood,Port Phillip,Melbourne - Inner,Greater Melbourne
2112935,Elwood,Port Phillip,Melbourne - Inner,Greater Melbourne
2112936,Elwood,Port Phillip,Melbourne - Inner,Greater Melbourne
2112937,Elwood,Port Phillip,Melbourne - Inner,Greater Melbourne
2112938,Elwood,Port Phillip,Melbourne - Inner,Greater Melbourne
2112939,Elwood,Port Phillip,Melbourne - Inner,Greater Melbourne
2112940,Elwood,Port Phillip,Melbourne - Inner,Greater Melbourne
2113001,Port Melbourne,Port Phillip,Melbourne - Inner,Greater Melbourne
2113002,Port Melbourne,Port Phillip,Melbourne - Inner,Greater Melbourne
2113003,Port Melbourne,Port Phillip,Melbourne - Inner,Greater Melbourne
2113004,Port Melbourne,Port Phillip,Melbourne - Inner,Greater Melbourne
2113005,Port Melbourne,Port Phillip,Melbourne - Inner,Greater Melbourne
2113006,Port Melbourne,Port Phillip,Melbourne - Inner,Greater Melbourne
2113007,Port Melbourne,Port Phillip,Melbourne - Inner,Greater Melbourne
2113008,Port Melbourne,Port Phillip,Melbourne - Inner,Greater Melbourne
2113009,Port Melbourne,Port Phillip,Melbourne - Inner,Greater Melbourne
2113010,Port Melbourne,Port Phillip,Melbourne - Inner,Greater Melbourne
2113011,Port Melbourne,Port Phillip,Melbourne - Inner,Greater Melbourne
2113012,Port Melbourne,Port Phillip,Melbourne - Inner,Greater Melbourne
2113013,Port Melbourne,Port Phillip,Melbourne - Inner,Greater Melbourne
2113014,Port Melbourne,Port Phillip,Melbourne - Inner,Greater Melbourne
2113015,Port Melbourne,Port Phillip,Melbourne - Inner,Greater Melbourne
2113016,Port Melbourne,Port Phillip,Melbourne - Inner,Greater Melbourne
2113017,Port Melbourne,Port Phillip,Melbourne - Inner,Greater Melbourne
2113018,Port Melbourne,Port Phillip,Melbourne - Inner,Greater Melbourne
2113019,Port Melbourne,Port Phillip,Melbourne - Inner,Greater Melbourne
2113020,Port Melbourne,Port Phillip,Melbourne - Inner,Greater Melbourne
2113021,Port Melbourne,Port Phillip,Melbourne - Inner,Greater Melbourne
2113022,Port Melbourne,Port Phillip,Melbourne - Inner,Greater Melbourne
2113023,Port Melbourne,Port Phillip,Melbourne - Inner,Greater Melbourne
2113024,Port Melbourne,Port Phillip,Melbourne - Inner,Greater Melbourne
2113025,Port Melbourne,Port Phillip,Melbourne - Inner,Greater Melbourne
2113026,Port Melbourne,Port Phillip,Melbourne - Inner,Greater Melbourne
2113027,Port Melbourne,Port Phillip,Melbourne - Inner,Greater Melbourne
2113028,Port Melbourne,Port Phillip,Melbourne - Inner,Greater Melbourne
2113029,Port Melbourne,Port Phillip,Melbourne - Inner,Greater Melbourne
2113030,Port Melbourne,Port Phillip,Melbourne - Inner,Greater Melbourne
2113031,Port Melbourne,Port Phillip,Melbourne - Inner,Greater Melbourne
2113032,Port Melbourne,Port Phillip,Melbourne - Inner,Greater Melbourne
2113033,Port Melbourne,Port Phillip,Melbourne - Inner,Greater Melbourne
2113101,Port Melbourne Industrial,Port Phillip,Melbourne - Inner,Greater Melbourne
2113102,Port Melbourne Industrial,Port Phillip,Melbourne - Inner,Greater Melbourne
2113201,South Melbourne,Port Phillip,Melbourne - Inner,Greater Melbourne
2113202,South Melbourne,Port Phillip,Melbourne - Inner,Greater Melbourne
2113203,South Melbourne,Port Phillip,Melbourne - Inner,Greater Melbourne
2113204,South Melbourne,Port Phillip,Melbourne - Inner,Greater Melbourne
2113205,South Melbourne,Port Phillip,Melbourne - Inner,Greater Melbourne
2113206,South Melbourne,Port Phillip,Melbourne - Inner,Greater Melbourne
2113207,South Melbourne,Port Phillip,Melbourne - Inner,Greater Melbourne
2113208,South Melbourne,Port Phillip,Melbourne - Inner,Greater Melbourne
2113209,South Melbourne,Port Phillip,Melbourne - Inner,Greater Melbourne
2113210,South Melbourne,Port Phillip,Melbourne - Inner,Greater Melbourne
2113211,South Melbourne,Port Phillip,Melbourne - Inner,Greater Melbourne
2113212,South Melbourne,Port Phillip,Melbourne - Inner,Greater Melbourne
2113213,South Melbourne,Port Phillip,Melbourne - Inner,Greater Melbourne
2113214,South Melbourne,Port Phillip,Melbourne - Inner,Greater Melbourne
2113215,South Melbourne,Port Phillip,Melbourne - Inner,Greater Melbourne
2113216,South Melbourne,Port Phillip,Melbourne - Inner,Greater Melbourne
2113217,South Melbourne,Port Phillip,Melbourne - Inner,Greater Melbourne
2113218,South Melbourne,Port Phillip,Melbourne - Inner,Greater Melbourne
2113219,South Melbourne,Port Phillip,Melbourne - Inner,Greater Melbourne
2113220,South Melbourne,Port Phillip,Melbourne - Inner,Greater Melbourne
2113221,South Melbourne,Port Phillip,Melbourne - Inner,Greater Melbourne
2113222,South Melbourne,Port Phillip,Melbourne - Inner,Greater Melbourne
2113223,South Melbourne,Port Phillip,Melbourne - Inner,Greater Melbourne
2113224,South Melbourne,Port Phillip,Melbourne - Inner,Greater Melbourne
2113225,South Melbourne,Port Phillip,Melbourne - Inner,Greater Melbourne
2113226,South Melbourne,Port Phillip,Melbourne - Inner,Greater Melbourne
2113301,St Kilda,Port Phillip,Melbourne - Inner,Greater Melbourne
2113302,St Kilda,Port Phillip,Melbourne - Inner,Greater Melbourne
2113303,St Kilda,Port Phillip,Melbourne - Inner,Greater Melbourne
2113304,St Kilda,Port Phillip,Melbourne - Inner,Greater Melbourne
2113305,St Kilda,Port Phillip,Melbourne - Inner,Greater Melbourne
2113306,St Kilda,Port Phillip,Melbourne - Inner,Greater Melbourne
2113307,St Kilda,Port Phillip,Melbourne - Inner,Greater Melbourne
2113308,St Kilda,Port Phillip,Melbourne - Inner,Greater Melbourne
2113309,St Kilda,Port Phillip,Melbourne - Inner,Greater Melbourne
2113310,St Kilda,Port Phillip,Melbourne - Inner,Greater Melbourne
2113311,St Kilda,Port Phillip,Melbourne - Inner,Greater Melbourne
2113312,St Kilda,Port Phillip,Melbourne - Inner,Greater Melbourne
2113313,St Kilda,Port Phillip,Melbourne - Inner,Greater Melbourne
2113314,St Kilda,Port Phillip,Melbourne - Inner,Greater Melbourne
2113315,St Kilda,Port Phillip,Melbourne - Inner,Greater Melbourne
2113316,St Kilda,Port Phillip,Melbourne - Inner,Greater Melbourne
2113317,St Kilda,Port Phillip,Melbourne - Inner,Greater Melbourne
2113318,St Kilda,Port Phillip,Melbourne - Inner,Greater Melbourne
2113319,St Kilda,Port Phillip,Melbourne - Inner,Greater Melbourne
2113320,St Kilda,Port Phillip,Melbourne - Inner,Greater Melbourne
2113321,St Kilda,Port Phillip,Melbourne - Inner,Greater Melbourne
2113322,St Kilda,Port Phillip,Melbourne - Inner,Greater Melbourne
2113323,St Kilda,Port Phillip,Melbourne - Inner,Greater Melbourne
2113324,St Kilda,Port Phillip,Melbourne - Inner,Greater Melbourne
2113325,St Kilda,Port Phillip,Melbourne - Inner,Greater Melbourne
2113326,St Kilda,Port Phillip,Melbourne - Inner,Greater Melbourne
2113327,St Kilda,Port Phillip,Melbourne - Inner,Greater Melbourne
2113328,St Kilda,Port Phillip,Melbourne - Inner,Greater Melbourne
2113329,St Kilda,Port Phillip,Melbourne - Inner,Greater Melbourne
2113330,St Kilda,Port Phillip,Melbourne - Inner,Greater Melbourne
2113331,St Kilda,Port Phillip,Melbourne - Inner,Greater Melbourne
2113332,St Kilda,Port Phillip,Melbourne - Inner,Greater Melbourne
2113333,St Kilda,Port Phillip,Melbourne - Inner,Greater Melbourne
2113334,St Kilda,Port Phillip,Melbourne - Inner,Greater Melbourne
2113335,St Kilda,Port Phillip,Melbourne - Inner,Greater Melbourne
2113336,St Kilda,Port Phillip,Melbourne - Inner,Greater Melbourne
2113337,St Kilda,Port Phillip,Melbourne - Inner,Greater Melbourne
2113338,St Kilda,Port Phillip,Melbourne - Inner,Greater Melbourne
2113339,St Kilda,Port Phillip,Melbourne - Inner,Greater Melbourne
2113340,St Kilda,Port Phillip,Melbourne - Inner,Greater Melbourne
2113341,St Kilda,Port Phillip,Melbourne - Inner,Greater Melbourne
2113342,St Kilda,Port Phillip,Melbourne - Inner,Greater Melbourne
2113343,St Kilda,Port Phillip,Melbourne - Inner,Greater Melbourne
2113344,St Kilda,Port Phillip,Melbourne - Inner,Greater Melbourne
2113345,St Kilda,Port Phillip,Melbourne - Inner,Greater Melbourne
2113346,St Kilda,Port Phillip,Melbourne - Inner,Greater Melbourne
2113347,St Kilda,Port Phillip,Melbourne - Inner,Greater Melbourne
2113348,St Kilda,Port Phillip,Melbourne - Inner,Greater Melbourne
2113349,St Kilda,Port Phillip,Melbourne - Inner,Greater Melbourne
2113350,St Kilda,Port Phillip,Melbourne - Inner,Greater Melbourne
2113351,St Kilda,Port Phillip,Melbourne - Inner,Greater Melbourne
2113352,St Kilda,Port Phillip,Melbourne - Inner,Greater Melbourne
2113353,St Kilda,Port Phillip,Melbourne - Inner,Greater Melbourne
2113354,St Kilda,Port Phillip,Melbourne - Inner,Greater Melbourne
2113355,St Kilda,Port Phillip,Melbourne - Inner,Greater Melbourne
2113356,St Kilda,Port Phillip,Melbourne - Inner,Greater Melbourne
2113401,St Kilda East,Port Phillip,Melbourne - Inner,Greater Melbourne
2113402,St Kilda East,Port Phillip,Melbourne - Inner,Greater Melbourne
2113403,St Kilda East,Port Phillip,Melbourne - Inner,Greater Melbourne
2113404,St Kilda East,Port Phillip,Melbourne - Inner,Greater Melbourne
2113405,St Kilda East,Port Phillip,Melbourne - Inner,Greater Melbourne
2113406,St Kilda East,Port Phillip,Melbourne - Inner,Greater Melbourne
2113407,St Kilda East,Port Phillip,Melbourne - Inner,Greater Melbourne
2113408,St Kilda East,Port Phillip,Melbourne - Inner,Greater Melbourne
2113409,St Kilda East,Port Phillip,Melbourne - Inner,Greater Melbourne
2113410,St Kilda East,Port Phillip,Melbourne - Inner,Greater Melbourne
2113411,St Kilda East,Port Phillip,Melbourne - Inner,Greater Melbourne
2113412,St Kilda East,Port Phillip,Melbourne - Inner,Greater Melbourne
2113413,St Kilda East,Port Phillip,Melbourne - Inner,Greater Melbourne
2113414,St Kilda East,Port Phillip,Melbourne - Inner,Greater Melbourne
2113415,St Kilda East,Port Phillip,Melbourne - Inner,Greater Melbourne
2113416,St Kilda East,Port Phillip,Melbourne - Inner,Greater Melbourne
2113417,St Kilda East,Port Phillip,Melbourne - Inner,Greater Melbourne
2113418,St Kilda East,Port Phillip,Melbourne - Inner,Greater Melbourne
2113419,St Kilda East,Port Phillip,Melbourne - Inner,Greater Melbourne
2113420,St Kilda East,Port Phillip,Melbourne - Inner,Greater Melbourne
2113421,St Kilda East,Port Phillip,Melbourne - Inner,Greater Melbourne
2113422,St Kilda East,Port Phillip,Melbourne - Inner,Greater Melbourne
2113423,St Kilda East,Port Phillip,Melbourne - Inner,Greater Melbourne
2113424,St Kilda East,Port Phillip,Melbourne - Inner,Greater Melbourne
2113425,St Kilda East,Port Phillip,Melbourne - Inner,Greater Melbourne
2113426,St Kilda East,Port Phillip,Melbourne - Inner,Greater Melbourne
2113427,St Kilda East,Port Phillip,Melbourne - Inner,Greater Melbourne
2113428,St Kilda East,Port Phillip,Melbourne - Inner,Greater Melbourne
2113429,St Kilda East,Port Phillip,Melbourne - Inner,Greater Melbourne
2113430,St Kilda East,Port Phillip,Melbourne - Inner,Greater Melbourne
2113431,St Kilda East,Port Phillip,Melbourne - Inner,Greater Melbourne
2113432,St Kilda East,Port Phillip,Melbourne - Inner,Greater Melbourne
2113433,St Kilda East,Port Phillip,Melbourne - Inner,Greater Melbourne
2113434,St Kilda East,Port Phillip,Melbourne - Inner,Greater Melbourne
2113435,St Kilda East,Port Phillip,Melbourne - Inner,Greater Melbourne
2113436,St Kilda East,Port Phillip,Melbourne - Inner,Greater Melbourne
2113437,St Kilda East,Port Phillip,Melbourne - Inner,Greater Melbourne
2113438,St Kilda East,Port Phillip,Melbourne - Inner,Greater Melbourne
2113439,St Kilda East,Port Phillip,Melbourne - Inner,Greater Melbourne
2113501,Armadale,Stonnington - West,Melbourne - Inner,Greater Melbourne
2113502,Armadale,Stonnington - West,Melbourne - Inner,Greater Melbourne
2113503,Armadale,Stonnington - West,Melbourne - Inner,Greater Melbourne
2113504,Armadale,Stonnington - West,Melbourne - Inner,Greater Melbourne
2113505,Armadale,Stonnington - West,Melbourne - Inner,Greater Melbourne
2113506,Armadale,Stonnington - West,Melbourne - Inner,Greater Melbourne
2113507,Armadale,Stonnington - West,Melbourne - Inner,Greater Melbourne
2113508,Armadale,Stonnington - West,Melbourne - Inner,Greater Melbourne
2113509,Armadale,Stonnington - West,Melbourne - Inner,Greater Melbourne
2113510,Armadale,Stonnington - West,Melbourne - Inner,Greater Melbourne
2113511,Armadale,Stonnington - West,Melbourne - Inner,Greater Melbourne
2113512,Armadale,Stonnington - West,Melbourne - Inner,Greater Melbourne
2113513,Armadale,Stonnington - West,Melbourne - Inner,Greater Melbourne
2113514,Armadale,Stonnington - West,Melbourne - Inner,Greater Melbourne
2113515,Armadale,Stonnington - West,Melbourne - Inner,Greater Melbourne
2113516,Armadale,Stonnington - West,Melbourne - Inner,Greater Melbourne
2113517,Armadale,Stonnington - West,Melbourne - Inner,Greater Melbourne
2113518,Armadale,Stonnington - West,Melbourne - Inner,Greater Melbourne
2113519,Armadale,Stonnington - West,Melbourne - Inner,Greater Melbourne
2113601,Prahran - Windsor,Stonnington - West,Melbourne - Inner,Greater Melbourne
2113602,Prahran - Windsor,Stonnington - West,Melbourne - Inner,Greater Melbourne
2113603,Prahran - Windsor,Stonnington - West,Melbourne - Inner,Greater Melbourne
2113604,Prahran - Windsor,Stonnington - West,Melbourne - Inner,Greater Melbourne
2113605,Prahran - Windsor,Stonnington - West,Melbourne - Inner,Greater Melbourne
2113606,Prahran - Windsor,Stonnington - West,Melbourne - Inner,Greater Melbourne
2113607,Prahran - Windsor,Stonnington - West,Melbourne - Inner,Greater Melbourne
2113608,Prahran - Windsor,Stonnington - West,Melbourne - Inner,Greater Melbourne
2113609,Prahran - Windsor,Stonnington - West,Melbourne - Inner,Greater Melbourne
2113610,Prahran - Windsor,Stonnington - West,Melbourne - Inner,Greater Melbourne
2113611,Prahran - Windsor,Stonnington - West,Melbourne - Inner,Greater Melbourne
2113612,Prahran - Windsor,Stonnington - West,Melbourne - Inner,Greater Melbourne
2113613,Prahran - Windsor,Stonnington - West,Melbourne - Inner,Greater Melbourne
2113614,Prahran - Windsor,Stonnington - West,Melbourne - Inner,Greater Melbourne
2113615,Prahran - Windsor,Stonnington - West,Melbourne - Inner,Greater Melbourne
2113616,Prahran - Windsor,Stonnington - West,Melbourne - Inner,Greater Melbourne
2113617,Prahran - Windsor,Stonnington - West,Melbourne - Inner,Greater Melbourne
2113618,Prahran - Windsor,Stonnington - West,Melbourne - Inner,Greater Melbourne
2113619,Prahran - Windsor,Stonnington - West,Melbourne - Inner,Greater Melbourne
2113620,Prahran - Windsor,Stonnington - West,Melbourne - Inner,Greater Melbourne
2113621,Prahran - Windsor,Stonnington - West,Melbourne - Inner,Greater Melbourne
2113622,Prahran - Windsor,Stonnington - West,Melbourne - Inner,Greater Melbourne
2113623,Prahran - Windsor,Stonnington - West,Melbourne - Inner,Greater Melbourne
2113624,Prahran - Windsor,Stonnington - West,Melbourne - Inner,Greater Melbourne
2113625,Prahran - Windsor,Stonnington - West,Melbourne - Inner,Greater Melbourne
2113626,Prahran - Windsor,Stonnington - West,Melbourne - Inner,Greater Melbourne
2113627,Prahran - Windsor,Stonnington - West,Melbourne - Inner,Greater Melbourne
2113628,Prahran - Windsor,Stonnington - West,Melbourne - Inner,Greater Melbourne
2113629,Prahran - Windsor,Stonnington - West,Melbourne - Inner,Greater Melbourne
2113630,Prahran - Windsor,Stonnington - West,Melbourne - Inner,Greater Melbourne
2113631,Prahran - Windsor,Stonnington - West,Melbourne - Inner,Greater Melbourne
2113632,Prahran - Windsor,Stonnington - West,Melbourne - Inner,Greater Melbourne
2113633,Prahran - Windsor,Stonnington - West,Melbourne - Inner,Greater Melbourne
2113634,Prahran - Windsor,Stonnington - West,Melbourne - Inner,Greater Melbourne
2113635,Prahran - Windsor,Stonnington - West,Melbourne - Inner,Greater Melbourne
2113636,Prahran - Windsor,Stonnington - West,Melbourne - Inner,Greater Melbourne
2113637,Prahran - Windsor,Stonnington - West,Melbourne - Inner,Greater Melbourne
2113638,Prahran - Windsor,Stonnington - West,Melbourne - Inner,Greater Melbourne
2113639,Prahran - Windsor,Stonnington - West,Melbourne - Inner,Greater Melbourne
2113640,Prahran - Windsor,Stonnington - West,Melbourne - Inner,Greater Melbourne
2113641,Prahran - Windsor,Stonnington - West,Melbourne - Inner,Greater Melbourne
2113701,South Yarra - East,Stonnington - West,Melbourne - Inner,Greater Melbourne
2113702,South Yarra - East,Stonnington - West,Melbourne - Inner,Greater Melbourne
2113703,South Yarra - East,Stonnington - West,Melbourne - Inner,Greater Melbourne
2113704,South Yarra - East,Stonnington - West,Melbourne - Inner,Greater Melbourne
2113705,South Yarra - East,Stonnington - West,Melbourne - Inner,Greater Melbourne
2113706,South Yarra - East,Stonnington - West,Melbourne - Inner,Greater Melbourne
2113707,South Yarra - East,Stonnington - West,Melbourne - Inner,Greater Melbourne
2113708,South Yarra - East,Stonnington - West,Melbourne - Inner,Greater Melbourne
2113709,South Yarra - East,Stonnington - West,Melbourne - Inner,Greater Melbourne
2113710,South Yarra - East,Stonnington - West,Melbourne - Inner,Greater Melbourne
2113711,South Yarra - East,Stonnington - West,Melbourne - Inner,Greater Melbourne
2113712,South Yarra - East,Stonnington - West,Melbourne - Inner,Greater Melbourne
2113713,South Yarra - East,Stonnington - West,Melbourne - Inner,Greater Melbourne
2113714,South Yarra - East,Stonnington - West,Melbourne - Inner,Greater Melbourne
2113715,South Yarra - East,Stonnington - West,Melbourne - Inner,Greater Melbourne
2113716,South Yarra - East,Stonnington - West,Melbourne - Inner,Greater Melbourne
2113717,South Yarra - East,Stonnington - West,Melbourne - Inner,Greater Melbourne
2113718,South Yarra - East,Stonnington - West,Melbourne - Inner,Greater Melbourne
2113719,South Yarra - East,Stonnington - West,Melbourne - Inner,Greater Melbourne
2113720,South Yarra - East,Stonnington - West,Melbourne - Inner,Greater Melbourne
2113721,South Yarra - East,Stonnington - West,Melbourne - Inner,Greater Melbourne
2113722,South Yarra - East,Stonnington - West,Melbourne - Inner,Greater Melbourne
2113723,South Yarra - East,Stonnington - West,Melbourne - Inner,Greater Melbourne
2113724,South Yarra - East,Stonnington - West,Melbourne - Inner,Greater Melbourne
2113725,South Yarra - East,Stonnington - West,Melbourne - Inner,Greater Melbourne
2113726,South Yarra - East,Stonnington - West,Melbourne - Inner,Greater Melbourne
2113727,South Yarra - East,Stonnington - West,Melbourne - Inner,Greater Melbourne
2113728,South Yarra - East,Stonnington - West,Melbourne - Inner,Greater Melbourne
2113729,South Yarra - East,Stonnington - West,Melbourne - Inner,Greater Melbourne
2113730,South Yarra - East,Stonnington - West,Melbourne - Inner,Greater Melbourne
2113731,South Yarra - East,Stonnington - West,Melbourne - Inner,Greater Melbourne
2113801,Toorak,Stonnington - West,Melbourne - Inner,Greater Melbourne
2113802,Toorak,Stonnington - West,Melbourne - Inner,Greater Melbourne
2113803,Toorak,Stonnington - West,Melbourne - Inner,Greater Melbourne
2113804,Toorak,Stonnington - West,Melbourne - Inner,Greater Melbourne
2113805,Toorak,Stonnington - West,Melbourne - Inner,Greater Melbourne
2113806,Toorak,Stonnington - West,Melbourne - Inner,Greater Melbourne
2113807,Toorak,Stonnington - West,Melbourne - Inner,Greater Melbourne
2113808,Toorak,Stonnington - West,Melbourne - Inner,Greater Melbourne
2113809,Toorak,Stonnington - West,Melbourne - Inner,Greater Melbourne
2113810,Toorak,Stonnington - West,Melbourne - Inner,Greater Melbourne
2113811,Toorak,Stonnington - West,Melbourne - Inner,Greater Melbourne
2113812,Toorak,Stonnington - West,Melbourne - Inner,Greater Melbourne
2113813,Toorak,Stonnington - West,Melbourne - Inner,Greater Melbourne
2113814,Toorak,Stonnington - West,Melbourne - Inner,Greater Melbourne
2113815,Toorak,Stonnington - West,Melbourne - Inner,Greater Melbourne
2113816,Toorak,Stonnington - West,Melbourne - Inner,Greater Melbourne
2113817,Toorak,Stonnington - West,Melbourne - Inner,Greater Melbourne
2113818,Toorak,Stonnington - West,Melbourne - Inner,Greater Melbourne
2113819,Toorak,Stonnington - West,Melbourne - Inner,Greater Melbourne
2113820,Toorak,Stonnington - West,Melbourne - Inner,Greater Melbourne
2113821,Toorak,Stonnington - West,Melbourne - Inner,Greater Melbourne
2113822,Toorak,Stonnington - West,Melbourne - Inner,Greater Melbourne
2113823,Toorak,Stonnington - West,Melbourne - Inner,Greater Melbourne
2113824,Toorak,Stonnington - West,Melbourne - Inner,Greater Melbourne
2113825,Toorak,Stonnington - West,Melbourne - Inner,Greater Melbourne
2113826,Toorak,Stonnington - West,Melbourne - Inner,Greater Melbourne
2113827,Toorak,Stonnington - West,Melbourne - Inner,Greater Melbourne
2113828,Toorak,Stonnington - West,Melbourne - Inner,Greater Melbourne
2113829,Toorak,Stonnington - West,Melbourne - Inner,Greater Melbourne
2113830,Toorak,Stonnington - West,Melbourne - Inner,Greater Melbourne
2113831,Toorak,Stonnington - West,Melbourne - Inner,Greater Melbourne
2113832,Toorak,Stonnington - West,Melbourne - Inner,Greater Melbourne
2113901,Abbotsford,Yarra,Melbourne - Inner,Greater Melbourne
2113902,Abbotsford,Yarra,Melbourne - Inner,Greater Melbourne
2113903,Abbotsford,Yarra,Melbourne - Inner,Greater Melbourne
2113904,Abbotsford,Yarra,Melbourne - Inner,Greater Melbourne
2113905,Abbotsford,Yarra,Melbourne - Inner,Greater Melbourne
2113906,Abbotsford,Yarra,Melbourne - Inner,Greater Melbourne
2113907,Abbotsford,Yarra,Melbourne - Inner,Greater Melbourne
2113908,Abbotsford,Yarra,Melbourne - Inner,Greater Melbourne
2113909,Abbotsford,Yarra,Melbourne - Inner,Greater Melbourne
2113910,Abbotsford,Yarra,Melbourne - Inner,Greater Melbourne
2113911,Abbotsford,Yarra,Melbourne - Inner,Greater Melbourne
2114001,Carlton North - Princes Hill,Yarra,Melbourne - Inner,Greater Melbourne
2114002,Carlton North - Princes Hill,Yarra,Melbourne - Inner,Greater Melbourne
2114003,Carlton North - Princes Hill,Yarra,Melbourne - Inner,Greater Melbourne
2114004,Carlton North - Princes Hill,Yarra,Melbourne - Inner,Greater Melbourne
2114005,Carlton North - Princes Hill,Yarra,Melbourne - Inner,Greater Melbourne
2114006,Carlton North - Princes Hill,Yarra,Melbourne - Inner,Greater Melbourne
2114007,Carlton North - Princes Hill,Yarra,Melbourne - Inner,Greater Melbourne
2114008,Carlton North - Princes Hill,Yarra,Melbourne - Inner,Greater Melbourne
2114009,Carlton North - Princes Hill,Yarra,Melbourne - Inner,Greater Melbourne
2114010,Carlton North - Princes Hill,Yarra,Melbourne - Inner,Greater Melbourne
2114011,Carlton North - Princes Hill,Yarra,Melbourne - Inner,Greater Melbourne
2114012,Carlton North - Princes Hill,Yarra,Melbourne - Inner,Greater Melbourne
2114013,Carlton North - Princes Hill,Yarra,Melbourne - Inner,Greater Melbourne
2114014,Carlton North - Princes Hill,Yarra,Melbourne - Inner,Greater Melbourne
2114015,Carlton North - Princes Hill,Yarra,Melbourne - Inner,Greater Melbourne
2114016,Carlton North - Princes Hill,Yarra,Melbourne - Inner,Greater Melbourne
2114017,Carlton North - Princes Hill,Yarra,Melbourne - Inner,Greater Melbourne
2114018,Carlton North - Princes Hill,Yarra,Melbourne - Inner,Greater Melbourne
2114019,Carlton North - Princes Hill,Yarra,Melbourne - Inner,Greater Melbourne
2114020,Carlton North - Princes Hill,Yarra,Melbourne - Inner,Greater Melbourne
2114021,Carlton North - Princes Hill,Yarra,Melbourne - Inner,Greater Melbourne
2114022,Carlton North - Princes Hill,Yarra,Melbourne - Inner,Greater Melbourne
2114023,Carlton North - Princes Hill,Yarra,Melbourne - Inner,Greater Melbourne
2114101,Collingwood,Yarra,Melbourne - Inner,Greater Melbourne
2114102,Collingwood,Yarra,Melbourne - Inner,Greater Melbourne
2114103,Collingwood,Yarra,Melbourne - Inner,Greater Melbourne
2114104,Collingwood,Yarra,Melbourne - Inner,Greater Melbourne
2114105,Collingwood,Yarra,Melbourne - Inner,Greater Melbourne
2114106,Collingwood,Yarra,Melbourne - Inner,Greater Melbourne
2114107,Collingwood,Yarra,Melbourne - Inner,Greater Melbourne
2114108,Collingwood,Yarra,Melbourne - Inner,Greater Melbourne
2114109,Collingwood,Yarra,Melbourne - Inner,Greater Melbourne
2114110,Collingwood,Yarra,Melbourne - Inner,Greater Melbourne
2114111,Collingwood,Yarra,Melbourne - Inner,Greater Melbourne
2114112,Collingwood,Yarra,Melbourne - Inner,Greater Melbourne
2114113,Collingwood,Yarra,Melbourne - Inner,Greater Melbourne
2114114,Collingwood,Yarra,Melbourne - Inner,Greater Melbourne
2114201,Fitzroy,Yarra,Melbourne - Inner,Greater Melbourne
2114202,Fitzroy,Yarra,Melbourne - Inner,Greater Melbourne
2114203,Fitzroy,Yarra,Melbourne - Inner,Greater Melbourne
2114204,Fitzroy,Yarra,Melbourne - Inner,Greater Melbourne
2114205,Fitzroy,Yarra,Melbourne - Inner,Greater Melbourne
2114206,Fitzroy,Yarra,Melbourne - Inner,Greater Melbourne
2114207,Fitzroy,Yarra,Melbourne - Inner,Greater Melbourne
2114208,Fitzroy,Yarra,Melbourne - Inner,Greater Melbourne
2114209,Fitzroy,Yarra,Melbourne - Inner,Greater Melbourne
2114210,Fitzroy,Yarra,Melbourne - Inner,Greater Melbourne
2114211,Fitzroy,Yarra,Melbourne - Inner,Greater Melbourne
2114212,Fitzroy,Yarra,Melbourne - Inner,Greater Melbourne
2114213,Fitzroy,Yarra,Melbourne - Inner,Greater Melbourne
2114214,Fitzroy,Yarra,Melbourne - Inner,Greater Melbourne
2114215,Fitzroy,Yarra,Melbourne - Inner,Greater Melbourne
2114216,Fitzroy,Yarra,Melbourne - Inner,Greater Melbourne
2114217,Fitzroy,Yarra,Melbourne - Inner,Greater Melbourne
2114218,Fitzroy,Yarra,Melbourne - Inner,Greater Melbourne
2114219,Fitzroy,Yarra,Melbourne - Inner,Greater Melbourne
2114220,Fitzroy,Yarra,Melbourne - Inner,Greater Melbourne
2114221,Fitzroy,Yarra,Melbourne - Inner,Greater Melbourne
2114222,Fitzroy,Yarra,Melbourne - Inner,Greater Melbourne
2114223,Fitzroy,Yarra,Melbourne - Inner,Greater Melbourne
2114301,Fitzroy North,Yarra,Melbourne - Inner,Greater Melbourne
2114302,Fitzroy North,Yarra,Melbourne - Inner,Greater Melbourne
2114303,Fitzroy North,Yarra,Melbourne - Inner,Greater Melbourne
2114304,Fitzroy North,Yarra,Melbourne - Inner,Greater Melbourne
2114305,Fitzroy North,Yarra,Melbourne - Inner,Greater Melbourne
2114306,Fitzroy North,Yarra,Melbourne - Inner,Greater Melbourne
2114307,Fitzroy North,Yarra,Melbourne - Inner,Greater Melbourne
2114308,Fitzroy North,Yarra,Melbourne - Inner,Greater Melbourne
2114309,Fitzroy North,Yarra,Melbourne - Inner,Greater Melbourne
2114310,Fitzroy North,Yarra,Melbourne - Inner,Greater Melbourne
2114311,Fitzroy North,Yarra,Melbourne - Inner,Greater Melbourne
2114312,Fitzroy North,Yarra,Melbourne - Inner,Greater Melbourne
2114313,Fitzroy North,Yarra,Melbourne - Inner,Greater Melbourne
2114314,Fitzroy North,Yarra,Melbourne - Inner,Greater Melbourne
2114315,Fitzroy North,Yarra,Melbourne - Inner,Greater Melbourne
2114316,Fitzroy North,Yarra,Melbourne - Inner,Greater Melbourne
2114317,Fitzroy North,Yarra,Melbourne - Inner,Greater Melbourne
2114318,Fitzroy North,Yarra,Melbourne - Inner,Greater Melbourne
2114319,Fitzroy North,Yarra,Melbourne - Inner,Greater Melbourne
2114320,Fitzroy North,Yarra,Melbourne - Inner,Greater Melbourne
2114321,Fitzroy North,Yarra,Melbourne - Inner,Greater Melbourne
2114322,Fitzroy North,Yarra,Melbourne - Inner,Greater Melbourne
2114323,Fitzroy North,Yarra,Melbourne - Inner,Greater Melbourne
2114324,Fitzroy North,Yarra,Melbourne - Inner,Greater Melbourne
2114325,Fitzroy North,Yarra,Melbourne - Inner,Greater Melbourne
2114326,Fitzroy North,Yarra,Melbourne - Inner,Greater Melbourne
2114327,Fitzroy North,Yarra,Melbourne - Inner,Greater Melbourne
2114401,Richmond (Vic.),Yarra,Melbourne - Inner,Greater Melbourne
2114402,Richmond (Vic.),Yarra,Melbourne - Inner,Greater Melbourne
2114403,Richmond (Vic.),Yarra,Melbourne - Inner,Greater Melbourne
2114404,Richmond (Vic.),Yarra,Melbourne - Inner,Greater Melbourne
2114405,Richmond (Vic.),Yarra,Melbourne - Inner,Greater Melbourne
2114406,Richmond (Vic.),Yarra,Melbourne - Inner,Greater Melbourne
2114407,Richmond (Vic.),Yarra,Melbourne - Inner,Greater Melbourne
2114408,Richmond (Vic.),Yarra,Melbourne - Inner,Greater Melbourne
2114409,Richmond (Vic.),Yarra,Melbourne - Inner,Greater Melbourne
2114410,Richmond (Vic.),Yarra,Melbourne - Inner,Greater Melbourne
2114411,Richmond (Vic.),Yarra,Melbourne - Inner,Greater Melbourne
2114412,Richmond (Vic.),Yarra,Melbourne - Inner,Greater Melbourne
2114413,Richmond (Vic.),Yarra,Melbourne - Inner,Greater Melbourne
2114414,Richmond (Vic.),Yarra,Melbourne - Inner,Greater Melbourne
2114415,Richmond (Vic.),Yarra,Melbourne - Inner,Greater Melbourne
2114416,Richmond (Vic.),Yarra,Melbourne - Inner,Greater Melbourne
2114417,Richmond (Vic.),Yarra,Melbourne - Inner,Greater Melbourne
2114418,Richmond (Vic.),Yarra,Melbourne - Inner,Greater Melbourne
2114419,Richmond (Vic.),Yarra,Melbourne - Inner,Greater Melbourne
2114420,Richmond (Vic.),Yarra,Melbourne - Inner,Greater Melbourne
2114421,Richmond (Vic.),Yarra,Melbourne - Inner,Greater Melbourne
2114422,Richmond (Vic.),Yarra,Melbourne - Inner,Greater Melbourne
2114423,Richmond (Vic.),Yarra,Melbourne - Inner,Greater Melbourne
2114424,Richmond (Vic.),Yarra,Melbourne - Inner,Greater Melbourne
2114425,Richmond (Vic.),Yarra,Melbourne - Inner,Greater Melbourne
2114426,Richmond (Vic.),Yarra,Melbourne - Inner,Greater Melbourne
2114427,Richmond (Vic.),Yarra,Melbourne - Inner,Greater Melbourne
2114428,Richmond (Vic.),Yarra,Melbourne - Inner,Greater Melbourne
2114429,Richmond (Vic.),Yarra,Melbourne - Inner,Greater Melbourne
2114430,Richmond (Vic.),Yarra,Melbourne - Inner,Greater Melbourne
2114431,Richmond (Vic.),Yarra,Melbourne - Inner,Greater Melbourne
2114432,Richmond (Vic.),Yarra,Melbourne - Inner,Greater Melbourne
2114433,Richmond (Vic.),Yarra,Melbourne - Inner,Greater Melbourne
2114434,Richmond (Vic.),Yarra,Melbourne - Inner,Greater Melbourne
2114435,Richmond (Vic.),Yarra,Melbourne - Inner,Greater Melbourne
2114436,Richmond (Vic.),Yarra,Melbourne - Inner,Greater Melbourne
2114437,Richmond (Vic.),Yarra,Melbourne - Inner,Greater Melbourne
2114438,Richmond (Vic.),Yarra,Melbourne - Inner,Greater Melbourne
2114439,Richmond (Vic.),Yarra,Melbourne - Inner,Greater Melbourne
2114440,Richmond (Vic.),Yarra,Melbourne - Inner,Greater Melbourne
2114441,Richmond (Vic.),Yarra,Melbourne - Inner,Greater Melbourne
2114442,Richmond (Vic.),Yarra,Melbourne - Inner,Greater Melbourne
2114443,Richmond (Vic.),Yarra,Melbourne - Inner,Greater Melbourne
2114444,Richmond (Vic.),Yarra,Melbourne - Inner,Greater Melbourne
2114445,Richmond (Vic.),Yarra,Melbourne - Inner,Greater Melbourne
2114446,Richmond (Vic.),Yarra,Melbourne - Inner,Greater Melbourne
2114447,Richmond (Vic.),Yarra,Melbourne - Inner,Greater Melbourne
2114448,Richmond (Vic.),Yarra,Melbourne - Inner,Greater Melbourne
2114449,Richmond (Vic.),Yarra,Melbourne - Inner,Greater Melbourne
2114450,Richmond (Vic.),Yarra,Melbourne - Inner,Greater Melbourne
2114451,Richmond (Vic.),Yarra,Melbourne - Inner,Greater Melbourne
2114452,Richmond (Vic.),Yarra,Melbourne - Inner,Greater Melbourne
2114453,Richmond (Vic.),Yarra,Melbourne - Inner,Greater Melbourne
2114454,Richmond (Vic.),Yarra,Melbourne - Inner,Greater Melbourne
2114455,Richmond (Vic.),Yarra,Melbourne - Inner,Greater Melbourne
2114456,Richmond (Vic.),Yarra,Melbourne - Inner,Greater Melbourne
2114457,Richmond (Vic.),Yarra,Melbourne - Inner,Greater Melbourne
2114458,Richmond (Vic.),Yarra,Melbourne - Inner,Greater Melbourne
2114459,Richmond (Vic.),Yarra,Melbourne - Inner,Greater Melbourne
2114460,Richmond (Vic.),Yarra,Melbourne - Inner,Greater Melbourne
2114461,Richmond (Vic.),Yarra,Melbourne - Inner,Greater Melbourne
2114501,Yarra - North,Yarra,Melbourne - Inner,Greater Melbourne
2114502,Yarra - North,Yarra,Melbourne - Inner,Greater Melbourne
2114503,Yarra - North,Yarra,Melbourne - Inner,Greater Melbourne
2114504,Yarra - North,Yarra,Melbourne - Inner,Greater Melbourne
2114505,Yarra - North,Yarra,Melbourne - Inner,Greater Melbourne
2114506,Yarra - North,Yarra,Melbourne - Inner,Greater Melbourne
2114507,Yarra - North,Yarra,Melbourne - Inner,Greater Melbourne
2114508,Yarra - North,Yarra,Melbourne - Inner,Greater Melbourne
2114509,Yarra - North,Yarra,Melbourne - Inner,Greater Melbourne
2114510,Yarra - North,Yarra,Melbourne - Inner,Greater Melbourne
2114511,Yarra - North,Yarra,Melbourne - Inner,Greater Melbourne
2114512,Yarra - North,Yarra,Melbourne - Inner,Greater Melbourne
2114513,Yarra - North,Yarra,Melbourne - Inner,Greater Melbourne
2114514,Yarra - North,Yarra,Melbourne - Inner,Greater Melbourne
2114515,Yarra - North,Yarra,Melbourne - Inner,Greater Melbourne
2114516,Yarra - North,Yarra,Melbourne - Inner,Greater Melbourne
2114517,Yarra - North,Yarra,Melbourne - Inner,Greater Melbourne
2114518,Yarra - North,Yarra,Melbourne - Inner,Greater Melbourne
2114519,Yarra - North,Yarra,Melbourne - Inner,Greater Melbourne
2114520,Yarra - North,Yarra,Melbourne - Inner,Greater Melbourne
2114521,Yarra - North,Yarra,Melbourne - Inner,Greater Melbourne
2114601,Ashburton (Vic.),Boroondara,Melbourne - Inner East,Greater Melbourne
2114602,Ashburton (Vic.),Boroondara,Melbourne - Inner East,Greater Melbourne
2114603,Ashburton (Vic.),Boroondara,Melbourne - Inner East,Greater Melbourne
2114604,Ashburton (Vic.),Boroondara,Melbourne - Inner East,Greater Melbourne
2114605,Ashburton (Vic.),Boroondara,Melbourne - Inner East,Greater Melbourne
2114606,Ashburton (Vic.),Boroondara,Melbourne - Inner East,Greater Melbourne
2114607,Ashburton (Vic.),Boroondara,Melbourne - Inner East,Greater Melbourne
2114608,Ashburton (Vic.),Boroondara,Melbourne - Inner East,Greater Melbourne
2114609,Ashburton (Vic.),Boroondara,Melbourne - Inner East,Greater Melbourne
2114610,Ashburton (Vic.),Boroondara,Melbourne - Inner East,Greater Melbourne
2114611,Ashburton (Vic.),Boroondara,Melbourne - Inner East,Greater Melbourne
2114612,Ashburton (Vic.),Boroondara,Melbourne - Inner East,Greater Melbourne
2114613,Ashburton (Vic.),Boroondara,Melbourne - Inner East,Greater Melbourne
2114614,Ashburton (Vic.),Boroondara,Melbourne - Inner East,Greater Melbourne
2114615,Ashburton (Vic.),Boroondara,Melbourne - Inner East,Greater Melbourne
2114616,Ashburton (Vic.),Boroondara,Melbourne - Inner East,Greater Melbourne
2114617,Ashburton (Vic.),Boroondara,Melbourne - Inner East,Greater Melbourne
2114618,Ashburton (Vic.),Boroondara,Melbourne - Inner East,Greater Melbourne
2114619,Ashburton (Vic.),Boroondara,Melbourne - Inner East,Greater Melbourne
2114701,Balwyn,Boroondara,Melbourne - Inner East,Greater Melbourne
2114702,Balwyn,Boroondara,Melbourne - Inner East,Greater Melbourne
2114703,Balwyn,Boroondara,Melbourne - Inner East,Greater Melbourne
2114704,Balwyn,Boroondara,Melbourne - Inner East,Greater Melbourne
2114705,Balwyn,Boroondara,Melbourne - Inner East,Greater Melbourne
2114706,Balwyn,Boroondara,Melbourne - Inner East,Greater Melbourne
2114707,Balwyn,Boroondara,Melbourne - Inner East,Greater Melbourne
2114708,Balwyn,Boroondara,Melbourne - Inner East,Greater Melbourne
2114709,Balwyn,Boroondara,Melbourne - Inner East,Greater Melbourne
2114710,Balwyn,Boroondara,Melbourne - Inner East,Greater Melbourne
2114711,Balwyn,Boroondara,Melbourne - Inner East,Greater Melbourne
2114712,Balwyn,Boroondara,Melbourne - Inner East,Greater Melbourne
2114713,Balwyn,Boroondara,Melbourne - Inner East,Greater Melbourne
2114714,Balwyn,Boroondara,Melbourne - Inner East,Greater Melbourne
2114715,Balwyn,Boroondara,Melbourne - Inner East,Greater Melbourne
2114716,Balwyn,Boroondara,Melbourne - Inner East,Greater Melbourne
2114717,Balwyn,Boroondara,Melbourne - Inner East,Greater Melbourne
2114718,Balwyn,Boroondara,Melbourne - Inner East,Greater Melbourne
2114719,Balwyn,Boroondara,Melbourne - Inner East,Greater Melbourne
2114720,Balwyn,Boroondara,Melbourne - Inner East,Greater Melbourne
2114721,Balwyn,Boroondara,Melbourne - Inner East,Greater Melbourne
2114722,Balwyn,Boroondara,Melbourne - Inner East,Greater Melbourne
2114723,Balwyn,Boroondara,Melbourne - Inner East,Greater Melbourne
2114724,Balwyn,Boroondara,Melbourne - Inner East,Greater Melbourne
2114725,Balwyn,Boroondara,Melbourne - Inner East,Greater Melbourne
2114726,Balwyn,Boroondara,Melbourne - Inner East,Greater Melbourne
2114727,Balwyn,Boroondara,Melbourne - Inner East,Greater Melbourne
2114728,Balwyn,Boroondara,Melbourne - Inner East,Greater Melbourne
2114729,Balwyn,Boroondara,Melbourne - Inner East,Greater Melbourne
2114730,Balwyn,Boroondara,Melbourne - Inner East,Greater Melbourne
2114731,Balwyn,Boroondara,Melbourne - Inner East,Greater Melbourne
2114732,Balwyn,Boroondara,Melbourne - Inner East,Greater Melbourne
2114733,Balwyn,Boroondara,Melbourne - Inner East,Greater Melbourne
2114734,Balwyn,Boroondara,Melbourne - Inner East,Greater Melbourne
2114735,Balwyn,Boroondara,Melbourne - Inner East,Greater Melbourne
2114801,Balwyn North,Boroondara,Melbourne - Inner East,Greater Melbourne
2114802,Balwyn North,Boroondara,Melbourne - Inner East,Greater Melbourne
2114803,Balwyn North,Boroondara,Melbourne - Inner East,Greater Melbourne
2114804,Balwyn North,Boroondara,Melbourne - Inner East,Greater Melbourne
2114805,Balwyn North,Boroondara,Melbourne - Inner East,Greater Melbourne
2114806,Balwyn North,Boroondara,Melbourne - Inner East,Greater Melbourne
2114807,Balwyn North,Boroondara,Melbourne - Inner East,Greater Melbourne
2114808,Balwyn North,Boroondara,Melbourne - Inner East,Greater Melbourne
2114809,Balwyn North,Boroondara,Melbourne - Inner East,Greater Melbourne
2114810,Balwyn North,Boroondara,Melbourne - Inner East,Greater Melbourne
2114811,Balwyn North,Boroondara,Melbourne - Inner East,Greater Melbourne
2114812,Balwyn North,Boroondara,Melbourne - Inner East,Greater Melbourne
2114813,Balwyn North,Boroondara,Melbourne - Inner East,Greater Melbourne
2114814,Balwyn North,Boroondara,Melbourne - Inner East,Greater Melbourne
2114815,Balwyn North,Boroondara,Melbourne - Inner East,Greater Melbourne
2114816,Balwyn North,Boroondara,Melbourne - Inner East,Greater Melbourne
2114817,Balwyn North,Boroondara,Melbourne - Inner East,Greater Melbourne
2114818,Balwyn North,Boroondara,Melbourne - Inner East,Greater Melbourne
2114819,Balwyn North,Boroondara,Melbourne - Inner East,Greater Melbourne
2114820,Balwyn North,Boroondara,Melbourne - Inner East,Greater Melbourne
2114821,Balwyn North,Boroondara,Melbourne - Inner East,Greater Melbourne
2114822,Balwyn North,Boroondara,Melbourne - Inner East,Greater Melbourne
2114823,Balwyn North,Boroondara,Melbourne - Inner East,Greater Melbourne
2114824,Balwyn North,Boroondara,Melbourne - Inner East,Greater Melbourne
2114825,Balwyn North,Boroondara,Melbourne - Inner East,Greater Melbourne
2114826,Balwyn North,Boroondara,Melbourne - Inner East,Greater Melbourne
2114827,Balwyn North,Boroondara,Melbourne - Inner East,Greater Melbourne
2114828,Balwyn North,Boroondara,Melbourne - Inner East,Greater Melbourne
2114829,Balwyn North,Boroondara,Melbourne - Inner East,Greater Melbourne
2114830,Balwyn North,Boroondara,Melbourne - Inner East,Greater Melbourne
2114831,Balwyn North,Boroondara,Melbourne - Inner East,Greater Melbourne
2114832,Balwyn North,Boroondara,Melbourne - Inner East,Greater Melbourne
2114833,Balwyn North,Boroondara,Melbourne - Inner East,Greater Melbourne
2114834,Balwyn North,Boroondara,Melbourne - Inner East,Greater Melbourne
2114835,Balwyn North,Boroondara,Melbourne - Inner East,Greater Melbourne
2114836,Balwyn North,Boroondara,Melbourne - Inner East,Greater Melbourne
2114837,Balwyn North,Boroondara,Melbourne - Inner East,Greater Melbourne
2114838,Balwyn North,Boroondara,Melbourne - Inner East,Greater Melbourne
2114839,Balwyn North,Boroondara,Melbourne - Inner East,Greater Melbourne
2114840,Balwyn North,Boroondara,Melbourne - Inner East,Greater Melbourne
2114841,Balwyn North,Boroondara,Melbourne - Inner East,Greater Melbourne
2114842,Balwyn North,Boroondara,Melbourne - Inner East,Greater Melbourne
2114843,Balwyn North,Boroondara,Melbourne - Inner East,Greater Melbourne
2114844,Balwyn North,Boroondara,Melbourne - Inner East,Greater Melbourne
2114845,Balwyn North,Boroondara,Melbourne - Inner East,Greater Melbourne
2114846,Balwyn North,Boroondara,Melbourne - Inner East,Greater Melbourne
2114847,Balwyn North,Boroondara,Melbourne - Inner East,Greater Melbourne
2114848,Balwyn North,Boroondara,Melbourne - Inner East,Greater Melbourne
2114849,Balwyn North,Boroondara,Melbourne - Inner East,Greater Melbourne
2114850,Balwyn North,Boroondara,Melbourne - Inner East,Greater Melbourne
2114851,Balwyn North,Boroondara,Melbourne - Inner East,Greater Melbourne
2114852,Balwyn North,Boroondara,Melbourne - Inner East,Greater Melbourne
2114901,Camberwell,Boroondara,Melbourne - Inner East,Greater Melbourne
2114902,Camberwell,Boroondara,Melbourne - Inner East,Greater Melbourne
2114903,Camberwell,Boroondara,Melbourne - Inner East,Greater Melbourne
2114904,Camberwell,Boroondara,Melbourne - Inner East,Greater Melbourne
2114905,Camberwell,Boroondara,Melbourne - Inner East,Greater Melbourne
2114906,Camberwell,Boroondara,Melbourne - Inner East,Greater Melbourne
2114907,Camberwell,Boroondara,Melbourne - Inner East,Greater Melbourne
2114908,Camberwell,Boroondara,Melbourne - Inner East,Greater Melbourne
2114909,Camberwell,Boroondara,Melbourne - Inner East,Greater Melbourne
2114910,Camberwell,Boroondara,Melbourne - Inner East,Greater Melbourne
2114911,Camberwell,Boroondara,Melbourne - Inner East,Greater Melbourne
2114912,Camberwell,Boroondara,Melbourne - Inner East,Greater Melbourne
2114913,Camberwell,Boroondara,Melbourne - Inner East,Greater Melbourne
2114914,Camberwell,Boroondara,Melbourne - Inner East,Greater Melbourne
2114915,Camberwell,Boroondara,Melbourne - Inner East,Greater Melbourne
2114916,Camberwell,Boroondara,Melbourne - Inner East,Greater Melbourne
2114917,Camberwell,Boroondara,Melbourne - Inner East,Greater Melbourne
2114918,Camberwell,Boroondara,Melbourne - Inner East,Greater Melbourne
2114919,Camberwell,Boroondara,Melbourne - Inner East,Greater Melbourne
2114920,Camberwell,Boroondara,Melbourne - Inner East,Greater Melbourne
2114921,Camberwell,Boroondara,Melbourne - Inner East,Greater Melbourne
2114922,Camberwell,Boroondara,Melbourne - Inner East,Greater Melbourne
2114923,Camberwell,Boroondara,Melbourne - Inner East,Greater Melbourne
2114924,Camberwell,Boroondara,Melbourne - Inner East,Greater Melbourne
2114925,Camberwell,Boroondara,Melbourne - Inner East,Greater Melbourne
2114926,Camberwell,Boroondara,Melbourne - Inner East,Greater Melbourne
2114927,Camberwell,Boroondara,Melbourne - Inner East,Greater Melbourne
2114928,Camberwell,Boroondara,Melbourne - Inner East,Greater Melbourne
2114929,Camberwell,Boroondara,Melbourne - Inner East,Greater Melbourne
2114930,Camberwell,Boroondara,Melbourne - Inner East,Greater Melbourne
2114931,Camberwell,Boroondara,Melbourne - Inner East,Greater Melbourne
2114932,Camberwell,Boroondara,Melbourne - Inner East,Greater Melbourne
2114933,Camberwell,Boroondara,Melbourne - Inner East,Greater Melbourne
2114934,Camberwell,Boroondara,Melbourne - Inner East,Greater Melbourne
2114935,Camberwell,Boroondara,Melbourne - Inner East,Greater Melbourne
2114936,Camberwell,Boroondara,Melbourne - Inner East,Greater Melbourne
2114937,Camberwell,Boroondara,Melbourne - Inner East,Greater Melbourne
2114938,Camberwell,Boroondara,Melbourne - Inner East,Greater Melbourne
2114939,Camberwell,Boroondara,Melbourne - Inner East,Greater Melbourne
2114940,Camberwell,Boroondara,Melbourne - Inner East,Greater Melbourne
2114941,Camberwell,Boroondara,Melbourne - Inner East,Greater Melbourne
2114942,Camberwell,Boroondara,Melbourne - Inner East,Greater Melbourne
2114943,Camberwell,Boroondara,Melbourne - Inner East,Greater Melbourne
2114944,Camberwell,Boroondara,Melbourne - Inner East,Greater Melbourne
2114945,Camberwell,Boroondara,Melbourne - Inner East,Greater Melbourne
2114946,Camberwell,Boroondara,Melbourne - Inner East,Greater Melbourne
2114947,Camberwell,Boroondara,Melbourne - Inner East,Greater Melbourne
2114948,Camberwell,Boroondara,Melbourne - Inner East,Greater Melbourne
2114949,Camberwell,Boroondara,Melbourne - Inner East,Greater Melbourne
2115001,Glen Iris - East,Boroondara,Melbourne - Inner East,Greater Melbourne
2115002,Glen Iris - East,Boroondara,Melbourne - Inner East,Greater Melbourne
2115003,Glen Iris - East,Boroondara,Melbourne - Inner East,Greater Melbourne
2115004,Glen Iris - East,Boroondara,Melbourne - Inner East,Greater Melbourne
2115005,Glen Iris - East,Boroondara,Melbourne - Inner East,Greater Melbourne
2115006,Glen Iris - East,Boroondara,Melbourne - Inner East,Greater Melbourne
2115007,Glen Iris - East,Boroondara,Melbourne - Inner East,Greater Melbourne
2115008,Glen Iris - East,Boroondara,Melbourne - Inner East,Greater Melbourne
2115009,Glen Iris - East,Boroondara,Melbourne - Inner East,Greater Melbourne
2115010,Glen Iris - East,Boroondara,Melbourne - Inner East,Greater Melbourne
2115011,Glen Iris - East,Boroondara,Melbourne - Inner East,Greater Melbourne
2115012,Glen Iris - East,Boroondara,Melbourne - Inner East,Greater Melbourne
2115013,Glen Iris - East,Boroondara,Melbourne - Inner East,Greater Melbourne
2115014,Glen Iris - East,Boroondara,Melbourne - Inner East,Greater Melbourne
2115015,Glen Iris - East,Boroondara,Melbourne - Inner East,Greater Melbourne
2115016,Glen Iris - East,Boroondara,Melbourne - Inner East,Greater Melbourne
2115017,Glen Iris - East,Boroondara,Melbourne - Inner East,Greater Melbourne
2115018,Glen Iris - East,Boroondara,Melbourne - Inner East,Greater Melbourne
2115019,Glen Iris - East,Boroondara,Melbourne - Inner East,Greater Melbourne
2115020,Glen Iris - East,Boroondara,Melbourne - Inner East,Greater Melbourne
2115021,Glen Iris - East,Boroondara,Melbourne - Inner East,Greater Melbourne
2115022,Glen Iris - East,Boroondara,Melbourne - Inner East,Greater Melbourne
2115023,Glen Iris - East,Boroondara,Melbourne - Inner East,Greater Melbourne
2115024,Glen Iris - East,Boroondara,Melbourne - Inner East,Greater Melbourne
2115025,Glen Iris - East,Boroondara,Melbourne - Inner East,Greater Melbourne
2115026,Glen Iris - East,Boroondara,Melbourne - Inner East,Greater Melbourne
2115027,Glen Iris - East,Boroondara,Melbourne - Inner East,Greater Melbourne
2115028,Glen Iris - East,Boroondara,Melbourne - Inner East,Greater Melbourne
2115029,Glen Iris - East,Boroondara,Melbourne - Inner East,Greater Melbourne
2115030,Glen Iris - East,Boroondara,Melbourne - Inner East,Greater Melbourne
2115031,Glen Iris - East,Boroondara,Melbourne - Inner East,Greater Melbourne
2115032,Glen Iris - East,Boroondara,Melbourne - Inner East,Greater Melbourne
2115033,Glen Iris - East,Boroondara,Melbourne - Inner East,Greater Melbourne
2115034,Glen Iris - East,Boroondara,Melbourne - Inner East,Greater Melbourne
2115035,Glen Iris - East,Boroondara,Melbourne - Inner East,Greater Melbourne
2115036,Glen Iris - East,Boroondara,Melbourne - Inner East,Greater Melbourne
2115037,Glen Iris - East,Boroondara,Melbourne - Inner East,Greater Melbourne
2115038,Glen Iris - East,Boroondara,Melbourne - Inner East,Greater Melbourne
2115101,Hawthorn,Boroondara,Melbourne - Inner East,Greater Melbourne
2115102,Hawthorn,Boroondara,Melbourne - Inner East,Greater Melbourne
2115103,Hawthorn,Boroondara,Melbourne - Inner East,Greater Melbourne
2115104,Hawthorn,Boroondara,Melbourne - Inner East,Greater Melbourne
2115105,Hawthorn,Boroondara,Melbourne - Inner East,Greater Melbourne
2115106,Hawthorn,Boroondara,Melbourne - Inner East,Greater Melbourne
2115107,Hawthorn,Boroondara,Melbourne - Inner East,Greater Melbourne
2115108,Hawthorn,Boroondara,Melbourne - Inner East,Greater Melbourne
2115109,Hawthorn,Boroondara,Melbourne - Inner East,Greater Melbourne
2115110,Hawthorn,Boroondara,Melbourne - Inner East,Greater Melbourne
2115111,Hawthorn,Boroondara,Melbourne - Inner East,Greater Melbourne
2115112,Hawthorn,Boroondara,Melbourne - Inner East,Greater Melbourne
2115113,Hawthorn,Boroondara,Melbourne - Inner East,Greater Melbourne
2115114,Hawthorn,Boroondara,Melbourne - Inner East,Greater Melbourne
2115115,Hawthorn,Boroondara,Melbourne - Inner East,Greater Melbourne
2115116,Hawthorn,Boroondara,Melbourne - Inner East,Greater Melbourne
2115117,Hawthorn,Boroondara,Melbourne - Inner East,Greater Melbourne
2115118,Hawthorn,Boroondara,Melbourne - Inner East,Greater Melbourne
2115119,Hawthorn,Boroondara,Melbourne - Inner East,Greater Melbourne
2115120,Hawthorn,Boroondara,Melbourne - Inner East,Greater Melbourne
2115121,Hawthorn,Boroondara,Melbourne - Inner East,Greater Melbourne
2115122,Hawthorn,Boroondara,Melbourne - Inner East,Greater Melbourne
2115123,Hawthorn,Boroondara,Melbourne - Inner East,Greater Melbourne
2115124,Hawthorn,Boroondara,Melbourne - Inner East,Greater Melbourne
2115125,Hawthorn,Boroondara,Melbourne - Inner East,Greater Melbourne
2115126,Hawthorn,Boroondara,Melbourne - Inner East,Greater Melbourne
2115127,Hawthorn,Boroondara,Melbourne - Inner East,Greater Melbourne
2115128,Hawthorn,Boroondara,Melbourne - Inner East,Greater Melbourne
2115129,Hawthorn,Boroondara,Melbourne - Inner East,Greater Melbourne
2115130,Hawthorn,Boroondara,Melbourne - Inner East,Greater Melbourne
2115131,Hawthorn,Boroondara,Melbourne - Inner East,Greater Melbourne
2115132,Hawthorn,Boroondara,Melbourne - Inner East,Greater Melbourne
2115133,Hawthorn,Boroondara,Melbourne - Inner East,Greater Melbourne
2115134,Hawthorn,Boroondara,Melbourne - Inner East,Greater Melbourne
2115135,Hawthorn,Boroondara,Melbourne - Inner East,Greater Melbourne
2115136,Hawthorn,Boroondara,Melbourne - Inner East,Greater Melbourne
2115137,Hawthorn,Boroondara,Melbourne - Inner East,Greater Melbourne
2115138,Hawthorn,Boroondara,Melbourne - Inner East,Greater Melbourne
2115139,Hawthorn,Boroondara,Melbourne - Inner East,Greater Melbourne
2115140,Hawthorn,Boroondara,Melbourne - Inner East,Greater Melbourne
2115141,Hawthorn,Boroondara,Melbourne - Inner East,Greater Melbourne
2115142,Hawthorn,Boroondara,Melbourne - Inner East,Greater Melbourne
2115143,Hawthorn,Boroondara,Melbourne - Inner East,Greater Melbourne
2115144,Hawthorn,Boroondara,Melbourne - Inner East,Greater Melbourne
2115145,Hawthorn,Boroondara,Melbourne - Inner East,Greater Melbourne
2115146,Hawthorn,Boroondara,Melbourne - Inner East,Greater Melbourne
2115147,Hawthorn,Boroondara,Melbourne - Inner East,Greater Melbourne
2115201,Hawthorn East,Boroondara,Melbourne - Inner East,Greater Melbourne
2115202,Hawthorn East,Boroondara,Melbourne - Inner East,Greater Melbourne
2115203,Hawthorn East,Boroondara,Melbourne - Inner East,Greater Melbourne
2115204,Hawthorn East,Boroondara,Melbourne - Inner East,Greater Melbourne
2115205,Hawthorn East,Boroondara,Melbourne - Inner East,Greater Melbourne
2115206,Hawthorn East,Boroondara,Melbourne - Inner East,Greater Melbourne
2115207,Hawthorn East,Boroondara,Melbourne - Inner East,Greater Melbourne
2115208,Hawthorn East,Boroondara,Melbourne - Inner East,Greater Melbourne
2115209,Hawthorn East,Boroondara,Melbourne - Inner East,Greater Melbourne
2115210,Hawthorn East,Boroondara,Melbourne - Inner East,Greater Melbourne
2115211,Hawthorn East,Boroondara,Melbourne - Inner East,Greater Melbourne
2115212,Hawthorn East,Boroondara,Melbourne - Inner East,Greater Melbourne
2115213,Hawthorn East,Boroondara,Melbourne - Inner East,Greater Melbourne
2115214,Hawthorn East,Boroondara,Melbourne - Inner East,Greater Melbourne
2115215,Hawthorn East,Boroondara,Melbourne - Inner East,Greater Melbourne
2115216,Hawthorn East,Boroondara,Melbourne - Inner East,Greater Melbourne
2115217,Hawthorn East,Boroondara,Melbourne - Inner East,Greater Melbourne
2115218,Hawthorn East,Boroondara,Melbourne - Inner East,Greater Melbourne
2115219,Hawthorn East,Boroondara,Melbourne - Inner East,Greater Melbourne
2115220,Hawthorn East,Boroondara,Melbourne - Inner East,Greater Melbourne
2115221,Hawthorn East,Boroondara,Melbourne - Inner East,Greater Melbourne
2115222,Hawthorn East,Boroondara,Melbourne - Inner East,Greater Melbourne
2115223,Hawthorn East,Boroondara,Melbourne - Inner East,Greater Melbourne
2115224,Hawthorn East,Boroondara,Melbourne - Inner East,Greater Melbourne
2115225,Hawthorn East,Boroondara,Melbourne - Inner East,Greater Melbourne
2115226,Hawthorn East,Boroondara,Melbourne - Inner East,Greater Melbourne
2115227,Hawthorn East,Boroondara,Melbourne - Inner East,Greater Melbourne
2115228,Hawthorn East,Boroondara,Melbourne - Inner East,Greater Melbourne
2115229,Hawthorn East,Boroondara,Melbourne - Inner East,Greater Melbourne
2115230,Hawthorn East,Boroondara,Melbourne - Inner East,Greater Melbourne
2115231,Hawthorn East,Boroondara,Melbourne - Inner East,Greater Melbourne
2115301,Kew,Boroondara,Melbourne - Inner East,Greater Melbourne
2115302,Kew,Boroondara,Melbourne - Inner East,Greater Melbourne
2115303,Kew,Boroondara,Melbourne - Inner East,Greater Melbourne
2115304,Kew,Boroondara,Melbourne - Inner East,Greater Melbourne
2115305,Kew,Boroondara,Melbourne - Inner East,Greater Melbourne
2115306,Kew,Boroondara,Melbourne - Inner East,Greater Melbourne
2115307,Kew,Boroondara,Melbourne - Inner East,Greater Melbourne
2115308,Kew,Boroondara,Melbourne - Inner East,Greater Melbourne
2115309,Kew,Boroondara,Melbourne - Inner East,Greater Melbourne
2115310,Kew,Boroondara,Melbourne - Inner East,Greater Melbourne
2115311,Kew,Boroondara,Melbourne - Inner East,Greater Melbourne
2115312,Kew,Boroondara,Melbourne - Inner East,Greater Melbourne
2115313,Kew,Boroondara,Melbourne - Inner East,Greater Melbourne
2115314,Kew,Boroondara,Melbourne - Inner East,Greater Melbourne
2115315,Kew,Boroondara,Melbourne - Inner East,Greater Melbourne
2115316,Kew,Boroondara,Melbourne - Inner East,Greater Melbourne
2115317,Kew,Boroondara,Melbourne - Inner East,Greater Melbourne
2115318,Kew,Boroondara,Melbourne - Inner East,Greater Melbourne
2115319,Kew,Boroondara,Melbourne - Inner East,Greater Melbourne
2115320,Kew,Boroondara,Melbourne - Inner East,Greater Melbourne
2115321,Kew,Boroondara,Melbourne - Inner East,Greater Melbourne
2115322,Kew,Boroondara,Melbourne - Inner East,Greater Melbourne
2115323,Kew,Boroondara,Melbourne - Inner East,Greater Melbourne
2115324,Kew,Boroondara,Melbourne - Inner East,Greater Melbourne
2115325,Kew,Boroondara,Melbourne - Inner East,Greater Melbourne
2115326,Kew,Boroondara,Melbourne - Inner East,Greater Melbourne
2115327,Kew,Boroondara,Melbourne - Inner East,Greater Melbourne
2115328,Kew,Boroondara,Melbourne - Inner East,Greater Melbourne
2115329,Kew,Boroondara,Melbourne - Inner East,Greater Melbourne
2115330,Kew,Boroondara,Melbourne - Inner East,Greater Melbourne
2115331,Kew,Boroondara,Melbourne - Inner East,Greater Melbourne
2115332,Kew,Boroondara,Melbourne - Inner East,Greater Melbourne
2115333,Kew,Boroondara,Melbourne - Inner East,Greater Melbourne
2115334,Kew,Boroondara,Melbourne - Inner East,Greater Melbourne
2115335,Kew,Boroondara,Melbourne - Inner East,Greater Melbourne
2115336,Kew,Boroondara,Melbourne - Inner East,Greater Melbourne
2115337,Kew,Boroondara,Melbourne - Inner East,Greater Melbourne
2115338,Kew,Boroondara,Melbourne - Inner East,Greater Melbourne
2115339,Kew,Boroondara,Melbourne - Inner East,Greater Melbourne
2115340,Kew,Boroondara,Melbourne - Inner East,Greater Melbourne
2115341,Kew,Boroondara,Melbourne - Inner East,Greater Melbourne
2115342,Kew,Boroondara,Melbourne - Inner East,Greater Melbourne
2115343,Kew,Boroondara,Melbourne - Inner East,Greater Melbourne
2115344,Kew,Boroondara,Melbourne - Inner East,Greater Melbourne
2115345,Kew,Boroondara,Melbourne - Inner East,Greater Melbourne
2115346,Kew,Boroondara,Melbourne - Inner East,Greater Melbourne
2115347,Kew,Boroondara,Melbourne - Inner East,Greater Melbourne
2115348,Kew,Boroondara,Melbourne - Inner East,Greater Melbourne
2115349,Kew,Boroondara,Melbourne - Inner East,Greater Melbourne
2115350,Kew,Boroondara,Melbourne - Inner East,Greater Melbourne
2115351,Kew,Boroondara,Melbourne - Inner East,Greater Melbourne
2115352,Kew,Boroondara,Melbourne - Inner East,Greater Melbourne
2115353,Kew,Boroondara,Melbourne - Inner East,Greater Melbourne
2115354,Kew,Boroondara,Melbourne - Inner East,Greater Melbourne
2115355,Kew,Boroondara,Melbourne - Inner East,Greater Melbourne
2115356,Kew,Boroondara,Melbourne - Inner East,Greater Melbourne
2115357,Kew,Boroondara,Melbourne - Inner East,Greater Melbourne
2115401,Kew East,Boroondara,Melbourne - Inner East,Greater Melbourne
2115402,Kew East,Boroondara,Melbourne - Inner East,Greater Melbourne
2115403,Kew East,Boroondara,Melbourne - Inner East,Greater Melbourne
2115404,Kew East,Boroondara,Melbourne - Inner East,Greater Melbourne
2115405,Kew East,Boroondara,Melbourne - Inner East,Greater Melbourne
2115406,Kew East,Boroondara,Melbourne - Inner East,Greater Melbourne
2115407,Kew East,Boroondara,Melbourne - Inner East,Greater Melbourne
2115408,Kew East,Boroondara,Melbourne - Inner East,Greater Melbourne
2115409,Kew East,Boroondara,Melbourne - Inner East,Greater Melbourne
2115410,Kew East,Boroondara,Melbourne - Inner East,Greater Melbourne
2115411,Kew East,Boroondara,Melbourne - Inner East,Greater Melbourne
2115412,Kew East,Boroondara,Melbourne - Inner East,Greater Melbourne
2115413,Kew East,Boroondara,Melbourne - Inner East,Greater Melbourne
2115414,Kew East,Boroondara,Melbourne - Inner East,Greater Melbourne
2115415,Kew East,Boroondara,Melbourne - Inner East,Greater Melbourne
2115416,Kew East,Boroondara,Melbourne - Inner East,Greater Melbourne
2115417,Kew East,Boroondara,Melbourne - Inner East,Greater Melbourne
2115418,Kew East,Boroondara,Melbourne - Inner East,Greater Melbourne
2115501,Surrey Hills (West) - Canterbury,Boroondara,Melbourne - Inner East,Greater Melbourne
2115502,Surrey Hills (West) - Canterbury,Boroondara,Melbourne - Inner East,Greater Melbourne
2115503,Surrey Hills (West) - Canterbury,Boroondara,Melbourne - Inner East,Greater Melbourne
2115504,Surrey Hills (West) - Canterbury,Boroondara,Melbourne - Inner East,Greater Melbourne
2115505,Surrey Hills (West) - Canterbury,Boroondara,Melbourne - Inner East,Greater Melbourne
2115506,Surrey Hills (West) - Canterbury,Boroondara,Melbourne - Inner East,Greater Melbourne
2115507,Surrey Hills (West) - Canterbury,Boroondara,Melbourne - Inner East,Greater Melbourne
2115508,Surrey Hills (West) - Canterbury,Boroondara,Melbourne - Inner East,Greater Melbourne
2115509,Surrey Hills (West) - Canterbury,Boroondara,Melbourne - Inner East,Greater Melbourne
2115510,Surrey Hills (West) - Canterbury,Boroondara,Melbourne - Inner East,Greater Melbourne
2115511,Surrey Hills (West) - Canterbury,Boroondara,Melbourne - Inner East,Greater Melbourne
2115512,Surrey Hills (West) - Canterbury,Boroondara,Melbourne - Inner East,Greater Melbourne
2115513,Surrey Hills (West) - Canterbury,Boroondara,Melbourne - Inner East,Greater Melbourne
2115514,Surrey Hills (West) - Canterbury,Boroondara,Melbourne - Inner East,Greater Melbourne
2115515,Surrey Hills (West) - Canterbury,Boroondara,Melbourne - Inner East,Greater Melbourne
2115516,Surrey Hills (West) - Canterbury,Boroondara,Melbourne - Inner East,Greater Melbourne
2115517,Surrey Hills (West) - Canterbury,Boroondara,Melbourne - Inner East,Greater Melbourne
2115518,Surrey Hills (West) - Canterbury,Boroondara,Melbourne - Inner East,Greater Melbourne
2115519,Surrey Hills (West) - Canterbury,Boroondara,Melbourne - Inner East,Greater Melbourne
2115520,Surrey Hills (West) - Canterbury,Boroondara,Melbourne - Inner East,Greater Melbourne
2115521,Surrey Hills (West) - Canterbury,Boroondara,Melbourne - Inner East,Greater Melbourne
2115522,Surrey Hills (West) - Canterbury,Boroondara,Melbourne - Inner East,Greater Melbourne
2115523,Surrey Hills (West) - Canterbury,Boroondara,Melbourne - Inner East,Greater Melbourne
2115524,Surrey Hills (West) - Canterbury,Boroondara,Melbourne - Inner East,Greater Melbourne
2115525,Surrey Hills (West) - Canterbury,Boroondara,Melbourne - Inner East,Greater Melbourne
2115526,Surrey Hills (West) - Canterbury,Boroondara,Melbourne - Inner East,Greater Melbourne
2115527,Surrey Hills (West) - Canterbury,Boroondara,Melbourne - Inner East,Greater Melbourne
2115528,Surrey Hills (West) - Canterbury,Boroondara,Melbourne - Inner East,Greater Melbourne
2115529,Surrey Hills (West) - Canterbury,Boroondara,Melbourne - Inner East,Greater Melbourne
2115530,Surrey Hills (West) - Canterbury,Boroondara,Melbourne - Inner East,Greater Melbourne
2115531,Surrey Hills (West) - Canterbury,Boroondara,Melbourne - Inner East,Greater Melbourne
2115532,Surrey Hills (West) - Canterbury,Boroondara,Melbourne - Inner East,Greater Melbourne
2115533,Surrey Hills (West) - Canterbury,Boroondara,Melbourne - Inner East,Greater Melbourne
2115534,Surrey Hills (West) - Canterbury,Boroondara,Melbourne - Inner East,Greater Melbourne
2115535,Surrey Hills (West) - Canterbury,Boroondara,Melbourne - Inner East,Greater Melbourne
2115536,Surrey Hills (West) - Canterbury,Boroondara,Melbourne - Inner East,Greater Melbourne
2115537,Surrey Hills (West) - Canterbury,Boroondara,Melbourne - Inner East,Greater Melbourne
2115538,Surrey Hills (West) - Canterbury,Boroondara,Melbourne - Inner East,Greater Melbourne
2115539,Surrey Hills (West) - Canterbury,Boroondara,Melbourne - Inner East,Greater Melbourne
2115540,Surrey Hills (West) - Canterbury,Boroondara,Melbourne - Inner East,Greater Melbourne
2115541,Surrey Hills (West) - Canterbury,Boroondara,Melbourne - Inner East,Greater Melbourne
2115542,Surrey Hills (West) - Canterbury,Boroondara,Melbourne - Inner East,Greater Melbourne
2115543,Surrey Hills (West) - Canterbury,Boroondara,Melbourne - Inner East,Greater Melbourne
2115601,Bulleen,Manningham - West,Melbourne - Inner East,Greater Melbourne
2115602,Bulleen,Manningham - West,Melbourne - Inner East,Greater Melbourne
2115603,Bulleen,Manningham - West,Melbourne - Inner East,Greater Melbourne
2115604,Bulleen,Manningham - West,Melbourne - Inner East,Greater Melbourne
2115605,Bulleen,Manningham - West,Melbourne - Inner East,Greater Melbourne
2115606,Bulleen,Manningham - West,Melbourne - Inner East,Greater Melbourne
2115607,Bulleen,Manningham - West,Melbourne - Inner East,Greater Melbourne
2115608,Bulleen,Manningham - West,Melbourne - Inner East,Greater Melbourne
2115609,Bulleen,Manningham - West,Melbourne - Inner East,Greater Melbourne
2115610,Bulleen,Manningham - West,Melbourne - Inner East,Greater Melbourne
2115611,Bulleen,Manningham - West,Melbourne - Inner East,Greater Melbourne
2115612,Bulleen,Manningham - West,Melbourne - Inner East,Greater Melbourne
2115613,Bulleen,Manningham - West,Melbourne - Inner East,Greater Melbourne
2115614,Bulleen,Manningham - West,Melbourne - Inner East,Greater Melbourne
2115615,Bulleen,Manningham - West,Melbourne - Inner East,Greater Melbourne
2115616,Bulleen,Manningham - West,Melbourne - Inner East,Greater Melbourne
2115617,Bulleen,Manningham - West,Melbourne - Inner East,Greater Melbourne
2115618,Bulleen,Manningham - West,Melbourne - Inner East,Greater Melbourne
2115619,Bulleen,Manningham - West,Melbourne - Inner East,Greater Melbourne
2115620,Bulleen,Manningham - West,Melbourne - Inner East,Greater Melbourne
2115621,Bulleen,Manningham - West,Melbourne - Inner East,Greater Melbourne
2115622,Bulleen,Manningham - West,Melbourne - Inner East,Greater Melbourne
2115623,Bulleen,Manningham - West,Melbourne - Inner East,Greater Melbourne
2115624,Bulleen,Manningham - West,Melbourne - Inner East,Greater Melbourne
2115625,Bulleen,Manningham - West,Melbourne - Inner East,Greater Melbourne
2115626,Bulleen,Manningham - West,Melbourne - Inner East,Greater Melbourne
2115627,Bulleen,Manningham - West,Melbourne - Inner East,Greater Melbourne
2115628,Bulleen,Manningham - West,Melbourne - Inner East,Greater Melbourne
2115701,Doncaster,Manningham - West,Melbourne - Inner East,Greater Melbourne
2115702,Doncaster,Manningham - West,Melbourne - Inner East,Greater Melbourne
2115703,Doncaster,Manningham - West,Melbourne - Inner East,Greater Melbourne
2115704,Doncaster,Manningham - West,Melbourne - Inner East,Greater Melbourne
2115705,Doncaster,Manningham - West,Melbourne - Inner East,Greater Melbourne
2115706,Doncaster,Manningham - West,Melbourne - Inner East,Greater Melbourne
2115707,Doncaster,Manningham - West,Melbourne - Inner East,Greater Melbourne
2115708,Doncaster,Manningham - West,Melbourne - Inner East,Greater Melbourne
2115709,Doncaster,Manningham - West,Melbourne - Inner East,Greater Melbourne
2115710,Doncaster,Manningham - West,Melbourne - Inner East,Greater Melbourne
2115711,Doncaster,Manningham - West,Melbourne - Inner East,Greater Melbourne
2115712,Doncaster,Manningham - West,Melbourne - Inner East,Greater Melbourne
2115713,Doncaster,Manningham - West,Melbourne - Inner East,Greater Melbourne
2115714,Doncaster,Manningham - West,Melbourne - Inner East,Greater Melbourne
2115715,Doncaster,Manningham - West,Melbourne - Inner East,Greater Melbourne
2115716,Doncaster,Manningham - West,Melbourne - Inner East,Greater Melbourne
2115717,Doncaster,Manningham - West,Melbourne - Inner East,Greater Melbourne
2115718,Doncaster,Manningham - West,Melbourne - Inner East,Greater Melbourne
2115719,Doncaster,Manningham - West,Melbourne - Inner East,Greater Melbourne
2115720,Doncaster,Manningham - West,Melbourne - Inner East,Greater Melbourne
2115721,Doncaster,Manningham - West,Melbourne - Inner East,Greater Melbourne
2115722,Doncaster,Manningham - West,Melbourne - Inner East,Greater Melbourne
2115723,Doncaster,Manningham - West,Melbourne - Inner East,Greater Melbourne
2115724,Doncaster,Manningham - West,Melbourne - Inner East,Greater Melbourne
2115725,Doncaster,Manningham - West,Melbourne - Inner East,Greater Melbourne
2115726,Doncaster,Manningham - West,Melbourne - Inner East,Greater Melbourne
2115727,Doncaster,Manningham - West,Melbourne - Inner East,Greater Melbourne
2115728,Doncaster,Manningham - West,Melbourne - Inner East,Greater Melbourne
2115729,Doncaster,Manningham - West,Melbourne - Inner East,Greater Melbourne
2115730,Doncaster,Manningham - West,Melbourne - Inner East,Greater Melbourne
2115731,Doncaster,Manningham - West,Melbourne - Inner East,Greater Melbourne
2115732,Doncaster,Manningham - West,Melbourne - Inner East,Greater Melbourne
2115733,Doncaster,Manningham - West,Melbourne - Inner East,Greater Melbourne
2115734,Doncaster,Manningham - West,Melbourne - Inner East,Greater Melbourne
2115735,Doncaster,Manningham - West,Melbourne - Inner East,Greater Melbourne
2115736,Doncaster,Manningham - West,Melbourne - Inner East,Greater Melbourne
2115737,Doncaster,Manningham - West,Melbourne - Inner East,Greater Melbourne
2115738,Doncaster,Manningham - West,Melbourne - Inner East,Greater Melbourne
2115739,Doncaster,Manningham - West,Melbourne - Inner East,Greater Melbourne
2115740,Doncaster,Manningham - West,Melbourne - Inner East,Greater Melbourne
2115741,Doncaster,Manningham - West,Melbourne - Inner East,Greater Melbourne
2115742,Doncaster,Manningham - West,Melbourne - Inner East,Greater Melbourne
2115743,Doncaster,Manningham - West,Melbourne - Inner East,Greater Melbourne
2115744,Doncaster,Manningham - West,Melbourne - Inner East,Greater Melbourne
2115745,Doncaster,Manningham - West,Melbourne - Inner East,Greater Melbourne
2115746,Doncaster,Manningham - West,Melbourne - Inner East,Greater Melbourne
2115801,Doncaster East,Manningham - West,Melbourne - Inner East,Greater Melbourne
2115802,Doncaster East,Manningham - West,Melbourne - Inner East,Greater Melbourne
2115803,Doncaster East,Manningham - West,Melbourne - Inner East,Greater Melbourne
2115804,Doncaster East,Manningham - West,Melbourne - Inner East,Greater Melbourne
2115805,Doncaster East,Manningham - West,Melbourne - Inner East,Greater Melbourne
2115806,Doncaster East,Manningham - West,Melbourne - Inner East,Greater Melbourne
2115807,Doncaster East,Manningham - West,Melbourne - Inner East,Greater Melbourne
2115808,Doncaster East,Manningham - West,Melbourne - Inner East,Greater Melbourne
2115809,Doncaster East,Manningham - West,Melbourne - Inner East,Greater Melbourne
2115810,Doncaster East,Manningham - West,Melbourne - Inner East,Greater Melbourne
2115811,Doncaster East,Manningham - West,Melbourne - Inner East,Greater Melbourne
2115812,Doncaster East,Manningham - West,Melbourne - Inner East,Greater Melbourne
2115813,Doncaster East,Manningham - West,Melbourne - Inner East,Greater Melbourne
2115814,Doncaster East,Manningham - West,Melbourne - Inner East,Greater Melbourne
2115815,Doncaster East,Manningham - West,Melbourne - Inner East,Greater Melbourne
2115816,Doncaster East,Manningham - West,Melbourne - Inner East,Greater Melbourne
2115817,Doncaster East,Manningham - West,Melbourne - Inner East,Greater Melbourne
2115818,Doncaster East,Manningham - West,Melbourne - Inner East,Greater Melbourne
2115819,Doncaster East,Manningham - West,Melbourne - Inner East,Greater Melbourne
2115820,Doncaster East,Manningham - West,Melbourne - Inner East,Greater Melbourne
2115821,Doncaster East,Manningham - West,Melbourne - Inner East,Greater Melbourne
2115822,Doncaster East,Manningham - West,Melbourne - Inner East,Greater Melbourne
2115823,Doncaster East,Manningham - West,Melbourne - Inner East,Greater Melbourne
2115824,Doncaster East,Manningham - West,Melbourne - Inner East,Greater Melbourne
2115825,Doncaster East,Manningham - West,Melbourne - Inner East,Greater Melbourne
2115826,Doncaster East,Manningham - West,Melbourne - Inner East,Greater Melbourne
2115827,Doncaster East,Manningham - West,Melbourne - Inner East,Greater Melbourne
2115828,Doncaster East,Manningham - West,Melbourne - Inner East,Greater Melbourne
2115829,Doncaster East,Manningham - West,Melbourne - Inner East,Greater Melbourne
2115830,Doncaster East,Manningham - West,Melbourne - Inner East,Greater Melbourne
2115831,Doncaster East,Manningham - West,Melbourne - Inner East,Greater Melbourne
2115832,Doncaster East,Manningham - West,Melbourne - Inner East,Greater Melbourne
2115833,Doncaster East,Manningham - West,Melbourne - Inner East,Greater Melbourne
2115834,Doncaster East,Manningham - West,Melbourne - Inner East,Greater Melbourne
2115835,Doncaster East,Manningham - West,Melbourne - Inner East,Greater Melbourne
2115836,Doncaster East,Manningham - West,Melbourne - Inner East,Greater Melbourne
2115837,Doncaster East,Manningham - West,Melbourne - Inner East,Greater Melbourne
2115838,Doncaster East,Manningham - West,Melbourne - Inner East,Greater Melbourne
2115839,Doncaster East,Manningham - West,Melbourne - Inner East,Greater Melbourne
2115840,Doncaster East,Manningham - West,Melbourne - Inner East,Greater Melbourne
2115841,Doncaster East,Manningham - West,Melbourne - Inner East,Greater Melbourne
2115842,Doncaster East,Manningham - West,Melbourne - Inner East,Greater Melbourne
2115843,Doncaster East,Manningham - West,Melbourne - Inner East,Greater Melbourne
2115844,Doncaster East,Manningham - West,Melbourne - Inner East,Greater Melbourne
2115845,Doncaster East,Manningham - West,Melbourne - Inner East,Greater Melbourne
2115846,Doncaster East,Manningham - West,Melbourne - Inner East,Greater Melbourne
2115847,Doncaster East,Manningham - West,Melbourne - Inner East,Greater Melbourne
2115848,Doncaster East,Manningham - West,Melbourne - Inner East,Greater Melbourne
2115849,Doncaster East,Manningham - West,Melbourne - Inner East,Greater Melbourne
2115850,Doncaster East,Manningham - West,Melbourne - Inner East,Greater Melbourne
2115851,Doncaster East,Manningham - West,Melbourne - Inner East,Greater Melbourne
2115852,Doncaster East,Manningham - West,Melbourne - Inner East,Greater Melbourne
2115853,Doncaster East,Manningham - West,Melbourne - Inner East,Greater Melbourne
2115854,Doncaster East,Manningham - West,Melbourne - Inner East,Greater Melbourne
2115855,Doncaster East,Manningham - West,Melbourne - Inner East,Greater Melbourne
2115856,Doncaster East,Manningham - West,Melbourne - Inner East,Greater Melbourne
2115857,Doncaster East,Manningham - West,Melbourne - Inner East,Greater Melbourne
2115858,Doncaster East,Manningham - West,Melbourne - Inner East,Greater Melbourne
2115859,Doncaster East,Manningham - West,Melbourne - Inner East,Greater Melbourne
2115860,Doncaster East,Manningham - West,Melbourne - Inner East,Greater Melbourne
2115861,Doncaster East,Manningham - West,Melbourne - Inner East,Greater Melbourne
2115862,Doncaster East,Manningham - West,Melbourne - Inner East,Greater Melbourne
2115863,Doncaster East,Manningham - West,Melbourne - Inner East,Greater Melbourne
2115864,Doncaster East,Manningham - West,Melbourne - Inner East,Greater Melbourne
2115865,Doncaster East,Manningham - West,Melbourne - Inner East,Greater Melbourne
2115866,Doncaster East,Manningham - West,Melbourne - Inner East,Greater Melbourne
2115867,Doncaster East,Manningham - West,Melbourne - Inner East,Greater Melbourne
2115868,Doncaster East,Manningham - West,Melbourne - Inner East,Greater Melbourne
2115869,Doncaster East,Manningham - West,Melbourne - Inner East,Greater Melbourne
2115901,Templestowe,Manningham - West,Melbourne - Inner East,Greater Melbourne
2115902,Templestowe,Manningham - West,Melbourne - Inner East,Greater Melbourne
2115903,Templestowe,Manningham - West,Melbourne - Inner East,Greater Melbourne
2115904,Templestowe,Manningham - West,Melbourne - Inner East,Greater Melbourne
2115905,Templestowe,Manningham - West,Melbourne - Inner East,Greater Melbourne
2115906,Templestowe,Manningham - West,Melbourne - Inner East,Greater Melbourne
2115907,Templestowe,Manningham - West,Melbourne - Inner East,Greater Melbourne
2115908,Templestowe,Manningham - West,Melbourne - Inner East,Greater Melbourne
2115909,Templestowe,Manningham - West,Melbourne - Inner East,Greater Melbourne
2115910,Templestowe,Manningham - West,Melbourne - Inner East,Greater Melbourne
2115911,Templestowe,Manningham - West,Melbourne - Inner East,Greater Melbourne
2115912,Templestowe,Manningham - West,Melbourne - Inner East,Greater Melbourne
2115913,Templestowe,Manningham - West,Melbourne - Inner East,Greater Melbourne
2115914,Templestowe,Manningham - West,Melbourne - Inner East,Greater Melbourne
2115915,Templestowe,Manningham - West,Melbourne - Inner East,Greater Melbourne
2115916,Templestowe,Manningham - West,Melbourne - Inner East,Greater Melbourne
2115917,Templestowe,Manningham - West,Melbourne - Inner East,Greater Melbourne
2115918,Templestowe,Manningham - West,Melbourne - Inner East,Greater Melbourne
2115919,Templestowe,Manningham - West,Melbourne - Inner East,Greater Melbourne
2115920,Templestowe,Manningham - West,Melbourne - Inner East,Greater Melbourne
2115921,Templestowe,Manningham - West,Melbourne - Inner East,Greater Melbourne
2115922,Templestowe,Manningham - West,Melbourne - Inner East,Greater Melbourne
2115923,Templestowe,Manningham - West,Melbourne - Inner East,Greater Melbourne
2115924,Templestowe,Manningham - West,Melbourne - Inner East,Greater Melbourne
2115925,Templestowe,Manningham - West,Melbourne - Inner East,Greater Melbourne
2115926,Templestowe,Manningham - West,Melbourne - Inner East,Greater Melbourne
2115927,Templestowe,Manningham - West,Melbourne - Inner East,Greater Melbourne
2115928,Templestowe,Manningham - West,Melbourne - Inner East,Greater Melbourne
2115929,Templestowe,Manningham - West,Melbourne - Inner East,Greater Melbourne
2115930,Templestowe,Manningham - West,Melbourne - Inner East,Greater Melbourne
2115931,Templestowe,Manningham - West,Melbourne - Inner East,Greater Melbourne
2115932,Templestowe,Manningham - West,Melbourne - Inner East,Greater Melbourne
2115933,Templestowe,Manningham - West,Melbourne - Inner East,Greater Melbourne
2115934,Templestowe,Manningham - West,Melbourne - Inner East,Greater Melbourne
2115935,Templestowe,Manningham - West,Melbourne - Inner East,Greater Melbourne
2115936,Templestowe,Manningham - West,Melbourne - Inner East,Greater Melbourne
2115937,Templestowe,Manningham - West,Melbourne - Inner East,Greater Melbourne
2115938,Templestowe,Manningham - West,Melbourne - Inner East,Greater Melbourne
2115939,Templestowe,Manningham - West,Melbourne - Inner East,Greater Melbourne
2115940,Templestowe,Manningham - West,Melbourne - Inner East,Greater Melbourne
2115941,Templestowe,Manningham - West,Melbourne - Inner East,Greater Melbourne
2115942,Templestowe,Manningham - West,Melbourne - Inner East,Greater Melbourne
2115943,Templestowe,Manningham - West,Melbourne - Inner East,Greater Melbourne
2115944,Templestowe,Manningham - West,Melbourne - Inner East,Greater Melbourne
2116001,Templestowe Lower,Manningham - West,Melbourne - Inner East,Greater Melbourne
2116002,Templestowe Lower,Manningham - West,Melbourne - Inner East,Greater Melbourne
2116003,Templestowe Lower,Manningham - West,Melbourne - Inner East,Greater Melbourne
2116004,Templestowe Lower,Manningham - West,Melbourne - Inner East,Greater Melbourne
2116005,Templestowe Lower,Manningham - West,Melbourne - Inner East,Greater Melbourne
2116006,Templestowe Lower,Manningham - West,Melbourne - Inner East,Greater Melbourne
2116007,Templestowe Lower,Manningham - West,Melbourne - Inner East,Greater Melbourne
2116008,Templestowe Lower,Manningham - West,Melbourne - Inner East,Greater Melbourne
2116009,Templestowe Lower,Manningham - West,Melbourne - Inner East,Greater Melbourne
2116010,Templestowe Lower,Manningham - West,Melbourne - Inner East,Greater Melbourne
2116011,Templestowe Lower,Manningham - West,Melbourne - Inner East,Greater Melbourne
2116012,Templestowe Lower,Manningham - West,Melbourne - Inner East,Greater Melbourne
2116013,Templestowe Lower,Manningham - West,Melbourne - Inner East,Greater Melbourne
2116014,Templestowe Lower,Manningham - West,Melbourne - Inner East,Greater Melbourne
2116015,Templestowe Lower,Manningham - West,Melbourne - Inner East,Greater Melbourne
2116016,Templestowe Lower,Manningham - West,Melbourne - Inner East,Greater Melbourne
2116017,Templestowe Lower,Manningham - West,Melbourne - Inner East,Greater Melbourne
2116018,Templestowe Lower,Manningham - West,Melbourne - Inner East,Greater Melbourne
2116019,Templestowe Lower,Manningham - West,Melbourne - Inner East,Greater Melbourne
2116020,Templestowe Lower,Manningham - West,Melbourne - Inner East,Greater Melbourne
2116021,Templestowe Lower,Manningham - West,Melbourne - Inner East,Greater Melbourne
2116022,Templestowe Lower,Manningham - West,Melbourne - Inner East,Greater Melbourne
2116023,Templestowe Lower,Manningham - West,Melbourne - Inner East,Greater Melbourne
2116024,Templestowe Lower,Manningham - West,Melbourne - Inner East,Greater Melbourne
2116025,Templestowe Lower,Manningham - West,Melbourne - Inner East,Greater Melbourne
2116026,Templestowe Lower,Manningham - West,Melbourne - Inner East,Greater Melbourne
2116027,Templestowe Lower,Manningham - West,Melbourne - Inner East,Greater Melbourne
2116028,Templestowe Lower,Manningham - West,Melbourne - Inner East,Greater Melbourne
2116029,Templestowe Lower,Manningham - West,Melbourne - Inner East,Greater Melbourne
2116030,Templestowe Lower,Manningham - West,Melbourne - Inner East,Greater Melbourne
2116031,Templestowe Lower,Manningham - West,Melbourne - Inner East,Greater Melbourne
2116032,Templestowe Lower,Manningham - West,Melbourne - Inner East,Greater Melbourne
2116033,Templestowe Lower,Manningham - West,Melbourne - Inner East,Greater Melbourne
2116101,Blackburn,Whitehorse - West,Melbourne - Inner East,Greater Melbourne
2116102,Blackburn,Whitehorse - West,Melbourne - Inner East,Greater Melbourne
2116103,Blackburn,Whitehorse - West,Melbourne - Inner East,Greater Melbourne
2116104,Blackburn,Whitehorse - West,Melbourne - Inner East,Greater Melbourne
2116105,Blackburn,Whitehorse - West,Melbourne - Inner East,Greater Melbourne
2116106,Blackburn,Whitehorse - West,Melbourne - Inner East,Greater Melbourne
2116107,Blackburn,Whitehorse - West,Melbourne - Inner East,Greater Melbourne
2116108,Blackburn,Whitehorse - West,Melbourne - Inner East,Greater Melbourne
2116109,Blackburn,Whitehorse - West,Melbourne - Inner East,Greater Melbourne
2116110,Blackburn,Whitehorse - West,Melbourne - Inner East,Greater Melbourne
2116111,Blackburn,Whitehorse - West,Melbourne - Inner East,Greater Melbourne
2116112,Blackburn,Whitehorse - West,Melbourne - Inner East,Greater Melbourne
2116113,Blackburn,Whitehorse - West,Melbourne - Inner East,Greater Melbourne
2116114,Blackburn,Whitehorse - West,Melbourne - Inner East,Greater Melbourne
2116115,Blackburn,Whitehorse - West,Melbourne - Inner East,Greater Melbourne
2116116,Blackburn,Whitehorse - West,Melbourne - Inner East,Greater Melbourne
2116117,Blackburn,Whitehorse - West,Melbourne - Inner East,Greater Melbourne
2116118,Blackburn,Whitehorse - West,Melbourne - Inner East,Greater Melbourne
2116119,Blackburn,Whitehorse - West,Melbourne - Inner East,Greater Melbourne
2116120,Blackburn,Whitehorse - West,Melbourne - Inner East,Greater Melbourne
2116121,Blackburn,Whitehorse - West,Melbourne - Inner East,Greater Melbourne
2116122,Blackburn,Whitehorse - West,Melbourne - Inner East,Greater Melbourne
2116123,Blackburn,Whitehorse - West,Melbourne - Inner East,Greater Melbourne
2116124,Blackburn,Whitehorse - West,Melbourne - Inner East,Greater Melbourne
2116125,Blackburn,Whitehorse - West,Melbourne - Inner East,Greater Melbourne
2116126,Blackburn,Whitehorse - West,Melbourne - Inner East,Greater Melbourne
2116127,Blackburn,Whitehorse - West,Melbourne - Inner East,Greater Melbourne
2116128,Blackburn,Whitehorse - West,Melbourne - Inner East,Greater Melbourne
2116129,Blackburn,Whitehorse - West,Melbourne - Inner East,Greater Melbourne
2116130,Blackburn,Whitehorse - West,Melbourne - Inner East,Greater Melbourne
2116131,Blackburn,Whitehorse - West,Melbourne - Inner East,Greater Melbourne
2116132,Blackburn,Whitehorse - West,Melbourne - Inner East,Greater Melbourne
2116133,Blackburn,Whitehorse - West,Melbourne - Inner East,Greater Melbourne
2116134,Blackburn,Whitehorse - West,Melbourne - Inner East,Greater Melbourne
2116135,Blackburn,Whitehorse - West,Melbourne - Inner East,Greater Melbourne
2116136,Blackburn,Whitehorse - West,Melbourne - Inner East,Greater Melbourne
2116137,Blackburn,Whitehorse - West,Melbourne - Inner East,Greater Melbourne
2116138,Blackburn,Whitehorse - West,Melbourne - Inner East,Greater Melbourne
2116139,Blackburn,Whitehorse - West,Melbourne - Inner East,Greater Melbourne
2116140,Blackburn,Whitehorse - West,Melbourne - Inner East,Greater Melbourne
2116141,Blackburn,Whitehorse - West,Melbourne - Inner East,Greater Melbourne
2116142,Blackburn,Whitehorse - West,Melbourne - Inner East,Greater Melbourne
2116143,Blackburn,Whitehorse - West,Melbourne - Inner East,Greater Melbourne
2116144,Blackburn,Whitehorse - West,Melbourne - Inner East,Greater Melbourne
2116145,Blackburn,Whitehorse - West,Melbourne - Inner East,Greater Melbourne
2116201,Blackburn South,Whitehorse - West,Melbourne - Inner East,Greater Melbourne
2116202,Blackburn South,Whitehorse - West,Melbourne - Inner East,Greater Melbourne
2116203,Blackburn South,Whitehorse - West,Melbourne - Inner East,Greater Melbourne
2116204,Blackburn South,Whitehorse - West,Melbourne - Inner East,Greater Melbourne
2116205,Blackburn South,Whitehorse - West,Melbourne - Inner East,Greater Melbourne
2116206,Blackburn South,Whitehorse - West,Melbourne - Inner East,Greater Melbourne
2116207,Blackburn South,Whitehorse - West,Melbourne - Inner East,Greater Melbourne
2116208,Blackburn South,Whitehorse - West,Melbourne - Inner East,Greater Melbourne
2116209,Blackburn South,Whitehorse - West,Melbourne - Inner East,Greater Melbourne
2116210,Blackburn South,Whitehorse - West,Melbourne - Inner East,Greater Melbourne
2116211,Blackburn South,Whitehorse - West,Melbourne - Inner East,Greater Melbourne
2116212,Blackburn South,Whitehorse - West,Melbourne - Inner East,Greater Melbourne
2116213,Blackburn South,Whitehorse - West,Melbourne - Inner East,Greater Melbourne
2116214,Blackburn South,Whitehorse - West,Melbourne - Inner East,Greater Melbourne
2116215,Blackburn South,Whitehorse - West,Melbourne - Inner East,Greater Melbourne
2116216,Blackburn South,Whitehorse - West,Melbourne - Inner East,Greater Melbourne
2116217,Blackburn South,Whitehorse - West,Melbourne - Inner East,Greater Melbourne
2116218,Blackburn South,Whitehorse - West,Melbourne - Inner East,Greater Melbourne
2116219,Blackburn South,Whitehorse - West,Melbourne - Inner East,Greater Melbourne
2116220,Blackburn South,Whitehorse - West,Melbourne - Inner East,Greater Melbourne
2116221,Blackburn South,Whitehorse - West,Melbourne - Inner East,Greater Melbourne
2116222,Blackburn South,Whitehorse - West,Melbourne - Inner East,Greater Melbourne
2116223,Blackburn South,Whitehorse - West,Melbourne - Inner East,Greater Melbourne
2116224,Blackburn South,Whitehorse - West,Melbourne - Inner East,Greater Melbourne
2116225,Blackburn South,Whitehorse - West,Melbourne - Inner East,Greater Melbourne
2116301,Box Hill,Whitehorse - West,Melbourne - Inner East,Greater Melbourne
2116302,Box Hill,Whitehorse - West,Melbourne - Inner East,Greater Melbourne
2116303,Box Hill,Whitehorse - West,Melbourne - Inner East,Greater Melbourne
2116304,Box Hill,Whitehorse - West,Melbourne - Inner East,Greater Melbourne
2116305,Box Hill,Whitehorse - West,Melbourne - Inner East,Greater Melbourne
2116306,Box Hill,Whitehorse - West,Melbourne - Inner East,Greater Melbourne
2116307,Box Hill,Whitehorse - West,Melbourne - Inner East,Greater Melbourne
2116308,Box Hill,Whitehorse - West,Melbourne - Inner East,Greater Melbourne
2116309,Box Hill,Whitehorse - West,Melbourne - Inner East,Greater Melbourne
2116310,Box Hill,Whitehorse - West,Melbourne - Inner East,Greater Melbourne
2116311,Box Hill,Whitehorse - West,Melbourne - Inner East,Greater Melbourne
2116312,Box Hill,Whitehorse - West,Melbourne - Inner East,Greater Melbourne
2116313,Box Hill,Whitehorse - West,Melbourne - Inner East,Greater Melbourne
2116314,Box Hill,Whitehorse - West,Melbourne - Inner East,Greater Melbourne
2116315,Box Hill,Whitehorse - West,Melbourne - Inner East,Greater Melbourne
2116316,Box Hill,Whitehorse - West,Melbourne - Inner East,Greater Melbourne
2116317,Box Hill,Whitehorse - West,Melbourne - Inner East,Greater Melbourne
2116318,Box Hill,Whitehorse - West,Melbourne - Inner East,Greater Melbourne
2116319,Box Hill,Whitehorse - West,Melbourne - Inner East,Greater Melbourne
2116320,Box Hill,Whitehorse - West,Melbourne - Inner East,Greater Melbourne
2116321,Box Hill,Whitehorse - West,Melbourne - Inner East,Greater Melbourne
2116322,Box Hill,Whitehorse - West,Melbourne - Inner East,Greater Melbourne
2116323,Box Hill,Whitehorse - West,Melbourne - Inner East,Greater Melbourne
2116324,Box Hill,Whitehorse - West,Melbourne - Inner East,Greater Melbourne
2116325,Box Hill,Whitehorse - West,Melbourne - Inner East,Greater Melbourne
2116326,Box Hill,Whitehorse - West,Melbourne - Inner East,Greater Melbourne
2116327,Box Hill,Whitehorse - West,Melbourne - Inner East,Greater Melbourne
2116328,Box Hill,Whitehorse - West,Melbourne - Inner East,Greater Melbourne
2116329,Box Hill,Whitehorse - West,Melbourne - Inner East,Greater Melbourne
2116330,Box Hill,Whitehorse - West,Melbourne - Inner East,Greater Melbourne
2116331,Box Hill,Whitehorse - West,Melbourne - Inner East,Greater Melbourne
2116332,Box Hill,Whitehorse - West,Melbourne - Inner East,Greater Melbourne
2116333,Box Hill,Whitehorse - West,Melbourne - Inner East,Greater Melbourne
2116334,Box Hill,Whitehorse - West,Melbourne - Inner East,Greater Melbourne
2116335,Box Hill,Whitehorse - West,Melbourne - Inner East,Greater Melbourne
2116336,Box Hill,Whitehorse - West,Melbourne - Inner East,Greater Melbourne
2116337,Box Hill,Whitehorse - West,Melbourne - Inner East,Greater Melbourne
2116338,Box Hill,Whitehorse - West,Melbourne - Inner East,Greater Melbourne
2116339,Box Hill,Whitehorse - West,Melbourne - Inner East,Greater Melbourne
2116340,Box Hill,Whitehorse - West,Melbourne - Inner East,Greater Melbourne
2116341,Box Hill,Whitehorse - West,Melbourne - Inner East,Greater Melbourne
2116401,Box Hill North,Whitehorse - West,Melbourne - Inner East,Greater Melbourne
2116402,Box Hill North,Whitehorse - West,Melbourne - Inner East,Greater Melbourne
2116403,Box Hill North,Whitehorse - West,Melbourne - Inner East,Greater Melbourne
2116404,Box Hill North,Whitehorse - West,Melbourne - Inner East,Greater Melbourne
2116405,Box Hill North,Whitehorse - West,Melbourne - Inner East,Greater Melbourne
2116406,Box Hill North,Whitehorse - West,Melbourne - Inner East,Greater Melbourne
2116407,Box Hill North,Whitehorse - West,Melbourne - Inner East,Greater Melbourne
2116408,Box Hill North,Whitehorse - West,Melbourne - Inner East,Greater Melbourne
2116409,Box Hill North,Whitehorse - West,Melbourne - Inner East,Greater Melbourne
2116410,Box Hill North,Whitehorse - West,Melbourne - Inner East,Greater Melbourne
2116411,Box Hill North,Whitehorse - West,Melbourne - Inner East,Greater Melbourne
2116412,Box Hill North,Whitehorse - West,Melbourne - Inner East,Greater Melbourne
2116413,Box Hill North,Whitehorse - West,Melbourne - Inner East,Greater Melbourne
2116414,Box Hill North,Whitehorse - West,Melbourne - Inner East,Greater Melbourne
2116415,Box Hill North,Whitehorse - West,Melbourne - Inner East,Greater Melbourne
2116416,Box Hill North,Whitehorse - West,Melbourne - Inner East,Greater Melbourne
2116417,Box Hill North,Whitehorse - West,Melbourne - Inner East,Greater Melbourne
2116418,Box Hill North,Whitehorse - West,Melbourne - Inner East,Greater Melbourne
2116419,Box Hill North,Whitehorse - West,Melbourne - Inner East,Greater Melbourne
2116420,Box Hill North,Whitehorse - West,Melbourne - Inner East,Greater Melbourne
2116421,Box Hill North,Whitehorse - West,Melbourne - Inner East,Greater Melbourne
2116422,Box Hill North,Whitehorse - West,Melbourne - Inner East,Greater Melbourne
2116423,Box Hill North,Whitehorse - West,Melbourne - Inner East,Greater Melbourne
2116424,Box Hill North,Whitehorse - West,Melbourne - Inner East,Greater Melbourne
2116425,Box Hill North,Whitehorse - West,Melbourne - Inner East,Greater Melbourne
2116426,Box Hill North,Whitehorse - West,Melbourne - Inner East,Greater Melbourne
2116427,Box Hill North,Whitehorse - West,Melbourne - Inner East,Greater Melbourne
2116428,Box Hill North,Whitehorse - West,Melbourne - Inner East,Greater Melbourne
2116429,Box Hill North,Whitehorse - West,Melbourne - Inner East,Greater Melbourne
2116430,Box Hill North,Whitehorse - West,Melbourne - Inner East,Greater Melbourne
2116431,Box Hill North,Whitehorse - West,Melbourne - Inner East,Greater Melbourne
2116432,Box Hill North,Whitehorse - West,Melbourne - Inner East,Greater Melbourne
2116433,Box Hill North,Whitehorse - West,Melbourne - Inner East,Greater Melbourne
2116434,Box Hill North,Whitehorse - West,Melbourne - Inner East,Greater Melbourne
2116435,Box Hill North,Whitehorse - West,Melbourne - Inner East,Greater Melbourne
2116436,Box Hill North,Whitehorse - West,Melbourne - Inner East,Greater Melbourne
2116437,Box Hill North,Whitehorse - West,Melbourne - Inner East,Greater Melbourne
2116501,Burwood,Whitehorse - West,Melbourne - Inner East,Greater Melbourne
2116502,Burwood,Whitehorse - West,Melbourne - Inner East,Greater Melbourne
2116503,Burwood,Whitehorse - West,Melbourne - Inner East,Greater Melbourne
2116504,Burwood,Whitehorse - West,Melbourne - Inner East,Greater Melbourne
2116505,Burwood,Whitehorse - West,Melbourne - Inner East,Greater Melbourne
2116506,Burwood,Whitehorse - West,Melbourne - Inner East,Greater Melbourne
2116507,Burwood,Whitehorse - West,Melbourne - Inner East,Greater Melbourne
2116508,Burwood,Whitehorse - West,Melbourne - Inner East,Greater Melbourne
2116509,Burwood,Whitehorse - West,Melbourne - Inner East,Greater Melbourne
2116510,Burwood,Whitehorse - West,Melbourne - Inner East,Greater Melbourne
2116511,Burwood,Whitehorse - West,Melbourne - Inner East,Greater Melbourne
2116512,Burwood,Whitehorse - West,Melbourne - Inner East,Greater Melbourne
2116513,Burwood,Whitehorse - West,Melbourne - Inner East,Greater Melbourne
2116514,Burwood,Whitehorse - West,Melbourne - Inner East,Greater Melbourne
2116515,Burwood,Whitehorse - West,Melbourne - Inner East,Greater Melbourne
2116516,Burwood,Whitehorse - West,Melbourne - Inner East,Greater Melbourne
2116517,Burwood,Whitehorse - West,Melbourne - Inner East,Greater Melbourne
2116518,Burwood,Whitehorse - West,Melbourne - Inner East,Greater Melbourne
2116519,Burwood,Whitehorse - West,Melbourne - Inner East,Greater Melbourne
2116520,Burwood,Whitehorse - West,Melbourne - Inner East,Greater Melbourne
2116521,Burwood,Whitehorse - West,Melbourne - Inner East,Greater Melbourne
2116522,Burwood,Whitehorse - West,Melbourne - Inner East,Greater Melbourne
2116523,Burwood,Whitehorse - West,Melbourne - Inner East,Greater Melbourne
2116524,Burwood,Whitehorse - West,Melbourne - Inner East,Greater Melbourne
2116525,Burwood,Whitehorse - West,Melbourne - Inner East,Greater Melbourne
2116526,Burwood,Whitehorse - West,Melbourne - Inner East,Greater Melbourne
2116527,Burwood,Whitehorse - West,Melbourne - Inner East,Greater Melbourne
2116601,Burwood East,Whitehorse - West,Melbourne - Inner East,Greater Melbourne
2116602,Burwood East,Whitehorse - West,Melbourne - Inner East,Greater Melbourne
2116603,Burwood East,Whitehorse - West,Melbourne - Inner East,Greater Melbourne
2116604,Burwood East,Whitehorse - West,Melbourne - Inner East,Greater Melbourne
2116605,Burwood East,Whitehorse - West,Melbourne - Inner East,Greater Melbourne
2116606,Burwood East,Whitehorse - West,Melbourne - Inner East,Greater Melbourne
2116607,Burwood East,Whitehorse - West,Melbourne - Inner East,Greater Melbourne
2116608,Burwood East,Whitehorse - West,Melbourne - Inner East,Greater Melbourne
2116609,Burwood East,Whitehorse - West,Melbourne - Inner East,Greater Melbourne
2116610,Burwood East,Whitehorse - West,Melbourne - Inner East,Greater Melbourne
2116611,Burwood East,Whitehorse - West,Melbourne - Inner East,Greater Melbourne
2116612,Burwood East,Whitehorse - West,Melbourne - Inner East,Greater Melbourne
2116613,Burwood East,Whitehorse - West,Melbourne - Inner East,Greater Melbourne
2116614,Burwood East,Whitehorse - West,Melbourne - Inner East,Greater Melbourne
2116615,Burwood East,Whitehorse - West,Melbourne - Inner East,Greater Melbourne
2116616,Burwood East,Whitehorse - West,Melbourne - Inner East,Greater Melbourne
2116617,Burwood East,Whitehorse - West,Melbourne - Inner East,Greater Melbourne
2116618,Burwood East,Whitehorse - West,Melbourne - Inner East,Greater Melbourne
2116619,Burwood East,Whitehorse - West,Melbourne - Inner East,Greater Melbourne
2116620,Burwood East,Whitehorse - West,Melbourne - Inner East,Greater Melbourne
2116621,Burwood East,Whitehorse - West,Melbourne - Inner East,Greater Melbourne
2116622,Burwood East,Whitehorse - West,Melbourne - Inner East,Greater Melbourne
2116623,Burwood East,Whitehorse - West,Melbourne - Inner East,Greater Melbourne
2116624,Burwood East,Whitehorse - West,Melbourne - Inner East,Greater Melbourne
2116625,Burwood East,Whitehorse - West,Melbourne - Inner East,Greater Melbourne
2116626,Burwood East,Whitehorse - West,Melbourne - Inner East,Greater Melbourne
2116627,Burwood East,Whitehorse - West,Melbourne - Inner East,Greater Melbourne
2116701,Surrey Hills (East) - Mont Albert,Whitehorse - West,Melbourne - Inner East,Greater Melbourne
2116702,Surrey Hills (East) - Mont Albert,Whitehorse - West,Melbourne - Inner East,Greater Melbourne
2116703,Surrey Hills (East) - Mont Albert,Whitehorse - West,Melbourne - Inner East,Greater Melbourne
2116704,Surrey Hills (East) - Mont Albert,Whitehorse - West,Melbourne - Inner East,Greater Melbourne
2116705,Surrey Hills (East) - Mont Albert,Whitehorse - West,Melbourne - Inner East,Greater Melbourne
2116706,Surrey Hills (East) - Mont Albert,Whitehorse - West,Melbourne - Inner East,Greater Melbourne
2116707,Surrey Hills (East) - Mont Albert,Whitehorse - West,Melbourne - Inner East,Greater Melbourne
2116708,Surrey Hills (East) - Mont Albert,Whitehorse - West,Melbourne - Inner East,Greater Melbourne
2116709,Surrey Hills (East) - Mont Albert,Whitehorse - West,Melbourne - Inner East,Greater Melbourne
2116710,Surrey Hills (East) - Mont Albert,Whitehorse - West,Melbourne - Inner East,Greater Melbourne
2116711,Surrey Hills (East) - Mont Albert,Whitehorse - West,Melbourne - Inner East,Greater Melbourne
2116712,Surrey Hills (East) - Mont Albert,Whitehorse - West,Melbourne - Inner East,Greater Melbourne
2116713,Surrey Hills (East) - Mont Albert,Whitehorse - West,Melbourne - Inner East,Greater Melbourne
2116714,Surrey Hills (East) - Mont Albert,Whitehorse - West,Melbourne - Inner East,Greater Melbourne
2116715,Surrey Hills (East) - Mont Albert,Whitehorse - West,Melbourne - Inner East,Greater Melbourne
2116716,Surrey Hills (East) - Mont Albert,Whitehorse - West,Melbourne - Inner East,Greater Melbourne
2116717,Surrey Hills (East) - Mont Albert,Whitehorse - West,Melbourne - Inner East,Greater Melbourne
2116718,Surrey Hills (East) - Mont Albert,Whitehorse - West,Melbourne - Inner East,Greater Melbourne
2116719,Surrey Hills (East) - Mont Albert,Whitehorse - West,Melbourne - Inner East,Greater Melbourne
2116720,Surrey Hills (East) - Mont Albert,Whitehorse - West,Melbourne - Inner East,Greater Melbourne
2116721,Surrey Hills (East) - Mont Albert,Whitehorse - West,Melbourne - Inner East,Greater Melbourne
2116722,Surrey Hills (East) - Mont Albert,Whitehorse - West,Melbourne - Inner East,Greater Melbourne
2116723,Surrey Hills (East) - Mont Albert,Whitehorse - West,Melbourne - Inner East,Greater Melbourne
2116801,Beaumaris,Bayside,Melbourne - Inner South,Greater Melbourne
2116802,Beaumaris,Bayside,Melbourne - Inner South,Greater Melbourne
2116803,Beaumaris,Bayside,Melbourne - Inner South,Greater Melbourne
2116804,Beaumaris,Bayside,Melbourne - Inner South,Greater Melbourne
2116805,Beaumaris,Bayside,Melbourne - Inner South,Greater Melbourne
2116806,Beaumaris,Bayside,Melbourne - Inner South,Greater Melbourne
2116807,Beaumaris,Bayside,Melbourne - Inner South,Greater Melbourne
2116808,Beaumaris,Bayside,Melbourne - Inner South,Greater Melbourne
2116809,Beaumaris,Bayside,Melbourne - Inner South,Greater Melbourne
2116810,Beaumaris,Bayside,Melbourne - Inner South,Greater Melbourne
2116811,Beaumaris,Bayside,Melbourne - Inner South,Greater Melbourne
2116812,Beaumaris,Bayside,Melbourne - Inner South,Greater Melbourne
2116813,Beaumaris,Bayside,Melbourne - Inner South,Greater Melbourne
2116814,Beaumaris,Bayside,Melbourne - Inner South,Greater Melbourne
2116815,Beaumaris,Bayside,Melbourne - Inner South,Greater Melbourne
2116816,Beaumaris,Bayside,Melbourne - Inner South,Greater Melbourne
2116817,Beaumaris,Bayside,Melbourne - Inner South,Greater Melbourne
2116818,Beaumaris,Bayside,Melbourne - Inner South,Greater Melbourne
2116819,Beaumaris,Bayside,Melbourne - Inner South,Greater Melbourne
2116820,Beaumaris,Bayside,Melbourne - Inner South,Greater Melbourne
2116821,Beaumaris,Bayside,Melbourne - Inner South,Greater Melbourne
2116822,Beaumaris,Bayside,Melbourne - Inner South,Greater Melbourne
2116823,Beaumaris,Bayside,Melbourne - Inner South,Greater Melbourne
2116824,Beaumaris,Bayside,Melbourne - Inner South,Greater Melbourne
2116825,Beaumaris,Bayside,Melbourne - Inner South,Greater Melbourne
2116826,Beaumaris,Bayside,Melbourne - Inner South,Greater Melbourne
2116827,Beaumaris,Bayside,Melbourne - Inner South,Greater Melbourne
2116828,Beaumaris,Bayside,Melbourne - Inner South,Greater Melbourne
2116829,Beaumaris,Bayside,Melbourne - Inner South,Greater Melbourne
2116830,Beaumaris,Bayside,Melbourne - Inner South,Greater Melbourne
2116831,Beaumaris,Bayside,Melbourne - Inner South,Greater Melbourne
2116832,Beaumaris,Bayside,Melbourne - Inner South,Greater Melbourne
2116901,Brighton (Vic.),Bayside,Melbourne - Inner South,Greater Melbourne
2116902,Brighton (Vic.),Bayside,Melbourne - Inner South,Greater Melbourne
2116903,Brighton (Vic.),Bayside,Melbourne - Inner South,Greater Melbourne
2116904,Brighton (Vic.),Bayside,Melbourne - Inner South,Greater Melbourne
2116905,Brighton (Vic.),Bayside,Melbourne - Inner South,Greater Melbourne
2116906,Brighton (Vic.),Bayside,Melbourne - Inner South,Greater Melbourne
2116907,Brighton (Vic.),Bayside,Melbourne - Inner South,Greater Melbourne
2116908,Brighton (Vic.),Bayside,Melbourne - Inner South,Greater Melbourne
2116909,Brighton (Vic.),Bayside,Melbourne - Inner South,Greater Melbourne
2116910,Brighton (Vic.),Bayside,Melbourne - Inner South,Greater Melbourne
2116911,Brighton (Vic.),Bayside,Melbourne - Inner South,Greater Melbourne
2116912,Brighton (Vic.),Bayside,Melbourne - Inner South,Greater Melbourne
2116913,Brighton (Vic.),Bayside,Melbourne - Inner South,Greater Melbourne
2116914,Brighton (Vic.),Bayside,Melbourne - Inner South,Greater Melbourne
2116915,Brighton (Vic.),Bayside,Melbourne - Inner South,Greater Melbourne
2116916,Brighton (Vic.),Bayside,Melbourne - Inner South,Greater Melbourne
2116917,Brighton (Vic.),Bayside,Melbourne - Inner South,Greater Melbourne
2116918,Brighton (Vic.),Bayside,Melbourne - Inner South,Greater Melbourne
2116919,Brighton (Vic.),Bayside,Melbourne - Inner South,Greater Melbourne
2116920,Brighton (Vic.),Bayside,Melbourne - Inner South,Greater Melbourne
2116921,Brighton (Vic.),Bayside,Melbourne - Inner South,Greater Melbourne
2116922,Brighton (Vic.),Bayside,Melbourne - Inner South,Greater Melbourne
2116923,Brighton (Vic.),Bayside,Melbourne - Inner South,Greater Melbourne
2116924,Brighton (Vic.),Bayside,Melbourne - Inner South,Greater Melbourne
2116925,Brighton (Vic.),Bayside,Melbourne - Inner South,Greater Melbourne
2116926,Brighton (Vic.),Bayside,Melbourne - Inner South,Greater Melbourne
2116927,Brighton (Vic.),Bayside,Melbourne - Inner South,Greater Melbourne
2116928,Brighton (Vic.),Bayside,Melbourne - Inner South,Greater Melbourne
2116929,Brighton (Vic.),Bayside,Melbourne - Inner South,Greater Melbourne
2116930,Brighton (Vic.),Bayside,Melbourne - Inner South,Greater Melbourne
2116931,Brighton (Vic.),Bayside,Melbourne - Inner South,Greater Melbourne
2116932,Brighton (Vic.),Bayside,Melbourne - Inner South,Greater Melbourne
2116933,Brighton (Vic.),Bayside,Melbourne - Inner South,Greater Melbourne
2116934,Brighton (Vic.),Bayside,Melbourne - Inner South,Greater Melbourne
2116935,Brighton (Vic.),Bayside,Melbourne - Inner South,Greater Melbourne
2116936,Brighton (Vic.),Bayside,Melbourne - Inner South,Greater Melbourne
2116937,Brighton (Vic.),Bayside,Melbourne - Inner South,Greater Melbourne
2116938,Brighton (Vic.),Bayside,Melbourne - Inner South,Greater Melbourne
2116939,Brighton (Vic.),Bayside,Melbourne - Inner South,Greater Melbourne
2116940,Brighton (Vic.),Bayside,Melbourne - Inner South,Greater Melbourne
2116941,Brighton (Vic.),Bayside,Melbourne - Inner South,Greater Melbourne
2116942,Brighton (Vic.),Bayside,Melbourne - Inner South,Greater Melbourne
2116943,Brighton (Vic.),Bayside,Melbourne - Inner South,Greater Melbourne
2116944,Brighton (Vic.),Bayside,Melbourne - Inner South,Greater Melbourne
2116945,Brighton (Vic.),Bayside,Melbourne - Inner South,Greater Melbourne
2116946,Brighton (Vic.),Bayside,Melbourne - Inner South,Greater Melbourne
2116947,Brighton (Vic.),Bayside,Melbourne - Inner South,Greater Melbourne
2116948,Brighton (Vic.),Bayside,Melbourne - Inner South,Greater Melbourne
2116949,Brighton (Vic.),Bayside,Melbourne - Inner South,Greater Melbourne
2116950,Brighton (Vic.),Bayside,Melbourne - Inner South,Greater Melbourne
2116951,Brighton (Vic.),Bayside,Melbourne - Inner South,Greater Melbourne
2116952,Brighton (Vic.),Bayside,Melbourne - Inner South,Greater Melbourne
2116953,Brighton (Vic.),Bayside,Melbourne - Inner South,Greater Melbourne
2117001,Brighton East,Bayside,Melbourne - Inner South,Greater Melbourne
2117002,Brighton East,Bayside,Melbourne - Inner South,Greater Melbourne
2117003,Brighton East,Bayside,Melbourne - Inner South,Greater Melbourne
2117004,Brighton East,Bayside,Melbourne - Inner South,Greater Melbourne
2117005,Brighton East,Bayside,Melbourne - Inner South,Greater Melbourne
2117006,Brighton East,Bayside,Melbourne - Inner South,Greater Melbourne
2117007,Brighton East,Bayside,Melbourne - Inner South,Greater Melbourne
2117008,Brighton East,Bayside,Melbourne - Inner South,Greater Melbourne
2117009,Brighton East,Bayside,Melbourne - Inner South,Greater Melbourne
2117010,Brighton East,Bayside,Melbourne - Inner South,Greater Melbourne
2117011,Brighton East,Bayside,Melbourne - Inner South,Greater Melbourne
2117012,Brighton East,Bayside,Melbourne - Inner South,Greater Melbourne
2117013,Brighton East,Bayside,Melbourne - Inner South,Greater Melbourne
2117014,Brighton East,Bayside,Melbourne - Inner South,Greater Melbourne
2117015,Brighton East,Bayside,Melbourne - Inner South,Greater Melbourne
2117016,Brighton East,Bayside,Melbourne - Inner South,Greater Melbourne
2117017,Brighton East,Bayside,Melbourne - Inner South,Greater Melbourne
2117018,Brighton East,Bayside,Melbourne - Inner South,Greater Melbourne
2117019,Brighton East,Bayside,Melbourne - Inner South,Greater Melbourne
2117020,Brighton East,Bayside,Melbourne - Inner South,Greater Melbourne
2117021,Brighton East,Bayside,Melbourne - Inner South,Greater Melbourne
2117022,Brighton East,Bayside,Melbourne - Inner South,Greater Melbourne
2117023,Brighton East,Bayside,Melbourne - Inner South,Greater Melbourne
2117024,Brighton East,Bayside,Melbourne - Inner South,Greater Melbourne
2117025,Brighton East,Bayside,Melbourne - Inner South,Greater Melbourne
2117026,Brighton East,Bayside,Melbourne - Inner South,Greater Melbourne
2117027,Brighton East,Bayside,Melbourne - Inner South,Greater Melbourne
2117028,Brighton East,Bayside,Melbourne - Inner South,Greater Melbourne
2117029,Brighton East,Bayside,Melbourne - Inner South,Greater Melbourne
2117030,Brighton East,Bayside,Melbourne - Inner South,Greater Melbourne
2117031,Brighton East,Bayside,Melbourne - Inner South,Greater Melbourne
2117032,Brighton East,Bayside,Melbourne - Inner South,Greater Melbourne
2117033,Brighton East,Bayside,Melbourne - Inner South,Greater Melbourne
2117034,Brighton East,Bayside,Melbourne - Inner South,Greater Melbourne
2117035,Brighton East,Bayside,Melbourne - Inner South,Greater Melbourne
2117036,Brighton East,Bayside,Melbourne - Inner South,Greater Melbourne
2117037,Brighton East,Bayside,Melbourne - Inner South,Greater Melbourne
2117038,Brighton East,Bayside,Melbourne - Inner South,Greater Melbourne
2117101,Cheltenham - Highett (West),Bayside,Melbourne - Inner South,Greater Melbourne
2117102,Cheltenham - Highett (West),Bayside,Melbourne - Inner South,Greater Melbourne
2117103,Cheltenham - Highett (West),Bayside,Melbourne - Inner South,Greater Melbourne
2117104,Cheltenham - Highett (West),Bayside,Melbourne - Inner South,Greater Melbourne
2117105,Cheltenham - Highett (West),Bayside,Melbourne - Inner South,Greater Melbourne
2117106,Cheltenham - Highett (West),Bayside,Melbourne - Inner South,Greater Melbourne
2117107,Cheltenham - Highett (West),Bayside,Melbourne - Inner South,Greater Melbourne
2117108,Cheltenham - Highett (West),Bayside,Melbourne - Inner South,Greater Melbourne
2117109,Cheltenham - Highett (West),Bayside,Melbourne - Inner South,Greater Melbourne
2117110,Cheltenham - Highett (West),Bayside,Melbourne - Inner South,Greater Melbourne
2117111,Cheltenham - Highett (West),Bayside,Melbourne - Inner South,Greater Melbourne
2117112,Cheltenham - Highett (West),Bayside,Melbourne - Inner South,Greater Melbourne
2117113,Cheltenham - Highett (West),Bayside,Melbourne - Inner South,Greater Melbourne
2117114,Cheltenham - Highett (West),Bayside,Melbourne - Inner South,Greater Melbourne
2117115,Cheltenham - Highett (West),Bayside,Melbourne - Inner South,Greater Melbourne
2117116,Cheltenham - Highett (West),Bayside,Melbourne - Inner South,Greater Melbourne
2117117,Cheltenham - Highett (West),Bayside,Melbourne - Inner South,Greater Melbourne
2117118,Cheltenham - Highett (West),Bayside,Melbourne - Inner South,Greater Melbourne
2117119,Cheltenham - Highett (West),Bayside,Melbourne - Inner South,Greater Melbourne
2117120,Cheltenham - Highett (West),Bayside,Melbourne - Inner South,Greater Melbourne
2117121,Cheltenham - Highett (West),Bayside,Melbourne - Inner South,Greater Melbourne
2117122,Cheltenham - Highett (West),Bayside,Melbourne - Inner South,Greater Melbourne
2117123,Cheltenham - Highett (West),Bayside,Melbourne - Inner South,Greater Melbourne
2117201,Hampton,Bayside,Melbourne - Inner South,Greater Melbourne
2117202,Hampton,Bayside,Melbourne - Inner South,Greater Melbourne
2117203,Hampton,Bayside,Melbourne - Inner South,Greater Melbourne
2117204,Hampton,Bayside,Melbourne - Inner South,Greater Melbourne
2117205,Hampton,Bayside,Melbourne - Inner South,Greater Melbourne
2117206,Hampton,Bayside,Melbourne - Inner South,Greater Melbourne
2117207,Hampton,Bayside,Melbourne - Inner South,Greater Melbourne
2117208,Hampton,Bayside,Melbourne - Inner South,Greater Melbourne
2117209,Hampton,Bayside,Melbourne - Inner South,Greater Melbourne
2117210,Hampton,Bayside,Melbourne - Inner South,Greater Melbourne
2117211,Hampton,Bayside,Melbourne - Inner South,Greater Melbourne
2117212,Hampton,Bayside,Melbourne - Inner South,Greater Melbourne
2117213,Hampton,Bayside,Melbourne - Inner South,Greater Melbourne
2117214,Hampton,Bayside,Melbourne - Inner South,Greater Melbourne
2117215,Hampton,Bayside,Melbourne - Inner South,Greater Melbourne
2117216,Hampton,Bayside,Melbourne - Inner South,Greater Melbourne
2117217,Hampton,Bayside,Melbourne - Inner South,Greater Melbourne
2117218,Hampton,Bayside,Melbourne - Inner South,Greater Melbourne
2117219,Hampton,Bayside,Melbourne - Inner South,Greater Melbourne
2117220,Hampton,Bayside,Melbourne - Inner South,Greater Melbourne
2117221,Hampton,Bayside,Melbourne - Inner South,Greater Melbourne
2117222,Hampton,Bayside,Melbourne - Inner South,Greater Melbourne
2117223,Hampton,Bayside,Melbourne - Inner South,Greater Melbourne
2117224,Hampton,Bayside,Melbourne - Inner South,Greater Melbourne
2117225,Hampton,Bayside,Melbourne - Inner South,Greater Melbourne
2117226,Hampton,Bayside,Melbourne - Inner South,Greater Melbourne
2117227,Hampton,Bayside,Melbourne - Inner South,Greater Melbourne
2117228,Hampton,Bayside,Melbourne - Inner South,Greater Melbourne
2117229,Hampton,Bayside,Melbourne - Inner South,Greater Melbourne
2117230,Hampton,Bayside,Melbourne - Inner South,Greater Melbourne
2117231,Hampton,Bayside,Melbourne - Inner South,Greater Melbourne
2117232,Hampton,Bayside,Melbourne - Inner South,Greater Melbourne
2117233,Hampton,Bayside,Melbourne - Inner South,Greater Melbourne
2117234,Hampton,Bayside,Melbourne - Inner South,Greater Melbourne
2117235,Hampton,Bayside,Melbourne - Inner South,Greater Melbourne
2117236,Hampton,Bayside,Melbourne - Inner South,Greater Melbourne
2117237,Hampton,Bayside,Melbourne - Inner South,Greater Melbourne
2117238,Hampton,Bayside,Melbourne - Inner South,Greater Melbourne
2117301,Sandringham - Black Rock,Bayside,Melbourne - Inner South,Greater Melbourne
2117302,Sandringham - Black Rock,Bayside,Melbourne - Inner South,Greater Melbourne
2117303,Sandringham - Black Rock,Bayside,Melbourne - Inner South,Greater Melbourne
2117304,Sandringham - Black Rock,Bayside,Melbourne - Inner South,Greater Melbourne
2117305,Sandringham - Black Rock,Bayside,Melbourne - Inner South,Greater Melbourne
2117306,Sandringham - Black Rock,Bayside,Melbourne - Inner South,Greater Melbourne
2117307,Sandringham - Black Rock,Bayside,Melbourne - Inner South,Greater Melbourne
2117308,Sandringham - Black Rock,Bayside,Melbourne - Inner South,Greater Melbourne
2117309,Sandringham - Black Rock,Bayside,Melbourne - Inner South,Greater Melbourne
2117310,Sandringham - Black Rock,Bayside,Melbourne - Inner South,Greater Melbourne
2117311,Sandringham - Black Rock,Bayside,Melbourne - Inner South,Greater Melbourne
2117312,Sandringham - Black Rock,Bayside,Melbourne - Inner South,Greater Melbourne
2117313,Sandringham - Black Rock,Bayside,Melbourne - Inner South,Greater Melbourne
2117314,Sandringham - Black Rock,Bayside,Melbourne - Inner South,Greater Melbourne
2117315,Sandringham - Black Rock,Bayside,Melbourne - Inner South,Greater Melbourne
2117316,Sandringham - Black Rock,Bayside,Melbourne - Inner South,Greater Melbourne
2117317,Sandringham - Black Rock,Bayside,Melbourne - Inner South,Greater Melbourne
2117318,Sandringham - Black Rock,Bayside,Melbourne - Inner South,Greater Melbourne
2117319,Sandringham - Black Rock,Bayside,Melbourne - Inner South,Greater Melbourne
2117320,Sandringham - Black Rock,Bayside,Melbourne - Inner South,Greater Melbourne
2117321,Sandringham - Black Rock,Bayside,Melbourne - Inner South,Greater Melbourne
2117322,Sandringham - Black Rock,Bayside,Melbourne - Inner South,Greater Melbourne
2117323,Sandringham - Black Rock,Bayside,Melbourne - Inner South,Greater Melbourne
2117324,Sandringham - Black Rock,Bayside,Melbourne - Inner South,Greater Melbourne
2117325,Sandringham - Black Rock,Bayside,Melbourne - Inner South,Greater Melbourne
2117326,Sandringham - Black Rock,Bayside,Melbourne - Inner South,Greater Melbourne
2117327,Sandringham - Black Rock,Bayside,Melbourne - Inner South,Greater Melbourne
2117328,Sandringham - Black Rock,Bayside,Melbourne - Inner South,Greater Melbourne
2117329,Sandringham - Black Rock,Bayside,Melbourne - Inner South,Greater Melbourne
2117330,Sandringham - Black Rock,Bayside,Melbourne - Inner South,Greater Melbourne
2117331,Sandringham - Black Rock,Bayside,Melbourne - Inner South,Greater Melbourne
2117332,Sandringham - Black Rock,Bayside,Melbourne - Inner South,Greater Melbourne
2117333,Sandringham - Black Rock,Bayside,Melbourne - Inner South,Greater Melbourne
2117334,Sandringham - Black Rock,Bayside,Melbourne - Inner South,Greater Melbourne
2117335,Sandringham - Black Rock,Bayside,Melbourne - Inner South,Greater Melbourne
2117336,Sandringham - Black Rock,Bayside,Melbourne - Inner South,Greater Melbourne
2117401,Bentleigh - McKinnon,Glen Eira,Melbourne - Inner South,Greater Melbourne
2117402,Bentleigh - McKinnon,Glen Eira,Melbourne - Inner South,Greater Melbourne
2117403,Bentleigh - McKinnon,Glen Eira,Melbourne - Inner South,Greater Melbourne
2117404,Bentleigh - McKinnon,Glen Eira,Melbourne - Inner South,Greater Melbourne
2117405,Bentleigh - McKinnon,Glen Eira,Melbourne - Inner South,Greater Melbourne
2117406,Bentleigh - McKinnon,Glen Eira,Melbourne - Inner South,Greater Melbourne
2117407,Bentleigh - McKinnon,Glen Eira,Melbourne - Inner South,Greater Melbourne
2117408,Bentleigh - McKinnon,Glen Eira,Melbourne - Inner South,Greater Melbourne
2117409,Bentleigh - McKinnon,Glen Eira,Melbourne - Inner South,Greater Melbourne
2117410,Bentleigh - McKinnon,Glen Eira,Melbourne - Inner South,Greater Melbourne
2117411,Bentleigh - McKinnon,Glen Eira,Melbourne - Inner South,Greater Melbourne
2117412,Bentleigh - McKinnon,Glen Eira,Melbourne - Inner South,Greater Melbourne
2117413,Bentleigh - McKinnon,Glen Eira,Melbourne - Inner South,Greater Melbourne
2117414,Bentleigh - McKinnon,Glen Eira,Melbourne - Inner South,Greater Melbourne
2117415,Bentleigh - McKinnon,Glen Eira,Melbourne - Inner South,Greater Melbourne
2117416,Bentleigh - McKinnon,Glen Eira,Melbourne - Inner South,Greater Melbourne
2117417,Bentleigh - McKinnon,Glen Eira,Melbourne - Inner South,Greater Melbourne
2117418,Bentleigh - McKinnon,Glen Eira,Melbourne - Inner South,Greater Melbourne
2117419,Bentleigh - McKinnon,Glen Eira,Melbourne - Inner South,Greater Melbourne
2117420,Bentleigh - McKinnon,Glen Eira,Melbourne - Inner South,Greater Melbourne
2117421,Bentleigh - McKinnon,Glen Eira,Melbourne - Inner South,Greater Melbourne
2117422,Bentleigh - McKinnon,Glen Eira,Melbourne - Inner South,Greater Melbourne
2117423,Bentleigh - McKinnon,Glen Eira,Melbourne - Inner South,Greater Melbourne
2117424,Bentleigh - McKinnon,Glen Eira,Melbourne - Inner South,Greater Melbourne
2117425,Bentleigh - McKinnon,Glen Eira,Melbourne - Inner South,Greater Melbourne
2117426,Bentleigh - McKinnon,Glen Eira,Melbourne - Inner South,Greater Melbourne
2117427,Bentleigh - McKinnon,Glen Eira,Melbourne - Inner South,Greater Melbourne
2117428,Bentleigh - McKinnon,Glen Eira,Melbourne - Inner South,Greater Melbourne
2117429,Bentleigh - McKinnon,Glen Eira,Melbourne - Inner South,Greater Melbourne
2117430,Bentleigh - McKinnon,Glen Eira,Melbourne - Inner South,Greater Melbourne
2117431,Bentleigh - McKinnon,Glen Eira,Melbourne - Inner South,Greater Melbourne
2117432,Bentleigh - McKinnon,Glen Eira,Melbourne - Inner South,Greater Melbourne
2117433,Bentleigh - McKinnon,Glen Eira,Melbourne - Inner South,Greater Melbourne
2117434,Bentleigh - McKinnon,Glen Eira,Melbourne - Inner South,Greater Melbourne
2117435,Bentleigh - McKinnon,Glen Eira,Melbourne - Inner South,Greater Melbourne
2117436,Bentleigh - McKinnon,Glen Eira,Melbourne - Inner South,Greater Melbourne
2117437,Bentleigh - McKinnon,Glen Eira,Melbourne - Inner South,Greater Melbourne
2117438,Bentleigh - McKinnon,Glen Eira,Melbourne - Inner South,Greater Melbourne
2117439,Bentleigh - McKinnon,Glen Eira,Melbourne - Inner South,Greater Melbourne
2117440,Bentleigh - McKinnon,Glen Eira,Melbourne - Inner South,Greater Melbourne
2117441,Bentleigh - McKinnon,Glen Eira,Melbourne - Inner South,Greater Melbourne
2117442,Bentleigh - McKinnon,Glen Eira,Melbourne - Inner South,Greater Melbourne
2117443,Bentleigh - McKinnon,Glen Eira,Melbourne - Inner South,Greater Melbourne
2117444,Bentleigh - McKinnon,Glen Eira,Melbourne - Inner South,Greater Melbourne
2117445,Bentleigh - McKinnon,Glen Eira,Melbourne - Inner South,Greater Melbourne
2117446,Bentleigh - McKinnon,Glen Eira,Melbourne - Inner South,Greater Melbourne
2117447,Bentleigh - McKinnon,Glen Eira,Melbourne - Inner South,Greater Melbourne
2117448,Bentleigh - McKinnon,Glen Eira,Melbourne - Inner South,Greater Melbourne
2117449,Bentleigh - McKinnon,Glen Eira,Melbourne - Inner South,Greater Melbourne
2117450,Bentleigh - McKinnon,Glen Eira,Melbourne - Inner South,Greater Melbourne
2117451,Bentleigh - McKinnon,Glen Eira,Melbourne - Inner South,Greater Melbourne
2117452,Bentleigh - McKinnon,Glen Eira,Melbourne - Inner South,Greater Melbourne
2117501,Bentleigh East,Glen Eira,Melbourne - Inner South,Greater Melbourne
2117502,Bentleigh East,Glen Eira,Melbourne - Inner South,Greater Melbourne
2117503,Bentleigh East,Glen Eira,Melbourne - Inner South,Greater Melbourne
2117504,Bentleigh East,Glen Eira,Melbourne - Inner South,Greater Melbourne
2117505,Bentleigh East,Glen Eira,Melbourne - Inner South,Greater Melbourne
2117506,Bentleigh East,Glen Eira,Melbourne - Inner South,Greater Melbourne
2117507,Bentleigh East,Glen Eira,Melbourne - Inner South,Greater Melbourne
2117508,Bentleigh East,Glen Eira,Melbourne - Inner South,Greater Melbourne
2117509,Bentleigh East,Glen Eira,Melbourne - Inner South,Greater Melbourne
2117510,Bentleigh East,Glen Eira,Melbourne - Inner South,Greater Melbourne
2117511,Bentleigh East,Glen Eira,Melbourne - Inner South,Greater Melbourne
2117512,Bentleigh East,Glen Eira,Melbourne - Inner South,Greater Melbourne
2117513,Bentleigh East,Glen Eira,Melbourne - Inner South,Greater Melbourne
2117514,Bentleigh East,Glen Eira,Melbourne - Inner South,Greater Melbourne
2117515,Bentleigh East,Glen Eira,Melbourne - Inner South,Greater Melbourne
2117516,Bentleigh East,Glen Eira,Melbourne - Inner South,Greater Melbourne
2117517,Bentleigh East,Glen Eira,Melbourne - Inner South,Greater Melbourne
2117518,Bentleigh East,Glen Eira,Melbourne - Inner South,Greater Melbourne
2117519,Bentleigh East,Glen Eira,Melbourne - Inner South,Greater Melbourne
2117520,Bentleigh East,Glen Eira,Melbourne - Inner South,Greater Melbourne
2117521,Bentleigh East,Glen Eira,Melbourne - Inner South,Greater Melbourne
2117522,Bentleigh East,Glen Eira,Melbourne - Inner South,Greater Melbourne
2117523,Bentleigh East,Glen Eira,Melbourne - Inner South,Greater Melbourne
2117524,Bentleigh East,Glen Eira,Melbourne - Inner South,Greater Melbourne
2117525,Bentleigh East,Glen Eira,Melbourne - Inner South,Greater Melbourne
2117526,Bentleigh East,Glen Eira,Melbourne - Inner South,Greater Melbourne
2117527,Bentleigh East,Glen Eira,Melbourne - Inner South,Greater Melbourne
2117528,Bentleigh East,Glen Eira,Melbourne - Inner South,Greater Melbourne
2117529,Bentleigh East,Glen Eira,Melbourne - Inner South,Greater Melbourne
2117530,Bentleigh East,Glen Eira,Melbourne - Inner South,Greater Melbourne
2117531,Bentleigh East,Glen Eira,Melbourne - Inner South,Greater Melbourne
2117532,Bentleigh East,Glen Eira,Melbourne - Inner South,Greater Melbourne
2117533,Bentleigh East,Glen Eira,Melbourne - Inner South,Greater Melbourne
2117534,Bentleigh East,Glen Eira,Melbourne - Inner South,Greater Melbourne
2117535,Bentleigh East,Glen Eira,Melbourne - Inner South,Greater Melbourne
2117536,Bentleigh East,Glen Eira,Melbourne - Inner South,Greater Melbourne
2117537,Bentleigh East,Glen Eira,Melbourne - Inner South,Greater Melbourne
2117538,Bentleigh East,Glen Eira,Melbourne - Inner South,Greater Melbourne
2117539,Bentleigh East,Glen Eira,Melbourne - Inner South,Greater Melbourne
2117540,Bentleigh East,Glen Eira,Melbourne - Inner South,Greater Melbourne
2117541,Bentleigh East,Glen Eira,Melbourne - Inner South,Greater Melbourne
2117542,Bentleigh East,Glen Eira,Melbourne - Inner South,Greater Melbourne
2117543,Bentleigh East,Glen Eira,Melbourne - Inner South,Greater Melbourne
2117544,Bentleigh East,Glen Eira,Melbourne - Inner South,Greater Melbourne
2117545,Bentleigh East,Glen Eira,Melbourne - Inner South,Greater Melbourne
2117546,Bentleigh East,Glen Eira,Melbourne - Inner South,Greater Melbourne
2117547,Bentleigh East,Glen Eira,Melbourne - Inner South,Greater Melbourne
2117548,Bentleigh East,Glen Eira,Melbourne - Inner South,Greater Melbourne
2117549,Bentleigh East,Glen Eira,Melbourne - Inner South,Greater Melbourne
2117550,Bentleigh East,Glen Eira,Melbourne - Inner South,Greater Melbourne
2117551,Bentleigh East,Glen Eira,Melbourne - Inner South,Greater Melbourne
2117552,Bentleigh East,Glen Eira,Melbourne - Inner South,Greater Melbourne
2117553,Bentleigh East,Glen Eira,Melbourne - Inner South,Greater Melbourne
2117554,Bentleigh East,Glen Eira,Melbourne - Inner South,Greater Melbourne
2117555,Bentleigh East,Glen Eira,Melbourne - Inner South,Greater Melbourne
2117556,Bentleigh East,Glen Eira,Melbourne - Inner South,Greater Melbourne
2117557,Bentleigh East,Glen Eira,Melbourne - Inner South,Greater Melbourne
2117558,Bentleigh East,Glen Eira,Melbourne - Inner South,Greater Melbourne
2117559,Bentleigh East,Glen Eira,Melbourne - Inner South,Greater Melbourne
2117560,Bentleigh East,Glen Eira,Melbourne - Inner South,Greater Melbourne
2117561,Bentleigh East,Glen Eira,Melbourne - Inner South,Greater Melbourne
2117562,Bentleigh East,Glen Eira,Melbourne - Inner South,Greater Melbourne
2117601,Carnegie,Glen Eira,Melbourne - Inner South,Greater Melbourne
2117602,Carnegie,Glen Eira,Melbourne - Inner South,Greater Melbourne
2117603,Carnegie,Glen Eira,Melbourne - Inner South,Greater Melbourne
2117604,Carnegie,Glen Eira,Melbourne - Inner South,Greater Melbourne
2117605,Carnegie,Glen Eira,Melbourne - Inner South,Greater Melbourne
2117606,Carnegie,Glen Eira,Melbourne - Inner South,Greater Melbourne
2117607,Carnegie,Glen Eira,Melbourne - Inner South,Greater Melbourne
2117608,Carnegie,Glen Eira,Melbourne - Inner South,Greater Melbourne
2117609,Carnegie,Glen Eira,Melbourne - Inner South,Greater Melbourne
2117610,Carnegie,Glen Eira,Melbourne - Inner South,Greater Melbourne
2117611,Carnegie,Glen Eira,Melbourne - Inner South,Greater Melbourne
2117612,Carnegie,Glen Eira,Melbourne - Inner South,Greater Melbourne
2117613,Carnegie,Glen Eira,Melbourne - Inner South,Greater Melbourne
2117614,Carnegie,Glen Eira,Melbourne - Inner South,Greater Melbourne
2117615,Carnegie,Glen Eira,Melbourne - Inner South,Greater Melbourne
2117616,Carnegie,Glen Eira,Melbourne - Inner South,Greater Melbourne
2117617,Carnegie,Glen Eira,Melbourne - Inner South,Greater Melbourne
2117618,Carnegie,Glen Eira,Melbourne - Inner South,Greater Melbourne
2117619,Carnegie,Glen Eira,Melbourne - Inner South,Greater Melbourne
2117620,Carnegie,Glen Eira,Melbourne - Inner South,Greater Melbourne
2117621,Carnegie,Glen Eira,Melbourne - Inner South,Greater Melbourne
2117622,Carnegie,Glen Eira,Melbourne - Inner South,Greater Melbourne
2117623,Carnegie,Glen Eira,Melbourne - Inner South,Greater Melbourne
2117624,Carnegie,Glen Eira,Melbourne - Inner South,Greater Melbourne
2117625,Carnegie,Glen Eira,Melbourne - Inner South,Greater Melbourne
2117626,Carnegie,Glen Eira,Melbourne - Inner South,Greater Melbourne
2117627,Carnegie,Glen Eira,Melbourne - Inner South,Greater Melbourne
2117628,Carnegie,Glen Eira,Melbourne - Inner South,Greater Melbourne
2117629,Carnegie,Glen Eira,Melbourne - Inner South,Greater Melbourne
2117630,Carnegie,Glen Eira,Melbourne - Inner South,Greater Melbourne
2117631,Carnegie,Glen Eira,Melbourne - Inner South,Greater Melbourne
2117632,Carnegie,Glen Eira,Melbourne - Inner South,Greater Melbourne
2117633,Carnegie,Glen Eira,Melbourne - Inner South,Greater Melbourne
2117634,Carnegie,Glen Eira,Melbourne - Inner South,Greater Melbourne
2117635,Carnegie,Glen Eira,Melbourne - Inner South,Greater Melbourne
2117636,Carnegie,Glen Eira,Melbourne - Inner South,Greater Melbourne
2117637,Carnegie,Glen Eira,Melbourne - Inner South,Greater Melbourne
2117638,Carnegie,Glen Eira,Melbourne - Inner South,Greater Melbourne
2117639,Carnegie,Glen Eira,Melbourne - Inner South,Greater Melbourne
2117701,Caulfield - North,Glen Eira,Melbourne - Inner South,Greater Melbourne
2117702,Caulfield - North,Glen Eira,Melbourne - Inner South,Greater Melbourne
2117703,Caulfield - North,Glen Eira,Melbourne - Inner South,Greater Melbourne
2117704,Caulfield - North,Glen Eira,Melbourne - Inner South,Greater Melbourne
2117705,Caulfield - North,Glen Eira,Melbourne - Inner South,Greater Melbourne
2117706,Caulfield - North,Glen Eira,Melbourne - Inner South,Greater Melbourne
2117707,Caulfield - North,Glen Eira,Melbourne - Inner South,Greater Melbourne
2117708,Caulfield - North,Glen Eira,Melbourne - Inner South,Greater Melbourne
2117709,Caulfield - North,Glen Eira,Melbourne - Inner South,Greater Melbourne
2117710,Caulfield - North,Glen Eira,Melbourne - Inner South,Greater Melbourne
2117711,Caulfield - North,Glen Eira,Melbourne - Inner South,Greater Melbourne
2117712,Caulfield - North,Glen Eira,Melbourne - Inner South,Greater Melbourne
2117713,Caulfield - North,Glen Eira,Melbourne - Inner South,Greater Melbourne
2117714,Caulfield - North,Glen Eira,Melbourne - Inner South,Greater Melbourne
2117715,Caulfield - North,Glen Eira,Melbourne - Inner South,Greater Melbourne
2117716,Caulfield - North,Glen Eira,Melbourne - Inner South,Greater Melbourne
2117717,Caulfield - North,Glen Eira,Melbourne - Inner South,Greater Melbourne
2117718,Caulfield - North,Glen Eira,Melbourne - Inner South,Greater Melbourne
2117719,Caulfield - North,Glen Eira,Melbourne - Inner South,Greater Melbourne
2117720,Caulfield - North,Glen Eira,Melbourne - Inner South,Greater Melbourne
2117721,Caulfield - North,Glen Eira,Melbourne - Inner South,Greater Melbourne
2117722,Caulfield - North,Glen Eira,Melbourne - Inner South,Greater Melbourne
2117723,Caulfield - North,Glen Eira,Melbourne - Inner South,Greater Melbourne
2117724,Caulfield - North,Glen Eira,Melbourne - Inner South,Greater Melbourne
2117725,Caulfield - North,Glen Eira,Melbourne - Inner South,Greater Melbourne
2117726,Caulfield - North,Glen Eira,Melbourne - Inner South,Greater Melbourne
2117727,Caulfield - North,Glen Eira,Melbourne - Inner South,Greater Melbourne
2117728,Caulfield - North,Glen Eira,Melbourne - Inner South,Greater Melbourne
2117729,Caulfield - North,Glen Eira,Melbourne - Inner South,Greater Melbourne
2117730,Caulfield - North,Glen Eira,Melbourne - Inner South,Greater Melbourne
2117731,Caulfield - North,Glen Eira,Melbourne - Inner South,Greater Melbourne
2117732,Caulfield - North,Glen Eira,Melbourne - Inner South,Greater Melbourne
2117733,Caulfield - North,Glen Eira,Melbourne - Inner South,Greater Melbourne
2117734,Caulfield - North,Glen Eira,Melbourne - Inner South,Greater Melbourne
2117735,Caulfield - North,Glen Eira,Melbourne - Inner South,Greater Melbourne
2117736,Caulfield - North,Glen Eira,Melbourne - Inner South,Greater Melbourne
2117737,Caulfield - North,Glen Eira,Melbourne - Inner South,Greater Melbourne
2117738,Caulfield - North,Glen Eira,Melbourne - Inner South,Greater Melbourne
2117739,Caulfield - North,Glen Eira,Melbourne - Inner South,Greater Melbourne
2117740,Caulfield - North,Glen Eira,Melbourne - Inner South,Greater Melbourne
2117741,Caulfield - North,Glen Eira,Melbourne - Inner South,Greater Melbourne
2117742,Caulfield - North,Glen Eira,Melbourne - Inner South,Greater Melbourne
2117743,Caulfield - North,Glen Eira,Melbourne - Inner South,Greater Melbourne
2117744,Caulfield - North,Glen Eira,Melbourne - Inner South,Greater Melbourne
2117745,Caulfield - North,Glen Eira,Melbourne - Inner South,Greater Melbourne
2117746,Caulfield - North,Glen Eira,Melbourne - Inner South,Greater Melbourne
2117747,Caulfield - North,Glen Eira,Melbourne - Inner South,Greater Melbourne
2117748,Caulfield - North,Glen Eira,Melbourne - Inner South,Greater Melbourne
2117749,Caulfield - North,Glen Eira,Melbourne - Inner South,Greater Melbourne
2117750,Caulfield - North,Glen Eira,Melbourne - Inner South,Greater Melbourne
2117751,Caulfield - North,Glen Eira,Melbourne - Inner South,Greater Melbourne
2117752,Caulfield - North,Glen Eira,Melbourne - Inner South,Greater Melbourne
2117753,Caulfield - North,Glen Eira,Melbourne - Inner South,Greater Melbourne
2117754,Caulfield - North,Glen Eira,Melbourne - Inner South,Greater Melbourne
2117755,Caulfield - North,Glen Eira,Melbourne - Inner South,Greater Melbourne
2117801,Caulfield - South,Glen Eira,Melbourne - Inner South,Greater Melbourne
2117802,Caulfield - South,Glen Eira,Melbourne - Inner South,Greater Melbourne
2117803,Caulfield - South,Glen Eira,Melbourne - Inner South,Greater Melbourne
2117804,Caulfield - South,Glen Eira,Melbourne - Inner South,Greater Melbourne
2117805,Caulfield - South,Glen Eira,Melbourne - Inner South,Greater Melbourne
2117806,Caulfield - South,Glen Eira,Melbourne - Inner South,Greater Melbourne
2117807,Caulfield - South,Glen Eira,Melbourne - Inner South,Greater Melbourne
2117808,Caulfield - South,Glen Eira,Melbourne - Inner South,Greater Melbourne
2117809,Caulfield - South,Glen Eira,Melbourne - Inner South,Greater Melbourne
2117810,Caulfield - South,Glen Eira,Melbourne - Inner South,Greater Melbourne
2117811,Caulfield - South,Glen Eira,Melbourne - Inner South,Greater Melbourne
2117812,Caulfield - South,Glen Eira,Melbourne - Inner South,Greater Melbourne
2117813,Caulfield - South,Glen Eira,Melbourne - Inner South,Greater Melbourne
2117814,Caulfield - South,Glen Eira,Melbourne - Inner South,Greater Melbourne
2117815,Caulfield - South,Glen Eira,Melbourne - Inner South,Greater Melbourne
2117816,Caulfield - South,Glen Eira,Melbourne - Inner South,Greater Melbourne
2117817,Caulfield - South,Glen Eira,Melbourne - Inner South,Greater Melbourne
2117818,Caulfield - South,Glen Eira,Melbourne - Inner South,Greater Melbourne
2117819,Caulfield - South,Glen Eira,Melbourne - Inner South,Greater Melbourne
2117820,Caulfield - South,Glen Eira,Melbourne - Inner South,Greater Melbourne
2117821,Caulfield - South,Glen Eira,Melbourne - Inner South,Greater Melbourne
2117822,Caulfield - South,Glen Eira,Melbourne - Inner South,Greater Melbourne
2117823,Caulfield - South,Glen Eira,Melbourne - Inner South,Greater Melbourne
2117824,Caulfield - South,Glen Eira,Melbourne - Inner South,Greater Melbourne
2117825,Caulfield - South,Glen Eira,Melbourne - Inner South,Greater Melbourne
2117826,Caulfield - South,Glen Eira,Melbourne - Inner South,Greater Melbourne
2117827,Caulfield - South,Glen Eira,Melbourne - Inner South,Greater Melbourne
2117828,Caulfield - South,Glen Eira,Melbourne - Inner South,Greater Melbourne
2117829,Caulfield - South,Glen Eira,Melbourne - Inner South,Greater Melbourne
2117830,Caulfield - South,Glen Eira,Melbourne - Inner South,Greater Melbourne
2117831,Caulfield - South,Glen Eira,Melbourne - Inner South,Greater Melbourne
2117832,Caulfield - South,Glen Eira,Melbourne - Inner South,Greater Melbourne
2117833,Caulfield - South,Glen Eira,Melbourne - Inner South,Greater Melbourne
2117834,Caulfield - South,Glen Eira,Melbourne - Inner South,Greater Melbourne
2117835,Caulfield - South,Glen Eira,Melbourne - Inner South,Greater Melbourne
2117836,Caulfield - South,Glen Eira,Melbourne - Inner South,Greater Melbourne
2117837,Caulfield - South,Glen Eira,Melbourne - Inner South,Greater Melbourne
2117838,Caulfield - South,Glen Eira,Melbourne - Inner South,Greater Melbourne
2117839,Caulfield - South,Glen Eira,Melbourne - Inner South,Greater Melbourne
2117840,Caulfield - South,Glen Eira,Melbourne - Inner South,Greater Melbourne
2117841,Caulfield - South,Glen Eira,Melbourne - Inner South,Greater Melbourne
2117842,Caulfield - South,Glen Eira,Melbourne - Inner South,Greater Melbourne
2117843,Caulfield - South,Glen Eira,Melbourne - Inner South,Greater Melbourne
2117901,Elsternwick,Glen Eira,Melbourne - Inner South,Greater Melbourne
2117902,Elsternwick,Glen Eira,Melbourne - Inner South,Greater Melbourne
2117903,Elsternwick,Glen Eira,Melbourne - Inner South,Greater Melbourne
2117904,Elsternwick,Glen Eira,Melbourne - Inner South,Greater Melbourne
2117905,Elsternwick,Glen Eira,Melbourne - Inner South,Greater Melbourne
2117906,Elsternwick,Glen Eira,Melbourne - Inner South,Greater Melbourne
2117907,Elsternwick,Glen Eira,Melbourne - Inner South,Greater Melbourne
2117908,Elsternwick,Glen Eira,Melbourne - Inner South,Greater Melbourne
2117909,Elsternwick,Glen Eira,Melbourne - Inner South,Greater Melbourne
2117910,Elsternwick,Glen Eira,Melbourne - Inner South,Greater Melbourne
2117911,Elsternwick,Glen Eira,Melbourne - Inner South,Greater Melbourne
2117912,Elsternwick,Glen Eira,Melbourne - Inner South,Greater Melbourne
2117913,Elsternwick,Glen Eira,Melbourne - Inner South,Greater Melbourne
2117914,Elsternwick,Glen Eira,Melbourne - Inner South,Greater Melbourne
2117915,Elsternwick,Glen Eira,Melbourne - Inner South,Greater Melbourne
2117916,Elsternwick,Glen Eira,Melbourne - Inner South,Greater Melbourne
2117917,Elsternwick,Glen Eira,Melbourne - Inner South,Greater Melbourne
2117918,Elsternwick,Glen Eira,Melbourne - Inner South,Greater Melbourne
2117919,Elsternwick,Glen Eira,Melbourne - Inner South,Greater Melbourne
2117920,Elsternwick,Glen Eira,Melbourne - Inner South,Greater Melbourne
2117921,Elsternwick,Glen Eira,Melbourne - Inner South,Greater Melbourne
2117922,Elsternwick,Glen Eira,Melbourne - Inner South,Greater Melbourne
2117923,Elsternwick,Glen Eira,Melbourne - Inner South,Greater Melbourne
2117924,Elsternwick,Glen Eira,Melbourne - Inner South,Greater Melbourne
2117925,Elsternwick,Glen Eira,Melbourne - Inner South,Greater Melbourne
2117926,Elsternwick,Glen Eira,Melbourne - Inner South,Greater Melbourne
2117927,Elsternwick,Glen Eira,Melbourne - Inner South,Greater Melbourne
2117928,Elsternwick,Glen Eira,Melbourne - Inner South,Greater Melbourne
2118001,Hughesdale,Glen Eira,Melbourne - Inner South,Greater Melbourne
2118002,Hughesdale,Glen Eira,Melbourne - Inner South,Greater Melbourne
2118003,Hughesdale,Glen Eira,Melbourne - Inner South,Greater Melbourne
2118004,Hughesdale,Glen Eira,Melbourne - Inner South,Greater Melbourne
2118005,Hughesdale,Glen Eira,Melbourne - Inner South,Greater Melbourne
2118006,Hughesdale,Glen Eira,Melbourne - Inner South,Greater Melbourne
2118007,Hughesdale,Glen Eira,Melbourne - Inner South,Greater Melbourne
2118008,Hughesdale,Glen Eira,Melbourne - Inner South,Greater Melbourne
2118009,Hughesdale,Glen Eira,Melbourne - Inner South,Greater Melbourne
2118010,Hughesdale,Glen Eira,Melbourne - Inner South,Greater Melbourne
2118011,Hughesdale,Glen Eira,Melbourne - Inner South,Greater Melbourne
2118012,Hughesdale,Glen Eira,Melbourne - Inner South,Greater Melbourne
2118013,Hughesdale,Glen Eira,Melbourne - Inner South,Greater Melbourne
2118014,Hughesdale,Glen Eira,Melbourne - Inner South,Greater Melbourne
2118015,Hughesdale,Glen Eira,Melbourne - Inner South,Greater Melbourne
2118016,Hughesdale,Glen Eira,Melbourne - Inner South,Greater Melbourne
2118017,Hughesdale,Glen Eira,Melbourne - Inner South,Greater Melbourne
2118101,Murrumbeena,Glen Eira,Melbourne - Inner South,Greater Melbourne
2118102,Murrumbeena,Glen Eira,Melbourne - Inner South,Greater Melbourne
2118103,Murrumbeena,Glen Eira,Melbourne - Inner South,Greater Melbourne
2118104,Murrumbeena,Glen Eira,Melbourne - Inner South,Greater Melbourne
2118105,Murrumbeena,Glen Eira,Melbourne - Inner South,Greater Melbourne
2118106,Murrumbeena,Glen Eira,Melbourne - Inner South,Greater Melbourne
2118107,Murrumbeena,Glen Eira,Melbourne - Inner South,Greater Melbourne
2118108,Murrumbeena,Glen Eira,Melbourne - Inner South,Greater Melbourne
2118109,Murrumbeena,Glen Eira,Melbourne - Inner South,Greater Melbourne
2118110,Murrumbeena,Glen Eira,Melbourne - Inner South,Greater Melbourne
2118111,Murrumbeena,Glen Eira,Melbourne - Inner South,Greater Melbourne
2118112,Murrumbeena,Glen Eira,Melbourne - Inner South,Greater Melbourne
2118113,Murrumbeena,Glen Eira,Melbourne - Inner South,Greater Melbourne
2118114,Murrumbeena,Glen Eira,Melbourne - Inner South,Greater Melbourne
2118115,Murrumbeena,Glen Eira,Melbourne - Inner South,Greater Melbourne
2118116,Murrumbeena,Glen Eira,Melbourne - Inner South,Greater Melbourne
2118117,Murrumbeena,Glen Eira,Melbourne - Inner South,Greater Melbourne
2118118,Murrumbeena,Glen Eira,Melbourne - Inner South,Greater Melbourne
2118119,Murrumbeena,Glen Eira,Melbourne - Inner South,Greater Melbourne
2118120,Murrumbeena,Glen Eira,Melbourne - Inner South,Greater Melbourne
2118201,Ormond - Glen Huntly,Glen Eira,Melbourne - Inner South,Greater Melbourne
2118202,Ormond - Glen Huntly,Glen Eira,Melbourne - Inner South,Greater Melbourne
2118203,Ormond - Glen Huntly,Glen Eira,Melbourne - Inner South,Greater Melbourne
2118204,Ormond - Glen Huntly,Glen Eira,Melbourne - Inner South,Greater Melbourne
2118205,Ormond - Glen Huntly,Glen Eira,Melbourne - Inner South,Greater Melbourne
2118206,Ormond - Glen Huntly,Glen Eira,Melbourne - Inner South,Greater Melbourne
2118207,Ormond - Glen Huntly,Glen Eira,Melbourne - Inner South,Greater Melbourne
2118208,Ormond - Glen Huntly,Glen Eira,Melbourne - Inner South,Greater Melbourne
2118209,Ormond - Glen Huntly,Glen Eira,Melbourne - Inner South,Greater Melbourne
2118210,Ormond - Glen Huntly,Glen Eira,Melbourne - Inner South,Greater Melbourne
2118211,Ormond - Glen Huntly,Glen Eira,Melbourne - Inner South,Greater Melbourne
2118212,Ormond - Glen Huntly,Glen Eira,Melbourne - Inner South,Greater Melbourne
2118213,Ormond - Glen Huntly,Glen Eira,Melbourne - Inner South,Greater Melbourne
2118214,Ormond - Glen Huntly,Glen Eira,Melbourne - Inner South,Greater Melbourne
2118215,Ormond - Glen Huntly,Glen Eira,Melbourne - Inner South,Greater Melbourne
2118216,Ormond - Glen Huntly,Glen Eira,Melbourne - Inner South,Greater Melbourne
2118217,Ormond - Glen Huntly,Glen Eira,Melbourne - Inner South,Greater Melbourne
2118218,Ormond - Glen Huntly,Glen Eira,Melbourne - Inner South,Greater Melbourne
2118219,Ormond - Glen Huntly,Glen Eira,Melbourne - Inner South,Greater Melbourne
2118220,Ormond - Glen Huntly,Glen Eira,Melbourne - Inner South,Greater Melbourne
2118221,Ormond - Glen Huntly,Glen Eira,Melbourne - Inner South,Greater Melbourne
2118222,Ormond - Glen Huntly,Glen Eira,Melbourne - Inner South,Greater Melbourne
2118223,Ormond - Glen Huntly,Glen Eira,Melbourne - Inner South,Greater Melbourne
2118224,Ormond - Glen Huntly,Glen Eira,Melbourne - Inner South,Greater Melbourne
2118225,Ormond - Glen Huntly,Glen Eira,Melbourne - Inner South,Greater Melbourne
2118226,Ormond - Glen Huntly,Glen Eira,Melbourne - Inner South,Greater Melbourne
2118227,Ormond - Glen Huntly,Glen Eira,Melbourne - Inner South,Greater Melbourne
2118301,Aspendale Gardens - Waterways,Kingston,Melbourne - Inner South,Greater Melbourne
2118302,Aspendale Gardens - Waterways,Kingston,Melbourne - Inner South,Greater Melbourne
2118303,Aspendale Gardens - Waterways,Kingston,Melbourne - Inner South,Greater Melbourne
2118304,Aspendale Gardens - Waterways,Kingston,Melbourne - Inner South,Greater Melbourne
2118305,Aspendale Gardens - Waterways,Kingston,Melbourne - Inner South,Greater Melbourne
2118306,Aspendale Gardens - Waterways,Kingston,Melbourne - Inner South,Greater Melbourne
2118307,Aspendale Gardens - Waterways,Kingston,Melbourne - Inner South,Greater Melbourne
2118308,Aspendale Gardens - Waterways,Kingston,Melbourne - Inner South,Greater Melbourne
2118309,Aspendale Gardens - Waterways,Kingston,Melbourne - Inner South,Greater Melbourne
2118310,Aspendale Gardens - Waterways,Kingston,Melbourne - Inner South,Greater Melbourne
2118311,Aspendale Gardens - Waterways,Kingston,Melbourne - Inner South,Greater Melbourne
2118312,Aspendale Gardens - Waterways,Kingston,Melbourne - Inner South,Greater Melbourne
2118313,Aspendale Gardens - Waterways,Kingston,Melbourne - Inner South,Greater Melbourne
2118314,Aspendale Gardens - Waterways,Kingston,Melbourne - Inner South,Greater Melbourne
2118315,Aspendale Gardens - Waterways,Kingston,Melbourne - Inner South,Greater Melbourne
2118316,Aspendale Gardens - Waterways,Kingston,Melbourne - Inner South,Greater Melbourne
2118317,Aspendale Gardens - Waterways,Kingston,Melbourne - Inner South,Greater Melbourne
2118318,Aspendale Gardens - Waterways,Kingston,Melbourne - Inner South,Greater Melbourne
2118319,Aspendale Gardens - Waterways,Kingston,Melbourne - Inner South,Greater Melbourne
2118320,Aspendale Gardens - Waterways,Kingston,Melbourne - Inner South,Greater Melbourne
2118321,Aspendale Gardens - Waterways,Kingston,Melbourne - Inner South,Greater Melbourne
2118401,Braeside,Kingston,Melbourne - Inner South,Greater Melbourne
2118501,Carrum - Patterson Lakes,Kingston,Melbourne - Inner South,Greater Melbourne
2118502,Carrum - Patterson Lakes,Kingston,Melbourne - Inner South,Greater Melbourne
2118503,Carrum - Patterson Lakes,Kingston,Melbourne - Inner South,Greater Melbourne
2118504,Carrum - Patterson Lakes,Kingston,Melbourne - Inner South,Greater Melbourne
2118505,Carrum - Patterson Lakes,Kingston,Melbourne - Inner South,Greater Melbourne
2118506,Carrum - Patterson Lakes,Kingston,Melbourne - Inner South,Greater Melbourne
2118507,Carrum - Patterson Lakes,Kingston,Melbourne - Inner South,Greater Melbourne
2118508,Carrum - Patterson Lakes,Kingston,Melbourne - Inner South,Greater Melbourne
2118509,Carrum - Patterson Lakes,Kingston,Melbourne - Inner South,Greater Melbourne
2118510,Carrum - Patterson Lakes,Kingston,Melbourne - Inner South,Greater Melbourne
2118511,Carrum - Patterson Lakes,Kingston,Melbourne - Inner South,Greater Melbourne
2118512,Carrum - Patterson Lakes,Kingston,Melbourne - Inner South,Greater Melbourne
2118513,Carrum - Patterson Lakes,Kingston,Melbourne - Inner South,Greater Melbourne
2118514,Carrum - Patterson Lakes,Kingston,Melbourne - Inner South,Greater Melbourne
2118515,Carrum - Patterson Lakes,Kingston,Melbourne - Inner South,Greater Melbourne
2118516,Carrum - Patterson Lakes,Kingston,Melbourne - Inner South,Greater Melbourne
2118517,Carrum - Patterson Lakes,Kingston,Melbourne - Inner South,Greater Melbourne
2118518,Carrum - Patterson Lakes,Kingston,Melbourne - Inner South,Greater Melbourne
2118519,Carrum - Patterson Lakes,Kingston,Melbourne - Inner South,Greater Melbourne
2118520,Carrum - Patterson Lakes,Kingston,Melbourne - Inner South,Greater Melbourne
2118521,Carrum - Patterson Lakes,Kingston,Melbourne - Inner South,Greater Melbourne
2118522,Carrum - Patterson Lakes,Kingston,Melbourne - Inner South,Greater Melbourne
2118523,Carrum - Patterson Lakes,Kingston,Melbourne - Inner South,Greater Melbourne
2118524,Carrum - Patterson Lakes,Kingston,Melbourne - Inner South,Greater Melbourne
2118525,Carrum - Patterson Lakes,Kingston,Melbourne - Inner South,Greater Melbourne
2118526,Carrum - Patterson Lakes,Kingston,Melbourne - Inner South,Greater Melbourne
2118527,Carrum - Patterson Lakes,Kingston,Melbourne - Inner South,Greater Melbourne
2118528,Carrum - Patterson Lakes,Kingston,Melbourne - Inner South,Greater Melbourne
2118529,Carrum - Patterson Lakes,Kingston,Melbourne - Inner South,Greater Melbourne
2118530,Carrum - Patterson Lakes,Kingston,Melbourne - Inner South,Greater Melbourne
2118601,Chelsea - Bonbeach,Kingston,Melbourne - Inner South,Greater Melbourne
2118602,Chelsea - Bonbeach,Kingston,Melbourne - Inner South,Greater Melbourne
2118603,Chelsea - Bonbeach,Kingston,Melbourne - Inner South,Greater Melbourne
2118604,Chelsea - Bonbeach,Kingston,Melbourne - Inner South,Greater Melbourne
2118605,Chelsea - Bonbeach,Kingston,Melbourne - Inner South,Greater Melbourne
2118606,Chelsea - Bonbeach,Kingston,Melbourne - Inner South,Greater Melbourne
2118607,Chelsea - Bonbeach,Kingston,Melbourne - Inner South,Greater Melbourne
2118608,Chelsea - Bonbeach,Kingston,Melbourne - Inner South,Greater Melbourne
2118609,Chelsea - Bonbeach,Kingston,Melbourne - Inner South,Greater Melbourne
2118610,Chelsea - Bonbeach,Kingston,Melbourne - Inner South,Greater Melbourne
2118611,Chelsea - Bonbeach,Kingston,Melbourne - Inner South,Greater Melbourne
2118612,Chelsea - Bonbeach,Kingston,Melbourne - Inner South,Greater Melbourne
2118613,Chelsea - Bonbeach,Kingston,Melbourne - Inner South,Greater Melbourne
2118614,Chelsea - Bonbeach,Kingston,Melbourne - Inner South,Greater Melbourne
2118615,Chelsea - Bonbeach,Kingston,Melbourne - Inner South,Greater Melbourne
2118616,Chelsea - Bonbeach,Kingston,Melbourne - Inner South,Greater Melbourne
2118617,Chelsea - Bonbeach,Kingston,Melbourne - Inner South,Greater Melbourne
2118618,Chelsea - Bonbeach,Kingston,Melbourne - Inner South,Greater Melbourne
2118619,Chelsea - Bonbeach,Kingston,Melbourne - Inner South,Greater Melbourne
2118620,Chelsea - Bonbeach,Kingston,Melbourne - Inner South,Greater Melbourne
2118621,Chelsea - Bonbeach,Kingston,Melbourne - Inner South,Greater Melbourne
2118622,Chelsea - Bonbeach,Kingston,Melbourne - Inner South,Greater Melbourne
2118623,Chelsea - Bonbeach,Kingston,Melbourne - Inner South,Greater Melbourne
2118624,Chelsea - Bonbeach,Kingston,Melbourne - Inner South,Greater Melbourne
2118625,Chelsea - Bonbeach,Kingston,Melbourne - Inner South,Greater Melbourne
2118626,Chelsea - Bonbeach,Kingston,Melbourne - Inner South,Greater Melbourne
2118627,Chelsea - Bonbeach,Kingston,Melbourne - Inner South,Greater Melbourne
2118628,Chelsea - Bonbeach,Kingston,Melbourne - Inner South,Greater Melbourne
2118629,Chelsea - Bonbeach,Kingston,Melbourne - Inner South,Greater Melbourne
2118630,Chelsea - Bonbeach,Kingston,Melbourne - Inner South,Greater Melbourne
2118631,Chelsea - Bonbeach,Kingston,Melbourne - Inner South,Greater Melbourne
2118701,Chelsea Heights,Kingston,Melbourne - Inner South,Greater Melbourne
2118702,Chelsea Heights,Kingston,Melbourne - Inner South,Greater Melbourne
2118703,Chelsea Heights,Kingston,Melbourne - Inner South,Greater Melbourne
2118704,Chelsea Heights,Kingston,Melbourne - Inner South,Greater Melbourne
2118705,Chelsea Heights,Kingston,Melbourne - Inner South,Greater Melbourne
2118706,Chelsea Heights,Kingston,Melbourne - Inner South,Greater Melbourne
2118707,Chelsea Heights,Kingston,Melbourne - Inner South,Greater Melbourne
2118708,Chelsea Heights,Kingston,Melbourne - Inner South,Greater Melbourne
2118709,Chelsea Heights,Kingston,Melbourne - Inner South,Greater Melbourne
2118710,Chelsea Heights,Kingston,Melbourne - Inner South,Greater Melbourne
2118711,Chelsea Heights,Kingston,Melbourne - Inner South,Greater Melbourne
2118712,Chelsea Heights,Kingston,Melbourne - Inner South,Greater Melbourne
2118713,Chelsea Heights,Kingston,Melbourne - Inner South,Greater Melbourne
2118801,Cheltenham - Highett (East),Kingston,Melbourne - Inner South,Greater Melbourne
2118802,Cheltenham - Highett (East),Kingston,Melbourne - Inner South,Greater Melbourne
2118803,Cheltenham - Highett (East),Kingston,Melbourne - Inner South,Greater Melbourne
2118804,Cheltenham - Highett (East),Kingston,Melbourne - Inner South,Greater Melbourne
2118805,Cheltenham - Highett (East),Kingston,Melbourne - Inner South,Greater Melbourne
2118806,Cheltenham - Highett (East),Kingston,Melbourne - Inner South,Greater Melbourne
2118807,Cheltenham - Highett (East),Kingston,Melbourne - Inner South,Greater Melbourne
2118808,Cheltenham - Highett (East),Kingston,Melbourne - Inner South,Greater Melbourne
2118809,Cheltenham - Highett (East),Kingston,Melbourne - Inner South,Greater Melbourne
2118810,Cheltenham - Highett (East),Kingston,Melbourne - Inner South,Greater Melbourne
2118811,Cheltenham - Highett (East),Kingston,Melbourne - Inner South,Greater Melbourne
2118812,Cheltenham - Highett (East),Kingston,Melbourne - Inner South,Greater Melbourne
2118813,Cheltenham - Highett (East),Kingston,Melbourne - Inner South,Greater Melbourne
2118814,Cheltenham - Highett (East),Kingston,Melbourne - Inner South,Greater Melbourne
2118815,Cheltenham - Highett (East),Kingston,Melbourne - Inner South,Greater Melbourne
2118816,Cheltenham - Highett (East),Kingston,Melbourne - Inner South,Greater Melbourne
2118817,Cheltenham - Highett (East),Kingston,Melbourne - Inner South,Greater Melbourne
2118818,Cheltenham - Highett (East),Kingston,Melbourne - Inner South,Greater Melbourne
2118819,Cheltenham - Highett (East),Kingston,Melbourne - Inner South,Greater Melbourne
2118820,Cheltenham - Highett (East),Kingston,Melbourne - Inner South,Greater Melbourne
2118821,Cheltenham - Highett (East),Kingston,Melbourne - Inner South,Greater Melbourne
2118822,Cheltenham - Highett (East),Kingston,Melbourne - Inner South,Greater Melbourne
2118823,Cheltenham - Highett (East),Kingston,Melbourne - Inner South,Greater Melbourne
2118824,Cheltenham - Highett (East),Kingston,Melbourne - Inner South,Greater Melbourne
2118825,Cheltenham - Highett (East),Kingston,Melbourne - Inner South,Greater Melbourne
2118826,Cheltenham - Highett (East),Kingston,Melbourne - Inner South,Greater Melbourne
2118827,Cheltenham - Highett (East),Kingston,Melbourne - Inner South,Greater Melbourne
2118828,Cheltenham - Highett (East),Kingston,Melbourne - Inner South,Greater Melbourne
2118829,Cheltenham - Highett (East),Kingston,Melbourne - Inner South,Greater Melbourne
2118830,Cheltenham - Highett (East),Kingston,Melbourne - Inner South,Greater Melbourne
2118831,Cheltenham - Highett (East),Kingston,Melbourne - Inner South,Greater Melbourne
2118832,Cheltenham - Highett (East),Kingston,Melbourne - Inner South,Greater Melbourne
2118833,Cheltenham - Highett (East),Kingston,Melbourne - Inner South,Greater Melbourne
2118834,Cheltenham - Highett (East),Kingston,Melbourne - Inner South,Greater Melbourne
2118835,Cheltenham - Highett (East),Kingston,Melbourne - Inner South,Greater Melbourne
2118836,Cheltenham - Highett (East),Kingston,Melbourne - Inner South,Greater Melbourne
2118837,Cheltenham - Highett (East),Kingston,Melbourne - Inner South,Greater Melbourne
2118838,Cheltenham - Highett (East),Kingston,Melbourne - Inner South,Greater Melbourne
2118839,Cheltenham - Highett (East),Kingston,Melbourne - Inner South,Greater Melbourne
2118840,Cheltenham - Highett (East),Kingston,Melbourne - Inner South,Greater Melbourne
2118841,Cheltenham - Highett (East),Kingston,Melbourne - Inner South,Greater Melbourne
2118842,Cheltenham - Highett (East),Kingston,Melbourne - Inner South,Greater Melbourne
2118843,Cheltenham - Highett (East),Kingston,Melbourne - Inner South,Greater Melbourne
2118844,Cheltenham - Highett (East),Kingston,Melbourne - Inner South,Greater Melbourne
2118845,Cheltenham - Highett (East),Kingston,Melbourne - Inner South,Greater Melbourne
2118846,Cheltenham - Highett (East),Kingston,Melbourne - Inner South,Greater Melbourne
2118847,Cheltenham - Highett (East),Kingston,Melbourne - Inner South,Greater Melbourne
2118848,Cheltenham - Highett (East),Kingston,Melbourne - Inner South,Greater Melbourne
2118849,Cheltenham - Highett (East),Kingston,Melbourne - Inner South,Greater Melbourne
2118850,Cheltenham - Highett (East),Kingston,Melbourne - Inner South,Greater Melbourne
2118901,Edithvale - Aspendale,Kingston,Melbourne - Inner South,Greater Melbourne
2118902,Edithvale - Aspendale,Kingston,Melbourne - Inner South,Greater Melbourne
2118903,Edithvale - Aspendale,Kingston,Melbourne - Inner South,Greater Melbourne
2118904,Edithvale - Aspendale,Kingston,Melbourne - Inner South,Greater Melbourne
2118905,Edithvale - Aspendale,Kingston,Melbourne - Inner South,Greater Melbourne
2118906,Edithvale - Aspendale,Kingston,Melbourne - Inner South,Greater Melbourne
2118907,Edithvale - Aspendale,Kingston,Melbourne - Inner South,Greater Melbourne
2118908,Edithvale - Aspendale,Kingston,Melbourne - Inner South,Greater Melbourne
2118909,Edithvale - Aspendale,Kingston,Melbourne - Inner South,Greater Melbourne
2118910,Edithvale - Aspendale,Kingston,Melbourne - Inner South,Greater Melbourne
2118911,Edithvale - Aspendale,Kingston,Melbourne - Inner South,Greater Melbourne
2118912,Edithvale - Aspendale,Kingston,Melbourne - Inner South,Greater Melbourne
2118913,Edithvale - Aspendale,Kingston,Melbourne - Inner South,Greater Melbourne
2118914,Edithvale - Aspendale,Kingston,Melbourne - Inner South,Greater Melbourne
2118915,Edithvale - Aspendale,Kingston,Melbourne - Inner South,Greater Melbourne
2118916,Edithvale - Aspendale,Kingston,Melbourne - Inner South,Greater Melbourne
2118917,Edithvale - Aspendale,Kingston,Melbourne - Inner South,Greater Melbourne
2118918,Edithvale - Aspendale,Kingston,Melbourne - Inner South,Greater Melbourne
2118919,Edithvale - Aspendale,Kingston,Melbourne - Inner South,Greater Melbourne
2118920,Edithvale - Aspendale,Kingston,Melbourne - Inner South,Greater Melbourne
2118921,Edithvale - Aspendale,Kingston,Melbourne - Inner South,Greater Melbourne
2118922,Edithvale - Aspendale,Kingston,Melbourne - Inner South,Greater Melbourne
2118923,Edithvale - Aspendale,Kingston,Melbourne - Inner South,Greater Melbourne
2118924,Edithvale - Aspendale,Kingston,Melbourne - Inner South,Greater Melbourne
2118925,Edithvale - Aspendale,Kingston,Melbourne - Inner South,Greater Melbourne
2118926,Edithvale - Aspendale,Kingston,Melbourne - Inner South,Greater Melbourne
2118927,Edithvale - Aspendale,Kingston,Melbourne - Inner South,Greater Melbourne
2118928,Edithvale - Aspendale,Kingston,Melbourne - Inner South,Greater Melbourne
2118929,Edithvale - Aspendale,Kingston,Melbourne - Inner South,Greater Melbourne
2118930,Edithvale - Aspendale,Kingston,Melbourne - Inner South,Greater Melbourne
2119001,Mentone,Kingston,Melbourne - Inner South,Greater Melbourne
2119002,Mentone,Kingston,Melbourne - Inner South,Greater Melbourne
2119003,Mentone,Kingston,Melbourne - Inner South,Greater Melbourne
2119004,Mentone,Kingston,Melbourne - Inner South,Greater Melbourne
2119005,Mentone,Kingston,Melbourne - Inner South,Greater Melbourne
2119006,Mentone,Kingston,Melbourne - Inner South,Greater Melbourne
2119007,Mentone,Kingston,Melbourne - Inner South,Greater Melbourne
2119008,Mentone,Kingston,Melbourne - Inner South,Greater Melbourne
2119009,Mentone,Kingston,Melbourne - Inner South,Greater Melbourne
2119010,Mentone,Kingston,Melbourne - Inner South,Greater Melbourne
2119011,Mentone,Kingston,Melbourne - Inner South,Greater Melbourne
2119012,Mentone,Kingston,Melbourne - Inner South,Greater Melbourne
2119013,Mentone,Kingston,Melbourne - Inner South,Greater Melbourne
2119014,Mentone,Kingston,Melbourne - Inner South,Greater Melbourne
2119015,Mentone,Kingston,Melbourne - Inner South,Greater Melbourne
2119016,Mentone,Kingston,Melbourne - Inner South,Greater Melbourne
2119017,Mentone,Kingston,Melbourne - Inner South,Greater Melbourne
2119018,Mentone,Kingston,Melbourne - Inner South,Greater Melbourne
2119019,Mentone,Kingston,Melbourne - Inner South,Greater Melbourne
2119020,Mentone,Kingston,Melbourne - Inner South,Greater Melbourne
2119021,Mentone,Kingston,Melbourne - Inner South,Greater Melbourne
2119022,Mentone,Kingston,Melbourne - Inner South,Greater Melbourne
2119023,Mentone,Kingston,Melbourne - Inner South,Greater Melbourne
2119024,Mentone,Kingston,Melbourne - Inner South,Greater Melbourne
2119025,Mentone,Kingston,Melbourne - Inner South,Greater Melbourne
2119026,Mentone,Kingston,Melbourne - Inner South,Greater Melbourne
2119027,Mentone,Kingston,Melbourne - Inner South,Greater Melbourne
2119028,Mentone,Kingston,Melbourne - Inner South,Greater Melbourne
2119029,Mentone,Kingston,Melbourne - Inner South,Greater Melbourne
2119030,Mentone,Kingston,Melbourne - Inner South,Greater Melbourne
2119031,Mentone,Kingston,Melbourne - Inner South,Greater Melbourne
2119032,Mentone,Kingston,Melbourne - Inner South,Greater Melbourne
2119033,Mentone,Kingston,Melbourne - Inner South,Greater Melbourne
2119034,Mentone,Kingston,Melbourne - Inner South,Greater Melbourne
2119101,Moorabbin - Heatherton,Kingston,Melbourne - Inner South,Greater Melbourne
2119102,Moorabbin - Heatherton,Kingston,Melbourne - Inner South,Greater Melbourne
2119103,Moorabbin - Heatherton,Kingston,Melbourne - Inner South,Greater Melbourne
2119104,Moorabbin - Heatherton,Kingston,Melbourne - Inner South,Greater Melbourne
2119105,Moorabbin - Heatherton,Kingston,Melbourne - Inner South,Greater Melbourne
2119106,Moorabbin - Heatherton,Kingston,Melbourne - Inner South,Greater Melbourne
2119107,Moorabbin - Heatherton,Kingston,Melbourne - Inner South,Greater Melbourne
2119108,Moorabbin - Heatherton,Kingston,Melbourne - Inner South,Greater Melbourne
2119109,Moorabbin - Heatherton,Kingston,Melbourne - Inner South,Greater Melbourne
2119110,Moorabbin - Heatherton,Kingston,Melbourne - Inner South,Greater Melbourne
2119111,Moorabbin - Heatherton,Kingston,Melbourne - Inner South,Greater Melbourne
2119112,Moorabbin - Heatherton,Kingston,Melbourne - Inner South,Greater Melbourne
2119113,Moorabbin - Heatherton,Kingston,Melbourne - Inner South,Greater Melbourne
2119114,Moorabbin - Heatherton,Kingston,Melbourne - Inner South,Greater Melbourne
2119115,Moorabbin - Heatherton,Kingston,Melbourne - Inner South,Greater Melbourne
2119116,Moorabbin - Heatherton,Kingston,Melbourne - Inner South,Greater Melbourne
2119117,Moorabbin - Heatherton,Kingston,Melbourne - Inner South,Greater Melbourne
2119118,Moorabbin - Heatherton,Kingston,Melbourne - Inner South,Greater Melbourne
2119119,Moorabbin - Heatherton,Kingston,Melbourne - Inner South,Greater Melbourne
2119120,Moorabbin - Heatherton,Kingston,Melbourne - Inner South,Greater Melbourne
2119121,Moorabbin - Heatherton,Kingston,Melbourne - Inner South,Greater Melbourne
2119122,Moorabbin - Heatherton,Kingston,Melbourne - Inner South,Greater Melbourne
2119123,Moorabbin - Heatherton,Kingston,Melbourne - Inner South,Greater Melbourne
2119201,Moorabbin Airport,Kingston,Melbourne - Inner South,Greater Melbourne
2119301,Mordialloc - Parkdale,Kingston,Melbourne - Inner South,Greater Melbourne
2119302,Mordialloc - Parkdale,Kingston,Melbourne - Inner South,Greater Melbourne
2119303,Mordialloc - Parkdale,Kingston,Melbourne - Inner South,Greater Melbourne
2119304,Mordialloc - Parkdale,Kingston,Melbourne - Inner South,Greater Melbourne
2119305,Mordialloc - Parkdale,Kingston,Melbourne - Inner South,Greater Melbourne
2119306,Mordialloc - Parkdale,Kingston,Melbourne - Inner South,Greater Melbourne
2119307,Mordialloc - Parkdale,Kingston,Melbourne - Inner South,Greater Melbourne
2119308,Mordialloc - Parkdale,Kingston,Melbourne - Inner South,Greater Melbourne
2119309,Mordialloc - Parkdale,Kingston,Melbourne - Inner South,Greater Melbourne
2119310,Mordialloc - Parkdale,Kingston,Melbourne - Inner South,Greater Melbourne
2119311,Mordialloc - Parkdale,Kingston,Melbourne - Inner South,Greater Melbourne
2119312,Mordialloc - Parkdale,Kingston,Melbourne - Inner South,Greater Melbourne
2119313,Mordialloc - Parkdale,Kingston,Melbourne - Inner South,Greater Melbourne
2119314,Mordialloc - Parkdale,Kingston,Melbourne - Inner South,Greater Melbourne
2119315,Mordialloc - Parkdale,Kingston,Melbourne - Inner South,Greater Melbourne
2119316,Mordialloc - Parkdale,Kingston,Melbourne - Inner South,Greater Melbourne
2119317,Mordialloc - Parkdale,Kingston,Melbourne - Inner South,Greater Melbourne
2119318,Mordialloc - Parkdale,Kingston,Melbourne - Inner South,Greater Melbourne
2119319,Mordialloc - Parkdale,Kingston,Melbourne - Inner South,Greater Melbourne
2119320,Mordialloc - Parkdale,Kingston,Melbourne - Inner South,Greater Melbourne
2119321,Mordialloc - Parkdale,Kingston,Melbourne - Inner South,Greater Melbourne
2119322,Mordialloc - Parkdale,Kingston,Melbourne - Inner South,Greater Melbourne
2119323,Mordialloc - Parkdale,Kingston,Melbourne - Inner South,Greater Melbourne
2119324,Mordialloc - Parkdale,Kingston,Melbourne - Inner South,Greater Melbourne
2119325,Mordialloc - Parkdale,Kingston,Melbourne - Inner South,Greater Melbourne
2119326,Mordialloc - Parkdale,Kingston,Melbourne - Inner South,Greater Melbourne
2119327,Mordialloc - Parkdale,Kingston,Melbourne - Inner South,Greater Melbourne
2119328,Mordialloc - Parkdale,Kingston,Melbourne - Inner South,Greater Melbourne
2119329,Mordialloc - Parkdale,Kingston,Melbourne - Inner South,Greater Melbourne
2119330,Mordialloc - Parkdale,Kingston,Melbourne - Inner South,Greater Melbourne
2119331,Mordialloc - Parkdale,Kingston,Melbourne - Inner South,Greater Melbourne
2119332,Mordialloc - Parkdale,Kingston,Melbourne - Inner South,Greater Melbourne
2119333,Mordialloc - Parkdale,Kingston,Melbourne - Inner South,Greater Melbourne
2119334,Mordialloc - Parkdale,Kingston,Melbourne - Inner South,Greater Melbourne
2119335,Mordialloc - Parkdale,Kingston,Melbourne - Inner South,Greater Melbourne
2119336,Mordialloc - Parkdale,Kingston,Melbourne - Inner South,Greater Melbourne
2119337,Mordialloc - Parkdale,Kingston,Melbourne - Inner South,Greater Melbourne
2119338,Mordialloc - Parkdale,Kingston,Melbourne - Inner South,Greater Melbourne
2119339,Mordialloc - Parkdale,Kingston,Melbourne - Inner South,Greater Melbourne
2119340,Mordialloc - Parkdale,Kingston,Melbourne - Inner South,Greater Melbourne
2119341,Mordialloc - Parkdale,Kingston,Melbourne - Inner South,Greater Melbourne
2119342,Mordialloc - Parkdale,Kingston,Melbourne - Inner South,Greater Melbourne
2119343,Mordialloc - Parkdale,Kingston,Melbourne - Inner South,Greater Melbourne
2119401,Malvern - Glen Iris,Stonnington - East,Melbourne - Inner South,Greater Melbourne
2119402,Malvern - Glen Iris,Stonnington - East,Melbourne - Inner South,Greater Melbourne
2119403,Malvern - Glen Iris,Stonnington - East,Melbourne - Inner South,Greater Melbourne
2119404,Malvern - Glen Iris,Stonnington - East,Melbourne - Inner South,Greater Melbourne
2119405,Malvern - Glen Iris,Stonnington - East,Melbourne - Inner South,Greater Melbourne
2119406,Malvern - Glen Iris,Stonnington - East,Melbourne - Inner South,Greater Melbourne
2119407,Malvern - Glen Iris,Stonnington - East,Melbourne - Inner South,Greater Melbourne
2119408,Malvern - Glen Iris,Stonnington - East,Melbourne - Inner South,Greater Melbourne
2119409,Malvern - Glen Iris,Stonnington - East,Melbourne - Inner South,Greater Melbourne
2119410,Malvern - Glen Iris,Stonnington - East,Melbourne - Inner South,Greater Melbourne
2119411,Malvern - Glen Iris,Stonnington - East,Melbourne - Inner South,Greater Melbourne
2119412,Malvern - Glen Iris,Stonnington - East,Melbourne - Inner South,Greater Melbourne
2119413,Malvern - Glen Iris,Stonnington - East,Melbourne - Inner South,Greater Melbourne
2119414,Malvern - Glen Iris,Stonnington - East,Melbourne - Inner South,Greater Melbourne
2119415,Malvern - Glen Iris,Stonnington - East,Melbourne - Inner South,Greater Melbourne
2119416,Malvern - Glen Iris,Stonnington - East,Melbourne - Inner South,Greater Melbourne
2119417,Malvern - Glen Iris,Stonnington - East,Melbourne - Inner South,Greater Melbourne
2119418,Malvern - Glen Iris,Stonnington - East,Melbourne - Inner South,Greater Melbourne
2119419,Malvern - Glen Iris,Stonnington - East,Melbourne - Inner South,Greater Melbourne
2119420,Malvern - Glen Iris,Stonnington - East,Melbourne - Inner South,Greater Melbourne
2119421,Malvern - Glen Iris,Stonnington - East,Melbourne - Inner South,Greater Melbourne
2119422,Malvern - Glen Iris,Stonnington - East,Melbourne - Inner South,Greater Melbourne
2119423,Malvern - Glen Iris,Stonnington - East,Melbourne - Inner South,Greater Melbourne
2119424,Malvern - Glen Iris,Stonnington - East,Melbourne - Inner South,Greater Melbourne
2119425,Malvern - Glen Iris,Stonnington - East,Melbourne - Inner South,Greater Melbourne
2119426,Malvern - Glen Iris,Stonnington - East,Melbourne - Inner South,Greater Melbourne
2119427,Malvern - Glen Iris,Stonnington - East,Melbourne - Inner South,Greater Melbourne
2119428,Malvern - Glen Iris,Stonnington - East,Melbourne - Inner South,Greater Melbourne
2119429,Malvern - Glen Iris,Stonnington - East,Melbourne - Inner South,Greater Melbourne
2119430,Malvern - Glen Iris,Stonnington - East,Melbourne - Inner South,Greater Melbourne
2119431,Malvern - Glen Iris,Stonnington - East,Melbourne - Inner South,Greater Melbourne
2119432,Malvern - Glen Iris,Stonnington - East,Melbourne - Inner South,Greater Melbourne
2119433,Malvern - Glen Iris,Stonnington - East,Melbourne - Inner South,Greater Melbourne
2119434,Malvern - Glen Iris,Stonnington - East,Melbourne - Inner South,Greater Melbourne
2119435,Malvern - Glen Iris,Stonnington - East,Melbourne - Inner South,Greater Melbourne
2119436,Malvern - Glen Iris,Stonnington - East,Melbourne - Inner South,Greater Melbourne
2119437,Malvern - Glen Iris,Stonnington - East,Melbourne - Inner South,Greater Melbourne
2119438,Malvern - Glen Iris,Stonnington - East,Melbourne - Inner South,Greater Melbourne
2119439,Malvern - Glen Iris,Stonnington - East,Melbourne - Inner South,Greater Melbourne
2119440,Malvern - Glen Iris,Stonnington - East,Melbourne - Inner South,Greater Melbourne
2119441,Malvern - Glen Iris,Stonnington - East,Melbourne - Inner South,Greater Melbourne
2119442,Malvern - Glen Iris,Stonnington - East,Melbourne - Inner South,Greater Melbourne
2119443,Malvern - Glen Iris,Stonnington - East,Melbourne - Inner South,Greater Melbourne
2119444,Malvern - Glen Iris,Stonnington - East,Melbourne - Inner South,Greater Melbourne
2119445,Malvern - Glen Iris,Stonnington - East,Melbourne - Inner South,Greater Melbourne
2119446,Malvern - Glen Iris,Stonnington - East,Melbourne - Inner South,Greater Melbourne
2119447,Malvern - Glen Iris,Stonnington - East,Melbourne - Inner South,Greater Melbourne
2119448,Malvern - Glen Iris,Stonnington - East,Melbourne - Inner South,Greater Melbourne
2119449,Malvern - Glen Iris,Stonnington - East,Melbourne - Inner South,Greater Melbourne
2119501,Malvern East,Stonnington - East,Melbourne - Inner South,Greater Melbourne
2119502,Malvern East,Stonnington - East,Melbourne - Inner South,Greater Melbourne
2119503,Malvern East,Stonnington - East,Melbourne - Inner South,Greater Melbourne
2119504,Malvern East,Stonnington - East,Melbourne - Inner South,Greater Melbourne
2119505,Malvern East,Stonnington - East,Melbourne - Inner South,Greater Melbourne
2119506,Malvern East,Stonnington - East,Melbourne - Inner South,Greater Melbourne
2119507,Malvern East,Stonnington - East,Melbourne - Inner South,Greater Melbourne
2119508,Malvern East,Stonnington - East,Melbourne - Inner South,Greater Melbourne
2119509,Malvern East,Stonnington - East,Melbourne - Inner South,Greater Melbourne
2119510,Malvern East,Stonnington - East,Melbourne - Inner South,Greater Melbourne
2119511,Malvern East,Stonnington - East,Melbourne - Inner South,Greater Melbourne
2119512,Malvern East,Stonnington - East,Melbourne - Inner South,Greater Melbourne
2119513,Malvern East,Stonnington - East,Melbourne - Inner South,Greater Melbourne
2119514,Malvern East,Stonnington - East,Melbourne - Inner South,Greater Melbourne
2119515,Malvern East,Stonnington - East,Melbourne - Inner South,Greater Melbourne
2119516,Malvern East,Stonnington - East,Melbourne - Inner South,Greater Melbourne
2119517,Malvern East,Stonnington - East,Melbourne - Inner South,Greater Melbourne
2119518,Malvern East,Stonnington - East,Melbourne - Inner South,Greater Melbourne
2119519,Malvern East,Stonnington - East,Melbourne - Inner South,Greater Melbourne
2119520,Malvern East,Stonnington - East,Melbourne - Inner South,Greater Melbourne
2119521,Malvern East,Stonnington - East,Melbourne - Inner South,Greater Melbourne
2119522,Malvern East,Stonnington - East,Melbourne - Inner South,Greater Melbourne
2119523,Malvern East,Stonnington - East,Melbourne - Inner South,Greater Melbourne
2119524,Malvern East,Stonnington - East,Melbourne - Inner South,Greater Melbourne
2119525,Malvern East,Stonnington - East,Melbourne - Inner South,Greater Melbourne
2119526,Malvern East,Stonnington - East,Melbourne - Inner South,Greater Melbourne
2119527,Malvern East,Stonnington - East,Melbourne - Inner South,Greater Melbourne
2119528,Malvern East,Stonnington - East,Melbourne - Inner South,Greater Melbourne
2119529,Malvern East,Stonnington - East,Melbourne - Inner South,Greater Melbourne
2119530,Malvern East,Stonnington - East,Melbourne - Inner South,Greater Melbourne
2119531,Malvern East,Stonnington - East,Melbourne - Inner South,Greater Melbourne
2119532,Malvern East,Stonnington - East,Melbourne - Inner South,Greater Melbourne
2119533,Malvern East,Stonnington - East,Melbourne - Inner South,Greater Melbourne
2119534,Malvern East,Stonnington - East,Melbourne - Inner South,Greater Melbourne
2119535,Malvern East,Stonnington - East,Melbourne - Inner South,Greater Melbourne
2119536,Malvern East,Stonnington - East,Melbourne - Inner South,Greater Melbourne
2119537,Malvern East,Stonnington - East,Melbourne - Inner South,Greater Melbourne
2119538,Malvern East,Stonnington - East,Melbourne - Inner South,Greater Melbourne
2119539,Malvern East,Stonnington - East,Melbourne - Inner South,Greater Melbourne
2119540,Malvern East,Stonnington - East,Melbourne - Inner South,Greater Melbourne
2119541,Malvern East,Stonnington - East,Melbourne - Inner South,Greater Melbourne
2119542,Malvern East,Stonnington - East,Melbourne - Inner South,Greater Melbourne
2119543,Malvern East,Stonnington - East,Melbourne - Inner South,Greater Melbourne
2119544,Malvern East,Stonnington - East,Melbourne - Inner South,Greater Melbourne
2119545,Malvern East,Stonnington - East,Melbourne - Inner South,Greater Melbourne
2119546,Malvern East,Stonnington - East,Melbourne - Inner South,Greater Melbourne
2119547,Malvern East,Stonnington - East,Melbourne - Inner South,Greater Melbourne
2119548,Malvern East,Stonnington - East,Melbourne - Inner South,Greater Melbourne
2119549,Malvern East,Stonnington - East,Melbourne - Inner South,Greater Melbourne
2119601,Bundoora - East,Banyule,Melbourne - North East,Greater Melbourne
2119602,Bundoora - East,Banyule,Melbourne - North East,Greater Melbourne
2119603,Bundoora - East,Banyule,Melbourne - North East,Greater Melbourne
2119604,Bundoora - East,Banyule,Melbourne - North East,Greater Melbourne
2119605,Bundoora - East,Banyule,Melbourne - North East,Greater Melbourne
2119606,Bundoora - East,Banyule,Melbourne - North East,Greater Melbourne
2119607,Bundoora - East,Banyule,Melbourne - North East,Greater Melbourne
2119608,Bundoora - East,Banyule,Melbourne - North East,Greater Melbourne
2119609,Bundoora - East,Banyule,Melbourne - North East,Greater Melbourne
2119610,Bundoora - East,Banyule,Melbourne - North East,Greater Melbourne
2119611,Bundoora - East,Banyule,Melbourne - North East,Greater Melbourne
2119612,Bundoora - East,Banyule,Melbourne - North East,Greater Melbourne
2119613,Bundoora - East,Banyule,Melbourne - North East,Greater Melbourne
2119614,Bundoora - East,Banyule,Melbourne - North East,Greater Melbourne
2119615,Bundoora - East,Banyule,Melbourne - North East,Greater Melbourne
2119616,Bundoora - East,Banyule,Melbourne - North East,Greater Melbourne
2119617,Bundoora - East,Banyule,Melbourne - North East,Greater Melbourne
2119618,Bundoora - East,Banyule,Melbourne - North East,Greater Melbourne
2119619,Bundoora - East,Banyule,Melbourne - North East,Greater Melbourne
2119620,Bundoora - East,Banyule,Melbourne - North East,Greater Melbourne
2119621,Bundoora - East,Banyule,Melbourne - North East,Greater Melbourne
2119622,Bundoora - East,Banyule,Melbourne - North East,Greater Melbourne
2119701,Greensborough,Banyule,Melbourne - North East,Greater Melbourne
2119702,Greensborough,Banyule,Melbourne - North East,Greater Melbourne
2119703,Greensborough,Banyule,Melbourne - North East,Greater Melbourne
2119704,Greensborough,Banyule,Melbourne - North East,Greater Melbourne
2119705,Greensborough,Banyule,Melbourne - North East,Greater Melbourne
2119706,Greensborough,Banyule,Melbourne - North East,Greater Melbourne
2119707,Greensborough,Banyule,Melbourne - North East,Greater Melbourne
2119708,Greensborough,Banyule,Melbourne - North East,Greater Melbourne
2119709,Greensborough,Banyule,Melbourne - North East,Greater Melbourne
2119710,Greensborough,Banyule,Melbourne - North East,Greater Melbourne
2119711,Greensborough,Banyule,Melbourne - North East,Greater Melbourne
2119712,Greensborough,Banyule,Melbourne - North East,Greater Melbourne
2119713,Greensborough,Banyule,Melbourne - North East,Greater Melbourne
2119714,Greensborough,Banyule,Melbourne - North East,Greater Melbourne
2119715,Greensborough,Banyule,Melbourne - North East,Greater Melbourne
2119716,Greensborough,Banyule,Melbourne - North East,Greater Melbourne
2119717,Greensborough,Banyule,Melbourne - North East,Greater Melbourne
2119718,Greensborough,Banyule,Melbourne - North East,Greater Melbourne
2119719,Greensborough,Banyule,Melbourne - North East,Greater Melbourne
2119720,Greensborough,Banyule,Melbourne - North East,Greater Melbourne
2119721,Greensborough,Banyule,Melbourne - North East,Greater Melbourne
2119722,Greensborough,Banyule,Melbourne - North East,Greater Melbourne
2119723,Greensborough,Banyule,Melbourne - North East,Greater Melbourne
2119724,Greensborough,Banyule,Melbourne - North East,Greater Melbourne
2119725,Greensborough,Banyule,Melbourne - North East,Greater Melbourne
2119726,Greensborough,Banyule,Melbourne - North East,Greater Melbourne
2119727,Greensborough,Banyule,Melbourne - North East,Greater Melbourne
2119728,Greensborough,Banyule,Melbourne - North East,Greater Melbourne
2119729,Greensborough,Banyule,Melbourne - North East,Greater Melbourne
2119730,Greensborough,Banyule,Melbourne - North East,Greater Melbourne
2119731,Greensborough,Banyule,Melbourne - North East,Greater Melbourne
2119732,Greensborough,Banyule,Melbourne - North East,Greater Melbourne
2119733,Greensborough,Banyule,Melbourne - North East,Greater Melbourne
2119734,Greensborough,Banyule,Melbourne - North East,Greater Melbourne
2119735,Greensborough,Banyule,Melbourne - North East,Greater Melbourne
2119736,Greensborough,Banyule,Melbourne - North East,Greater Melbourne
2119737,Greensborough,Banyule,Melbourne - North East,Greater Melbourne
2119738,Greensborough,Banyule,Melbourne - North East,Greater Melbourne
2119739,Greensborough,Banyule,Melbourne - North East,Greater Melbourne
2119740,Greensborough,Banyule,Melbourne - North East,Greater Melbourne
2119741,Greensborough,Banyule,Melbourne - North East,Greater Melbourne
2119742,Greensborough,Banyule,Melbourne - North East,Greater Melbourne
2119743,Greensborough,Banyule,Melbourne - North East,Greater Melbourne
2119744,Greensborough,Banyule,Melbourne - North East,Greater Melbourne
2119745,Greensborough,Banyule,Melbourne - North East,Greater Melbourne
2119746,Greensborough,Banyule,Melbourne - North East,Greater Melbourne
2119747,Greensborough,Banyule,Melbourne - North East,Greater Melbourne
2119748,Greensborough,Banyule,Melbourne - North East,Greater Melbourne
2119749,Greensborough,Banyule,Melbourne - North East,Greater Melbourne
2119750,Greensborough,Banyule,Melbourne - North East,Greater Melbourne
2119751,Greensborough,Banyule,Melbourne - North East,Greater Melbourne
2119752,Greensborough,Banyule,Melbourne - North East,Greater Melbourne
2119753,Greensborough,Banyule,Melbourne - North East,Greater Melbourne
2119801,Heidelberg - Rosanna,Banyule,Melbourne - North East,Greater Melbourne
2119802,Heidelberg - Rosanna,Banyule,Melbourne - North East,Greater Melbourne
2119803,Heidelberg - Rosanna,Banyule,Melbourne - North East,Greater Melbourne
2119804,Heidelberg - Rosanna,Banyule,Melbourne - North East,Greater Melbourne
2119805,Heidelberg - Rosanna,Banyule,Melbourne - North East,Greater Melbourne
2119806,Heidelberg - Rosanna,Banyule,Melbourne - North East,Greater Melbourne
2119807,Heidelberg - Rosanna,Banyule,Melbourne - North East,Greater Melbourne
2119808,Heidelberg - Rosanna,Banyule,Melbourne - North East,Greater Melbourne
2119809,Heidelberg - Rosanna,Banyule,Melbourne - North East,Greater Melbourne
2119810,Heidelberg - Rosanna,Banyule,Melbourne - North East,Greater Melbourne
2119811,Heidelberg - Rosanna,Banyule,Melbourne - North East,Greater Melbourne
2119812,Heidelberg - Rosanna,Banyule,Melbourne - North East,Greater Melbourne
2119813,Heidelberg - Rosanna,Banyule,Melbourne - North East,Greater Melbourne
2119814,Heidelberg - Rosanna,Banyule,Melbourne - North East,Greater Melbourne
2119815,Heidelberg - Rosanna,Banyule,Melbourne - North East,Greater Melbourne
2119816,Heidelberg - Rosanna,Banyule,Melbourne - North East,Greater Melbourne
2119817,Heidelberg - Rosanna,Banyule,Melbourne - North East,Greater Melbourne
2119818,Heidelberg - Rosanna,Banyule,Melbourne - North East,Greater Melbourne
2119819,Heidelberg - Rosanna,Banyule,Melbourne - North East,Greater Melbourne
2119820,Heidelberg - Rosanna,Banyule,Melbourne - North East,Greater Melbourne
2119821,Heidelberg - Rosanna,Banyule,Melbourne - North East,Greater Melbourne
2119822,Heidelberg - Rosanna,Banyule,Melbourne - North East,Greater Melbourne
2119823,Heidelberg - Rosanna,Banyule,Melbourne - North East,Greater Melbourne
2119824,Heidelberg - Rosanna,Banyule,Melbourne - North East,Greater Melbourne
2119825,Heidelberg - Rosanna,Banyule,Melbourne - North East,Greater Melbourne
2119826,Heidelberg - Rosanna,Banyule,Melbourne - North East,Greater Melbourne
2119827,Heidelberg - Rosanna,Banyule,Melbourne - North East,Greater Melbourne
2119828,Heidelberg - Rosanna,Banyule,Melbourne - North East,Greater Melbourne
2119829,Heidelberg - Rosanna,Banyule,Melbourne - North East,Greater Melbourne
2119830,Heidelberg - Rosanna,Banyule,Melbourne - North East,Greater Melbourne
2119831,Heidelberg - Rosanna,Banyule,Melbourne - North East,Greater Melbourne
2119832,Heidelberg - Rosanna,Banyule,Melbourne - North East,Greater Melbourne
2119833,Heidelberg - Rosanna,Banyule,Melbourne - North East,Greater Melbourne
2119901,Heidelberg West,Banyule,Melbourne - North East,Greater Melbourne
2119902,Heidelberg West,Banyule,Melbourne - North East,Greater Melbourne
2119903,Heidelberg West,Banyule,Melbourne - North East,Greater Melbourne
2119904,Heidelberg West,Banyule,Melbourne - North East,Greater Melbourne
2119905,Heidelberg West,Banyule,Melbourne - North East,Greater Melbourne
2119906,Heidelberg West,Banyule,Melbourne - North East,Greater Melbourne
2119907,Heidelberg West,Banyule,Melbourne - North East,Greater Melbourne
2119908,Heidelberg West,Banyule,Melbourne - North East,Greater Melbourne
2119909,Heidelberg West,Banyule,Melbourne - North East,Greater Melbourne
2119910,Heidelberg West,Banyule,Melbourne - North East,Greater Melbourne
2119911,Heidelberg West,Banyule,Melbourne - North East,Greater Melbourne
2119912,Heidelberg West,Banyule,Melbourne - North East,Greater Melbourne
2119913,Heidelberg West,Banyule,Melbourne - North East,Greater Melbourne
2119914,Heidelberg West,Banyule,Melbourne - North East,Greater Melbourne
2119915,Heidelberg West,Banyule,Melbourne - North East,Greater Melbourne
2119916,Heidelberg West,Banyule,Melbourne - North East,Greater Melbourne
2119917,Heidelberg West,Banyule,Melbourne - North East,Greater Melbourne
2119918,Heidelberg West,Banyule,Melbourne - North East,Greater Melbourne
2119919,Heidelberg West,Banyule,Melbourne - North East,Greater Melbourne
2119920,Heidelberg West,Banyule,Melbourne - North East,Greater Melbourne
2119921,Heidelberg West,Banyule,Melbourne - North East,Greater Melbourne
2119922,Heidelberg West,Banyule,Melbourne - North East,Greater Melbourne
2119923,Heidelberg West,Banyule,Melbourne - North East,Greater Melbourne
2119924,Heidelberg West,Banyule,Melbourne - North East,Greater Melbourne
2119925,Heidelberg West,Banyule,Melbourne - North East,Greater Melbourne
2119926,Heidelberg West,Banyule,Melbourne - North East,Greater Melbourne
2119927,Heidelberg West,Banyule,Melbourne - North East,Greater Melbourne
2119928,Heidelberg West,Banyule,Melbourne - North East,Greater Melbourne
2119929,Heidelberg West,Banyule,Melbourne - North East,Greater Melbourne
2119930,Heidelberg West,Banyule,Melbourne - North East,Greater Melbourne
2119931,Heidelberg West,Banyule,Melbourne - North East,Greater Melbourne
2119932,Heidelberg West,Banyule,Melbourne - North East,Greater Melbourne
2120001,Ivanhoe,Banyule,Melbourne - North East,Greater Melbourne
2120002,Ivanhoe,Banyule,Melbourne - North East,Greater Melbourne
2120003,Ivanhoe,Banyule,Melbourne - North East,Greater Melbourne
2120004,Ivanhoe,Banyule,Melbourne - North East,Greater Melbourne
2120005,Ivanhoe,Banyule,Melbourne - North East,Greater Melbourne
2120006,Ivanhoe,Banyule,Melbourne - North East,Greater Melbourne
2120007,Ivanhoe,Banyule,Melbourne - North East,Greater Melbourne
2120008,Ivanhoe,Banyule,Melbourne - North East,Greater Melbourne
2120009,Ivanhoe,Banyule,Melbourne - North East,Greater Melbourne
2120010,Ivanhoe,Banyule,Melbourne - North East,Greater Melbourne
2120011,Ivanhoe,Banyule,Melbourne - North East,Greater Melbourne
2120012,Ivanhoe,Banyule,Melbourne - North East,Greater Melbourne
2120013,Ivanhoe,Banyule,Melbourne - North East,Greater Melbourne
2120014,Ivanhoe,Banyule,Melbourne - North East,Greater Melbourne
2120015,Ivanhoe,Banyule,Melbourne - North East,Greater Melbourne
2120016,Ivanhoe,Banyule,Melbourne - North East,Greater Melbourne
2120017,Ivanhoe,Banyule,Melbourne - North East,Greater Melbourne
2120018,Ivanhoe,Banyule,Melbourne - North East,Greater Melbourne
2120019,Ivanhoe,Banyule,Melbourne - North East,Greater Melbourne
2120020,Ivanhoe,Banyule,Melbourne - North East,Greater Melbourne
2120021,Ivanhoe,Banyule,Melbourne - North East,Greater Melbourne
2120022,Ivanhoe,Banyule,Melbourne - North East,Greater Melbourne
2120023,Ivanhoe,Banyule,Melbourne - North East,Greater Melbourne
2120024,Ivanhoe,Banyule,Melbourne - North East,Greater Melbourne
2120025,Ivanhoe,Banyule,Melbourne - North East,Greater Melbourne
2120026,Ivanhoe,Banyule,Melbourne - North East,Greater Melbourne
2120101,Ivanhoe East - Eaglemont,Banyule,Melbourne - North East,Greater Melbourne
2120102,Ivanhoe East - Eaglemont,Banyule,Melbourne - North East,Greater Melbourne
2120103,Ivanhoe East - Eaglemont,Banyule,Melbourne - North East,Greater Melbourne
2120104,Ivanhoe East - Eaglemont,Banyule,Melbourne - North East,Greater Melbourne
2120105,Ivanhoe East - Eaglemont,Banyule,Melbourne - North East,Greater Melbourne
2120106,Ivanhoe East - Eaglemont,Banyule,Melbourne - North East,Greater Melbourne
2120107,Ivanhoe East - Eaglemont,Banyule,Melbourne - North East,Greater Melbourne
2120108,Ivanhoe East - Eaglemont,Banyule,Melbourne - North East,Greater Melbourne
2120109,Ivanhoe East - Eaglemont,Banyule,Melbourne - North East,Greater Melbourne
2120110,Ivanhoe East - Eaglemont,Banyule,Melbourne - North East,Greater Melbourne
2120111,Ivanhoe East - Eaglemont,Banyule,Melbourne - North East,Greater Melbourne
2120112,Ivanhoe East - Eaglemont,Banyule,Melbourne - North East,Greater Melbourne
2120113,Ivanhoe East - Eaglemont,Banyule,Melbourne - North East,Greater Melbourne
2120114,Ivanhoe East - Eaglemont,Banyule,Melbourne - North East,Greater Melbourne
2120115,Ivanhoe East - Eaglemont,Banyule,Melbourne - North East,Greater Melbourne
2120116,Ivanhoe East - Eaglemont,Banyule,Melbourne - North East,Greater Melbourne
2120117,Ivanhoe East - Eaglemont,Banyule,Melbourne - North East,Greater Melbourne
2120118,Ivanhoe East - Eaglemont,Banyule,Melbourne - North East,Greater Melbourne
2120119,Ivanhoe East - Eaglemont,Banyule,Melbourne - North East,Greater Melbourne
2120201,Montmorency - Briar Hill,Banyule,Melbourne - North East,Greater Melbourne
2120202,Montmorency - Briar Hill,Banyule,Melbourne - North East,Greater Melbourne
2120203,Montmorency - Briar Hill,Banyule,Melbourne - North East,Greater Melbourne
2120204,Montmorency - Briar Hill,Banyule,Melbourne - North East,Greater Melbourne
2120205,Montmorency - Briar Hill,Banyule,Melbourne - North East,Greater Melbourne
2120206,Montmorency - Briar Hill,Banyule,Melbourne - North East,Greater Melbourne
2120207,Montmorency - Briar Hill,Banyule,Melbourne - North East,Greater Melbourne
2120208,Montmorency - Briar Hill,Banyule,Melbourne - North East,Greater Melbourne
2120209,Montmorency - Briar Hill,Banyule,Melbourne - North East,Greater Melbourne
2120210,Montmorency - Briar Hill,Banyule,Melbourne - North East,Greater Melbourne
2120211,Montmorency - Briar Hill,Banyule,Melbourne - North East,Greater Melbourne
2120212,Montmorency - Briar Hill,Banyule,Melbourne - North East,Greater Melbourne
2120213,Montmorency - Briar Hill,Banyule,Melbourne - North East,Greater Melbourne
2120214,Montmorency - Briar Hill,Banyule,Melbourne - North East,Greater Melbourne
2120215,Montmorency - Briar Hill,Banyule,Melbourne - North East,Greater Melbourne
2120216,Montmorency - Briar Hill,Banyule,Melbourne - North East,Greater Melbourne
2120217,Montmorency - Briar Hill,Banyule,Melbourne - North East,Greater Melbourne
2120218,Montmorency - Briar Hill,Banyule,Melbourne - North East,Greater Melbourne
2120219,Montmorency - Briar Hill,Banyule,Melbourne - North East,Greater Melbourne
2120220,Montmorency - Briar Hill,Banyule,Melbourne - North East,Greater Melbourne
2120221,Montmorency - Briar Hill,Banyule,Melbourne - North East,Greater Melbourne
2120222,Montmorency - Briar Hill,Banyule,Melbourne - North East,Greater Melbourne
2120223,Montmorency - Briar Hill,Banyule,Melbourne - North East,Greater Melbourne
2120224,Montmorency - Briar Hill,Banyule,Melbourne - North East,Greater Melbourne
2120225,Montmorency - Briar Hill,Banyule,Melbourne - North East,Greater Melbourne
2120226,Montmorency - Briar Hill,Banyule,Melbourne - North East,Greater Melbourne
2120227,Montmorency - Briar Hill,Banyule,Melbourne - North East,Greater Melbourne
2120228,Montmorency - Briar Hill,Banyule,Melbourne - North East,Greater Melbourne
2120229,Montmorency - Briar Hill,Banyule,Melbourne - North East,Greater Melbourne
2120230,Montmorency - Briar Hill,Banyule,Melbourne - North East,Greater Melbourne
2120231,Montmorency - Briar Hill,Banyule,Melbourne - North East,Greater Melbourne
2120232,Montmorency - Briar Hill,Banyule,Melbourne - North East,Greater Melbourne
2120233,Montmorency - Briar Hill,Banyule,Melbourne - North East,Greater Melbourne
2120234,Montmorency - Briar Hill,Banyule,Melbourne - North East,Greater Melbourne
2120235,Montmorency - Briar Hill,Banyule,Melbourne - North East,Greater Melbourne
2120236,Montmorency - Briar Hill,Banyule,Melbourne - North East,Greater Melbourne
2120237,Montmorency - Briar Hill,Banyule,Melbourne - North East,Greater Melbourne
2120238,Montmorency - Briar Hill,Banyule,Melbourne - North East,Greater Melbourne
2120239,Montmorency - Briar Hill,Banyule,Melbourne - North East,Greater Melbourne
2120240,Montmorency - Briar Hill,Banyule,Melbourne - North East,Greater Melbourne
2120241,Montmorency - Briar Hill,Banyule,Melbourne - North East,Greater Melbourne
2120301,Viewbank - Yallambie,Banyule,Melbourne - North East,Greater Melbourne
2120302,Viewbank - Yallambie,Banyule,Melbourne - North East,Greater Melbourne
2120303,Viewbank - Yallambie,Banyule,Melbourne - North East,Greater Melbourne
2120304,Viewbank - Yallambie,Banyule,Melbourne - North East,Greater Melbourne
2120305,Viewbank - Yallambie,Banyule,Melbourne - North East,Greater Melbourne
2120306,Viewbank - Yallambie,Banyule,Melbourne - North East,Greater Melbourne
2120307,Viewbank - Yallambie,Banyule,Melbourne - North East,Greater Melbourne
2120308,Viewbank - Yallambie,Banyule,Melbourne - North East,Greater Melbourne
2120309,Viewbank - Yallambie,Banyule,Melbourne - North East,Greater Melbourne
2120310,Viewbank - Yallambie,Banyule,Melbourne - North East,Greater Melbourne
2120311,Viewbank - Yallambie,Banyule,Melbourne - North East,Greater Melbourne
2120312,Viewbank - Yallambie,Banyule,Melbourne - North East,Greater Melbourne
2120313,Viewbank - Yallambie,Banyule,Melbourne - North East,Greater Melbourne
2120314,Viewbank - Yallambie,Banyule,Melbourne - North East,Greater Melbourne
2120315,Viewbank - Yallambie,Banyule,Melbourne - North East,Greater Melbourne
2120316,Viewbank - Yallambie,Banyule,Melbourne - North East,Greater Melbourne
2120317,Viewbank - Yallambie,Banyule,Melbourne - North East,Greater Melbourne
2120318,Viewbank - Yallambie,Banyule,Melbourne - North East,Greater Melbourne
2120319,Viewbank - Yallambie,Banyule,Melbourne - North East,Greater Melbourne
2120320,Viewbank - Yallambie,Banyule,Melbourne - North East,Greater Melbourne
2120321,Viewbank - Yallambie,Banyule,Melbourne - North East,Greater Melbourne
2120322,Viewbank - Yallambie,Banyule,Melbourne - North East,Greater Melbourne
2120323,Viewbank - Yallambie,Banyule,Melbourne - North East,Greater Melbourne
2120324,Viewbank - Yallambie,Banyule,Melbourne - North East,Greater Melbourne
2120325,Viewbank - Yallambie,Banyule,Melbourne - North East,Greater Melbourne
2120326,Viewbank - Yallambie,Banyule,Melbourne - North East,Greater Melbourne
2120327,Viewbank - Yallambie,Banyule,Melbourne - North East,Greater Melbourne
2120328,Viewbank - Yallambie,Banyule,Melbourne - North East,Greater Melbourne
2120329,Viewbank - Yallambie,Banyule,Melbourne - North East,Greater Melbourne
2120330,Viewbank - Yallambie,Banyule,Melbourne - North East,Greater Melbourne
2120331,Viewbank - Yallambie,Banyule,Melbourne - North East,Greater Melbourne
2120332,Viewbank - Yallambie,Banyule,Melbourne - North East,Greater Melbourne
2120333,Viewbank - Yallambie,Banyule,Melbourne - North East,Greater Melbourne
2120334,Viewbank - Yallambie,Banyule,Melbourne - North East,Greater Melbourne
2120335,Viewbank - Yallambie,Banyule,Melbourne - North East,Greater Melbourne
2120336,Viewbank - Yallambie,Banyule,Melbourne - North East,Greater Melbourne
2120337,Viewbank - Yallambie,Banyule,Melbourne - North East,Greater Melbourne
2120338,Viewbank - Yallambie,Banyule,Melbourne - North East,Greater Melbourne
2120339,Viewbank - Yallambie,Banyule,Melbourne - North East,Greater Melbourne
2120340,Viewbank - Yallambie,Banyule,Melbourne - North East,Greater Melbourne
2120341,Viewbank - Yallambie,Banyule,Melbourne - North East,Greater Melbourne
2120342,Viewbank - Yallambie,Banyule,Melbourne - North East,Greater Melbourne
2120343,Viewbank - Yallambie,Banyule,Melbourne - North East,Greater Melbourne
2120344,Viewbank - Yallambie,Banyule,Melbourne - North East,Greater Melbourne
2120345,Viewbank - Yallambie,Banyule,Melbourne - North East,Greater Melbourne
2120346,Viewbank - Yallambie,Banyule,Melbourne - North East,Greater Melbourne
2120401,Watsonia,Banyule,Melbourne - North East,Greater Melbourne
2120402,Watsonia,Banyule,Melbourne - North East,Greater Melbourne
2120403,Watsonia,Banyule,Melbourne - North East,Greater Melbourne
2120404,Watsonia,Banyule,Melbourne - North East,Greater Melbourne
2120405,Watsonia,Banyule,Melbourne - North East,Greater Melbourne
2120406,Watsonia,Banyule,Melbourne - North East,Greater Melbourne
2120407,Watsonia,Banyule,Melbourne - North East,Greater Melbourne
2120408,Watsonia,Banyule,Melbourne - North East,Greater Melbourne
2120409,Watsonia,Banyule,Melbourne - North East,Greater Melbourne
2120410,Watsonia,Banyule,Melbourne - North East,Greater Melbourne
2120411,Watsonia,Banyule,Melbourne - North East,Greater Melbourne
2120412,Watsonia,Banyule,Melbourne - North East,Greater Melbourne
2120413,Watsonia,Banyule,Melbourne - North East,Greater Melbourne
2120414,Watsonia,Banyule,Melbourne - North East,Greater Melbourne
2120415,Watsonia,Banyule,Melbourne - North East,Greater Melbourne
2120416,Watsonia,Banyule,Melbourne - North East,Greater Melbourne
2120417,Watsonia,Banyule,Melbourne - North East,Greater Melbourne
2120418,Watsonia,Banyule,Melbourne - North East,Greater Melbourne
2120419,Watsonia,Banyule,Melbourne - North East,Greater Melbourne
2120420,Watsonia,Banyule,Melbourne - North East,Greater Melbourne
2120421,Watsonia,Banyule,Melbourne - North East,Greater Melbourne
2120422,Watsonia,Banyule,Melbourne - North East,Greater Melbourne
2120501,Kingsbury,Darebin - North,Melbourne - North East,Greater Melbourne
2120502,Kingsbury,Darebin - North,Melbourne - North East,Greater Melbourne
2120503,Kingsbury,Darebin - North,Melbourne - North East,Greater Melbourne
2120504,Kingsbury,Darebin - North,Melbourne - North East,Greater Melbourne
2120505,Kingsbury,Darebin - North,Melbourne - North East,Greater Melbourne
2120506,Kingsbury,Darebin - North,Melbourne - North East,Greater Melbourne
2120507,Kingsbury,Darebin - North,Melbourne - North East,Greater Melbourne
2120508,Kingsbury,Darebin - North,Melbourne - North East,Greater Melbourne
2120509,Kingsbury,Darebin - North,Melbourne - North East,Greater Melbourne
2120510,Kingsbury,Darebin - North,Melbourne - North East,Greater Melbourne
2120511,Kingsbury,Darebin - North,Melbourne - North East,Greater Melbourne
2120512,Kingsbury,Darebin - North,Melbourne - North East,Greater Melbourne
2120513,Kingsbury,Darebin - North,Melbourne - North East,Greater Melbourne
2120514,Kingsbury,Darebin - North,Melbourne - North East,Greater Melbourne
2120515,Kingsbury,Darebin - North,Melbourne - North East,Greater Melbourne
2120516,Kingsbury,Darebin - North,Melbourne - North East,Greater Melbourne
2120517,Kingsbury,Darebin - North,Melbourne - North East,Greater Melbourne
2120518,Kingsbury,Darebin - North,Melbourne - North East,Greater Melbourne
2120519,Kingsbury,Darebin - North,Melbourne - North East,Greater Melbourne
2120520,Kingsbury,Darebin - North,Melbourne - North East,Greater Melbourne
2120521,Kingsbury,Darebin - North,Melbourne - North East,Greater Melbourne
2120601,Preston,Darebin - North,Melbourne - North East,Greater Melbourne
2120602,Preston,Darebin - North,Melbourne - North East,Greater Melbourne
2120603,Preston,Darebin - North,Melbourne - North East,Greater Melbourne
2120604,Preston,Darebin - North,Melbourne - North East,Greater Melbourne
2120605,Preston,Darebin - North,Melbourne - North East,Greater Melbourne
2120606,Preston,Darebin - North,Melbourne - North East,Greater Melbourne
2120607,Preston,Darebin - North,Melbourne - North East,Greater Melbourne
2120608,Preston,Darebin - North,Melbourne - North East,Greater Melbourne
2120609,Preston,Darebin - North,Melbourne - North East,Greater Melbourne
2120610,Preston,Darebin - North,Melbourne - North East,Greater Melbourne
2120611,Preston,Darebin - North,Melbourne - North East,Greater Melbourne
2120612,Preston,Darebin - North,Melbourne - North East,Greater Melbourne
2120613,Preston,Darebin - North,Melbourne - North East,Greater Melbourne
2120614,Preston,Darebin - North,Melbourne - North East,Greater Melbourne
2120615,Preston,Darebin - North,Melbourne - North East,Greater Melbourne
2120616,Preston,Darebin - North,Melbourne - North East,Greater Melbourne
2120617,Preston,Darebin - North,Melbourne - North East,Greater Melbourne
2120618,Preston,Darebin - North,Melbourne - North East,Greater Melbourne
2120619,Preston,Darebin - North,Melbourne - North East,Greater Melbourne
2120620,Preston,Darebin - North,Melbourne - North East,Greater Melbourne
2120621,Preston,Darebin - North,Melbourne - North East,Greater Melbourne
2120622,Preston,Darebin - North,Melbourne - North East,Greater Melbourne
2120623,Preston,Darebin - North,Melbourne - North East,Greater Melbourne
2120624,Preston,Darebin - North,Melbourne - North East,Greater Melbourne
2120625,Preston,Darebin - North,Melbourne - North East,Greater Melbourne
2120626,Preston,Darebin - North,Melbourne - North East,Greater Melbourne
2120627,Preston,Darebin - North,Melbourne - North East,Greater Melbourne
2120628,Preston,Darebin - North,Melbourne - North East,Greater Melbourne
2120629,Preston,Darebin - North,Melbourne - North East,Greater Melbourne
2120630,Preston,Darebin - North,Melbourne - North East,Greater Melbourne
2120631,Preston,Darebin - North,Melbourne - North East,Greater Melbourne
2120632,Preston,Darebin - North,Melbourne - North East,Greater Melbourne
2120633,Preston,Darebin - North,Melbourne - North East,Greater Melbourne
2120634,Preston,Darebin - North,Melbourne - North East,Greater Melbourne
2120635,Preston,Darebin - North,Melbourne - North East,Greater Melbourne
2120636,Preston,Darebin - North,Melbourne - North East,Greater Melbourne
2120637,Preston,Darebin - North,Melbourne - North East,Greater Melbourne
2120638,Preston,Darebin - North,Melbourne - North East,Greater Melbourne
2120639,Preston,Darebin - North,Melbourne - North East,Greater Melbourne
2120640,Preston,Darebin - North,Melbourne - North East,Greater Melbourne
2120641,Preston,Darebin - North,Melbourne - North East,Greater Melbourne
2120642,Preston,Darebin - North,Melbourne - North East,Greater Melbourne
2120643,Preston,Darebin - North,Melbourne - North East,Greater Melbourne
2120644,Preston,Darebin - North,Melbourne - North East,Greater Melbourne
2120645,Preston,Darebin - North,Melbourne - North East,Greater Melbourne
2120646,Preston,Darebin - North,Melbourne - North East,Greater Melbourne
2120647,Preston,Darebin - North,Melbourne - North East,Greater Melbourne
2120648,Preston,Darebin - North,Melbourne - North East,Greater Melbourne
2120649,Preston,Darebin - North,Melbourne - North East,Greater Melbourne
2120650,Preston,Darebin - North,Melbourne - North East,Greater Melbourne
2120651,Preston,Darebin - North,Melbourne - North East,Greater Melbourne
2120652,Preston,Darebin - North,Melbourne - North East,Greater Melbourne
2120653,Preston,Darebin - North,Melbourne - North East,Greater Melbourne
2120654,Preston,Darebin - North,Melbourne - North East,Greater Melbourne
2120655,Preston,Darebin - North,Melbourne - North East,Greater Melbourne
2120656,Preston,Darebin - North,Melbourne - North East,Greater Melbourne
2120657,Preston,Darebin - North,Melbourne - North East,Greater Melbourne
2120658,Preston,Darebin - North,Melbourne - North East,Greater Melbourne
2120659,Preston,Darebin - North,Melbourne - North East,Greater Melbourne
2120660,Preston,Darebin - North,Melbourne - North East,Greater Melbourne
2120661,Preston,Darebin - North,Melbourne - North East,Greater Melbourne
2120662,Preston,Darebin - North,Melbourne - North East,Greater Melbourne
2120663,Preston,Darebin - North,Melbourne - North East,Greater Melbourne
2120664,Preston,Darebin - North,Melbourne - North East,Greater Melbourne
2120665,Preston,Darebin - North,Melbourne - North East,Greater Melbourne
2120701,Reservoir - East,Darebin - North,Melbourne - North East,Greater Melbourne
2120702,Reservoir - East,Darebin - North,Melbourne - North East,Greater Melbourne
2120703,Reservoir - East,Darebin - North,Melbourne - North East,Greater Melbourne
2120704,Reservoir - East,Darebin - North,Melbourne - North East,Greater Melbourne
2120705,Reservoir - East,Darebin - North,Melbourne - North East,Greater Melbourne
2120706,Reservoir - East,Darebin - North,Melbourne - North East,Greater Melbourne
2120707,Reservoir - East,Darebin - North,Melbourne - North East,Greater Melbourne
2120708,Reservoir - East,Darebin - North,Melbourne - North East,Greater Melbourne
2120709,Reservoir - East,Darebin - North,Melbourne - North East,Greater Melbourne
2120710,Reservoir - East,Darebin - North,Melbourne - North East,Greater Melbourne
2120711,Reservoir - East,Darebin - North,Melbourne - North East,Greater Melbourne
2120712,Reservoir - East,Darebin - North,Melbourne - North East,Greater Melbourne
2120713,Reservoir - East,Darebin - North,Melbourne - North East,Greater Melbourne
2120714,Reservoir - East,Darebin - North,Melbourne - North East,Greater Melbourne
2120715,Reservoir - East,Darebin - North,Melbourne - North East,Greater Melbourne
2120716,Reservoir - East,Darebin - North,Melbourne - North East,Greater Melbourne
2120717,Reservoir - East,Darebin - North,Melbourne - North East,Greater Melbourne
2120718,Reservoir - East,Darebin - North,Melbourne - North East,Greater Melbourne
2120719,Reservoir - East,Darebin - North,Melbourne - North East,Greater Melbourne
2120720,Reservoir - East,Darebin - North,Melbourne - North East,Greater Melbourne
2120721,Reservoir - East,Darebin - North,Melbourne - North East,Greater Melbourne
2120722,Reservoir - East,Darebin - North,Melbourne - North East,Greater Melbourne
2120723,Reservoir - East,Darebin - North,Melbourne - North East,Greater Melbourne
2120724,Reservoir - East,Darebin - North,Melbourne - North East,Greater Melbourne
2120725,Reservoir - East,Darebin - North,Melbourne - North East,Greater Melbourne
2120726,Reservoir - East,Darebin - North,Melbourne - North East,Greater Melbourne
2120727,Reservoir - East,Darebin - North,Melbourne - North East,Greater Melbourne
2120728,Reservoir - East,Darebin - North,Melbourne - North East,Greater Melbourne
2120729,Reservoir - East,Darebin - North,Melbourne - North East,Greater Melbourne
2120730,Reservoir - East,Darebin - North,Melbourne - North East,Greater Melbourne
2120731,Reservoir - East,Darebin - North,Melbourne - North East,Greater Melbourne
2120732,Reservoir - East,Darebin - North,Melbourne - North East,Greater Melbourne
2120733,Reservoir - East,Darebin - North,Melbourne - North East,Greater Melbourne
2120734,Reservoir - East,Darebin - North,Melbourne - North East,Greater Melbourne
2120735,Reservoir - East,Darebin - North,Melbourne - North East,Greater Melbourne
2120736,Reservoir - East,Darebin - North,Melbourne - North East,Greater Melbourne
2120737,Reservoir - East,Darebin - North,Melbourne - North East,Greater Melbourne
2120738,Reservoir - East,Darebin - North,Melbourne - North East,Greater Melbourne
2120739,Reservoir - East,Darebin - North,Melbourne - North East,Greater Melbourne
2120740,Reservoir - East,Darebin - North,Melbourne - North East,Greater Melbourne
2120741,Reservoir - East,Darebin - North,Melbourne - North East,Greater Melbourne
2120742,Reservoir - East,Darebin - North,Melbourne - North East,Greater Melbourne
2120743,Reservoir - East,Darebin - North,Melbourne - North East,Greater Melbourne
2120744,Reservoir - East,Darebin - North,Melbourne - North East,Greater Melbourne
2120745,Reservoir - East,Darebin - North,Melbourne - North East,Greater Melbourne
2120746,Reservoir - East,Darebin - North,Melbourne - North East,Greater Melbourne
2120747,Reservoir - East,Darebin - North,Melbourne - North East,Greater Melbourne
2120748,Reservoir - East,Darebin - North,Melbourne - North East,Greater Melbourne
2120749,Reservoir - East,Darebin - North,Melbourne - North East,Greater Melbourne
2120750,Reservoir - East,Darebin - North,Melbourne - North East,Greater Melbourne
2120751,Reservoir - East,Darebin - North,Melbourne - North East,Greater Melbourne
2120752,Reservoir - East,Darebin - North,Melbourne - North East,Greater Melbourne
2120753,Reservoir - East,Darebin - North,Melbourne - North East,Greater Melbourne
2120754,Reservoir - East,Darebin - North,Melbourne - North East,Greater Melbourne
2120755,Reservoir - East,Darebin - North,Melbourne - North East,Greater Melbourne
2120756,Reservoir - East,Darebin - North,Melbourne - North East,Greater Melbourne
2120757,Reservoir - East,Darebin - North,Melbourne - North East,Greater Melbourne
2120758,Reservoir - East,Darebin - North,Melbourne - North East,Greater Melbourne
2120801,Reservoir - West,Darebin - North,Melbourne - North East,Greater Melbourne
2120802,Reservoir - West,Darebin - North,Melbourne - North East,Greater Melbourne
2120803,Reservoir - West,Darebin - North,Melbourne - North East,Greater Melbourne
2120804,Reservoir - West,Darebin - North,Melbourne - North East,Greater Melbourne
2120805,Reservoir - West,Darebin - North,Melbourne - North East,Greater Melbourne
2120806,Reservoir - West,Darebin - North,Melbourne - North East,Greater Melbourne
2120807,Reservoir - West,Darebin - North,Melbourne - North East,Greater Melbourne
2120808,Reservoir - West,Darebin - North,Melbourne - North East,Greater Melbourne
2120809,Reservoir - West,Darebin - North,Melbourne - North East,Greater Melbourne
2120810,Reservoir - West,Darebin - North,Melbourne - North East,Greater Melbourne
2120811,Reservoir - West,Darebin - North,Melbourne - North East,Greater Melbourne
2120812,Reservoir - West,Darebin - North,Melbourne - North East,Greater Melbourne
2120813,Reservoir - West,Darebin - North,Melbourne - North East,Greater Melbourne
2120814,Reservoir - West,Darebin - North,Melbourne - North East,Greater Melbourne
2120815,Reservoir - West,Darebin - North,Melbourne - North East,Greater Melbourne
2120816,Reservoir - West,Darebin - North,Melbourne - North East,Greater Melbourne
2120817,Reservoir - West,Darebin - North,Melbourne - North East,Greater Melbourne
2120818,Reservoir - West,Darebin - North,Melbourne - North East,Greater Melbourne
2120819,Reservoir - West,Darebin - North,Melbourne - North East,Greater Melbourne
2120820,Reservoir - West,Darebin - North,Melbourne - North East,Greater Melbourne
2120821,Reservoir - West,Darebin - North,Melbourne - North East,Greater Melbourne
2120822,Reservoir - West,Darebin - North,Melbourne - North East,Greater Melbourne
2120823,Reservoir - West,Darebin - North,Melbourne - North East,Greater Melbourne
2120824,Reservoir - West,Darebin - North,Melbourne - North East,Greater Melbourne
2120825,Reservoir - West,Darebin - North,Melbourne - North East,Greater Melbourne
2120826,Reservoir - West,Darebin - North,Melbourne - North East,Greater Melbourne
2120827,Reservoir - West,Darebin - North,Melbourne - North East,Greater Melbourne
2120828,Reservoir - West,Darebin - North,Melbourne - North East,Greater Melbourne
2120829,Reservoir - West,Darebin - North,Melbourne - North East,Greater Melbourne
2120830,Reservoir - West,Darebin - North,Melbourne - North East,Greater Melbourne
2120831,Reservoir - West,Darebin - North,Melbourne - North East,Greater Melbourne
2120832,Reservoir - West,Darebin - North,Melbourne - North East,Greater Melbourne
2120833,Reservoir - West,Darebin - North,Melbourne - North East,Greater Melbourne
2120834,Reservoir - West,Darebin - North,Melbourne - North East,Greater Melbourne
2120835,Reservoir - West,Darebin - North,Melbourne - North East,Greater Melbourne
2120836,Reservoir - West,Darebin - North,Melbourne - North East,Greater Melbourne
2120837,Reservoir - West,Darebin - North,Melbourne - North East,Greater Melbourne
2120838,Reservoir - West,Darebin - North,Melbourne - North East,Greater Melbourne
2120839,Reservoir - West,Darebin - North,Melbourne - North East,Greater Melbourne
2120840,Reservoir - West,Darebin - North,Melbourne - North East,Greater Melbourne
2120841,Reservoir - West,Darebin - North,Melbourne - North East,Greater Melbourne
2120842,Reservoir - West,Darebin - North,Melbourne - North East,Greater Melbourne
2120843,Reservoir - West,Darebin - North,Melbourne - North East,Greater Melbourne
2120844,Reservoir - West,Darebin - North,Melbourne - North East,Greater Melbourne
2120845,Reservoir - West,Darebin - North,Melbourne - North East,Greater Melbourne
2120846,Reservoir - West,Darebin - North,Melbourne - North East,Greater Melbourne
2120847,Reservoir - West,Darebin - North,Melbourne - North East,Greater Melbourne
2120848,Reservoir - West,Darebin - North,Melbourne - North East,Greater Melbourne
2120849,Reservoir - West,Darebin - North,Melbourne - North East,Greater Melbourne
2120850,Reservoir - West,Darebin - North,Melbourne - North East,Greater Melbourne
2120851,Reservoir - West,Darebin - North,Melbourne - North East,Greater Melbourne
2120852,Reservoir - West,Darebin - North,Melbourne - North East,Greater Melbourne
2120853,Reservoir - West,Darebin - North,Melbourne - North East,Greater Melbourne
2120854,Reservoir - West,Darebin - North,Melbourne - North East,Greater Melbourne
2120855,Reservoir - West,Darebin - North,Melbourne - North East,Greater Melbourne
2120856,Reservoir - West,Darebin - North,Melbourne - North East,Greater Melbourne
2120857,Reservoir - West,Darebin - North,Melbourne - North East,Greater Melbourne
2120858,Reservoir - West,Darebin - North,Melbourne - North East,Greater Melbourne
2120901,Eltham,Nillumbik - Kinglake,Melbourne - North East,Greater Melbourne
2120902,Eltham,Nillumbik - Kinglake,Melbourne - North East,Greater Melbourne
2120903,Eltham,Nillumbik - Kinglake,Melbourne - North East,Greater Melbourne
2120904,Eltham,Nillumbik - Kinglake,Melbourne - North East,Greater Melbourne
2120905,Eltham,Nillumbik - Kinglake,Melbourne - North East,Greater Melbourne
2120906,Eltham,Nillumbik - Kinglake,Melbourne - North East,Greater Melbourne
2120907,Eltham,Nillumbik - Kinglake,Melbourne - North East,Greater Melbourne
2120908,Eltham,Nillumbik - Kinglake,Melbourne - North East,Greater Melbourne
2120909,Eltham,Nillumbik - Kinglake,Melbourne - North East,Greater Melbourne
2120910,Eltham,Nillumbik - Kinglake,Melbourne - North East,Greater Melbourne
2120911,Eltham,Nillumbik - Kinglake,Melbourne - North East,Greater Melbourne
2120912,Eltham,Nillumbik - Kinglake,Melbourne - North East,Greater Melbourne
2120913,Eltham,Nillumbik - Kinglake,Melbourne - North East,Greater Melbourne
2120914,Eltham,Nillumbik - Kinglake,Melbourne - North East,Greater Melbourne
2120915,Eltham,Nillumbik - Kinglake,Melbourne - North East,Greater Melbourne
2120916,Eltham,Nillumbik - Kinglake,Melbourne - North East,Greater Melbourne
2120917,Eltham,Nillumbik - Kinglake,Melbourne - North East,Greater Melbourne
2120918,Eltham,Nillumbik - Kinglake,Melbourne - North East,Greater Melbourne
2120919,Eltham,Nillumbik - Kinglake,Melbourne - North East,Greater Melbourne
2120920,Eltham,Nillumbik - Kinglake,Melbourne - North East,Greater Melbourne
2120921,Eltham,Nillumbik - Kinglake,Melbourne - North East,Greater Melbourne
2120922,Eltham,Nillumbik - Kinglake,Melbourne - North East,Greater Melbourne
2120923,Eltham,Nillumbik - Kinglake,Melbourne - North East,Greater Melbourne
2120924,Eltham,Nillumbik - Kinglake,Melbourne - North East,Greater Melbourne
2120925,Eltham,Nillumbik - Kinglake,Melbourne - North East,Greater Melbourne
2120926,Eltham,Nillumbik - Kinglake,Melbourne - North East,Greater Melbourne
2120927,Eltham,Nillumbik - Kinglake,Melbourne - North East,Greater Melbourne
2120928,Eltham,Nillumbik - Kinglake,Melbourne - North East,Greater Melbourne
2120929,Eltham,Nillumbik - Kinglake,Melbourne - North East,Greater Melbourne
2120930,Eltham,Nillumbik - Kinglake,Melbourne - North East,Greater Melbourne
2120931,Eltham,Nillumbik - Kinglake,Melbourne - North East,Greater Melbourne
2120932,Eltham,Nillumbik - Kinglake,Melbourne - North East,Greater Melbourne
2120933,Eltham,Nillumbik - Kinglake,Melbourne - North East,Greater Melbourne
2120934,Eltham,Nillumbik - Kinglake,Melbourne - North East,Greater Melbourne
2120935,Eltham,Nillumbik - Kinglake,Melbourne - North East,Greater Melbourne
2120936,Eltham,Nillumbik - Kinglake,Melbourne - North East,Greater Melbourne
2120937,Eltham,Nillumbik - Kinglake,Melbourne - North East,Greater Melbourne
2120938,Eltham,Nillumbik - Kinglake,Melbourne - North East,Greater Melbourne
2120939,Eltham,Nillumbik - Kinglake,Melbourne - North East,Greater Melbourne
2120940,Eltham,Nillumbik - Kinglake,Melbourne - North East,Greater Melbourne
2120941,Eltham,Nillumbik - Kinglake,Melbourne - North East,Greater Melbourne
2120942,Eltham,Nillumbik - Kinglake,Melbourne - North East,Greater Melbourne
2120943,Eltham,Nillumbik - Kinglake,Melbourne - North East,Greater Melbourne
2120944,Eltham,Nillumbik - Kinglake,Melbourne - North East,Greater Melbourne
2120945,Eltham,Nillumbik - Kinglake,Melbourne - North East,Greater Melbourne
2120946,Eltham,Nillumbik - Kinglake,Melbourne - North East,Greater Melbourne
2120947,Eltham,Nillumbik - Kinglake,Melbourne - North East,Greater Melbourne
2120948,Eltham,Nillumbik - Kinglake,Melbourne - North East,Greater Melbourne
2120949,Eltham,Nillumbik - Kinglake,Melbourne - North East,Greater Melbourne
2120950,Eltham,Nillumbik - Kinglake,Melbourne - North East,Greater Melbourne
2120951,Eltham,Nillumbik - Kinglake,Melbourne - North East,Greater Melbourne
2120952,Eltham,Nillumbik - Kinglake,Melbourne - North East,Greater Melbourne
2120953,Eltham,Nillumbik - Kinglake,Melbourne - North East,Greater Melbourne
2120954,Eltham,Nillumbik - Kinglake,Melbourne - North East,Greater Melbourne
2120955,Eltham,Nillumbik - Kinglake,Melbourne - North East,Greater Melbourne
2120956,Eltham,Nillumbik - Kinglake,Melbourne - North East,Greater Melbourne
2120957,Eltham,Nillumbik - Kinglake,Melbourne - North East,Greater Melbourne
2120958,Eltham,Nillumbik - Kinglake,Melbourne - North East,Greater Melbourne
2120959,Eltham,Nillumbik - Kinglake,Melbourne - North East,Greater Melbourne
2120960,Eltham,Nillumbik - Kinglake,Melbourne - North East,Greater Melbourne
2121001,Hurstbridge,Nillumbik - Kinglake,Melbourne - North East,Greater Melbourne
2121002,Hurstbridge,Nillumbik - Kinglake,Melbourne - North East,Greater Melbourne
2121003,Hurstbridge,Nillumbik - Kinglake,Melbourne - North East,Greater Melbourne
2121004,Hurstbridge,Nillumbik - Kinglake,Melbourne - North East,Greater Melbourne
2121005,Hurstbridge,Nillumbik - Kinglake,Melbourne - North East,Greater Melbourne
2121006,Hurstbridge,Nillumbik - Kinglake,Melbourne - North East,Greater Melbourne
2121007,Hurstbridge,Nillumbik - Kinglake,Melbourne - North East,Greater Melbourne
2121008,Hurstbridge,Nillumbik - Kinglake,Melbourne - North East,Greater Melbourne
2121009,Hurstbridge,Nillumbik - Kinglake,Melbourne - North East,Greater Melbourne
2121010,Hurstbridge,Nillumbik - Kinglake,Melbourne - North East,Greater Melbourne
2121101,Kinglake,Nillumbik - Kinglake,Melbourne - North East,Greater Melbourne
2121102,Kinglake,Nillumbik - Kinglake,Melbourne - North East,Greater Melbourne
2121103,Kinglake,Nillumbik - Kinglake,Melbourne - North East,Greater Melbourne
2121104,Kinglake,Nillumbik - Kinglake,Melbourne - North East,Greater Melbourne
2121105,Kinglake,Nillumbik - Kinglake,Melbourne - North East,Greater Melbourne
2121106,Kinglake,Nillumbik - Kinglake,Melbourne - North East,Greater Melbourne
2121107,Kinglake,Nillumbik - Kinglake,Melbourne - North East,Greater Melbourne
2121108,Kinglake,Nillumbik - Kinglake,Melbourne - North East,Greater Melbourne
2121109,Kinglake,Nillumbik - Kinglake,Melbourne - North East,Greater Melbourne
2121110,Kinglake,Nillumbik - Kinglake,Melbourne - North East,Greater Melbourne
2121111,Kinglake,Nillumbik - Kinglake,Melbourne - North East,Greater Melbourne
2121112,Kinglake,Nillumbik - Kinglake,Melbourne - North East,Greater Melbourne
2121201,Panton Hill - St Andrews,Nillumbik - Kinglake,Melbourne - North East,Greater Melbourne
2121202,Panton Hill - St Andrews,Nillumbik - Kinglake,Melbourne - North East,Greater Melbourne
2121203,Panton Hill - St Andrews,Nillumbik - Kinglake,Melbourne - North East,Greater Melbourne
2121204,Panton Hill - St Andrews,Nillumbik - Kinglake,Melbourne - North East,Greater Melbourne
2121205,Panton Hill - St Andrews,Nillumbik - Kinglake,Melbourne - North East,Greater Melbourne
2121206,Panton Hill - St Andrews,Nillumbik - Kinglake,Melbourne - North East,Greater Melbourne
2121207,Panton Hill - St Andrews,Nillumbik - Kinglake,Melbourne - North East,Greater Melbourne
2121208,Panton Hill - St Andrews,Nillumbik - Kinglake,Melbourne - North East,Greater Melbourne
2121209,Panton Hill - St Andrews,Nillumbik - Kinglake,Melbourne - North East,Greater Melbourne
2121210,Panton Hill - St Andrews,Nillumbik - Kinglake,Melbourne - North East,Greater Melbourne
2121211,Panton Hill - St Andrews,Nillumbik - Kinglake,Melbourne - North East,Greater Melbourne
2121212,Panton Hill - St Andrews,Nillumbik - Kinglake,Melbourne - North East,Greater Melbourne
2121213,Panton Hill - St Andrews,Nillumbik - Kinglake,Melbourne - North East,Greater Melbourne
2121214,Panton Hill - St Andrews,Nillumbik - Kinglake,Melbourne - North East,Greater Melbourne
2121215,Panton Hill - St Andrews,Nillumbik - Kinglake,Melbourne - North East,Greater Melbourne
2121216,Panton Hill - St Andrews,Nillumbik - Kinglake,Melbourne - North East,Greater Melbourne
2121217,Panton Hill - St Andrews,Nillumbik - Kinglake,Melbourne - North East,Greater Melbourne
2121218,Panton Hill - St Andrews,Nillumbik - Kinglake,Melbourne - North East,Greater Melbourne
2121219,Panton Hill - St Andrews,Nillumbik - Kinglake,Melbourne - North East,Greater Melbourne
2121220,Panton Hill - St Andrews,Nillumbik - Kinglake,Melbourne - North East,Greater Melbourne
2121301,Plenty - Yarrambat,Nillumbik - Kinglake,Melbourne - North East,Greater Melbourne
2121302,Plenty - Yarrambat,Nillumbik - Kinglake,Melbourne - North East,Greater Melbourne
2121303,Plenty - Yarrambat,Nillumbik - Kinglake,Melbourne - North East,Greater Melbourne
2121304,Plenty - Yarrambat,Nillumbik - Kinglake,Melbourne - North East,Greater Melbourne
2121305,Plenty - Yarrambat,Nillumbik - Kinglake,Melbourne - North East,Greater Melbourne
2121306,Plenty - Yarrambat,Nillumbik - Kinglake,Melbourne - North East,Greater Melbourne
2121307,Plenty - Yarrambat,Nillumbik - Kinglake,Melbourne - North East,Greater Melbourne
2121308,Plenty - Yarrambat,Nillumbik - Kinglake,Melbourne - North East,Greater Melbourne
2121309,Plenty - Yarrambat,Nillumbik - Kinglake,Melbourne - North East,Greater Melbourne
2121310,Plenty - Yarrambat,Nillumbik - Kinglake,Melbourne - North East,Greater Melbourne
2121311,Plenty - Yarrambat,Nillumbik - Kinglake,Melbourne - North East,Greater Melbourne
2121312,Plenty - Yarrambat,Nillumbik - Kinglake,Melbourne - North East,Greater Melbourne
2121313,Plenty - Yarrambat,Nillumbik - Kinglake,Melbourne - North East,Greater Melbourne
2121314,Plenty - Yarrambat,Nillumbik - Kinglake,Melbourne - North East,Greater Melbourne
2121315,Plenty - Yarrambat,Nillumbik - Kinglake,Melbourne - North East,Greater Melbourne
2121316,Plenty - Yarrambat,Nillumbik - Kinglake,Melbourne - North East,Greater Melbourne
2121317,Plenty - Yarrambat,Nillumbik - Kinglake,Melbourne - North East,Greater Melbourne
2121318,Plenty - Yarrambat,Nillumbik - Kinglake,Melbourne - North East,Greater Melbourne
2121319,Plenty - Yarrambat,Nillumbik - Kinglake,Melbourne - North East,Greater Melbourne
2121320,Plenty - Yarrambat,Nillumbik - Kinglake,Melbourne - North East,Greater Melbourne
2121321,Plenty - Yarrambat,Nillumbik - Kinglake,Melbourne - North East,Greater Melbourne
2121322,Plenty - Yarrambat,Nillumbik - Kinglake,Melbourne - North East,Greater Melbourne
2121323,Plenty - Yarrambat,Nillumbik - Kinglake,Melbourne - North East,Greater Melbourne
2121324,Plenty - Yarrambat,Nillumbik - Kinglake,Melbourne - North East,Greater Melbourne
2121325,Plenty - Yarrambat,Nillumbik - Kinglake,Melbourne - North East,Greater Melbourne
2121401,Research - North Warrandyte,Nillumbik - Kinglake,Melbourne - North East,Greater Melbourne
2121402,Research - North Warrandyte,Nillumbik - Kinglake,Melbourne - North East,Greater Melbourne
2121403,Research - North Warrandyte,Nillumbik - Kinglake,Melbourne - North East,Greater Melbourne
2121404,Research - North Warrandyte,Nillumbik - Kinglake,Melbourne - North East,Greater Melbourne
2121405,Research - North Warrandyte,Nillumbik - Kinglake,Melbourne - North East,Greater Melbourne
2121406,Research - North Warrandyte,Nillumbik - Kinglake,Melbourne - North East,Greater Melbourne
2121407,Research - North Warrandyte,Nillumbik - Kinglake,Melbourne - North East,Greater Melbourne
2121408,Research - North Warrandyte,Nillumbik - Kinglake,Melbourne - North East,Greater Melbourne
2121409,Research - North Warrandyte,Nillumbik - Kinglake,Melbourne - North East,Greater Melbourne
2121410,Research - North Warrandyte,Nillumbik - Kinglake,Melbourne - North East,Greater Melbourne
2121411,Research - North Warrandyte,Nillumbik - Kinglake,Melbourne - North East,Greater Melbourne
2121412,Research - North Warrandyte,Nillumbik - Kinglake,Melbourne - North East,Greater Melbourne
2121413,Research - North Warrandyte,Nillumbik - Kinglake,Melbourne - North East,Greater Melbourne
2121414,Research - North Warrandyte,Nillumbik - Kinglake,Melbourne - North East,Greater Melbourne
2121415,Research - North Warrandyte,Nillumbik - Kinglake,Melbourne - North East,Greater Melbourne
2121416,Research - North Warrandyte,Nillumbik - Kinglake,Melbourne - North East,Greater Melbourne
2121417,Research - North Warrandyte,Nillumbik - Kinglake,Melbourne - North East,Greater Melbourne
2121501,Wattle Glen - Diamond Creek,Nillumbik - Kinglake,Melbourne - North East,Greater Melbourne
2121502,Wattle Glen - Diamond Creek,Nillumbik - Kinglake,Melbourne - North East,Greater Melbourne
2121503,Wattle Glen - Diamond Creek,Nillumbik - Kinglake,Melbourne - North East,Greater Melbourne
2121504,Wattle Glen - Diamond Creek,Nillumbik - Kinglake,Melbourne - North East,Greater Melbourne
2121505,Wattle Glen - Diamond Creek,Nillumbik - Kinglake,Melbourne - North East,Greater Melbourne
2121506,Wattle Glen - Diamond Creek,Nillumbik - Kinglake,Melbourne - North East,Greater Melbourne
2121507,Wattle Glen - Diamond Creek,Nillumbik - Kinglake,Melbourne - North East,Greater Melbourne
2121508,Wattle Glen - Diamond Creek,Nillumbik - Kinglake,Melbourne - North East,Greater Melbourne
2121509,Wattle Glen - Diamond Creek,Nillumbik - Kinglake,Melbourne - North East,Greater Melbourne
2121510,Wattle Glen - Diamond Creek,Nillumbik - Kinglake,Melbourne - North East,Greater Melbourne
2121511,Wattle Glen - Diamond Creek,Nillumbik - Kinglake,Melbourne - North East,Greater Melbourne
2121512,Wattle Glen - Diamond Creek,Nillumbik - Kinglake,Melbourne - North East,Greater Melbourne
2121513,Wattle Glen - Diamond Creek,Nillumbik - Kinglake,Melbourne - North East,Greater Melbourne
2121514,Wattle Glen - Diamond Creek,Nillumbik - Kinglake,Melbourne - North East,Greater Melbourne
2121515,Wattle Glen - Diamond Creek,Nillumbik - Kinglake,Melbourne - North East,Greater Melbourne
2121516,Wattle Glen - Diamond Creek,Nillumbik - Kinglake,Melbourne - North East,Greater Melbourne
2121517,Wattle Glen - Diamond Creek,Nillumbik - Kinglake,Melbourne - North East,Greater Melbourne
2121518,Wattle Glen - Diamond Creek,Nillumbik - Kinglake,Melbourne - North East,Greater Melbourne
2121519,Wattle Glen - Diamond Creek,Nillumbik - Kinglake,Melbourne - North East,Greater Melbourne
2121520,Wattle Glen - Diamond Creek,Nillumbik - Kinglake,Melbourne - North East,Greater Melbourne
2121521,Wattle Glen - Diamond Creek,Nillumbik - Kinglake,Melbourne - North East,Greater Melbourne
2121522,Wattle Glen - Diamond Creek,Nillumbik - Kinglake,Melbourne - North East,Greater Melbourne
2121523,Wattle Glen - Diamond Creek,Nillumbik - Kinglake,Melbourne - North East,Greater Melbourne
2121524,Wattle Glen - Diamond Creek,Nillumbik - Kinglake,Melbourne - North East,Greater Melbourne
2121525,Wattle Glen - Diamond Creek,Nillumbik - Kinglake,Melbourne - North East,Greater Melbourne
2121526,Wattle Glen - Diamond Creek,Nillumbik - Kinglake,Melbourne - North East,Greater Melbourne
2121527,Wattle Glen - Diamond Creek,Nillumbik - Kinglake,Melbourne - North East,Greater Melbourne
2121528,Wattle Glen - Diamond Creek,Nillumbik - Kinglake,Melbourne - North East,Greater Melbourne
2121529,Wattle Glen - Diamond Creek,Nillumbik - Kinglake,Melbourne - North East,Greater Melbourne
2121530,Wattle Glen - Diamond Creek,Nillumbik - Kinglake,Melbourne - North East,Greater Melbourne
2121531,Wattle Glen - Diamond Creek,Nillumbik - Kinglake,Melbourne - North East,Greater Melbourne
2121532,Wattle Glen - Diamond Creek,Nillumbik - Kinglake,Melbourne - North East,Greater Melbourne
2121533,Wattle Glen - Diamond Creek,Nillumbik - Kinglake,Melbourne - North East,Greater Melbourne
2121534,Wattle Glen - Diamond Creek,Nillumbik - Kinglake,Melbourne - North East,Greater Melbourne
2121601,Bundoora - North,Whittlesea - Wallan,Melbourne - North East,Greater Melbourne
2121602,Bundoora - North,Whittlesea - Wallan,Melbourne - North East,Greater Melbourne
2121603,Bundoora - North,Whittlesea - Wallan,Melbourne - North East,Greater Melbourne
2121604,Bundoora - North,Whittlesea - Wallan,Melbourne - North East,Greater Melbourne
2121605,Bundoora - North,Whittlesea - Wallan,Melbourne - North East,Greater Melbourne
2121606,Bundoora - North,Whittlesea - Wallan,Melbourne - North East,Greater Melbourne
2121607,Bundoora - North,Whittlesea - Wallan,Melbourne - North East,Greater Melbourne
2121608,Bundoora - North,Whittlesea - Wallan,Melbourne - North East,Greater Melbourne
2121609,Bundoora - North,Whittlesea - Wallan,Melbourne - North East,Greater Melbourne
2121610,Bundoora - North,Whittlesea - Wallan,Melbourne - North East,Greater Melbourne
2121611,Bundoora - North,Whittlesea - Wallan,Melbourne - North East,Greater Melbourne
2121612,Bundoora - North,Whittlesea - Wallan,Melbourne - North East,Greater Melbourne
2121701,Bundoora - West,Whittlesea - Wallan,Melbourne - North East,Greater Melbourne
2121702,Bundoora - West,Whittlesea - Wallan,Melbourne - North East,Greater Melbourne
2121703,Bundoora - West,Whittlesea - Wallan,Melbourne - North East,Greater Melbourne
2121704,Bundoora - West,Whittlesea - Wallan,Melbourne - North East,Greater Melbourne
2121705,Bundoora - West,Whittlesea - Wallan,Melbourne - North East,Greater Melbourne
2121706,Bundoora - West,Whittlesea - Wallan,Melbourne - North East,Greater Melbourne
2121707,Bundoora - West,Whittlesea - Wallan,Melbourne - North East,Greater Melbourne
2121708,Bundoora - West,Whittlesea - Wallan,Melbourne - North East,Greater Melbourne
2121709,Bundoora - West,Whittlesea - Wallan,Melbourne - North East,Greater Melbourne
2121710,Bundoora - West,Whittlesea - Wallan,Melbourne - North East,Greater Melbourne
2121711,Bundoora - West,Whittlesea - Wallan,Melbourne - North East,Greater Melbourne
2121712,Bundoora - West,Whittlesea - Wallan,Melbourne - North East,Greater Melbourne
2121713,Bundoora - West,Whittlesea - Wallan,Melbourne - North East,Greater Melbourne
2121714,Bundoora - West,Whittlesea - Wallan,Melbourne - North East,Greater Melbourne
2121715,Bundoora - West,Whittlesea - Wallan,Melbourne - North East,Greater Melbourne
2121716,Bundoora - West,Whittlesea - Wallan,Melbourne - North East,Greater Melbourne
2121717,Bundoora - West,Whittlesea - Wallan,Melbourne - North East,Greater Melbourne
2121718,Bundoora - West,Whittlesea - Wallan,Melbourne - North East,Greater Melbourne
2121801,Epping,Whittlesea - Wallan,Melbourne - North East,Greater Melbourne
2121802,Epping,Whittlesea - Wallan,Melbourne - North East,Greater Melbourne
2121803,Epping,Whittlesea - Wallan,Melbourne - North East,Greater Melbourne
2121804,Epping,Whittlesea - Wallan,Melbourne - North East,Greater Melbourne
2121805,Epping,Whittlesea - Wallan,Melbourne - North East,Greater Melbourne
2121806,Epping,Whittlesea - Wallan,Melbourne - North East,Greater Melbourne
2121807,Epping,Whittlesea - Wallan,Melbourne - North East,Greater Melbourne
2121808,Epping,Whittlesea - Wallan,Melbourne - North East,Greater Melbourne
2121809,Epping,Whittlesea - Wallan,Melbourne - North East,Greater Melbourne
2121810,Epping,Whittlesea - Wallan,Melbourne - North East,Greater Melbourne
2121811,Epping,Whittlesea - Wallan,Melbourne - North East,Greater Melbourne
2121812,Epping,Whittlesea - Wallan,Melbourne - North East,Greater Melbourne
2121813,Epping,Whittlesea - Wallan,Melbourne - North East,Greater Melbourne
2121814,Epping,Whittlesea - Wallan,Melbourne - North East,Greater Melbourne
2121815,Epping,Whittlesea - Wallan,Melbourne - North East,Greater Melbourne
2121816,Epping,Whittlesea - Wallan,Melbourne - North East,Greater Melbourne
2121817,Epping,Whittlesea - Wallan,Melbourne - North East,Greater Melbourne
2121818,Epping,Whittlesea - Wallan,Melbourne - North East,Greater Melbourne
2121819,Epping,Whittlesea - Wallan,Melbourne - North East,Greater Melbourne
2121820,Epping,Whittlesea - Wallan,Melbourne - North East,Greater Melbourne
2121821,Epping,Whittlesea - Wallan,Melbourne - North East,Greater Melbourne
2121822,Epping,Whittlesea - Wallan,Melbourne - North East,Greater Melbourne
2121823,Epping,Whittlesea - Wallan,Melbourne - North East,Greater Melbourne
2121824,Epping,Whittlesea - Wallan,Melbourne - North East,Greater Melbourne
2121825,Epping,Whittlesea - Wallan,Melbourne - North East,Greater Melbourne
2121826,Epping,Whittlesea - Wallan,Melbourne - North East,Greater Melbourne
2121827,Epping,Whittlesea - Wallan,Melbourne - North East,Greater Melbourne
2121828,Epping,Whittlesea - Wallan,Melbourne - North East,Greater Melbourne
2121829,Epping,Whittlesea - Wallan,Melbourne - North East,Greater Melbourne
2121830,Epping,Whittlesea - Wallan,Melbourne - North East,Greater Melbourne
2121831,Epping,Whittlesea - Wallan,Melbourne - North East,Greater Melbourne
2121832,Epping,Whittlesea - Wallan,Melbourne - North East,Greater Melbourne
2121833,Epping,Whittlesea - Wallan,Melbourne - North East,Greater Melbourne
2121834,Epping,Whittlesea - Wallan,Melbourne - North East,Greater Melbourne
2121835,Epping,Whittlesea - Wallan,Melbourne - North East,Greater Melbourne
2121836,Epping,Whittlesea - Wallan,Melbourne - North East,Greater Melbourne
2121837,Epping,Whittlesea - Wallan,Melbourne - North East,Greater Melbourne
2121838,Epping,Whittlesea - Wallan,Melbourne - North East,Greater Melbourne
2121839,Epping,Whittlesea - Wallan,Melbourne - North East,Greater Melbourne
2121840,Epping,Whittlesea - Wallan,Melbourne - North East,Greater Melbourne
2121841,Epping,Whittlesea - Wallan,Melbourne - North East,Greater Melbourne
2121842,Epping,Whittlesea - Wallan,Melbourne - North East,Greater Melbourne
2121843,Epping,Whittlesea - Wallan,Melbourne - North East,Greater Melbourne
2121844,Epping,Whittlesea - Wallan,Melbourne - North East,Greater Melbourne
2121845,Epping,Whittlesea - Wallan,Melbourne - North East,Greater Melbourne
2121846,Epping,Whittlesea - Wallan,Melbourne - North East,Greater Melbourne
2121847,Epping,Whittlesea - Wallan,Melbourne - North East,Greater Melbourne
2121848,Epping,Whittlesea - Wallan,Melbourne - North East,Greater Melbourne
2121849,Epping,Whittlesea - Wallan,Melbourne - North East,Greater Melbourne
2121850,Epping,Whittlesea - Wallan,Melbourne - North East,Greater Melbourne
2121851,Epping,Whittlesea - Wallan,Melbourne - North East,Greater Melbourne
2121852,Epping,Whittlesea - Wallan,Melbourne - North East,Greater Melbourne
2121853,Epping,Whittlesea - Wallan,Melbourne - North East,Greater Melbourne
2121854,Epping,Whittlesea - Wallan,Melbourne - North East,Greater Melbourne
2121855,Epping,Whittlesea - Wallan,Melbourne - North East,Greater Melbourne
2121856,Epping,Whittlesea - Wallan,Melbourne - North East,Greater Melbourne
2121857,Epping,Whittlesea - Wallan,Melbourne - North East,Greater Melbourne
2121858,Epping,Whittlesea - Wallan,Melbourne - North East,Greater Melbourne
2121859,Epping,Whittlesea - Wallan,Melbourne - North East,Greater Melbourne
2121860,Epping,Whittlesea - Wallan,Melbourne - North East,Greater Melbourne
2121861,Epping,Whittlesea - Wallan,Melbourne - North East,Greater Melbourne
2121862,Epping,Whittlesea - Wallan,Melbourne - North East,Greater Melbourne
2121863,Epping,Whittlesea - Wallan,Melbourne - North East,Greater Melbourne
2121864,Epping,Whittlesea - Wallan,Melbourne - North East,Greater Melbourne
2121865,Epping,Whittlesea - Wallan,Melbourne - North East,Greater Melbourne
2121866,Epping,Whittlesea - Wallan,Melbourne - North East,Greater Melbourne
2121867,Epping,Whittlesea - Wallan,Melbourne - North East,Greater Melbourne
2121868,Epping,Whittlesea - Wallan,Melbourne - North East,Greater Melbourne
2121869,Epping,Whittlesea - Wallan,Melbourne - North East,Greater Melbourne
2121870,Epping,Whittlesea - Wallan,Melbourne - North East,Greater Melbourne
2121871,Epping,Whittlesea - Wallan,Melbourne - North East,Greater Melbourne
2121901,Lalor,Whittlesea - Wallan,Melbourne - North East,Greater Melbourne
2121902,Lalor,Whittlesea - Wallan,Melbourne - North East,Greater Melbourne
2121903,Lalor,Whittlesea - Wallan,Melbourne - North East,Greater Melbourne
2121904,Lalor,Whittlesea - Wallan,Melbourne - North East,Greater Melbourne
2121905,Lalor,Whittlesea - Wallan,Melbourne - North East,Greater Melbourne
2121906,Lalor,Whittlesea - Wallan,Melbourne - North East,Greater Melbourne
2121907,Lalor,Whittlesea - Wallan,Melbourne - North East,Greater Melbourne
2121908,Lalor,Whittlesea - Wallan,Melbourne - North East,Greater Melbourne
2121909,Lalor,Whittlesea - Wallan,Melbourne - North East,Greater Melbourne
2121910,Lalor,Whittlesea - Wallan,Melbourne - North East,Greater Melbourne
2121911,Lalor,Whittlesea - Wallan,Melbourne - North East,Greater Melbourne
2121912,Lalor,Whittlesea - Wallan,Melbourne - North East,Greater Melbourne
2121913,Lalor,Whittlesea - Wallan,Melbourne - North East,Greater Melbourne
2121914,Lalor,Whittlesea - Wallan,Melbourne - North East,Greater Melbourne
2121915,Lalor,Whittlesea - Wallan,Melbourne - North East,Greater Melbourne
2121916,Lalor,Whittlesea - Wallan,Melbourne - North East,Greater Melbourne
2121917,Lalor,Whittlesea - Wallan,Melbourne - North East,Greater Melbourne
2121918,Lalor,Whittlesea - Wallan,Melbourne - North East,Greater Melbourne
2121919,Lalor,Whittlesea - Wallan,Melbourne - North East,Greater Melbourne
2121920,Lalor,Whittlesea - Wallan,Melbourne - North East,Greater Melbourne
2121921,Lalor,Whittlesea - Wallan,Melbourne - North East,Greater Melbourne
2121922,Lalor,Whittlesea - Wallan,Melbourne - North East,Greater Melbourne
2121923,Lalor,Whittlesea - Wallan,Melbourne - North East,Greater Melbourne
2121924,Lalor,Whittlesea - Wallan,Melbourne - North East,Greater Melbourne
2121925,Lalor,Whittlesea - Wallan,Melbourne - North East,Greater Melbourne
2121926,Lalor,Whittlesea - Wallan,Melbourne - North East,Greater Melbourne
2121927,Lalor,Whittlesea - Wallan,Melbourne - North East,Greater Melbourne
2121928,Lalor,Whittlesea - Wallan,Melbourne - North East,Greater Melbourne
2121929,Lalor,Whittlesea - Wallan,Melbourne - North East,Greater Melbourne
2121930,Lalor,Whittlesea - Wallan,Melbourne - North East,Greater Melbourne
2121931,Lalor,Whittlesea - Wallan,Melbourne - North East,Greater Melbourne
2121932,Lalor,Whittlesea - Wallan,Melbourne - North East,Greater Melbourne
2121933,Lalor,Whittlesea - Wallan,Melbourne - North East,Greater Melbourne
2121934,Lalor,Whittlesea - Wallan,Melbourne - North East,Greater Melbourne
2121935,Lalor,Whittlesea - Wallan,Melbourne - North East,Greater Melbourne
2121936,Lalor,Whittlesea - Wallan,Melbourne - North East,Greater Melbourne
2121937,Lalor,Whittlesea - Wallan,Melbourne - North East,Greater Melbourne
2121938,Lalor,Whittlesea - Wallan,Melbourne - North East,Greater Melbourne
2121939,Lalor,Whittlesea - Wallan,Melbourne - North East,Greater Melbourne
2121940,Lalor,Whittlesea - Wallan,Melbourne - North East,Greater Melbourne
2121941,Lalor,Whittlesea - Wallan,Melbourne - North East,Greater Melbourne
2121942,Lalor,Whittlesea - Wallan,Melbourne - North East,Greater Melbourne
2121943,Lalor,Whittlesea - Wallan,Melbourne - North East,Greater Melbourne
2121944,Lalor,Whittlesea - Wallan,Melbourne - North East,Greater Melbourne
2121945,Lalor,Whittlesea - Wallan,Melbourne - North East,Greater Melbourne
2121946,Lalor,Whittlesea - Wallan,Melbourne - North East,Greater Melbourne
2121947,Lalor,Whittlesea - Wallan,Melbourne - North East,Greater Melbourne
2121948,Lalor,Whittlesea - Wallan,Melbourne - North East,Greater Melbourne
2121949,Lalor,Whittlesea - Wallan,Melbourne - North East,Greater Melbourne
2121950,Lalor,Whittlesea - Wallan,Melbourne - North East,Greater Melbourne
2121951,Lalor,Whittlesea - Wallan,Melbourne - North East,Greater Melbourne
2122001,Mill Park - North,Whittlesea - Wallan,Melbourne - North East,Greater Melbourne
2122002,Mill Park - North,Whittlesea - Wallan,Melbourne - North East,Greater Melbourne
2122003,Mill Park - North,Whittlesea - Wallan,Melbourne - North East,Greater Melbourne
2122004,Mill Park - North,Whittlesea - Wallan,Melbourne - North East,Greater Melbourne
2122005,Mill Park - North,Whittlesea - Wallan,Melbourne - North East,Greater Melbourne
2122006,Mill Park - North,Whittlesea - Wallan,Melbourne - North East,Greater Melbourne
2122007,Mill Park - North,Whittlesea - Wallan,Melbourne - North East,Greater Melbourne
2122008,Mill Park - North,Whittlesea - Wallan,Melbourne - North East,Greater Melbourne
2122009,Mill Park - North,Whittlesea - Wallan,Melbourne - North East,Greater Melbourne
2122010,Mill Park - North,Whittlesea - Wallan,Melbourne - North East,Greater Melbourne
2122011,Mill Park - North,Whittlesea - Wallan,Melbourne - North East,Greater Melbourne
2122012,Mill Park - North,Whittlesea - Wallan,Melbourne - North East,Greater Melbourne
2122013,Mill Park - North,Whittlesea - Wallan,Melbourne - North East,Greater Melbourne
2122014,Mill Park - North,Whittlesea - Wallan,Melbourne - North East,Greater Melbourne
2122015,Mill Park - North,Whittlesea - Wallan,Melbourne - North East,Greater Melbourne
2122016,Mill Park - North,Whittlesea - Wallan,Melbourne - North East,Greater Melbourne
2122017,Mill Park - North,Whittlesea - Wallan,Melbourne - North East,Greater Melbourne
2122018,Mill Park - North,Whittlesea - Wallan,Melbourne - North East,Greater Melbourne
2122019,Mill Park - North,Whittlesea - Wallan,Melbourne - North East,Greater Melbourne
2122020,Mill Park - North,Whittlesea - Wallan,Melbourne - North East,Greater Melbourne
2122021,Mill Park - North,Whittlesea - Wallan,Melbourne - North East,Greater Melbourne
2122022,Mill Park - North,Whittlesea - Wallan,Melbourne - North East,Greater Melbourne
2122023,Mill Park - North,Whittlesea - Wallan,Melbourne - North East,Greater Melbourne
2122024,Mill Park - North,Whittlesea - Wallan,Melbourne - North East,Greater Melbourne
2122025,Mill Park - North,Whittlesea - Wallan,Melbourne - North East,Greater Melbourne
2122026,Mill Park - North,Whittlesea - Wallan,Melbourne - North East,Greater Melbourne
2122027,Mill Park - North,Whittlesea - Wallan,Melbourne - North East,Greater Melbourne
2122028,Mill Park - North,Whittlesea - Wallan,Melbourne - North East,Greater Melbourne
2122029,Mill Park - North,Whittlesea - Wallan,Melbourne - North East,Greater Melbourne
2122030,Mill Park - North,Whittlesea - Wallan,Melbourne - North East,Greater Melbourne
2122031,Mill Park - North,Whittlesea - Wallan,Melbourne - North East,Greater Melbourne
2122032,Mill Park - North,Whittlesea - Wallan,Melbourne - North East,Greater Melbourne
2122033,Mill Park - North,Whittlesea - Wallan,Melbourne - North East,Greater Melbourne
2122034,Mill Park - North,Whittlesea - Wallan,Melbourne - North East,Greater Melbourne
2122035,Mill Park - North,Whittlesea - Wallan,Melbourne - North East,Greater Melbourne
2122036,Mill Park - North,Whittlesea - Wallan,Melbourne - North East,Greater Melbourne
2122037,Mill Park - North,Whittlesea - Wallan,Melbourne - North East,Greater Melbourne
2122038,Mill Park - North,Whittlesea - Wallan,Melbourne - North East,Greater Melbourne
2122039,Mill Park - North,Whittlesea - Wallan,Melbourne - North East,Greater Melbourne
2122040,Mill Park - North,Whittlesea - Wallan,Melbourne - North East,Greater Melbourne
2122041,Mill Park - North,Whittlesea - Wallan,Melbourne - North East,Greater Melbourne
2122042,Mill Park - North,Whittlesea - Wallan,Melbourne - North East,Greater Melbourne
2122043,Mill Park - North,Whittlesea - Wallan,Melbourne - North East,Greater Melbourne
2122044,Mill Park - North,Whittlesea - Wallan,Melbourne - North East,Greater Melbourne
2122045,Mill Park - North,Whittlesea - Wallan,Melbourne - North East,Greater Melbourne
2122046,Mill Park - North,Whittlesea - Wallan,Melbourne - North East,Greater Melbourne
2122101,Mill Park - South,Whittlesea - Wallan,Melbourne - North East,Greater Melbourne
2122102,Mill Park - South,Whittlesea - Wallan,Melbourne - North East,Greater Melbourne
2122103,Mill Park - South,Whittlesea - Wallan,Melbourne - North East,Greater Melbourne
2122104,Mill Park - South,Whittlesea - Wallan,Melbourne - North East,Greater Melbourne
2122105,Mill Park - South,Whittlesea - Wallan,Melbourne - North East,Greater Melbourne
2122106,Mill Park - South,Whittlesea - Wallan,Melbourne - North East,Greater Melbourne
2122107,Mill Park - South,Whittlesea - Wallan,Melbourne - North East,Greater Melbourne
2122108,Mill Park - South,Whittlesea - Wallan,Melbourne - North East,Greater Melbourne
2122109,Mill Park - South,Whittlesea - Wallan,Melbourne - North East,Greater Melbourne
2122110,Mill Park - South,Whittlesea - Wallan,Melbourne - North East,Greater Melbourne
2122111,Mill Park - South,Whittlesea - Wallan,Melbourne - North East,Greater Melbourne
2122112,Mill Park - South,Whittlesea - Wallan,Melbourne - North East,Greater Melbourne
2122113,Mill Park - South,Whittlesea - Wallan,Melbourne - North East,Greater Melbourne
2122114,Mill Park - South,Whittlesea - Wallan,Melbourne - North East,Greater Melbourne
2122115,Mill Park - South,Whittlesea - Wallan,Melbourne - North East,Greater Melbourne
2122116,Mill Park - South,Whittlesea - Wallan,Melbourne - North East,Greater Melbourne
2122117,Mill Park - South,Whittlesea - Wallan,Melbourne - North East,Greater Melbourne
2122118,Mill Park - South,Whittlesea - Wallan,Melbourne - North East,Greater Melbourne
2122119,Mill Park - South,Whittlesea - Wallan,Melbourne - North East,Greater Melbourne
2122120,Mill Park - South,Whittlesea - Wallan,Melbourne - North East,Greater Melbourne
2122121,Mill Park - South,Whittlesea - Wallan,Melbourne - North East,Greater Melbourne
2122122,Mill Park - South,Whittlesea - Wallan,Melbourne - North East,Greater Melbourne
2122123,Mill Park - South,Whittlesea - Wallan,Melbourne - North East,Greater Melbourne
2122124,Mill Park - South,Whittlesea - Wallan,Melbourne - North East,Greater Melbourne
2122125,Mill Park - South,Whittlesea - Wallan,Melbourne - North East,Greater Melbourne
2122126,Mill Park - South,Whittlesea - Wallan,Melbourne - North East,Greater Melbourne
2122127,Mill Park - South,Whittlesea - Wallan,Melbourne - North East,Greater Melbourne
2122128,Mill Park - South,Whittlesea - Wallan,Melbourne - North East,Greater Melbourne
2122129,Mill Park - South,Whittlesea - Wallan,Melbourne - North East,Greater Melbourne
2122201,South Morang,Whittlesea - Wallan,Melbourne - North East,Greater Melbourne
2122202,South Morang,Whittlesea - Wallan,Melbourne - North East,Greater Melbourne
2122203,South Morang,Whittlesea - Wallan,Melbourne - North East,Greater Melbourne
2122204,South Morang,Whittlesea - Wallan,Melbourne - North East,Greater Melbourne
2122205,South Morang,Whittlesea - Wallan,Melbourne - North East,Greater Melbourne
2122206,South Morang,Whittlesea - Wallan,Melbourne - North East,Greater Melbourne
2122207,South Morang,Whittlesea - Wallan,Melbourne - North East,Greater Melbourne
2122208,South Morang,Whittlesea - Wallan,Melbourne - North East,Greater Melbourne
2122209,South Morang,Whittlesea - Wallan,Melbourne - North East,Greater Melbourne
2122210,South Morang,Whittlesea - Wallan,Melbourne - North East,Greater Melbourne
2122211,South Morang,Whittlesea - Wallan,Melbourne - North East,Greater Melbourne
2122212,South Morang,Whittlesea - Wallan,Melbourne - North East,Greater Melbourne
2122213,South Morang,Whittlesea - Wallan,Melbourne - North East,Greater Melbourne
2122214,South Morang,Whittlesea - Wallan,Melbourne - North East,Greater Melbourne
2122215,South Morang,Whittlesea - Wallan,Melbourne - North East,Greater Melbourne
2122216,South Morang,Whittlesea - Wallan,Melbourne - North East,Greater Melbourne
2122217,South Morang,Whittlesea - Wallan,Melbourne - North East,Greater Melbourne
2122218,South Morang,Whittlesea - Wallan,Melbourne - North East,Greater Melbourne
2122219,South Morang,Whittlesea - Wallan,Melbourne - North East,Greater Melbourne
2122220,South Morang,Whittlesea - Wallan,Melbourne - North East,Greater Melbourne
2122221,South Morang,Whittlesea - Wallan,Melbourne - North East,Greater Melbourne
2122222,South Morang,Whittlesea - Wallan,Melbourne - North East,Greater Melbourne
2122223,South Morang,Whittlesea - Wallan,Melbourne - North East,Greater Melbourne
2122224,South Morang,Whittlesea - Wallan,Melbourne - North East,Greater Melbourne
2122225,South Morang,Whittlesea - Wallan,Melbourne - North East,Greater Melbourne
2122226,South Morang,Whittlesea - Wallan,Melbourne - North East,Greater Melbourne
2122227,South Morang,Whittlesea - Wallan,Melbourne - North East,Greater Melbourne
2122228,South Morang,Whittlesea - Wallan,Melbourne - North East,Greater Melbourne
2122229,South Morang,Whittlesea - Wallan,Melbourne - North East,Greater Melbourne
2122230,South Morang,Whittlesea - Wallan,Melbourne - North East,Greater Melbourne
2122231,South Morang,Whittlesea - Wallan,Melbourne - North East,Greater Melbourne
2122232,South Morang,Whittlesea - Wallan,Melbourne - North East,Greater Melbourne
2122233,South Morang,Whittlesea - Wallan,Melbourne - North East,Greater Melbourne
2122234,South Morang,Whittlesea - Wallan,Melbourne - North East,Greater Melbourne
2122235,South Morang,Whittlesea - Wallan,Melbourne - North East,Greater Melbourne
2122236,South Morang,Whittlesea - Wallan,Melbourne - North East,Greater Melbourne
2122237,South Morang,Whittlesea - Wallan,Melbourne - North East,Greater Melbourne
2122238,South Morang,Whittlesea - Wallan,Melbourne - North East,Greater Melbourne
2122239,South Morang,Whittlesea - Wallan,Melbourne - North East,Greater Melbourne
2122240,South Morang,Whittlesea - Wallan,Melbourne - North East,Greater Melbourne
2122241,South Morang,Whittlesea - Wallan,Melbourne - North East,Greater Melbourne
2122242,South Morang,Whittlesea - Wallan,Melbourne - North East,Greater Melbourne
2122243,South Morang,Whittlesea - Wallan,Melbourne - North East,Greater Melbourne
2122244,South Morang,Whittlesea - Wallan,Melbourne - North East,Greater Melbourne
2122245,South Morang,Whittlesea - Wallan,Melbourne - North East,Greater Melbourne
2122246,South Morang,Whittlesea - Wallan,Melbourne - North East,Greater Melbourne
2122247,South Morang,Whittlesea - Wallan,Melbourne - North East,Greater Melbourne
2122248,South Morang,Whittlesea - Wallan,Melbourne - North East,Greater Melbourne
2122249,South Morang,Whittlesea - Wallan,Melbourne - North East,Greater Melbourne
2122250,South Morang,Whittlesea - Wallan,Melbourne - North East,Greater Melbourne
2122251,South Morang,Whittlesea - Wallan,Melbourne - North East,Greater Melbourne
2122252,South Morang,Whittlesea - Wallan,Melbourne - North East,Greater Melbourne
2122253,South Morang,Whittlesea - Wallan,Melbourne - North East,Greater Melbourne
2122254,South Morang,Whittlesea - Wallan,Melbourne - North East,Greater Melbourne
2122255,South Morang,Whittlesea - Wallan,Melbourne - North East,Greater Melbourne
2122301,Thomastown,Whittlesea - Wallan,Melbourne - North East,Greater Melbourne
2122302,Thomastown,Whittlesea - Wallan,Melbourne - North East,Greater Melbourne
2122303,Thomastown,Whittlesea - Wallan,Melbourne - North East,Greater Melbourne
2122304,Thomastown,Whittlesea - Wallan,Melbourne - North East,Greater Melbourne
2122305,Thomastown,Whittlesea - Wallan,Melbourne - North East,Greater Melbourne
2122306,Thomastown,Whittlesea - Wallan,Melbourne - North East,Greater Melbourne
2122307,Thomastown,Whittlesea - Wallan,Melbourne - North East,Greater Melbourne
2122308,Thomastown,Whittlesea - Wallan,Melbourne - North East,Greater Melbourne
2122309,Thomastown,Whittlesea - Wallan,Melbourne - North East,Greater Melbourne
2122310,Thomastown,Whittlesea - Wallan,Melbourne - North East,Greater Melbourne
2122311,Thomastown,Whittlesea - Wallan,Melbourne - North East,Greater Melbourne
2122312,Thomastown,Whittlesea - Wallan,Melbourne - North East,Greater Melbourne
2122313,Thomastown,Whittlesea - Wallan,Melbourne - North East,Greater Melbourne
2122314,Thomastown,Whittlesea - Wallan,Melbourne - North East,Greater Melbourne
2122315,Thomastown,Whittlesea - Wallan,Melbourne - North East,Greater Melbourne
2122316,Thomastown,Whittlesea - Wallan,Melbourne - North East,Greater Melbourne
2122317,Thomastown,Whittlesea - Wallan,Melbourne - North East,Greater Melbourne
2122318,Thomastown,Whittlesea - Wallan,Melbourne - North East,Greater Melbourne
2122319,Thomastown,Whittlesea - Wallan,Melbourne - North East,Greater Melbourne
2122320,Thomastown,Whittlesea - Wallan,Melbourne - North East,Greater Melbourne
2122321,Thomastown,Whittlesea - Wallan,Melbourne - North East,Greater Melbourne
2122322,Thomastown,Whittlesea - Wallan,Melbourne - North East,Greater Melbourne
2122323,Thomastown,Whittlesea - Wallan,Melbourne - North East,Greater Melbourne
2122324,Thomastown,Whittlesea - Wallan,Melbourne - North East,Greater Melbourne
2122325,Thomastown,Whittlesea - Wallan,Melbourne - North East,Greater Melbourne
2122326,Thomastown,Whittlesea - Wallan,Melbourne - North East,Greater Melbourne
2122327,Thomastown,Whittlesea - Wallan,Melbourne - North East,Greater Melbourne
2122328,Thomastown,Whittlesea - Wallan,Melbourne - North East,Greater Melbourne
2122329,Thomastown,Whittlesea - Wallan,Melbourne - North East,Greater Melbourne
2122330,Thomastown,Whittlesea - Wallan,Melbourne - North East,Greater Melbourne
2122331,Thomastown,Whittlesea - Wallan,Melbourne - North East,Greater Melbourne
2122332,Thomastown,Whittlesea - Wallan,Melbourne - North East,Greater Melbourne
2122333,Thomastown,Whittlesea - Wallan,Melbourne - North East,Greater Melbourne
2122334,Thomastown,Whittlesea - Wallan,Melbourne - North East,Greater Melbourne
2122335,Thomastown,Whittlesea - Wallan,Melbourne - North East,Greater Melbourne
2122336,Thomastown,Whittlesea - Wallan,Melbourne - North East,Greater Melbourne
2122337,Thomastown,Whittlesea - Wallan,Melbourne - North East,Greater Melbourne
2122338,Thomastown,Whittlesea - Wallan,Melbourne - North East,Greater Melbourne
2122339,Thomastown,Whittlesea - Wallan,Melbourne - North East,Greater Melbourne
2122340,Thomastown,Whittlesea - Wallan,Melbourne - North East,Greater Melbourne
2122341,Thomastown,Whittlesea - Wallan,Melbourne - North East,Greater Melbourne
2122342,Thomastown,Whittlesea - Wallan,Melbourne - North East,Greater Melbourne
2122343,Thomastown,Whittlesea - Wallan,Melbourne - North East,Greater Melbourne
2122344,Thomastown,Whittlesea - Wallan,Melbourne - North East,Greater Melbourne
2122345,Thomastown,Whittlesea - Wallan,Melbourne - North East,Greater Melbourne
2122346,Thomastown,Whittlesea - Wallan,Melbourne - North East,Greater Melbourne
2122347,Thomastown,Whittlesea - Wallan,Melbourne - North East,Greater Melbourne
2122348,Thomastown,Whittlesea - Wallan,Melbourne - North East,Greater Melbourne
2122349,Thomastown,Whittlesea - Wallan,Melbourne - North East,Greater Melbourne
2122350,Thomastown,Whittlesea - Wallan,Melbourne - North East,Greater Melbourne
2122351,Thomastown,Whittlesea - Wallan,Melbourne - North East,Greater Melbourne
2122352,Thomastown,Whittlesea - Wallan,Melbourne - North East,Greater Melbourne
2122353,Thomastown,Whittlesea - Wallan,Melbourne - North East,Greater Melbourne
2122354,Thomastown,Whittlesea - Wallan,Melbourne - North East,Greater Melbourne
2122401,Wallan,Whittlesea - Wallan,Melbourne - North East,Greater Melbourne
2122402,Wallan,Whittlesea - Wallan,Melbourne - North East,Greater Melbourne
2122403,Wallan,Whittlesea - Wallan,Melbourne - North East,Greater Melbourne
2122404,Wallan,Whittlesea - Wallan,Melbourne - North East,Greater Melbourne
2122405,Wallan,Whittlesea - Wallan,Melbourne - North East,Greater Melbourne
2122406,Wallan,Whittlesea - Wallan,Melbourne - North East,Greater Melbourne
2122407,Wallan,Whittlesea - Wallan,Melbourne - North East,Greater Melbourne
2122408,Wallan,Whittlesea - Wallan,Melbourne - North East,Greater Melbourne
2122409,Wallan,Whittlesea - Wallan,Melbourne - North East,Greater Melbourne
2122410,Wallan,Whittlesea - Wallan,Melbourne - North East,Greater Melbourne
2122411,Wallan,Whittlesea - Wallan,Melbourne - North East,Greater Melbourne
2122412,Wallan,Whittlesea - Wallan,Melbourne - North East,Greater Melbourne
2122413,Wallan,Whittlesea - Wallan,Melbourne - North East,Greater Melbourne
2122414,Wallan,Whittlesea - Wallan,Melbourne - North East,Greater Melbourne
2122415,Wallan,Whittlesea - Wallan,Melbourne - North East,Greater Melbourne
2122416,Wallan,Whittlesea - Wallan,Melbourne - North East,Greater Melbourne
2122417,Wallan,Whittlesea - Wallan,Melbourne - North East,Greater Melbourne
2122418,Wallan,Whittlesea - Wallan,Melbourne - North East,Greater Melbourne
2122419,Wallan,Whittlesea - Wallan,Melbourne - North East,Greater Melbourne
2122420,Wallan,Whittlesea - Wallan,Melbourne - North East,Greater Melbourne
2122421,Wallan,Whittlesea - Wallan,Melbourne - North East,Greater Melbourne
2122422,Wallan,Whittlesea - Wallan,Melbourne - North East,Greater Melbourne
2122423,Wallan,Whittlesea - Wallan,Melbourne - North East,Greater Melbourne
2122424,Wallan,Whittlesea - Wallan,Melbourne - North East,Greater Melbourne
2122425,Wallan,Whittlesea - Wallan,Melbourne - North East,Greater Melbourne
2122426,Wallan,Whittlesea - Wallan,Melbourne - North East,Greater Melbourne
2122427,Wallan,Whittlesea - Wallan,Melbourne - North East,Greater Melbourne
2122501,Whittlesea,Whittlesea - Wallan,Melbourne - North East,Greater Melbourne
2122502,Whittlesea,Whittlesea - Wallan,Melbourne - North East,Greater Melbourne
2122503,Whittlesea,Whittlesea - Wallan,Melbourne - North East,Greater Melbourne
2122504,Whittlesea,Whittlesea - Wallan,Melbourne - North East,Greater Melbourne
2122505,Whittlesea,Whittlesea - Wallan,Melbourne - North East,Greater Melbourne
2122506,Whittlesea,Whittlesea - Wallan,Melbourne - North East,Greater Melbourne
2122507,Whittlesea,Whittlesea - Wallan,Melbourne - North East,Greater Melbourne
2122508,Whittlesea,Whittlesea - Wallan,Melbourne - North East,Greater Melbourne
2122509,Whittlesea,Whittlesea - Wallan,Melbourne - North East,Greater Melbourne
2122510,Whittlesea,Whittlesea - Wallan,Melbourne - North East,Greater Melbourne
2122511,Whittlesea,Whittlesea - Wallan,Melbourne - North East,Greater Melbourne
2122512,Whittlesea,Whittlesea - Wallan,Melbourne - North East,Greater Melbourne
2122513,Whittlesea,Whittlesea - Wallan,Melbourne - North East,Greater Melbourne
2122514,Whittlesea,Whittlesea - Wallan,Melbourne - North East,Greater Melbourne
2122515,Whittlesea,Whittlesea - Wallan,Melbourne - North East,Greater Melbourne
2122516,Whittlesea,Whittlesea - Wallan,Melbourne - North East,Greater Melbourne
2122517,Whittlesea,Whittlesea - Wallan,Melbourne - North East,Greater Melbourne
2122518,Whittlesea,Whittlesea - Wallan,Melbourne - North East,Greater Melbourne
2122519,Whittlesea,Whittlesea - Wallan,Melbourne - North East,Greater Melbourne
2122520,Whittlesea,Whittlesea - Wallan,Melbourne - North East,Greater Melbourne
2122521,Whittlesea,Whittlesea - Wallan,Melbourne - North East,Greater Melbourne
2122601,Airport West,Keilor,Melbourne - North West,Greater Melbourne
2122602,Airport West,Keilor,Melbourne - North West,Greater Melbourne
2122603,Airport West,Keilor,Melbourne - North West,Greater Melbourne
2122604,Airport West,Keilor,Melbourne - North West,Greater Melbourne
2122605,Airport West,Keilor,Melbourne - North West,Greater Melbourne
2122606,Airport West,Keilor,Melbourne - North West,Greater Melbourne
2122607,Airport West,Keilor,Melbourne - North West,Greater Melbourne
2122608,Airport West,Keilor,Melbourne - North West,Greater Melbourne
2122609,Airport West,Keilor,Melbourne - North West,Greater Melbourne
2122610,Airport West,Keilor,Melbourne - North West,Greater Melbourne
2122611,Airport West,Keilor,Melbourne - North West,Greater Melbourne
2122612,Airport West,Keilor,Melbourne - North West,Greater Melbourne
2122613,Airport West,Keilor,Melbourne - North West,Greater Melbourne
2122614,Airport West,Keilor,Melbourne - North West,Greater Melbourne
2122615,Airport West,Keilor,Melbourne - North West,Greater Melbourne
2122616,Airport West,Keilor,Melbourne - North West,Greater Melbourne
2122617,Airport West,Keilor,Melbourne - North West,Greater Melbourne
2122701,Essendon Airport,Keilor,Melbourne - North West,Greater Melbourne
2122801,Keilor,Keilor,Melbourne - North West,Greater Melbourne
2122802,Keilor,Keilor,Melbourne - North West,Greater Melbourne
2122803,Keilor,Keilor,Melbourne - North West,Greater Melbourne
2122804,Keilor,Keilor,Melbourne - North West,Greater Melbourne
2122805,Keilor,Keilor,Melbourne - North West,Greater Melbourne
2122806,Keilor,Keilor,Melbourne - North West,Greater Melbourne
2122807,Keilor,Keilor,Melbourne - North West,Greater Melbourne
2122808,Keilor,Keilor,Melbourne - North West,Greater Melbourne
2122809,Keilor,Keilor,Melbourne - North West,Greater Melbourne
2122810,Keilor,Keilor,Melbourne - North West,Greater Melbourne
2122811,Keilor,Keilor,Melbourne - North West,Greater Melbourne
2122812,Keilor,Keilor,Melbourne - North West,Greater Melbourne
2122813,Keilor,Keilor,Melbourne - North West,Greater Melbourne
2122814,Keilor,Keilor,Melbourne - North West,Greater Melbourne
2122815,Keilor,Keilor,Melbourne - North West,Greater Melbourne
2122816,Keilor,Keilor,Melbourne - North West,Greater Melbourne
2122817,Keilor,Keilor,Melbourne - North West,Greater Melbourne
2122818,Keilor,Keilor,Melbourne - North West,Greater Melbourne
2122819,Keilor,Keilor,Melbourne - North West,Greater Melbourne
2122820,Keilor,Keilor,Melbourne - North West,Greater Melbourne
2122821,Keilor,Keilor,Melbourne - North West,Greater Melbourne
2122822,Keilor,Keilor,Melbourne - North West,Greater Melbourne
2122823,Keilor,Keilor,Melbourne - North West,Greater Melbourne
2122824,Keilor,Keilor,Melbourne - North West,Greater Melbourne
2122825,Keilor,Keilor,Melbourne - North West,Greater Melbourne
2122826,Keilor,Keilor,Melbourne - North West,Greater Melbourne
2122901,Keilor East,Keilor,Melbourne - North West,Greater Melbourne
2122902,Keilor East,Keilor,Melbourne - North West,Greater Melbourne
2122903,Keilor East,Keilor,Melbourne - North West,Greater Melbourne
2122904,Keilor East,Keilor,Melbourne - North West,Greater Melbourne
2122905,Keilor East,Keilor,Melbourne - North West,Greater Melbourne
2122906,Keilor East,Keilor,Melbourne - North West,Greater Melbourne
2122907,Keilor East,Keilor,Melbourne - North West,Greater Melbourne
2122908,Keilor East,Keilor,Melbourne - North West,Greater Melbourne
2122909,Keilor East,Keilor,Melbourne - North West,Greater Melbourne
2122910,Keilor East,Keilor,Melbourne - North West,Greater Melbourne
2122911,Keilor East,Keilor,Melbourne - North West,Greater Melbourne
2122912,Keilor East,Keilor,Melbourne - North West,Greater Melbourne
2122913,Keilor East,Keilor,Melbourne - North West,Greater Melbourne
2122914,Keilor East,Keilor,Melbourne - North West,Greater Melbourne
2122915,Keilor East,Keilor,Melbourne - North West,Greater Melbourne
2122916,Keilor East,Keilor,Melbourne - North West,Greater Melbourne
2122917,Keilor East,Keilor,Melbourne - North West,Greater Melbourne
2122918,Keilor East,Keilor,Melbourne - North West,Greater Melbourne
2122919,Keilor East,Keilor,Melbourne - North West,Greater Melbourne
2122920,Keilor East,Keilor,Melbourne - North West,Greater Melbourne
2122921,Keilor East,Keilor,Melbourne - North West,Greater Melbourne
2122922,Keilor East,Keilor,Melbourne - North West,Greater Melbourne
2122923,Keilor East,Keilor,Melbourne - North West,Greater Melbourne
2122924,Keilor East,Keilor,Melbourne - North West,Greater Melbourne
2122925,Keilor East,Keilor,Melbourne - North West,Greater Melbourne
2122926,Keilor East,Keilor,Melbourne - North West,Greater Melbourne
2122927,Keilor East,Keilor,Melbourne - North West,Greater Melbourne
2122928,Keilor East,Keilor,Melbourne - North West,Greater Melbourne
2122929,Keilor East,Keilor,Melbourne - North West,Greater Melbourne
2122930,Keilor East,Keilor,Melbourne - North West,Greater Melbourne
2122931,Keilor East,Keilor,Melbourne - North West,Greater Melbourne
2122932,Keilor East,Keilor,Melbourne - North West,Greater Melbourne
2122933,Keilor East,Keilor,Melbourne - North West,Greater Melbourne
2122934,Keilor East,Keilor,Melbourne - North West,Greater Melbourne
2122935,Keilor East,Keilor,Melbourne - North West,Greater Melbourne
2122936,Keilor East,Keilor,Melbourne - North West,Greater Melbourne
2122937,Keilor East,Keilor,Melbourne - North West,Greater Melbourne
2122938,Keilor East,Keilor,Melbourne - North West,Greater Melbourne
2122939,Keilor East,Keilor,Melbourne - North West,Greater Melbourne
2122940,Keilor East,Keilor,Melbourne - North West,Greater Melbourne
2122941,Keilor East,Keilor,Melbourne - North West,Greater Melbourne
2122942,Keilor East,Keilor,Melbourne - North West,Greater Melbourne
2122943,Keilor East,Keilor,Melbourne - North West,Greater Melbourne
2122944,Keilor East,Keilor,Melbourne - North West,Greater Melbourne
2122945,Keilor East,Keilor,Melbourne - North West,Greater Melbourne
2122946,Keilor East,Keilor,Melbourne - North West,Greater Melbourne
2122947,Keilor East,Keilor,Melbourne - North West,Greater Melbourne
2122948,Keilor East,Keilor,Melbourne - North West,Greater Melbourne
2122949,Keilor East,Keilor,Melbourne - North West,Greater Melbourne
2122950,Keilor East,Keilor,Melbourne - North West,Greater Melbourne
2122951,Keilor East,Keilor,Melbourne - North West,Greater Melbourne
2122952,Keilor East,Keilor,Melbourne - North West,Greater Melbourne
2122953,Keilor East,Keilor,Melbourne - North West,Greater Melbourne
2122954,Keilor East,Keilor,Melbourne - North West,Greater Melbourne
2122955,Keilor East,Keilor,Melbourne - North West,Greater Melbourne
2122956,Keilor East,Keilor,Melbourne - North West,Greater Melbourne
2122957,Keilor East,Keilor,Melbourne - North West,Greater Melbourne
2122958,Keilor East,Keilor,Melbourne - North West,Greater Melbourne
2122959,Keilor East,Keilor,Melbourne - North West,Greater Melbourne
2122960,Keilor East,Keilor,Melbourne - North West,Greater Melbourne
2122961,Keilor East,Keilor,Melbourne - North West,Greater Melbourne
2122962,Keilor East,Keilor,Melbourne - North West,Greater Melbourne
2123001,Niddrie - Essendon West,Keilor,Melbourne - North West,Greater Melbourne
2123002,Niddrie - Essendon West,Keilor,Melbourne - North West,Greater Melbourne
2123003,Niddrie - Essendon West,Keilor,Melbourne - North West,Greater Melbourne
2123004,Niddrie - Essendon West,Keilor,Melbourne - North West,Greater Melbourne
2123005,Niddrie - Essendon West,Keilor,Melbourne - North West,Greater Melbourne
2123006,Niddrie - Essendon West,Keilor,Melbourne - North West,Greater Melbourne
2123007,Niddrie - Essendon West,Keilor,Melbourne - North West,Greater Melbourne
2123008,Niddrie - Essendon West,Keilor,Melbourne - North West,Greater Melbourne
2123009,Niddrie - Essendon West,Keilor,Melbourne - North West,Greater Melbourne
2123010,Niddrie - Essendon West,Keilor,Melbourne - North West,Greater Melbourne
2123011,Niddrie - Essendon West,Keilor,Melbourne - North West,Greater Melbourne
2123012,Niddrie - Essendon West,Keilor,Melbourne - North West,Greater Melbourne
2123013,Niddrie - Essendon West,Keilor,Melbourne - North West,Greater Melbourne
2123014,Niddrie - Essendon West,Keilor,Melbourne - North West,Greater Melbourne
2123015,Niddrie - Essendon West,Keilor,Melbourne - North West,Greater Melbourne
2123016,Niddrie - Essendon West,Keilor,Melbourne - North West,Greater Melbourne
2123017,Niddrie - Essendon West,Keilor,Melbourne - North West,Greater Melbourne
2123101,Strathmore,Keilor,Melbourne - North West,Greater Melbourne
2123102,Strathmore,Keilor,Melbourne - North West,Greater Melbourne
2123103,Strathmore,Keilor,Melbourne - North West,Greater Melbourne
2123104,Strathmore,Keilor,Melbourne - North West,Greater Melbourne
2123105,Strathmore,Keilor,Melbourne - North West,Greater Melbourne
2123106,Strathmore,Keilor,Melbourne - North West,Greater Melbourne
2123107,Strathmore,Keilor,Melbourne - North West,Greater Melbourne
2123108,Strathmore,Keilor,Melbourne - North West,Greater Melbourne
2123109,Strathmore,Keilor,Melbourne - North West,Greater Melbourne
2123110,Strathmore,Keilor,Melbourne - North West,Greater Melbourne
2123111,Strathmore,Keilor,Melbourne - North West,Greater Melbourne
2123112,Strathmore,Keilor,Melbourne - North West,Greater Melbourne
2123113,Strathmore,Keilor,Melbourne - North West,Greater Melbourne
2123114,Strathmore,Keilor,Melbourne - North West,Greater Melbourne
2123115,Strathmore,Keilor,Melbourne - North West,Greater Melbourne
2123116,Strathmore,Keilor,Melbourne - North West,Greater Melbourne
2123117,Strathmore,Keilor,Melbourne - North West,Greater Melbourne
2123118,Strathmore,Keilor,Melbourne - North West,Greater Melbourne
2123119,Strathmore,Keilor,Melbourne - North West,Greater Melbourne
2123120,Strathmore,Keilor,Melbourne - North West,Greater Melbourne
2123121,Strathmore,Keilor,Melbourne - North West,Greater Melbourne
2123122,Strathmore,Keilor,Melbourne - North West,Greater Melbourne
2123201,Gisborne,Macedon Ranges,Melbourne - North West,Greater Melbourne
2123202,Gisborne,Macedon Ranges,Melbourne - North West,Greater Melbourne
2123203,Gisborne,Macedon Ranges,Melbourne - North West,Greater Melbourne
2123204,Gisborne,Macedon Ranges,Melbourne - North West,Greater Melbourne
2123205,Gisborne,Macedon Ranges,Melbourne - North West,Greater Melbourne
2123206,Gisborne,Macedon Ranges,Melbourne - North West,Greater Melbourne
2123207,Gisborne,Macedon Ranges,Melbourne - North West,Greater Melbourne
2123208,Gisborne,Macedon Ranges,Melbourne - North West,Greater Melbourne
2123209,Gisborne,Macedon Ranges,Melbourne - North West,Greater Melbourne
2123210,Gisborne,Macedon Ranges,Melbourne - North West,Greater Melbourne
2123211,Gisborne,Macedon Ranges,Melbourne - North West,Greater Melbourne
2123212,Gisborne,Macedon Ranges,Melbourne - North West,Greater Melbourne
2123213,Gisborne,Macedon Ranges,Melbourne - North West,Greater Melbourne
2123214,Gisborne,Macedon Ranges,Melbourne - North West,Greater Melbourne
2123215,Gisborne,Macedon Ranges,Melbourne - North West,Greater Melbourne
2123216,Gisborne,Macedon Ranges,Melbourne - North West,Greater Melbourne
2123217,Gisborne,Macedon Ranges,Melbourne - North West,Greater Melbourne
2123218,Gisborne,Macedon Ranges,Melbourne - North West,Greater Melbourne
2123219,Gisborne,Macedon Ranges,Melbourne - North West,Greater Melbourne
2123220,Gisborne,Macedon Ranges,Melbourne - North West,Greater Melbourne
2123221,Gisborne,Macedon Ranges,Melbourne - North West,Greater Melbourne
2123222,Gisborne,Macedon Ranges,Melbourne - North West,Greater Melbourne
2123223,Gisborne,Macedon Ranges,Melbourne - North West,Greater Melbourne
2123224,Gisborne,Macedon Ranges,Melbourne - North West,Greater Melbourne
2123225,Gisborne,Macedon Ranges,Melbourne - North West,Greater Melbourne
2123226,Gisborne,Macedon Ranges,Melbourne - North West,Greater Melbourne
2123227,Gisborne,Macedon Ranges,Melbourne - North West,Greater Melbourne
2123228,Gisborne,Macedon Ranges,Melbourne - North West,Greater Melbourne
2123229,Gisborne,Macedon Ranges,Melbourne - North West,Greater Melbourne
2123230,Gisborne,Macedon Ranges,Melbourne - North West,Greater Melbourne
2123301,Macedon,Macedon Ranges,Melbourne - North West,Greater Melbourne
2123302,Macedon,Macedon Ranges,Melbourne - North West,Greater Melbourne
2123303,Macedon,Macedon Ranges,Melbourne - North West,Greater Melbourne
2123304,Macedon,Macedon Ranges,Melbourne - North West,Greater Melbourne
2123305,Macedon,Macedon Ranges,Melbourne - North West,Greater Melbourne
2123306,Macedon,Macedon Ranges,Melbourne - North West,Greater Melbourne
2123307,Macedon,Macedon Ranges,Melbourne - North West,Greater Melbourne
2123308,Macedon,Macedon Ranges,Melbourne - North West,Greater Melbourne
2123309,Macedon,Macedon Ranges,Melbourne - North West,Greater Melbourne
2123310,Macedon,Macedon Ranges,Melbourne - North West,Greater Melbourne
2123401,Riddells Creek,Macedon Ranges,Melbourne - North West,Greater Melbourne
2123402,Riddells Creek,Macedon Ranges,Melbourne - North West,Greater Melbourne
2123403,Riddells Creek,Macedon Ranges,Melbourne - North West,Greater Melbourne
2123404,Riddells Creek,Macedon Ranges,Melbourne - North West,Greater Melbourne
2123405,Riddells Creek,Macedon Ranges,Melbourne - North West,Greater Melbourne
2123406,Riddells Creek,Macedon Ranges,Melbourne - North West,Greater Melbourne
2123407,Riddells Creek,Macedon Ranges,Melbourne - North West,Greater Melbourne
2123408,Riddells Creek,Macedon Ranges,Melbourne - North West,Greater Melbourne
2123409,Riddells Creek,Macedon Ranges,Melbourne - North West,Greater Melbourne
2123501,Romsey,Macedon Ranges,Melbourne - North West,Greater Melbourne
2123502,Romsey,Macedon Ranges,Melbourne - North West,Greater Melbourne
2123503,Romsey,Macedon Ranges,Melbourne - North West,Greater Melbourne
2123504,Romsey,Macedon Ranges,Melbourne - North West,Greater Melbourne
2123505,Romsey,Macedon Ranges,Melbourne - North West,Greater Melbourne
2123506,Romsey,Macedon Ranges,Melbourne - North West,Greater Melbourne
2123507,Romsey,Macedon Ranges,Melbourne - North West,Greater Melbourne
2123508,Romsey,Macedon Ranges,Melbourne - North West,Greater Melbourne
2123509,Romsey,Macedon Ranges,Melbourne - North West,Greater Melbourne
2123510,Romsey,Macedon Ranges,Melbourne - North West,Greater Melbourne
2123511,Romsey,Macedon Ranges,Melbourne - North West,Greater Melbourne
2123512,Romsey,Macedon Ranges,Melbourne - North West,Greater Melbourne
2123513,Romsey,Macedon Ranges,Melbourne - North West,Greater Melbourne
2123514,Romsey,Macedon Ranges,Melbourne - North West,Greater Melbourne
2123515,Romsey,Macedon Ranges,Melbourne - North West,Greater Melbourne
2123516,Romsey,Macedon Ranges,Melbourne - North West,Greater Melbourne
2123517,Romsey,Macedon Ranges,Melbourne - North West,Greater Melbourne
2123518,Romsey,Macedon Ranges,Melbourne - North West,Greater Melbourne
2123519,Romsey,Macedon Ranges,Melbourne - North West,Greater Melbourne
2123520,Romsey,Macedon Ranges,Melbourne - North West,Greater Melbourne
2123521,Romsey,Macedon Ranges,Melbourne - North West,Greater Melbourne
2123601,Coburg North,Moreland - North,Melbourne - North West,Greater Melbourne
2123602,Coburg North,Moreland - North,Melbourne - North West,Greater Melbourne
2123603,Coburg North,Moreland - North,Melbourne - North West,Greater Melbourne
2123604,Coburg North,Moreland - North,Melbourne - North West,Greater Melbourne
2123605,Coburg North,Moreland - North,Melbourne - North West,Greater Melbourne
2123606,Coburg North,Moreland - North,Melbourne - North West,Greater Melbourne
2123607,Coburg North,Moreland - North,Melbourne - North West,Greater Melbourne
2123608,Coburg North,Moreland - North,Melbourne - North West,Greater Melbourne
2123609,Coburg North,Moreland - North,Melbourne - North West,Greater Melbourne
2123610,Coburg North,Moreland - North,Melbourne - North West,Greater Melbourne
2123611,Coburg North,Moreland - North,Melbourne - North West,Greater Melbourne
2123612,Coburg North,Moreland - North,Melbourne - North West,Greater Melbourne
2123613,Coburg North,Moreland - North,Melbourne - North West,Greater Melbourne
2123614,Coburg North,Moreland - North,Melbourne - North West,Greater Melbourne
2123615,Coburg North,Moreland - North,Melbourne - North West,Greater Melbourne
2123616,Coburg North,Moreland - North,Melbourne - North West,Greater Melbourne
2123617,Coburg North,Moreland - North,Melbourne - North West,Greater Melbourne
2123618,Coburg North,Moreland - North,Melbourne - North West,Greater Melbourne
2123701,Fawkner,Moreland - North,Melbourne - North West,Greater Melbourne
2123702,Fawkner,Moreland - North,Melbourne - North West,Greater Melbourne
2123703,Fawkner,Moreland - North,Melbourne - North West,Greater Melbourne
2123704,Fawkner,Moreland - North,Melbourne - North West,Greater Melbourne
2123705,Fawkner,Moreland - North,Melbourne - North West,Greater Melbourne
2123706,Fawkner,Moreland - North,Melbourne - North West,Greater Melbourne
2123707,Fawkner,Moreland - North,Melbourne - North West,Greater Melbourne
2123708,Fawkner,Moreland - North,Melbourne - North West,Greater Melbourne
2123709,Fawkner,Moreland - North,Melbourne - North West,Greater Melbourne
2123710,Fawkner,Moreland - North,Melbourne - North West,Greater Melbourne
2123711,Fawkner,Moreland - North,Melbourne - North West,Greater Melbourne
2123712,Fawkner,Moreland - North,Melbourne - North West,Greater Melbourne
2123713,Fawkner,Moreland - North,Melbourne - North West,Greater Melbourne
2123714,Fawkner,Moreland - North,Melbourne - North West,Greater Melbourne
2123715,Fawkner,Moreland - North,Melbourne - North West,Greater Melbourne
2123716,Fawkner,Moreland - North,Melbourne - North West,Greater Melbourne
2123717,Fawkner,Moreland - North,Melbourne - North West,Greater Melbourne
2123718,Fawkner,Moreland - North,Melbourne - North West,Greater Melbourne
2123719,Fawkner,Moreland - North,Melbourne - North West,Greater Melbourne
2123720,Fawkner,Moreland - North,Melbourne - North West,Greater Melbourne
2123721,Fawkner,Moreland - North,Melbourne - North West,Greater Melbourne
2123722,Fawkner,Moreland - North,Melbourne - North West,Greater Melbourne
2123723,Fawkner,Moreland - North,Melbourne - North West,Greater Melbourne
2123724,Fawkner,Moreland - North,Melbourne - North West,Greater Melbourne
2123725,Fawkner,Moreland - North,Melbourne - North West,Greater Melbourne
2123726,Fawkner,Moreland - North,Melbourne - North West,Greater Melbourne
2123727,Fawkner,Moreland - North,Melbourne - North West,Greater Melbourne
2123728,Fawkner,Moreland - North,Melbourne - North West,Greater Melbourne
2123729,Fawkner,Moreland - North,Melbourne - North West,Greater Melbourne
2123730,Fawkner,Moreland - North,Melbourne - North West,Greater Melbourne
2123731,Fawkner,Moreland - North,Melbourne - North West,Greater Melbourne
2123801,Glenroy - Hadfield,Moreland - North,Melbourne - North West,Greater Melbourne
2123802,Glenroy - Hadfield,Moreland - North,Melbourne - North West,Greater Melbourne
2123803,Glenroy - Hadfield,Moreland - North,Melbourne - North West,Greater Melbourne
2123804,Glenroy - Hadfield,Moreland - North,Melbourne - North West,Greater Melbourne
2123805,Glenroy - Hadfield,Moreland - North,Melbourne - North West,Greater Melbourne
2123806,Glenroy - Hadfield,Moreland - North,Melbourne - North West,Greater Melbourne
2123807,Glenroy - Hadfield,Moreland - North,Melbourne - North West,Greater Melbourne
2123808,Glenroy - Hadfield,Moreland - North,Melbourne - North West,Greater Melbourne
2123809,Glenroy - Hadfield,Moreland - North,Melbourne - North West,Greater Melbourne
2123810,Glenroy - Hadfield,Moreland - North,Melbourne - North West,Greater Melbourne
2123811,Glenroy - Hadfield,Moreland - North,Melbourne - North West,Greater Melbourne
2123812,Glenroy - Hadfield,Moreland - North,Melbourne - North West,Greater Melbourne
2123813,Glenroy - Hadfield,Moreland - North,Melbourne - North West,Greater Melbourne
2123814,Glenroy - Hadfield,Moreland - North,Melbourne - North West,Greater Melbourne
2123815,Glenroy - Hadfield,Moreland - North,Melbourne - North West,Greater Melbourne
2123816,Glenroy - Hadfield,Moreland - North,Melbourne - North West,Greater Melbourne
2123817,Glenroy - Hadfield,Moreland - North,Melbourne - North West,Greater Melbourne
2123818,Glenroy - Hadfield,Moreland - North,Melbourne - North West,Greater Melbourne
2123819,Glenroy - Hadfield,Moreland - North,Melbourne - North West,Greater Melbourne
2123820,Glenroy - Hadfield,Moreland - North,Melbourne - North West,Greater Melbourne
2123821,Glenroy - Hadfield,Moreland - North,Melbourne - North West,Greater Melbourne
2123822,Glenroy - Hadfield,Moreland - North,Melbourne - North West,Greater Melbourne
2123823,Glenroy - Hadfield,Moreland - North,Melbourne - North West,Greater Melbourne
2123824,Glenroy - Hadfield,Moreland - North,Melbourne - North West,Greater Melbourne
2123825,Glenroy - Hadfield,Moreland - North,Melbourne - North West,Greater Melbourne
2123826,Glenroy - Hadfield,Moreland - North,Melbourne - North West,Greater Melbourne
2123827,Glenroy - Hadfield,Moreland - North,Melbourne - North West,Greater Melbourne
2123828,Glenroy - Hadfield,Moreland - North,Melbourne - North West,Greater Melbourne
2123829,Glenroy - Hadfield,Moreland - North,Melbourne - North West,Greater Melbourne
2123830,Glenroy - Hadfield,Moreland - North,Melbourne - North West,Greater Melbourne
2123831,Glenroy - Hadfield,Moreland - North,Melbourne - North West,Greater Melbourne
2123832,Glenroy - Hadfield,Moreland - North,Melbourne - North West,Greater Melbourne
2123833,Glenroy - Hadfield,Moreland - North,Melbourne - North West,Greater Melbourne
2123834,Glenroy - Hadfield,Moreland - North,Melbourne - North West,Greater Melbourne
2123835,Glenroy - Hadfield,Moreland - North,Melbourne - North West,Greater Melbourne
2123836,Glenroy - Hadfield,Moreland - North,Melbourne - North West,Greater Melbourne
2123837,Glenroy - Hadfield,Moreland - North,Melbourne - North West,Greater Melbourne
2123838,Glenroy - Hadfield,Moreland - North,Melbourne - North West,Greater Melbourne
2123839,Glenroy - Hadfield,Moreland - North,Melbourne - North West,Greater Melbourne
2123840,Glenroy - Hadfield,Moreland - North,Melbourne - North West,Greater Melbourne
2123841,Glenroy - Hadfield,Moreland - North,Melbourne - North West,Greater Melbourne
2123842,Glenroy - Hadfield,Moreland - North,Melbourne - North West,Greater Melbourne
2123843,Glenroy - Hadfield,Moreland - North,Melbourne - North West,Greater Melbourne
2123844,Glenroy - Hadfield,Moreland - North,Melbourne - North West,Greater Melbourne
2123845,Glenroy - Hadfield,Moreland - North,Melbourne - North West,Greater Melbourne
2123846,Glenroy - Hadfield,Moreland - North,Melbourne - North West,Greater Melbourne
2123847,Glenroy - Hadfield,Moreland - North,Melbourne - North West,Greater Melbourne
2123848,Glenroy - Hadfield,Moreland - North,Melbourne - North West,Greater Melbourne
2123849,Glenroy - Hadfield,Moreland - North,Melbourne - North West,Greater Melbourne
2123850,Glenroy - Hadfield,Moreland - North,Melbourne - North West,Greater Melbourne
2123851,Glenroy - Hadfield,Moreland - North,Melbourne - North West,Greater Melbourne
2123852,Glenroy - Hadfield,Moreland - North,Melbourne - North West,Greater Melbourne
2123853,Glenroy - Hadfield,Moreland - North,Melbourne - North West,Greater Melbourne
2123854,Glenroy - Hadfield,Moreland - North,Melbourne - North West,Greater Melbourne
2123855,Glenroy - Hadfield,Moreland - North,Melbourne - North West,Greater Melbourne
2123856,Glenroy - Hadfield,Moreland - North,Melbourne - North West,Greater Melbourne
2123857,Glenroy - Hadfield,Moreland - North,Melbourne - North West,Greater Melbourne
2123858,Glenroy - Hadfield,Moreland - North,Melbourne - North West,Greater Melbourne
2123859,Glenroy - Hadfield,Moreland - North,Melbourne - North West,Greater Melbourne
2123860,Glenroy - Hadfield,Moreland - North,Melbourne - North West,Greater Melbourne
2123861,Glenroy - Hadfield,Moreland - North,Melbourne - North West,Greater Melbourne
2123862,Glenroy - Hadfield,Moreland - North,Melbourne - North West,Greater Melbourne
2123863,Glenroy - Hadfield,Moreland - North,Melbourne - North West,Greater Melbourne
2123864,Glenroy - Hadfield,Moreland - North,Melbourne - North West,Greater Melbourne
2123865,Glenroy - Hadfield,Moreland - North,Melbourne - North West,Greater Melbourne
2123866,Glenroy - Hadfield,Moreland - North,Melbourne - North West,Greater Melbourne
2123867,Glenroy - Hadfield,Moreland - North,Melbourne - North West,Greater Melbourne
2123868,Glenroy - Hadfield,Moreland - North,Melbourne - North West,Greater Melbourne
2123869,Glenroy - Hadfield,Moreland - North,Melbourne - North West,Greater Melbourne
2123870,Glenroy - Hadfield,Moreland - North,Melbourne - North West,Greater Melbourne
2123871,Glenroy - Hadfield,Moreland - North,Melbourne - North West,Greater Melbourne
2123872,Glenroy - Hadfield,Moreland - North,Melbourne - North West,Greater Melbourne
2123873,Glenroy - Hadfield,Moreland - North,Melbourne - North West,Greater Melbourne
2123874,Glenroy - Hadfield,Moreland - North,Melbourne - North West,Greater Melbourne
2123901,Pascoe Vale,Moreland - North,Melbourne - North West,Greater Melbourne
2123902,Pascoe Vale,Moreland - North,Melbourne - North West,Greater Melbourne
2123903,Pascoe Vale,Moreland - North,Melbourne - North West,Greater Melbourne
2123904,Pascoe Vale,Moreland - North,Melbourne - North West,Greater Melbourne
2123905,Pascoe Vale,Moreland - North,Melbourne - North West,Greater Melbourne
2123906,Pascoe Vale,Moreland - North,Melbourne - North West,Greater Melbourne
2123907,Pascoe Vale,Moreland - North,Melbourne - North West,Greater Melbourne
2123908,Pascoe Vale,Moreland - North,Melbourne - North West,Greater Melbourne
2123909,Pascoe Vale,Moreland - North,Melbourne - North West,Greater Melbourne
2123910,Pascoe Vale,Moreland - North,Melbourne - North West,Greater Melbourne
2123911,Pascoe Vale,Moreland - North,Melbourne - North West,Greater Melbourne
2123912,Pascoe Vale,Moreland - North,Melbourne - North West,Greater Melbourne
2123913,Pascoe Vale,Moreland - North,Melbourne - North West,Greater Melbourne
2123914,Pascoe Vale,Moreland - North,Melbourne - North West,Greater Melbourne
2123915,Pascoe Vale,Moreland - North,Melbourne - North West,Greater Melbourne
2123916,Pascoe Vale,Moreland - North,Melbourne - North West,Greater Melbourne
2123917,Pascoe Vale,Moreland - North,Melbourne - North West,Greater Melbourne
2123918,Pascoe Vale,Moreland - North,Melbourne - North West,Greater Melbourne
2123919,Pascoe Vale,Moreland - North,Melbourne - North West,Greater Melbourne
2123920,Pascoe Vale,Moreland - North,Melbourne - North West,Greater Melbourne
2123921,Pascoe Vale,Moreland - North,Melbourne - North West,Greater Melbourne
2123922,Pascoe Vale,Moreland - North,Melbourne - North West,Greater Melbourne
2123923,Pascoe Vale,Moreland - North,Melbourne - North West,Greater Melbourne
2123924,Pascoe Vale,Moreland - North,Melbourne - North West,Greater Melbourne
2123925,Pascoe Vale,Moreland - North,Melbourne - North West,Greater Melbourne
2123926,Pascoe Vale,Moreland - North,Melbourne - North West,Greater Melbourne
2123927,Pascoe Vale,Moreland - North,Melbourne - North West,Greater Melbourne
2123928,Pascoe Vale,Moreland - North,Melbourne - North West,Greater Melbourne
2123929,Pascoe Vale,Moreland - North,Melbourne - North West,Greater Melbourne
2123930,Pascoe Vale,Moreland - North,Melbourne - North West,Greater Melbourne
2123931,Pascoe Vale,Moreland - North,Melbourne - North West,Greater Melbourne
2123932,Pascoe Vale,Moreland - North,Melbourne - North West,Greater Melbourne
2123933,Pascoe Vale,Moreland - North,Melbourne - North West,Greater Melbourne
2123934,Pascoe Vale,Moreland - North,Melbourne - North West,Greater Melbourne
2123935,Pascoe Vale,Moreland - North,Melbourne - North West,Greater Melbourne
2123936,Pascoe Vale,Moreland - North,Melbourne - North West,Greater Melbourne
2123937,Pascoe Vale,Moreland - North,Melbourne - North West,Greater Melbourne
2123938,Pascoe Vale,Moreland - North,Melbourne - North West,Greater Melbourne
2123939,Pascoe Vale,Moreland - North,Melbourne - North West,Greater Melbourne
2123940,Pascoe Vale,Moreland - North,Melbourne - North West,Greater Melbourne
2123941,Pascoe Vale,Moreland - North,Melbourne - North West,Greater Melbourne
2123942,Pascoe Vale,Moreland - North,Melbourne - North West,Greater Melbourne
2123943,Pascoe Vale,Moreland - North,Melbourne - North West,Greater Melbourne
2123944,Pascoe Vale,Moreland - North,Melbourne - North West,Greater Melbourne
2123945,Pascoe Vale,Moreland - North,Melbourne - North West,Greater Melbourne
2123946,Pascoe Vale,Moreland - North,Melbourne - North West,Greater Melbourne
2123947,Pascoe Vale,Moreland - North,Melbourne - North West,Greater Melbourne
2124001,Sunbury,Sunbury,Melbourne - North West,Greater Melbourne
2124002,Sunbury,Sunbury,Melbourne - North West,Greater Melbourne
2124003,Sunbury,Sunbury,Melbourne - North West,Greater Melbourne
2124004,Sunbury,Sunbury,Melbourne - North West,Greater Melbourne
2124005,Sunbury,Sunbury,Melbourne - North West,Greater Melbourne
2124006,Sunbury,Sunbury,Melbourne - North West,Greater Melbourne
2124007,Sunbury,Sunbury,Melbourne - North West,Greater Melbourne
2124008,Sunbury,Sunbury,Melbourne - North West,Greater Melbourne
2124009,Sunbury,Sunbury,Melbourne - North West,Greater Melbourne
2124010,Sunbury,Sunbury,Melbourne - North West,Greater Melbourne
2124011,Sunbury,Sunbury,Melbourne - North West,Greater Melbourne
2124012,Sunbury,Sunbury,Melbourne - North West,Greater Melbourne
2124013,Sunbury,Sunbury,Melbourne - North West,Greater Melbourne
2124014,Sunbury,Sunbury,Melbourne - North West,Greater Melbourne
2124015,Sunbury,Sunbury,Melbourne - North West,Greater Melbourne
2124016,Sunbury,Sunbury,Melbourne - North West,Greater Melbourne
2124017,Sunbury,Sunbury,Melbourne - North West,Greater Melbourne
2124018,Sunbury,Sunbury,Melbourne - North West,Greater Melbourne
2124019,Sunbury,Sunbury,Melbourne - North West,Greater Melbourne
2124020,Sunbury,Sunbury,Melbourne - North West,Greater Melbourne
2124021,Sunbury,Sunbury,Melbourne - North West,Greater Melbourne
2124022,Sunbury,Sunbury,Melbourne - North West,Greater Melbourne
2124023,Sunbury,Sunbury,Melbourne - North West,Greater Melbourne
2124024,Sunbury,Sunbury,Melbourne - North West,Greater Melbourne
2124025,Sunbury,Sunbury,Melbourne - North West,Greater Melbourne
2124026,Sunbury,Sunbury,Melbourne - North West,Greater Melbourne
2124027,Sunbury,Sunbury,Melbourne - North West,Greater Melbourne
2124028,Sunbury,Sunbury,Melbourne - North West,Greater Melbourne
2124029,Sunbury,Sunbury,Melbourne - North West,Greater Melbourne
2124030,Sunbury,Sunbury,Melbourne - North West,Greater Melbourne
2124031,Sunbury,Sunbury,Melbourne - North West,Greater Melbourne
2124032,Sunbury,Sunbury,Melbourne - North West,Greater Melbourne
2124101,Sunbury - South,Sunbury,Melbourne - North West,Greater Melbourne
2124102,Sunbury - South,Sunbury,Melbourne - North West,Greater Melbourne
2124103,Sunbury - South,Sunbury,Melbourne - North West,Greater Melbourne
2124104,Sunbury - South,Sunbury,Melbourne - North West,Greater Melbourne
2124105,Sunbury - South,Sunbury,Melbourne - North West,Greater Melbourne
2124106,Sunbury - South,Sunbury,Melbourne - North West,Greater Melbourne
2124107,Sunbury - South,Sunbury,Melbourne - North West,Greater Melbourne
2124108,Sunbury - South,Sunbury,Melbourne - North West,Greater Melbourne
2124109,Sunbury - South,Sunbury,Melbourne - North West,Greater Melbourne
2124110,Sunbury - South,Sunbury,Melbourne - North West,Greater Melbourne
2124111,Sunbury - South,Sunbury,Melbourne - North West,Greater Melbourne
2124112,Sunbury - South,Sunbury,Melbourne - North West,Greater Melbourne
2124113,Sunbury - South,Sunbury,Melbourne - North West,Greater Melbourne
2124114,Sunbury - South,Sunbury,Melbourne - North West,Greater Melbourne
2124115,Sunbury - South,Sunbury,Melbourne - North West,Greater Melbourne
2124116,Sunbury - South,Sunbury,Melbourne - North West,Greater Melbourne
2124117,Sunbury - South,Sunbury,Melbourne - North West,Greater Melbourne
2124118,Sunbury - South,Sunbury,Melbourne - North West,Greater Melbourne
2124119,Sunbury - South,Sunbury,Melbourne - North West,Greater Melbourne
2124120,Sunbury - South,Sunbury,Melbourne - North West,Greater Melbourne
2124121,Sunbury - South,Sunbury,Melbourne - North West,Greater Melbourne
2124122,Sunbury - South,Sunbury,Melbourne - North West,Greater Melbourne
2124123,Sunbury - South,Sunbury,Melbourne - North West,Greater Melbourne
2124124,Sunbury - South,Sunbury,Melbourne - North West,Greater Melbourne
2124125,Sunbury - South,Sunbury,Melbourne - North West,Greater Melbourne
2124126,Sunbury - South,Sunbury,Melbourne - North West,Greater Melbourne
2124127,Sunbury - South,Sunbury,Melbourne - North West,Greater Melbourne
2124128,Sunbury - South,Sunbury,Melbourne - North West,Greater Melbourne
2124129,Sunbury - South,Sunbury,Melbourne - North West,Greater Melbourne
2124130,Sunbury - South,Sunbury,Melbourne - North West,Greater Melbourne
2124131,Sunbury - South,Sunbury,Melbourne - North West,Greater Melbourne
2124132,Sunbury - South,Sunbury,Melbourne - North West,Greater Melbourne
2124133,Sunbury - South,Sunbury,Melbourne - North West,Greater Melbourne
2124134,Sunbury - South,Sunbury,Melbourne - North West,Greater Melbourne
2124135,Sunbury - South,Sunbury,Melbourne - North West,Greater Melbourne
2124136,Sunbury - South,Sunbury,Melbourne - North West,Greater Melbourne
2124137,Sunbury - South,Sunbury,Melbourne - North West,Greater Melbourne
2124138,Sunbury - South,Sunbury,Melbourne - North West,Greater Melbourne
2124139,Sunbury - South,Sunbury,Melbourne - North West,Greater Melbourne
2124140,Sunbury - South,Sunbury,Melbourne - North West,Greater Melbourne
2124141,Sunbury - South,Sunbury,Melbourne - North West,Greater Melbourne
2124142,Sunbury - South,Sunbury,Melbourne - North West,Greater Melbourne
2124143,Sunbury - South,Sunbury,Melbourne - North West,Greater Melbourne
2124144,Sunbury - South,Sunbury,Melbourne - North West,Greater Melbourne
2124145,Sunbury - South,Sunbury,Melbourne - North West,Greater Melbourne
2124146,Sunbury - South,Sunbury,Melbourne - North West,Greater Melbourne
2124147,Sunbury - South,Sunbury,Melbourne - North West,Greater Melbourne
2124148,Sunbury - South,Sunbury,Melbourne - North West,Greater Melbourne
2124149,Sunbury - South,Sunbury,Melbourne - North West,Greater Melbourne
2124150,Sunbury - South,Sunbury,Melbourne - North West,Greater Melbourne
2124151,Sunbury - South,Sunbury,Melbourne - North West,Greater Melbourne
2124152,Sunbury - South,Sunbury,Melbourne - North West,Greater Melbourne
2124153,Sunbury - South,Sunbury,Melbourne - North West,Greater Melbourne
2124154,Sunbury - South,Sunbury,Melbourne - North West,Greater Melbourne
2124155,Sunbury - South,Sunbury,Melbourne - North West,Greater Melbourne
2124201,Broadmeadows,Tullamarine - Broadmeadows,Melbourne - North West,Greater Melbourne
2124202,Broadmeadows,Tullamarine - Broadmeadows,Melbourne - North West,Greater Melbourne
2124203,Broadmeadows,Tullamarine - Broadmeadows,Melbourne - North West,Greater Melbourne
2124204,Broadmeadows,Tullamarine - Broadmeadows,Melbourne - North West,Greater Melbourne
2124205,Broadmeadows,Tullamarine - Broadmeadows,Melbourne - North West,Greater Melbourne
2124206,Broadmeadows,Tullamarine - Broadmeadows,Melbourne - North West,Greater Melbourne
2124207,Broadmeadows,Tullamarine - Broadmeadows,Melbourne - North West,Greater Melbourne
2124208,Broadmeadows,Tullamarine - Broadmeadows,Melbourne - North West,Greater Melbourne
2124209,Broadmeadows,Tullamarine - Broadmeadows,Melbourne - North West,Greater Melbourne
2124210,Broadmeadows,Tullamarine - Broadmeadows,Melbourne - North West,Greater Melbourne
2124211,Broadmeadows,Tullamarine - Broadmeadows,Melbourne - North West,Greater Melbourne
2124212,Broadmeadows,Tullamarine - Broadmeadows,Melbourne - North West,Greater Melbourne
2124213,Broadmeadows,Tullamarine - Broadmeadows,Melbourne - North West,Greater Melbourne
2124214,Broadmeadows,Tullamarine - Broadmeadows,Melbourne - North West,Greater Melbourne
2124215,Broadmeadows,Tullamarine - Broadmeadows,Melbourne - North West,Greater Melbourne
2124216,Broadmeadows,Tullamarine - Broadmeadows,Melbourne - North West,Greater Melbourne
2124217,Broadmeadows,Tullamarine - Broadmeadows,Melbourne - North West,Greater Melbourne
2124218,Broadmeadows,Tullamarine - Broadmeadows,Melbourne - North West,Greater Melbourne
2124219,Broadmeadows,Tullamarine - Broadmeadows,Melbourne - North West,Greater Melbourne
2124220,Broadmeadows,Tullamarine - Broadmeadows,Melbourne - North West,Greater Melbourne
2124221,Broadmeadows,Tullamarine - Broadmeadows,Melbourne - North West,Greater Melbourne
2124222,Broadmeadows,Tullamarine - Broadmeadows,Melbourne - North West,Greater Melbourne
2124223,Broadmeadows,Tullamarine - Broadmeadows,Melbourne - North West,Greater Melbourne
2124224,Broadmeadows,Tullamarine - Broadmeadows,Melbourne - North West,Greater Melbourne
2124225,Broadmeadows,Tullamarine - Broadmeadows,Melbourne - North West,Greater Melbourne
2124226,Broadmeadows,Tullamarine - Broadmeadows,Melbourne - North West,Greater Melbourne
2124227,Broadmeadows,Tullamarine - Broadmeadows,Melbourne - North West,Greater Melbourne
2124301,Campbellfield - Coolaroo,Tullamarine - Broadmeadows,Melbourne - North West,Greater Melbourne
2124302,Campbellfield - Coolaroo,Tullamarine - Broadmeadows,Melbourne - North West,Greater Melbourne
2124303,Campbellfield - Coolaroo,Tullamarine - Broadmeadows,Melbourne - North West,Greater Melbourne
2124304,Campbellfield - Coolaroo,Tullamarine - Broadmeadows,Melbourne - North West,Greater Melbourne
2124305,Campbellfield - Coolaroo,Tullamarine - Broadmeadows,Melbourne - North West,Greater Melbourne
2124306,Campbellfield - Coolaroo,Tullamarine - Broadmeadows,Melbourne - North West,Greater Melbourne
2124307,Campbellfield - Coolaroo,Tullamarine - Broadmeadows,Melbourne - North West,Greater Melbourne
2124308,Campbellfield - Coolaroo,Tullamarine - Broadmeadows,Melbourne - North West,Greater Melbourne
2124309,Campbellfield - Coolaroo,Tullamarine - Broadmeadows,Melbourne - North West,Greater Melbourne
2124310,Campbellfield - Coolaroo,Tullamarine - Broadmeadows,Melbourne - North West,Greater Melbourne
2124311,Campbellfield - Coolaroo,Tullamarine - Broadmeadows,Melbourne - North West,Greater Melbourne
2124312,Campbellfield - Coolaroo,Tullamarine - Broadmeadows,Melbourne - North West,Greater Melbourne
2124313,Campbellfield - Coolaroo,Tullamarine - Broadmeadows,Melbourne - North West,Greater Melbourne
2124314,Campbellfield - Coolaroo,Tullamarine - Broadmeadows,Melbourne - North West,Greater Melbourne
2124315,Campbellfield - Coolaroo,Tullamarine - Broadmeadows,Melbourne - North West,Greater Melbourne
2124316,Campbellfield - Coolaroo,Tullamarine - Broadmeadows,Melbourne - North West,Greater Melbourne
2124317,Campbellfield - Coolaroo,Tullamarine - Broadmeadows,Melbourne - North West,Greater Melbourne
2124318,Campbellfield - Coolaroo,Tullamarine - Broadmeadows,Melbourne - North West,Greater Melbourne
2124319,Campbellfield - Coolaroo,Tullamarine - Broadmeadows,Melbourne - North West,Greater Melbourne
2124320,Campbellfield - Coolaroo,Tullamarine - Broadmeadows,Melbourne - North West,Greater Melbourne
2124321,Campbellfield - Coolaroo,Tullamarine - Broadmeadows,Melbourne - North West,Greater Melbourne
2124322,Campbellfield - Coolaroo,Tullamarine - Broadmeadows,Melbourne - North West,Greater Melbourne
2124323,Campbellfield - Coolaroo,Tullamarine - Broadmeadows,Melbourne - North West,Greater Melbourne
2124324,Campbellfield - Coolaroo,Tullamarine - Broadmeadows,Melbourne - North West,Greater Melbourne
2124325,Campbellfield - Coolaroo,Tullamarine - Broadmeadows,Melbourne - North West,Greater Melbourne
2124326,Campbellfield - Coolaroo,Tullamarine - Broadmeadows,Melbourne - North West,Greater Melbourne
2124327,Campbellfield - Coolaroo,Tullamarine - Broadmeadows,Melbourne - North West,Greater Melbourne
2124328,Campbellfield - Coolaroo,Tullamarine - Broadmeadows,Melbourne - North West,Greater Melbourne
2124329,Campbellfield - Coolaroo,Tullamarine - Broadmeadows,Melbourne - North West,Greater Melbourne
2124330,Campbellfield - Coolaroo,Tullamarine - Broadmeadows,Melbourne - North West,Greater Melbourne
2124331,Campbellfield - Coolaroo,Tullamarine - Broadmeadows,Melbourne - North West,Greater Melbourne
2124332,Campbellfield - Coolaroo,Tullamarine - Broadmeadows,Melbourne - North West,Greater Melbourne
2124333,Campbellfield - Coolaroo,Tullamarine - Broadmeadows,Melbourne - North West,Greater Melbourne
2124334,Campbellfield - Coolaroo,Tullamarine - Broadmeadows,Melbourne - North West,Greater Melbourne
2124335,Campbellfield - Coolaroo,Tullamarine - Broadmeadows,Melbourne - North West,Greater Melbourne
2124336,Campbellfield - Coolaroo,Tullamarine - Broadmeadows,Melbourne - North West,Greater Melbourne
2124337,Campbellfield - Coolaroo,Tullamarine - Broadmeadows,Melbourne - North West,Greater Melbourne
2124338,Campbellfield - Coolaroo,Tullamarine - Broadmeadows,Melbourne - North West,Greater Melbourne
2124339,Campbellfield - Coolaroo,Tullamarine - Broadmeadows,Melbourne - North West,Greater Melbourne
2124340,Campbellfield - Coolaroo,Tullamarine - Broadmeadows,Melbourne - North West,Greater Melbourne
2124341,Campbellfield - Coolaroo,Tullamarine - Broadmeadows,Melbourne - North West,Greater Melbourne
2124342,Campbellfield - Coolaroo,Tullamarine - Broadmeadows,Melbourne - North West,Greater Melbourne
2124343,Campbellfield - Coolaroo,Tullamarine - Broadmeadows,Melbourne - North West,Greater Melbourne
2124344,Campbellfield - Coolaroo,Tullamarine - Broadmeadows,Melbourne - North West,Greater Melbourne
2124401,Craigieburn - Mickleham,Tullamarine - Broadmeadows,Melbourne - North West,Greater Melbourne
2124402,Craigieburn - Mickleham,Tullamarine - Broadmeadows,Melbourne - North West,Greater Melbourne
2124403,Craigieburn - Mickleham,Tullamarine - Broadmeadows,Melbourne - North West,Greater Melbourne
2124404,Craigieburn - Mickleham,Tullamarine - Broadmeadows,Melbourne - North West,Greater Melbourne
2124405,Craigieburn - Mickleham,Tullamarine - Broadmeadows,Melbourne - North West,Greater Melbourne
2124406,Craigieburn - Mickleham,Tullamarine - Broadmeadows,Melbourne - North West,Greater Melbourne
2124407,Craigieburn - Mickleham,Tullamarine - Broadmeadows,Melbourne - North West,Greater Melbourne
2124408,Craigieburn - Mickleham,Tullamarine - Broadmeadows,Melbourne - North West,Greater Melbourne
2124409,Craigieburn - Mickleham,Tullamarine - Broadmeadows,Melbourne - North West,Greater Melbourne
2124410,Craigieburn - Mickleham,Tullamarine - Broadmeadows,Melbourne - North West,Greater Melbourne
2124411,Craigieburn - Mickleham,Tullamarine - Broadmeadows,Melbourne - North West,Greater Melbourne
2124412,Craigieburn - Mickleham,Tullamarine - Broadmeadows,Melbourne - North West,Greater Melbourne
2124413,Craigieburn - Mickleham,Tullamarine - Broadmeadows,Melbourne - North West,Greater Melbourne
2124414,Craigieburn - Mickleham,Tullamarine - Broadmeadows,Melbourne - North West,Greater Melbourne
2124415,Craigieburn - Mickleham,Tullamarine - Broadmeadows,Melbourne - North West,Greater Melbourne
2124416,Craigieburn - Mickleham,Tullamarine - Broadmeadows,Melbourne - North West,Greater Melbourne
2124417,Craigieburn - Mickleham,Tullamarine - Broadmeadows,Melbourne - North West,Greater Melbourne
2124418,Craigieburn - Mickleham,Tullamarine - Broadmeadows,Melbourne - North West,Greater Melbourne
2124419,Craigieburn - Mickleham,Tullamarine - Broadmeadows,Melbourne - North West,Greater Melbourne
2124420,Craigieburn - Mickleham,Tullamarine - Broadmeadows,Melbourne - North West,Greater Melbourne
2124421,Craigieburn - Mickleham,Tullamarine - Broadmeadows,Melbourne - North West,Greater Melbourne
2124422,Craigieburn - Mickleham,Tullamarine - Broadmeadows,Melbourne - North West,Greater Melbourne
2124423,Craigieburn - Mickleham,Tullamarine - Broadmeadows,Melbourne - North West,Greater Melbourne
2124424,Craigieburn - Mickleham,Tullamarine - Broadmeadows,Melbourne - North West,Greater Melbourne
2124425,Craigieburn - Mickleham,Tullamarine - Broadmeadows,Melbourne - North West,Greater Melbourne
2124426,Craigieburn - Mickleham,Tullamarine - Broadmeadows,Melbourne - North West,Greater Melbourne
2124427,Craigieburn - Mickleham,Tullamarine - Broadmeadows,Melbourne - North West,Greater Melbourne
2124428,Craigieburn - Mickleham,Tullamarine - Broadmeadows,Melbourne - North West,Greater Melbourne
2124429,Craigieburn - Mickleham,Tullamarine - Broadmeadows,Melbourne - North West,Greater Melbourne
2124430,Craigieburn - Mickleham,Tullamarine - Broadmeadows,Melbourne - North West,Greater Melbourne
2124431,Craigieburn - Mickleham,Tullamarine - Broadmeadows,Melbourne - North West,Greater Melbourne
2124432,Craigieburn - Mickleham,Tullamarine - Broadmeadows,Melbourne - North West,Greater Melbourne
2124433,Craigieburn - Mickleham,Tullamarine - Broadmeadows,Melbourne - North West,Greater Melbourne
2124434,Craigieburn - Mickleham,Tullamarine - Broadmeadows,Melbourne - North West,Greater Melbourne
2124435,Craigieburn - Mickleham,Tullamarine - Broadmeadows,Melbourne - North West,Greater Melbourne
2124436,Craigieburn - Mickleham,Tullamarine - Broadmeadows,Melbourne - North West,Greater Melbourne
2124437,Craigieburn - Mickleham,Tullamarine - Broadmeadows,Melbourne - North West,Greater Melbourne
2124438,Craigieburn - Mickleham,Tullamarine - Broadmeadows,Melbourne - North West,Greater Melbourne
2124439,Craigieburn - Mickleham,Tullamarine - Broadmeadows,Melbourne - North West,Greater Melbourne
2124440,Craigieburn - Mickleham,Tullamarine - Broadmeadows,Melbourne - North West,Greater Melbourne
2124441,Craigieburn - Mickleham,Tullamarine - Broadmeadows,Melbourne - North West,Greater Melbourne
2124442,Craigieburn - Mickleham,Tullamarine - Broadmeadows,Melbourne - North West,Greater Melbourne
2124443,Craigieburn - Mickleham,Tullamarine - Broadmeadows,Melbourne - North West,Greater Melbourne
2124444,Craigieburn - Mickleham,Tullamarine - Broadmeadows,Melbourne - North West,Greater Melbourne
2124445,Craigieburn - Mickleham,Tullamarine - Broadmeadows,Melbourne - North West,Greater Melbourne
2124446,Craigieburn - Mickleham,Tullamarine - Broadmeadows,Melbourne - North West,Greater Melbourne
2124447,Craigieburn - Mickleham,Tullamarine - Broadmeadows,Melbourne - North West,Greater Melbourne
2124448,Craigieburn - Mickleham,Tullamarine - Broadmeadows,Melbourne - North West,Greater Melbourne
2124449,Craigieburn - Mickleham,Tullamarine - Broadmeadows,Melbourne - North West,Greater Melbourne
2124450,Craigieburn - Mickleham,Tullamarine - Broadmeadows,Melbourne - North West,Greater Melbourne
2124451,Craigieburn - Mickleham,Tullamarine - Broadmeadows,Melbourne - North West,Greater Melbourne
2124452,Craigieburn - Mickleham,Tullamarine - Broadmeadows,Melbourne - North West,Greater Melbourne
2124453,Craigieburn - Mickleham,Tullamarine - Broadmeadows,Melbourne - North West,Greater Melbourne
2124454,Craigieburn - Mickleham,Tullamarine - Broadmeadows,Melbourne - North West,Greater Melbourne
2124455,Craigieburn - Mickleham,Tullamarine - Broadmeadows,Melbourne - North West,Greater Melbourne
2124456,Craigieburn - Mickleham,Tullamarine - Broadmeadows,Melbourne - North West,Greater Melbourne
2124457,Craigieburn - Mickleham,Tullamarine - Broadmeadows,Melbourne - North West,Greater Melbourne
2124458,Craigieburn - Mickleham,Tullamarine - Broadmeadows,Melbourne - North West,Greater Melbourne
2124459,Craigieburn - Mickleham,Tullamarine - Broadmeadows,Melbourne - North West,Greater Melbourne
2124460,Craigieburn - Mickleham,Tullamarine - Broadmeadows,Melbourne - North West,Greater Melbourne
2124461,Craigieburn - Mickleham,Tullamarine - Broadmeadows,Melbourne - North West,Greater Melbourne
2124462,Craigieburn - Mickleham,Tullamarine - Broadmeadows,Melbourne - North West,Greater Melbourne
2124501,Gladstone Park - Westmeadows,Tullamarine - Broadmeadows,Melbourne - North West,Greater Melbourne
2124502,Gladstone Park - Westmeadows,Tullamarine - Broadmeadows,Melbourne - North West,Greater Melbourne
2124503,Gladstone Park - Westmeadows,Tullamarine - Broadmeadows,Melbourne - North West,Greater Melbourne
2124504,Gladstone Park - Westmeadows,Tullamarine - Broadmeadows,Melbourne - North West,Greater Melbourne
2124505,Gladstone Park - Westmeadows,Tullamarine - Broadmeadows,Melbourne - North West,Greater Melbourne
2124506,Gladstone Park - Westmeadows,Tullamarine - Broadmeadows,Melbourne - North West,Greater Melbourne
2124507,Gladstone Park - Westmeadows,Tullamarine - Broadmeadows,Melbourne - North West,Greater Melbourne
2124508,Gladstone Park - Westmeadows,Tullamarine - Broadmeadows,Melbourne - North West,Greater Melbourne
2124509,Gladstone Park - Westmeadows,Tullamarine - Broadmeadows,Melbourne - North West,Greater Melbourne
2124510,Gladstone Park - Westmeadows,Tullamarine - Broadmeadows,Melbourne - North West,Greater Melbourne
2124511,Gladstone Park - Westmeadows,Tullamarine - Broadmeadows,Melbourne - North West,Greater Melbourne
2124512,Gladstone Park - Westmeadows,Tullamarine - Broadmeadows,Melbourne - North West,Greater Melbourne
2124513,Gladstone Park - Westmeadows,Tullamarine - Broadmeadows,Melbourne - North West,Greater Melbourne
2124514,Gladstone Park - Westmeadows,Tullamarine - Broadmeadows,Melbourne - North West,Greater Melbourne
2124515,Gladstone Park - Westmeadows,Tullamarine - Broadmeadows,Melbourne - North West,Greater Melbourne
2124516,Gladstone Park - Westmeadows,Tullamarine - Broadmeadows,Melbourne - North West,Greater Melbourne
2124517,Gladstone Park - Westmeadows,Tullamarine - Broadmeadows,Melbourne - North West,Greater Melbourne
2124518,Gladstone Park - Westmeadows,Tullamarine - Broadmeadows,Melbourne - North West,Greater Melbourne
2124519,Gladstone Park - Westmeadows,Tullamarine - Broadmeadows,Melbourne - North West,Greater Melbourne
2124520,Gladstone Park - Westmeadows,Tullamarine - Broadmeadows,Melbourne - North West,Greater Melbourne
2124521,Gladstone Park - Westmeadows,Tullamarine - Broadmeadows,Melbourne - North West,Greater Melbourne
2124522,Gladstone Park - Westmeadows,Tullamarine - Broadmeadows,Melbourne - North West,Greater Melbourne
2124523,Gladstone Park - Westmeadows,Tullamarine - Broadmeadows,Melbourne - North West,Greater Melbourne
2124524,Gladstone Park - Westmeadows,Tullamarine - Broadmeadows,Melbourne - North West,Greater Melbourne
2124525,Gladstone Park - Westmeadows,Tullamarine - Broadmeadows,Melbourne - North West,Greater Melbourne
2124526,Gladstone Park - Westmeadows,Tullamarine - Broadmeadows,Melbourne - North West,Greater Melbourne
2124527,Gladstone Park - Westmeadows,Tullamarine - Broadmeadows,Melbourne - North West,Greater Melbourne
2124528,Gladstone Park - Westmeadows,Tullamarine - Broadmeadows,Melbourne - North West,Greater Melbourne
2124529,Gladstone Park - Westmeadows,Tullamarine - Broadmeadows,Melbourne - North West,Greater Melbourne
2124530,Gladstone Park - Westmeadows,Tullamarine - Broadmeadows,Melbourne - North West,Greater Melbourne
2124531,Gladstone Park - Westmeadows,Tullamarine - Broadmeadows,Melbourne - North West,Greater Melbourne
2124532,Gladstone Park - Westmeadows,Tullamarine - Broadmeadows,Melbourne - North West,Greater Melbourne
2124533,Gladstone Park - Westmeadows,Tullamarine - Broadmeadows,Melbourne - North West,Greater Melbourne
2124534,Gladstone Park - Westmeadows,Tullamarine - Broadmeadows,Melbourne - North West,Greater Melbourne
2124535,Gladstone Park - Westmeadows,Tullamarine - Broadmeadows,Melbourne - North West,Greater Melbourne
2124536,Gladstone Park - Westmeadows,Tullamarine - Broadmeadows,Melbourne - North West,Greater Melbourne
2124537,Gladstone Park - Westmeadows,Tullamarine - Broadmeadows,Melbourne - North West,Greater Melbourne
2124538,Gladstone Park - Westmeadows,Tullamarine - Broadmeadows,Melbourne - North West,Greater Melbourne
2124539,Gladstone Park - Westmeadows,Tullamarine - Broadmeadows,Melbourne - North West,Greater Melbourne
2124540,Gladstone Park - Westmeadows,Tullamarine - Broadmeadows,Melbourne - North West,Greater Melbourne
2124541,Gladstone Park - Westmeadows,Tullamarine - Broadmeadows,Melbourne - North West,Greater Melbourne
2124542,Gladstone Park - Westmeadows,Tullamarine - Broadmeadows,Melbourne - North West,Greater Melbourne
2124543,Gladstone Park - Westmeadows,Tullamarine - Broadmeadows,Melbourne - North West,Greater Melbourne
2124544,Gladstone Park - Westmeadows,Tullamarine - Broadmeadows,Melbourne - North West,Greater Melbourne
2124545,Gladstone Park - Westmeadows,Tullamarine - Broadmeadows,Melbourne - North West,Greater Melbourne
2124546,Gladstone Park - Westmeadows,Tullamarine - Broadmeadows,Melbourne - North West,Greater Melbourne
2124547,Gladstone Park - Westmeadows,Tullamarine - Broadmeadows,Melbourne - North West,Greater Melbourne
2124548,Gladstone Park - Westmeadows,Tullamarine - Broadmeadows,Melbourne - North West,Greater Melbourne
2124601,Greenvale - Bulla,Tullamarine - Broadmeadows,Melbourne - North West,Greater Melbourne
2124602,Greenvale - Bulla,Tullamarine - Broadmeadows,Melbourne - North West,Greater Melbourne
2124603,Greenvale - Bulla,Tullamarine - Broadmeadows,Melbourne - North West,Greater Melbourne
2124604,Greenvale - Bulla,Tullamarine - Broadmeadows,Melbourne - North West,Greater Melbourne
2124605,Greenvale - Bulla,Tullamarine - Broadmeadows,Melbourne - North West,Greater Melbourne
2124606,Greenvale - Bulla,Tullamarine - Broadmeadows,Melbourne - North West,Greater Melbourne
2124607,Greenvale - Bulla,Tullamarine - Broadmeadows,Melbourne - North West,Greater Melbourne
2124608,Greenvale - Bulla,Tullamarine - Broadmeadows,Melbourne - North West,Greater Melbourne
2124609,Greenvale - Bulla,Tullamarine - Broadmeadows,Melbourne - North West,Greater Melbourne
2124610,Greenvale - Bulla,Tullamarine - Broadmeadows,Melbourne - North West,Greater Melbourne
2124611,Greenvale - Bulla,Tullamarine - Broadmeadows,Melbourne - North West,Greater Melbourne
2124612,Greenvale - Bulla,Tullamarine - Broadmeadows,Melbourne - North West,Greater Melbourne
2124613,Greenvale - Bulla,Tullamarine - Broadmeadows,Melbourne - North West,Greater Melbourne
2124614,Greenvale - Bulla,Tullamarine - Broadmeadows,Melbourne - North West,Greater Melbourne
2124615,Greenvale - Bulla,Tullamarine - Broadmeadows,Melbourne - North West,Greater Melbourne
2124616,Greenvale - Bulla,Tullamarine - Broadmeadows,Melbourne - North West,Greater Melbourne
2124617,Greenvale - Bulla,Tullamarine - Broadmeadows,Melbourne - North West,Greater Melbourne
2124618,Greenvale - Bulla,Tullamarine - Broadmeadows,Melbourne - North West,Greater Melbourne
2124619,Greenvale - Bulla,Tullamarine - Broadmeadows,Melbourne - North West,Greater Melbourne
2124620,Greenvale - Bulla,Tullamarine - Broadmeadows,Melbourne - North West,Greater Melbourne
2124621,Greenvale - Bulla,Tullamarine - Broadmeadows,Melbourne - North West,Greater Melbourne
2124622,Greenvale - Bulla,Tullamarine - Broadmeadows,Melbourne - North West,Greater Melbourne
2124623,Greenvale - Bulla,Tullamarine - Broadmeadows,Melbourne - North West,Greater Melbourne
2124624,Greenvale - Bulla,Tullamarine - Broadmeadows,Melbourne - North West,Greater Melbourne
2124625,Greenvale - Bulla,Tullamarine - Broadmeadows,Melbourne - North West,Greater Melbourne
2124626,Greenvale - Bulla,Tullamarine - Broadmeadows,Melbourne - North West,Greater Melbourne
2124627,Greenvale - Bulla,Tullamarine - Broadmeadows,Melbourne - North West,Greater Melbourne
2124628,Greenvale - Bulla,Tullamarine - Broadmeadows,Melbourne - North West,Greater Melbourne
2124629,Greenvale - Bulla,Tullamarine - Broadmeadows,Melbourne - North West,Greater Melbourne
2124701,Meadow Heights,Tullamarine - Broadmeadows,Melbourne - North West,Greater Melbourne
2124702,Meadow Heights,Tullamarine - Broadmeadows,Melbourne - North West,Greater Melbourne
2124703,Meadow Heights,Tullamarine - Broadmeadows,Melbourne - North West,Greater Melbourne
2124704,Meadow Heights,Tullamarine - Broadmeadows,Melbourne - North West,Greater Melbourne
2124705,Meadow Heights,Tullamarine - Broadmeadows,Melbourne - North West,Greater Melbourne
2124706,Meadow Heights,Tullamarine - Broadmeadows,Melbourne - North West,Greater Melbourne
2124707,Meadow Heights,Tullamarine - Broadmeadows,Melbourne - North West,Greater Melbourne
2124708,Meadow Heights,Tullamarine - Broadmeadows,Melbourne - North West,Greater Melbourne
2124709,Meadow Heights,Tullamarine - Broadmeadows,Melbourne - North West,Greater Melbourne
2124710,Meadow Heights,Tullamarine - Broadmeadows,Melbourne - North West,Greater Melbourne
2124711,Meadow Heights,Tullamarine - Broadmeadows,Melbourne - North West,Greater Melbourne
2124712,Meadow Heights,Tullamarine - Broadmeadows,Melbourne - North West,Greater Melbourne
2124713,Meadow Heights,Tullamarine - Broadmeadows,Melbourne - North West,Greater Melbourne
2124714,Meadow Heights,Tullamarine - Broadmeadows,Melbourne - North West,Greater Melbourne
2124715,Meadow Heights,Tullamarine - Broadmeadows,Melbourne - North West,Greater Melbourne
2124716,Meadow Heights,Tullamarine - Broadmeadows,Melbourne - North West,Greater Melbourne
2124717,Meadow Heights,Tullamarine - Broadmeadows,Melbourne - North West,Greater Melbourne
2124718,Meadow Heights,Tullamarine - Broadmeadows,Melbourne - North West,Greater Melbourne
2124719,Meadow Heights,Tullamarine - Broadmeadows,Melbourne - North West,Greater Melbourne
2124720,Meadow Heights,Tullamarine - Broadmeadows,Melbourne - North West,Greater Melbourne
2124721,Meadow Heights,Tullamarine - Broadmeadows,Melbourne - North West,Greater Melbourne
2124722,Meadow Heights,Tullamarine - Broadmeadows,Melbourne - North West,Greater Melbourne
2124723,Meadow Heights,Tullamarine - Broadmeadows,Melbourne - North West,Greater Melbourne
2124724,Meadow Heights,Tullamarine - Broadmeadows,Melbourne - North West,Greater Melbourne
2124725,Meadow Heights,Tullamarine - Broadmeadows,Melbourne - North West,Greater Melbourne
2124726,Meadow Heights,Tullamarine - Broadmeadows,Melbourne - North West,Greater Melbourne
2124727,Meadow Heights,Tullamarine - Broadmeadows,Melbourne - North West,Greater Melbourne
2124728,Meadow Heights,Tullamarine - Broadmeadows,Melbourne - North West,Greater Melbourne
2124729,Meadow Heights,Tullamarine - Broadmeadows,Melbourne - North West,Greater Melbourne
2124730,Meadow Heights,Tullamarine - Broadmeadows,Melbourne - North West,Greater Melbourne
2124801,Melbourne Airport,Tullamarine - Broadmeadows,Melbourne - North West,Greater Melbourne
2124901,Roxburgh Park - Somerton,Tullamarine - Broadmeadows,Melbourne - North West,Greater Melbourne
2124902,Roxburgh Park - Somerton,Tullamarine - Broadmeadows,Melbourne - North West,Greater Melbourne
2124903,Roxburgh Park - Somerton,Tullamarine - Broadmeadows,Melbourne - North West,Greater Melbourne
2124904,Roxburgh Park - Somerton,Tullamarine - Broadmeadows,Melbourne - North West,Greater Melbourne
2124905,Roxburgh Park - Somerton,Tullamarine - Broadmeadows,Melbourne - North West,Greater Melbourne
2124906,Roxburgh Park - Somerton,Tullamarine - Broadmeadows,Melbourne - North West,Greater Melbourne
2124907,Roxburgh Park - Somerton,Tullamarine - Broadmeadows,Melbourne - North West,Greater Melbourne
2124908,Roxburgh Park - Somerton,Tullamarine - Broadmeadows,Melbourne - North West,Greater Melbourne
2124909,Roxburgh Park - Somerton,Tullamarine - Broadmeadows,Melbourne - North West,Greater Melbourne
2124910,Roxburgh Park - Somerton,Tullamarine - Broadmeadows,Melbourne - North West,Greater Melbourne
2124911,Roxburgh Park - Somerton,Tullamarine - Broadmeadows,Melbourne - North West,Greater Melbourne
2124912,Roxburgh Park - Somerton,Tullamarine - Broadmeadows,Melbourne - North West,Greater Melbourne
2124913,Roxburgh Park - Somerton,Tullamarine - Broadmeadows,Melbourne - North West,Greater Melbourne
2124914,Roxburgh Park - Somerton,Tullamarine - Broadmeadows,Melbourne - North West,Greater Melbourne
2124915,Roxburgh Park - Somerton,Tullamarine - Broadmeadows,Melbourne - North West,Greater Melbourne
2124916,Roxburgh Park - Somerton,Tullamarine - Broadmeadows,Melbourne - North West,Greater Melbourne
2124917,Roxburgh Park - Somerton,Tullamarine - Broadmeadows,Melbourne - North West,Greater Melbourne
2124918,Roxburgh Park - Somerton,Tullamarine - Broadmeadows,Melbourne - North West,Greater Melbourne
2124919,Roxburgh Park - Somerton,Tullamarine - Broadmeadows,Melbourne - North West,Greater Melbourne
2124920,Roxburgh Park - Somerton,Tullamarine - Broadmeadows,Melbourne - North West,Greater Melbourne
2124921,Roxburgh Park - Somerton,Tullamarine - Broadmeadows,Melbourne - North West,Greater Melbourne
2124922,Roxburgh Park - Somerton,Tullamarine - Broadmeadows,Melbourne - North West,Greater Melbourne
2124923,Roxburgh Park - Somerton,Tullamarine - Broadmeadows,Melbourne - North West,Greater Melbourne
2124924,Roxburgh Park - Somerton,Tullamarine - Broadmeadows,Melbourne - North West,Greater Melbourne
2124925,Roxburgh Park - Somerton,Tullamarine - Broadmeadows,Melbourne - North West,Greater Melbourne
2124926,Roxburgh Park - Somerton,Tullamarine - Broadmeadows,Melbourne - North West,Greater Melbourne
2124927,Roxburgh Park - Somerton,Tullamarine - Broadmeadows,Melbourne - North West,Greater Melbourne
2124928,Roxburgh Park - Somerton,Tullamarine - Broadmeadows,Melbourne - North West,Greater Melbourne
2124929,Roxburgh Park - Somerton,Tullamarine - Broadmeadows,Melbourne - North West,Greater Melbourne
2124930,Roxburgh Park - Somerton,Tullamarine - Broadmeadows,Melbourne - North West,Greater Melbourne
2124931,Roxburgh Park - Somerton,Tullamarine - Broadmeadows,Melbourne - North West,Greater Melbourne
2124932,Roxburgh Park - Somerton,Tullamarine - Broadmeadows,Melbourne - North West,Greater Melbourne
2124933,Roxburgh Park - Somerton,Tullamarine - Broadmeadows,Melbourne - North West,Greater Melbourne
2124934,Roxburgh Park - Somerton,Tullamarine - Broadmeadows,Melbourne - North West,Greater Melbourne
2124935,Roxburgh Park - Somerton,Tullamarine - Broadmeadows,Melbourne - North West,Greater Melbourne
2124936,Roxburgh Park - Somerton,Tullamarine - Broadmeadows,Melbourne - North West,Greater Melbourne
2124937,Roxburgh Park - Somerton,Tullamarine - Broadmeadows,Melbourne - North West,Greater Melbourne
2124938,Roxburgh Park - Somerton,Tullamarine - Broadmeadows,Melbourne - North West,Greater Melbourne
2124939,Roxburgh Park - Somerton,Tullamarine - Broadmeadows,Melbourne - North West,Greater Melbourne
2124940,Roxburgh Park - Somerton,Tullamarine - Broadmeadows,Melbourne - North West,Greater Melbourne
2124941,Roxburgh Park - Somerton,Tullamarine - Broadmeadows,Melbourne - North West,Greater Melbourne
2124942,Roxburgh Park - Somerton,Tullamarine - Broadmeadows,Melbourne - North West,Greater Melbourne
2124943,Roxburgh Park - Somerton,Tullamarine - Broadmeadows,Melbourne - North West,Greater Melbourne
2124944,Roxburgh Park - Somerton,Tullamarine - Broadmeadows,Melbourne - North West,Greater Melbourne
2124945,Roxburgh Park - Somerton,Tullamarine - Broadmeadows,Melbourne - North West,Greater Melbourne
2124946,Roxburgh Park - Somerton,Tullamarine - Broadmeadows,Melbourne - North West,Greater Melbourne
2124947,Roxburgh Park - Somerton,Tullamarine - Broadmeadows,Melbourne - North West,Greater Melbourne
2125001,Tullamarine,Tullamarine - Broadmeadows,Melbourne - North West,Greater Melbourne
2125002,Tullamarine,Tullamarine - Broadmeadows,Melbourne - North West,Greater Melbourne
2125003,Tullamarine,Tullamarine - Broadmeadows,Melbourne - North West,Greater Melbourne
2125004,Tullamarine,Tullamarine - Broadmeadows,Melbourne - North West,Greater Melbourne
2125005,Tullamarine,Tullamarine - Broadmeadows,Melbourne - North West,Greater Melbourne
2125006,Tullamarine,Tullamarine - Broadmeadows,Melbourne - North West,Greater Melbourne
2125007,Tullamarine,Tullamarine - Broadmeadows,Melbourne - North West,Greater Melbourne
2125008,Tullamarine,Tullamarine - Broadmeadows,Melbourne - North West,Greater Melbourne
2125009,Tullamarine,Tullamarine - Broadmeadows,Melbourne - North West,Greater Melbourne
2125010,Tullamarine,Tullamarine - Broadmeadows,Melbourne - North West,Greater Melbourne
2125011,Tullamarine,Tullamarine - Broadmeadows,Melbourne - North West,Greater Melbourne
2125012,Tullamarine,Tullamarine - Broadmeadows,Melbourne - North West,Greater Melbourne
2125013,Tullamarine,Tullamarine - Broadmeadows,Melbourne - North West,Greater Melbourne
2125014,Tullamarine,Tullamarine - Broadmeadows,Melbourne - North West,Greater Melbourne
2125015,Tullamarine,Tullamarine - Broadmeadows,Melbourne - North West,Greater Melbourne
2125016,Tullamarine,Tullamarine - Broadmeadows,Melbourne - North West,Greater Melbourne
2125017,Tullamarine,Tullamarine - Broadmeadows,Melbourne - North West,Greater Melbourne
2125018,Tullamarine,Tullamarine - Broadmeadows,Melbourne - North West,Greater Melbourne
2125019,Tullamarine,Tullamarine - Broadmeadows,Melbourne - North West,Greater Melbourne
2125101,Bayswater,Knox,Melbourne - Outer East,Greater Melbourne
2125102,Bayswater,Knox,Melbourne - Outer East,Greater Melbourne
2125103,Bayswater,Knox,Melbourne - Outer East,Greater Melbourne
2125104,Bayswater,Knox,Melbourne - Outer East,Greater Melbourne
2125105,Bayswater,Knox,Melbourne - Outer East,Greater Melbourne
2125106,Bayswater,Knox,Melbourne - Outer East,Greater Melbourne
2125107,Bayswater,Knox,Melbourne - Outer East,Greater Melbourne
2125108,Bayswater,Knox,Melbourne - Outer East,Greater Melbourne
2125109,Bayswater,Knox,Melbourne - Outer East,Greater Melbourne
2125110,Bayswater,Knox,Melbourne - Outer East,Greater Melbourne
2125111,Bayswater,Knox,Melbourne - Outer East,Greater Melbourne
2125112,Bayswater,Knox,Melbourne - Outer East,Greater Melbourne
2125113,Bayswater,Knox,Melbourne - Outer East,Greater Melbourne
2125114,Bayswater,Knox,Melbourne - Outer East,Greater Melbourne
2125115,Bayswater,Knox,Melbourne - Outer East,Greater Melbourne
2125116,Bayswater,Knox,Melbourne - Outer East,Greater Melbourne
2125117,Bayswater,Knox,Melbourne - Outer East,Greater Melbourne
2125118,Bayswater,Knox,Melbourne - Outer East,Greater Melbourne
2125119,Bayswater,Knox,Melbourne - Outer East,Greater Melbourne
2125120,Bayswater,Knox,Melbourne - Outer East,Greater Melbourne
2125121,Bayswater,Knox,Melbourne - Outer East,Greater Melbourne
2125122,Bayswater,Knox,Melbourne - Outer East,Greater Melbourne
2125123,Bayswater,Knox,Melbourne - Outer East,Greater Melbourne
2125124,Bayswater,Knox,Melbourne - Outer East,Greater Melbourne
2125125,Bayswater,Knox,Melbourne - Outer East,Greater Melbourne
2125126,Bayswater,Knox,Melbourne - Outer East,Greater Melbourne
2125127,Bayswater,Knox,Melbourne - Outer East,Greater Melbourne
2125128,Bayswater,Knox,Melbourne - Outer East,Greater Melbourne
2125201,Boronia - The Basin,Knox,Melbourne - Outer East,Greater Melbourne
2125202,Boronia - The Basin,Knox,Melbourne - Outer East,Greater Melbourne
2125203,Boronia - The Basin,Knox,Melbourne - Outer East,Greater Melbourne
2125204,Boronia - The Basin,Knox,Melbourne - Outer East,Greater Melbourne
2125205,Boronia - The Basin,Knox,Melbourne - Outer East,Greater Melbourne
2125206,Boronia - The Basin,Knox,Melbourne - Outer East,Greater Melbourne
2125207,Boronia - The Basin,Knox,Melbourne - Outer East,Greater Melbourne
2125208,Boronia - The Basin,Knox,Melbourne - Outer East,Greater Melbourne
2125209,Boronia - The Basin,Knox,Melbourne - Outer East,Greater Melbourne
2125210,Boronia - The Basin,Knox,Melbourne - Outer East,Greater Melbourne
2125211,Boronia - The Basin,Knox,Melbourne - Outer East,Greater Melbourne
2125212,Boronia - The Basin,Knox,Melbourne - Outer East,Greater Melbourne
2125213,Boronia - The Basin,Knox,Melbourne - Outer East,Greater Melbourne
2125214,Boronia - The Basin,Knox,Melbourne - Outer East,Greater Melbourne
2125215,Boronia - The Basin,Knox,Melbourne - Outer East,Greater Melbourne
2125216,Boronia - The Basin,Knox,Melbourne - Outer East,Greater Melbourne
2125217,Boronia - The Basin,Knox,Melbourne - Outer East,Greater Melbourne
2125218,Boronia - The Basin,Knox,Melbourne - Outer East,Greater Melbourne
2125219,Boronia - The Basin,Knox,Melbourne - Outer East,Greater Melbourne
2125220,Boronia - The Basin,Knox,Melbourne - Outer East,Greater Melbourne
2125221,Boronia - The Basin,Knox,Melbourne - Outer East,Greater Melbourne
2125222,Boronia - The Basin,Knox,Melbourne - Outer East,Greater Melbourne
2125223,Boronia - The Basin,Knox,Melbourne - Outer East,Greater Melbourne
2125224,Boronia - The Basin,Knox,Melbourne - Outer East,Greater Melbourne
2125225,Boronia - The Basin,Knox,Melbourne - Outer East,Greater Melbourne
2125226,Boronia - The Basin,Knox,Melbourne - Outer East,Greater Melbourne
2125227,Boronia - The Basin,Knox,Melbourne - Outer East,Greater Melbourne
2125228,Boronia - The Basin,Knox,Melbourne - Outer East,Greater Melbourne
2125229,Boronia - The Basin,Knox,Melbourne - Outer East,Greater Melbourne
2125230,Boronia - The Basin,Knox,Melbourne - Outer East,Greater Melbourne
2125231,Boronia - The Basin,Knox,Melbourne - Outer East,Greater Melbourne
2125232,Boronia - The Basin,Knox,Melbourne - Outer East,Greater Melbourne
2125233,Boronia - The Basin,Knox,Melbourne - Outer East,Greater Melbourne
2125234,Boronia - The Basin,Knox,Melbourne - Outer East,Greater Melbourne
2125235,Boronia - The Basin,Knox,Melbourne - Outer East,Greater Melbourne
2125236,Boronia - The Basin,Knox,Melbourne - Outer East,Greater Melbourne
2125237,Boronia - The Basin,Knox,Melbourne - Outer East,Greater Melbourne
2125238,Boronia - The Basin,Knox,Melbourne - Outer East,Greater Melbourne
2125239,Boronia - The Basin,Knox,Melbourne - Outer East,Greater Melbourne
2125240,Boronia - The Basin,Knox,Melbourne - Outer East,Greater Melbourne
2125241,Boronia - The Basin,Knox,Melbourne - Outer East,Greater Melbourne
2125242,Boronia - The Basin,Knox,Melbourne - Outer East,Greater Melbourne
2125243,Boronia - The Basin,Knox,Melbourne - Outer East,Greater Melbourne
2125244,Boronia - The Basin,Knox,Melbourne - Outer East,Greater Melbourne
2125245,Boronia - The Basin,Knox,Melbourne - Outer East,Greater Melbourne
2125246,Boronia - The Basin,Knox,Melbourne - Outer East,Greater Melbourne
2125247,Boronia - The Basin,Knox,Melbourne - Outer East,Greater Melbourne
2125248,Boronia - The Basin,Knox,Melbourne - Outer East,Greater Melbourne
2125249,Boronia - The Basin,Knox,Melbourne - Outer East,Greater Melbourne
2125250,Boronia - The Basin,Knox,Melbourne - Outer East,Greater Melbourne
2125251,Boronia - The Basin,Knox,Melbourne - Outer East,Greater Melbourne
2125252,Boronia - The Basin,Knox,Melbourne - Outer East,Greater Melbourne
2125253,Boronia - The Basin,Knox,Melbourne - Outer East,Greater Melbourne
2125254,Boronia - The Basin,Knox,Melbourne - Outer East,Greater Melbourne
2125255,Boronia - The Basin,Knox,Melbourne - Outer East,Greater Melbourne
2125256,Boronia - The Basin,Knox,Melbourne - Outer East,Greater Melbourne
2125257,Boronia - The Basin,Knox,Melbourne - Outer East,Greater Melbourne
2125258,Boronia - The Basin,Knox,Melbourne - Outer East,Greater Melbourne
2125259,Boronia - The Basin,Knox,Melbourne - Outer East,Greater Melbourne
2125260,Boronia - The Basin,Knox,Melbourne - Outer East,Greater Melbourne
2125261,Boronia - The Basin,Knox,Melbourne - Outer East,Greater Melbourne
2125301,Ferntree Gully,Knox,Melbourne - Outer East,Greater Melbourne
2125302,Ferntree Gully,Knox,Melbourne - Outer East,Greater Melbourne
2125303,Ferntree Gully,Knox,Melbourne - Outer East,Greater Melbourne
2125304,Ferntree Gully,Knox,Melbourne - Outer East,Greater Melbourne
2125305,Ferntree Gully,Knox,Melbourne - Outer East,Greater Melbourne
2125306,Ferntree Gully,Knox,Melbourne - Outer East,Greater Melbourne
2125307,Ferntree Gully,Knox,Melbourne - Outer East,Greater Melbourne
2125308,Ferntree Gully,Knox,Melbourne - Outer East,Greater Melbourne
2125309,Ferntree Gully,Knox,Melbourne - Outer East,Greater Melbourne
2125310,Ferntree Gully,Knox,Melbourne - Outer East,Greater Melbourne
2125311,Ferntree Gully,Knox,Melbourne - Outer East,Greater Melbourne
2125312,Ferntree Gully,Knox,Melbourne - Outer East,Greater Melbourne
2125313,Ferntree Gully,Knox,Melbourne - Outer East,Greater Melbourne
2125314,Ferntree Gully,Knox,Melbourne - Outer East,Greater Melbourne
2125315,Ferntree Gully,Knox,Melbourne - Outer East,Greater Melbourne
2125316,Ferntree Gully,Knox,Melbourne - Outer East,Greater Melbourne
2125317,Ferntree Gully,Knox,Melbourne - Outer East,Greater Melbourne
2125318,Ferntree Gully,Knox,Melbourne - Outer East,Greater Melbourne
2125319,Ferntree Gully,Knox,Melbourne - Outer East,Greater Melbourne
2125320,Ferntree Gully,Knox,Melbourne - Outer East,Greater Melbourne
2125321,Ferntree Gully,Knox,Melbourne - Outer East,Greater Melbourne
2125322,Ferntree Gully,Knox,Melbourne - Outer East,Greater Melbourne
2125323,Ferntree Gully,Knox,Melbourne - Outer East,Greater Melbourne
2125324,Ferntree Gully,Knox,Melbourne - Outer East,Greater Melbourne
2125325,Ferntree Gully,Knox,Melbourne - Outer East,Greater Melbourne
2125326,Ferntree Gully,Knox,Melbourne - Outer East,Greater Melbourne
2125327,Ferntree Gully,Knox,Melbourne - Outer East,Greater Melbourne
2125328,Ferntree Gully,Knox,Melbourne - Outer East,Greater Melbourne
2125329,Ferntree Gully,Knox,Melbourne - Outer East,Greater Melbourne
2125330,Ferntree Gully,Knox,Melbourne - Outer East,Greater Melbourne
2125331,Ferntree Gully,Knox,Melbourne - Outer East,Greater Melbourne
2125332,Ferntree Gully,Knox,Melbourne - Outer East,Greater Melbourne
2125333,Ferntree Gully,Knox,Melbourne - Outer East,Greater Melbourne
2125334,Ferntree Gully,Knox,Melbourne - Outer East,Greater Melbourne
2125335,Ferntree Gully,Knox,Melbourne - Outer East,Greater Melbourne
2125336,Ferntree Gully,Knox,Melbourne - Outer East,Greater Melbourne
2125337,Ferntree Gully,Knox,Melbourne - Outer East,Greater Melbourne
2125338,Ferntree Gully,Knox,Melbourne - Outer East,Greater Melbourne
2125339,Ferntree Gully,Knox,Melbourne - Outer East,Greater Melbourne
2125340,Ferntree Gully,Knox,Melbourne - Outer East,Greater Melbourne
2125341,Ferntree Gully,Knox,Melbourne - Outer East,Greater Melbourne
2125342,Ferntree Gully,Knox,Melbourne - Outer East,Greater Melbourne
2125343,Ferntree Gully,Knox,Melbourne - Outer East,Greater Melbourne
2125344,Ferntree Gully,Knox,Melbourne - Outer East,Greater Melbourne
2125345,Ferntree Gully,Knox,Melbourne - Outer East,Greater Melbourne
2125346,Ferntree Gully,Knox,Melbourne - Outer East,Greater Melbourne
2125347,Ferntree Gully,Knox,Melbourne - Outer East,Greater Melbourne
2125348,Ferntree Gully,Knox,Melbourne - Outer East,Greater Melbourne
2125349,Ferntree Gully,Knox,Melbourne - Outer East,Greater Melbourne
2125350,Ferntree Gully,Knox,Melbourne - Outer East,Greater Melbourne
2125351,Ferntree Gully,Knox,Melbourne - Outer East,Greater Melbourne
2125352,Ferntree Gully,Knox,Melbourne - Outer East,Greater Melbourne
2125353,Ferntree Gully,Knox,Melbourne - Outer East,Greater Melbourne
2125354,Ferntree Gully,Knox,Melbourne - Outer East,Greater Melbourne
2125355,Ferntree Gully,Knox,Melbourne - Outer East,Greater Melbourne
2125356,Ferntree Gully,Knox,Melbourne - Outer East,Greater Melbourne
2125357,Ferntree Gully,Knox,Melbourne - Outer East,Greater Melbourne
2125358,Ferntree Gully,Knox,Melbourne - Outer East,Greater Melbourne
2125359,Ferntree Gully,Knox,Melbourne - Outer East,Greater Melbourne
2125360,Ferntree Gully,Knox,Melbourne - Outer East,Greater Melbourne
2125361,Ferntree Gully,Knox,Melbourne - Outer East,Greater Melbourne
2125362,Ferntree Gully,Knox,Melbourne - Outer East,Greater Melbourne
2125363,Ferntree Gully,Knox,Melbourne - Outer East,Greater Melbourne
2125364,Ferntree Gully,Knox,Melbourne - Outer East,Greater Melbourne
2125365,Ferntree Gully,Knox,Melbourne - Outer East,Greater Melbourne
2125401,Knoxfield - Scoresby,Knox,Melbourne - Outer East,Greater Melbourne
2125402,Knoxfield - Scoresby,Knox,Melbourne - Outer East,Greater Melbourne
2125403,Knoxfield - Scoresby,Knox,Melbourne - Outer East,Greater Melbourne
2125404,Knoxfield - Scoresby,Knox,Melbourne - Outer East,Greater Melbourne
2125405,Knoxfield - Scoresby,Knox,Melbourne - Outer East,Greater Melbourne
2125406,Knoxfield - Scoresby,Knox,Melbourne - Outer East,Greater Melbourne
2125407,Knoxfield - Scoresby,Knox,Melbourne - Outer East,Greater Melbourne
2125408,Knoxfield - Scoresby,Knox,Melbourne - Outer East,Greater Melbourne
2125409,Knoxfield - Scoresby,Knox,Melbourne - Outer East,Greater Melbourne
2125410,Knoxfield - Scoresby,Knox,Melbourne - Outer East,Greater Melbourne
2125411,Knoxfield - Scoresby,Knox,Melbourne - Outer East,Greater Melbourne
2125412,Knoxfield - Scoresby,Knox,Melbourne - Outer East,Greater Melbourne
2125413,Knoxfield - Scoresby,Knox,Melbourne - Outer East,Greater Melbourne
2125414,Knoxfield - Scoresby,Knox,Melbourne - Outer East,Greater Melbourne
2125415,Knoxfield - Scoresby,Knox,Melbourne - Outer East,Greater Melbourne
2125416,Knoxfield - Scoresby,Knox,Melbourne - Outer East,Greater Melbourne
2125417,Knoxfield - Scoresby,Knox,Melbourne - Outer East,Greater Melbourne
2125418,Knoxfield - Scoresby,Knox,Melbourne - Outer East,Greater Melbourne
2125419,Knoxfield - Scoresby,Knox,Melbourne - Outer East,Greater Melbourne
2125420,Knoxfield - Scoresby,Knox,Melbourne - Outer East,Greater Melbourne
2125421,Knoxfield - Scoresby,Knox,Melbourne - Outer East,Greater Melbourne
2125422,Knoxfield - Scoresby,Knox,Melbourne - Outer East,Greater Melbourne
2125423,Knoxfield - Scoresby,Knox,Melbourne - Outer East,Greater Melbourne
2125424,Knoxfield - Scoresby,Knox,Melbourne - Outer East,Greater Melbourne
2125425,Knoxfield - Scoresby,Knox,Melbourne - Outer East,Greater Melbourne
2125426,Knoxfield - Scoresby,Knox,Melbourne - Outer East,Greater Melbourne
2125427,Knoxfield - Scoresby,Knox,Melbourne - Outer East,Greater Melbourne
2125428,Knoxfield - Scoresby,Knox,Melbourne - Outer East,Greater Melbourne
2125429,Knoxfield - Scoresby,Knox,Melbourne - Outer East,Greater Melbourne
2125430,Knoxfield - Scoresby,Knox,Melbourne - Outer East,Greater Melbourne
2125431,Knoxfield - Scoresby,Knox,Melbourne - Outer East,Greater Melbourne
2125432,Knoxfield - Scoresby,Knox,Melbourne - Outer East,Greater Melbourne
2125433,Knoxfield - Scoresby,Knox,Melbourne - Outer East,Greater Melbourne
2125434,Knoxfield - Scoresby,Knox,Melbourne - Outer East,Greater Melbourne
2125501,Lysterfield,Knox,Melbourne - Outer East,Greater Melbourne
2125502,Lysterfield,Knox,Melbourne - Outer East,Greater Melbourne
2125503,Lysterfield,Knox,Melbourne - Outer East,Greater Melbourne
2125504,Lysterfield,Knox,Melbourne - Outer East,Greater Melbourne
2125505,Lysterfield,Knox,Melbourne - Outer East,Greater Melbourne
2125506,Lysterfield,Knox,Melbourne - Outer East,Greater Melbourne
2125507,Lysterfield,Knox,Melbourne - Outer East,Greater Melbourne
2125508,Lysterfield,Knox,Melbourne - Outer East,Greater Melbourne
2125509,Lysterfield,Knox,Melbourne - Outer East,Greater Melbourne
2125510,Lysterfield,Knox,Melbourne - Outer East,Greater Melbourne
2125511,Lysterfield,Knox,Melbourne - Outer East,Greater Melbourne
2125512,Lysterfield,Knox,Melbourne - Outer East,Greater Melbourne
2125513,Lysterfield,Knox,Melbourne - Outer East,Greater Melbourne
2125514,Lysterfield,Knox,Melbourne - Outer East,Greater Melbourne
2125515,Lysterfield,Knox,Melbourne - Outer East,Greater Melbourne
2125601,Rowville - Central,Knox,Melbourne - Outer East,Greater Melbourne
2125602,Rowville - Central,Knox,Melbourne - Outer East,Greater Melbourne
2125603,Rowville - Central,Knox,Melbourne - Outer East,Greater Melbourne
2125604,Rowville - Central,Knox,Melbourne - Outer East,Greater Melbourne
2125605,Rowville - Central,Knox,Melbourne - Outer East,Greater Melbourne
2125606,Rowville - Central,Knox,Melbourne - Outer East,Greater Melbourne
2125607,Rowville - Central,Knox,Melbourne - Outer East,Greater Melbourne
2125608,Rowville - Central,Knox,Melbourne - Outer East,Greater Melbourne
2125609,Rowville - Central,Knox,Melbourne - Outer East,Greater Melbourne
2125610,Rowville - Central,Knox,Melbourne - Outer East,Greater Melbourne
2125611,Rowville - Central,Knox,Melbourne - Outer East,Greater Melbourne
2125612,Rowville - Central,Knox,Melbourne - Outer East,Greater Melbourne
2125613,Rowville - Central,Knox,Melbourne - Outer East,Greater Melbourne
2125614,Rowville - Central,Knox,Melbourne - Outer East,Greater Melbourne
2125615,Rowville - Central,Knox,Melbourne - Outer East,Greater Melbourne
2125616,Rowville - Central,Knox,Melbourne - Outer East,Greater Melbourne
2125617,Rowville - Central,Knox,Melbourne - Outer East,Greater Melbourne
2125618,Rowville - Central,Knox,Melbourne - Outer East,Greater Melbourne
2125619,Rowville - Central,Knox,Melbourne - Outer East,Greater Melbourne
2125620,Rowville - Central,Knox,Melbourne - Outer East,Greater Melbourne
2125621,Rowville - Central,Knox,Melbourne - Outer East,Greater Melbourne
2125622,Rowville - Central,Knox,Melbourne - Outer East,Greater Melbourne
2125623,Rowville - Central,Knox,Melbourne - Outer East,Greater Melbourne
2125624,Rowville - Central,Knox,Melbourne - Outer East,Greater Melbourne
2125625,Rowville - Central,Knox,Melbourne - Outer East,Greater Melbourne
2125626,Rowville - Central,Knox,Melbourne - Outer East,Greater Melbourne
2125627,Rowville - Central,Knox,Melbourne - Outer East,Greater Melbourne
2125628,Rowville - Central,Knox,Melbourne - Outer East,Greater Melbourne
2125629,Rowville - Central,Knox,Melbourne - Outer East,Greater Melbourne
2125630,Rowville - Central,Knox,Melbourne - Outer East,Greater Melbourne
2125631,Rowville - Central,Knox,Melbourne - Outer East,Greater Melbourne
2125632,Rowville - Central,Knox,Melbourne - Outer East,Greater Melbourne
2125633,Rowville - Central,Knox,Melbourne - Outer East,Greater Melbourne
2125634,Rowville - Central,Knox,Melbourne - Outer East,Greater Melbourne
2125635,Rowville - Central,Knox,Melbourne - Outer East,Greater Melbourne
2125636,Rowville - Central,Knox,Melbourne - Outer East,Greater Melbourne
2125637,Rowville - Central,Knox,Melbourne - Outer East,Greater Melbourne
2125638,Rowville - Central,Knox,Melbourne - Outer East,Greater Melbourne
2125639,Rowville - Central,Knox,Melbourne - Outer East,Greater Melbourne
2125701,Rowville - North,Knox,Melbourne - Outer East,Greater Melbourne
2125702,Rowville - North,Knox,Melbourne - Outer East,Greater Melbourne
2125703,Rowville - North,Knox,Melbourne - Outer East,Greater Melbourne
2125704,Rowville - North,Knox,Melbourne - Outer East,Greater Melbourne
2125705,Rowville - North,Knox,Melbourne - Outer East,Greater Melbourne
2125706,Rowville - North,Knox,Melbourne - Outer East,Greater Melbourne
2125707,Rowville - North,Knox,Melbourne - Outer East,Greater Melbourne
2125708,Rowville - North,Knox,Melbourne - Outer East,Greater Melbourne
2125709,Rowville - North,Knox,Melbourne - Outer East,Greater Melbourne
2125710,Rowville - North,Knox,Melbourne - Outer East,Greater Melbourne
2125711,Rowville - North,Knox,Melbourne - Outer East,Greater Melbourne
2125712,Rowville - North,Knox,Melbourne - Outer East,Greater Melbourne
2125713,Rowville - North,Knox,Melbourne - Outer East,Greater Melbourne
2125714,Rowville - North,Knox,Melbourne - Outer East,Greater Melbourne
2125715,Rowville - North,Knox,Melbourne - Outer East,Greater Melbourne
2125716,Rowville - North,Knox,Melbourne - Outer East,Greater Melbourne
2125717,Rowville - North,Knox,Melbourne - Outer East,Greater Melbourne
2125718,Rowville - North,Knox,Melbourne - Outer East,Greater Melbourne
2125719,Rowville - North,Knox,Melbourne - Outer East,Greater Melbourne
2125801,Rowville - South,Knox,Melbourne - Outer East,Greater Melbourne
2125802,Rowville - South,Knox,Melbourne - Outer East,Greater Melbourne
2125803,Rowville - South,Knox,Melbourne - Outer East,Greater Melbourne
2125804,Rowville - South,Knox,Melbourne - Outer East,Greater Melbourne
2125805,Rowville - South,Knox,Melbourne - Outer East,Greater Melbourne
2125806,Rowville - South,Knox,Melbourne - Outer East,Greater Melbourne
2125807,Rowville - South,Knox,Melbourne - Outer East,Greater Melbourne
2125808,Rowville - South,Knox,Melbourne - Outer East,Greater Melbourne
2125809,Rowville - South,Knox,Melbourne - Outer East,Greater Melbourne
2125810,Rowville - South,Knox,Melbourne - Outer East,Greater Melbourne
2125811,Rowville - South,Knox,Melbourne - Outer East,Greater Melbourne
2125812,Rowville - South,Knox,Melbourne - Outer East,Greater Melbourne
2125813,Rowville - South,Knox,Melbourne - Outer East,Greater Melbourne
2125814,Rowville - South,Knox,Melbourne - Outer East,Greater Melbourne
2125815,Rowville - South,Knox,Melbourne - Outer East,Greater Melbourne
2125816,Rowville - South,Knox,Melbourne - Outer East,Greater Melbourne
2125817,Rowville - South,Knox,Melbourne - Outer East,Greater Melbourne
2125818,Rowville - South,Knox,Melbourne - Outer East,Greater Melbourne
2125819,Rowville - South,Knox,Melbourne - Outer East,Greater Melbourne
2125820,Rowville - South,Knox,Melbourne - Outer East,Greater Melbourne
2125821,Rowville - South,Knox,Melbourne - Outer East,Greater Melbourne
2125822,Rowville - South,Knox,Melbourne - Outer East,Greater Melbourne
2125823,Rowville - South,Knox,Melbourne - Outer East,Greater Melbourne
2125824,Rowville - South,Knox,Melbourne - Outer East,Greater Melbourne
2125825,Rowville - South,Knox,Melbourne - Outer East,Greater Melbourne
2125826,Rowville - South,Knox,Melbourne - Outer East,Greater Melbourne
2125827,Rowville - South,Knox,Melbourne - Outer East,Greater Melbourne
2125828,Rowville - South,Knox,Melbourne - Outer East,Greater Melbourne
2125901,Wantirna,Knox,Melbourne - Outer East,Greater Melbourne
2125902,Wantirna,Knox,Melbourne - Outer East,Greater Melbourne
2125903,Wantirna,Knox,Melbourne - Outer East,Greater Melbourne
2125904,Wantirna,Knox,Melbourne - Outer East,Greater Melbourne
2125905,Wantirna,Knox,Melbourne - Outer East,Greater Melbourne
2125906,Wantirna,Knox,Melbourne - Outer East,Greater Melbourne
2125907,Wantirna,Knox,Melbourne - Outer East,Greater Melbourne
2125908,Wantirna,Knox,Melbourne - Outer East,Greater Melbourne
2125909,Wantirna,Knox,Melbourne - Outer East,Greater Melbourne
2125910,Wantirna,Knox,Melbourne - Outer East,Greater Melbourne
2125911,Wantirna,Knox,Melbourne - Outer East,Greater Melbourne
2125912,Wantirna,Knox,Melbourne - Outer East,Greater Melbourne
2125913,Wantirna,Knox,Melbourne - Outer East,Greater Melbourne
2125914,Wantirna,Knox,Melbourne - Outer East,Greater Melbourne
2125915,Wantirna,Knox,Melbourne - Outer East,Greater Melbourne
2125916,Wantirna,Knox,Melbourne - Outer East,Greater Melbourne
2125917,Wantirna,Knox,Melbourne - Outer East,Greater Melbourne
2125918,Wantirna,Knox,Melbourne - Outer East,Greater Melbourne
2125919,Wantirna,Knox,Melbourne - Outer East,Greater Melbourne
2125920,Wantirna,Knox,Melbourne - Outer East,Greater Melbourne
2125921,Wantirna,Knox,Melbourne - Outer East,Greater Melbourne
2125922,Wantirna,Knox,Melbourne - Outer East,Greater Melbourne
2125923,Wantirna,Knox,Melbourne - Outer East,Greater Melbourne
2125924,Wantirna,Knox,Melbourne - Outer East,Greater Melbourne
2125925,Wantirna,Knox,Melbourne - Outer East,Greater Melbourne
2125926,Wantirna,Knox,Melbourne - Outer East,Greater Melbourne
2125927,Wantirna,Knox,Melbourne - Outer East,Greater Melbourne
2125928,Wantirna,Knox,Melbourne - Outer East,Greater Melbourne
2125929,Wantirna,Knox,Melbourne - Outer East,Greater Melbourne
2125930,Wantirna,Knox,Melbourne - Outer East,Greater Melbourne
2125931,Wantirna,Knox,Melbourne - Outer East,Greater Melbourne
2125932,Wantirna,Knox,Melbourne - Outer East,Greater Melbourne
2125933,Wantirna,Knox,Melbourne - Outer East,Greater Melbourne
2125934,Wantirna,Knox,Melbourne - Outer East,Greater Melbourne
2125935,Wantirna,Knox,Melbourne - Outer East,Greater Melbourne
2125936,Wantirna,Knox,Melbourne - Outer East,Greater Melbourne
2125937,Wantirna,Knox,Melbourne - Outer East,Greater Melbourne
2125938,Wantirna,Knox,Melbourne - Outer East,Greater Melbourne
2126001,Wantirna South,Knox,Melbourne - Outer East,Greater Melbourne
2126002,Wantirna South,Knox,Melbourne - Outer East,Greater Melbourne
2126003,Wantirna South,Knox,Melbourne - Outer East,Greater Melbourne
2126004,Wantirna South,Knox,Melbourne - Outer East,Greater Melbourne
2126005,Wantirna South,Knox,Melbourne - Outer East,Greater Melbourne
2126006,Wantirna South,Knox,Melbourne - Outer East,Greater Melbourne
2126007,Wantirna South,Knox,Melbourne - Outer East,Greater Melbourne
2126008,Wantirna South,Knox,Melbourne - Outer East,Greater Melbourne
2126009,Wantirna South,Knox,Melbourne - Outer East,Greater Melbourne
2126010,Wantirna South,Knox,Melbourne - Outer East,Greater Melbourne
2126011,Wantirna South,Knox,Melbourne - Outer East,Greater Melbourne
2126012,Wantirna South,Knox,Melbourne - Outer East,Greater Melbourne
2126013,Wantirna South,Knox,Melbourne - Outer East,Greater Melbourne
2126014,Wantirna South,Knox,Melbourne - Outer East,Greater Melbourne
2126015,Wantirna South,Knox,Melbourne - Outer East,Greater Melbourne
2126016,Wantirna South,Knox,Melbourne - Outer East,Greater Melbourne
2126017,Wantirna South,Knox,Melbourne - Outer East,Greater Melbourne
2126018,Wantirna South,Knox,Melbourne - Outer East,Greater Melbourne
2126019,Wantirna South,Knox,Melbourne - Outer East,Greater Melbourne
2126020,Wantirna South,Knox,Melbourne - Outer East,Greater Melbourne
2126021,Wantirna South,Knox,Melbourne - Outer East,Greater Melbourne
2126022,Wantirna South,Knox,Melbourne - Outer East,Greater Melbourne
2126023,Wantirna South,Knox,Melbourne - Outer East,Greater Melbourne
2126024,Wantirna South,Knox,Melbourne - Outer East,Greater Melbourne
2126025,Wantirna South,Knox,Melbourne - Outer East,Greater Melbourne
2126026,Wantirna South,Knox,Melbourne - Outer East,Greater Melbourne
2126027,Wantirna South,Knox,Melbourne - Outer East,Greater Melbourne
2126028,Wantirna South,Knox,Melbourne - Outer East,Greater Melbourne
2126029,Wantirna South,Knox,Melbourne - Outer East,Greater Melbourne
2126030,Wantirna South,Knox,Melbourne - Outer East,Greater Melbourne
2126031,Wantirna South,Knox,Melbourne - Outer East,Greater Melbourne
2126032,Wantirna South,Knox,Melbourne - Outer East,Greater Melbourne
2126033,Wantirna South,Knox,Melbourne - Outer East,Greater Melbourne
2126034,Wantirna South,Knox,Melbourne - Outer East,Greater Melbourne
2126035,Wantirna South,Knox,Melbourne - Outer East,Greater Melbourne
2126036,Wantirna South,Knox,Melbourne - Outer East,Greater Melbourne
2126037,Wantirna South,Knox,Melbourne - Outer East,Greater Melbourne
2126038,Wantirna South,Knox,Melbourne - Outer East,Greater Melbourne
2126039,Wantirna South,Knox,Melbourne - Outer East,Greater Melbourne
2126040,Wantirna South,Knox,Melbourne - Outer East,Greater Melbourne
2126041,Wantirna South,Knox,Melbourne - Outer East,Greater Melbourne
2126042,Wantirna South,Knox,Melbourne - Outer East,Greater Melbourne
2126043,Wantirna South,Knox,Melbourne - Outer East,Greater Melbourne
2126044,Wantirna South,Knox,Melbourne - Outer East,Greater Melbourne
2126045,Wantirna South,Knox,Melbourne - Outer East,Greater Melbourne
2126046,Wantirna South,Knox,Melbourne - Outer East,Greater Melbourne
2126047,Wantirna South,Knox,Melbourne - Outer East,Greater Melbourne
2126101,Donvale - Park Orchards,Manningham - East,Melbourne - Outer East,Greater Melbourne
2126102,Donvale - Park Orchards,Manningham - East,Melbourne - Outer East,Greater Melbourne
2126103,Donvale - Park Orchards,Manningham - East,Melbourne - Outer East,Greater Melbourne
2126104,Donvale - Park Orchards,Manningham - East,Melbourne - Outer East,Greater Melbourne
2126105,Donvale - Park Orchards,Manningham - East,Melbourne - Outer East,Greater Melbourne
2126106,Donvale - Park Orchards,Manningham - East,Melbourne - Outer East,Greater Melbourne
2126107,Donvale - Park Orchards,Manningham - East,Melbourne - Outer East,Greater Melbourne
2126108,Donvale - Park Orchards,Manningham - East,Melbourne - Outer East,Greater Melbourne
2126109,Donvale - Park Orchards,Manningham - East,Melbourne - Outer East,Greater Melbourne
2126110,Donvale - Park Orchards,Manningham - East,Melbourne - Outer East,Greater Melbourne
2126111,Donvale - Park Orchards,Manningham - East,Melbourne - Outer East,Greater Melbourne
2126112,Donvale - Park Orchards,Manningham - East,Melbourne - Outer East,Greater Melbourne
2126113,Donvale - Park Orchards,Manningham - East,Melbourne - Outer East,Greater Melbourne
2126114,Donvale - Park Orchards,Manningham - East,Melbourne - Outer East,Greater Melbourne
2126115,Donvale - Park Orchards,Manningham - East,Melbourne - Outer East,Greater Melbourne
2126116,Donvale - Park Orchards,Manningham - East,Melbourne - Outer East,Greater Melbourne
2126117,Donvale - Park Orchards,Manningham - East,Melbourne - Outer East,Greater Melbourne
2126118,Donvale - Park Orchards,Manningham - East,Melbourne - Outer East,Greater Melbourne
2126119,Donvale - Park Orchards,Manningham - East,Melbourne - Outer East,Greater Melbourne
2126120,Donvale - Park Orchards,Manningham - East,Melbourne - Outer East,Greater Melbourne
2126121,Donvale - Park Orchards,Manningham - East,Melbourne - Outer East,Greater Melbourne
2126122,Donvale - Park Orchards,Manningham - East,Melbourne - Outer East,Greater Melbourne
2126123,Donvale - Park Orchards,Manningham - East,Melbourne - Outer East,Greater Melbourne
2126124,Donvale - Park Orchards,Manningham - East,Melbourne - Outer East,Greater Melbourne
2126125,Donvale - Park Orchards,Manningham - East,Melbourne - Outer East,Greater Melbourne
2126126,Donvale - Park Orchards,Manningham - East,Melbourne - Outer East,Greater Melbourne
2126127,Donvale - Park Orchards,Manningham - East,Melbourne - Outer East,Greater Melbourne
2126128,Donvale - Park Orchards,Manningham - East,Melbourne - Outer East,Greater Melbourne
2126129,Donvale - Park Orchards,Manningham - East,Melbourne - Outer East,Greater Melbourne
2126130,Donvale - Park Orchards,Manningham - East,Melbourne - Outer East,Greater Melbourne
2126131,Donvale - Park Orchards,Manningham - East,Melbourne - Outer East,Greater Melbourne
2126132,Donvale - Park Orchards,Manningham - East,Melbourne - Outer East,Greater Melbourne
2126133,Donvale - Park Orchards,Manningham - East,Melbourne - Outer East,Greater Melbourne
2126134,Donvale - Park Orchards,Manningham - East,Melbourne - Outer East,Greater Melbourne
2126135,Donvale - Park Orchards,Manningham - East,Melbourne - Outer East,Greater Melbourne
2126136,Donvale - Park Orchards,Manningham - East,Melbourne - Outer East,Greater Melbourne
2126137,Donvale - Park Orchards,Manningham - East,Melbourne - Outer East,Greater Melbourne
2126138,Donvale - Park Orchards,Manningham - East,Melbourne - Outer East,Greater Melbourne
2126139,Donvale - Park Orchards,Manningham - East,Melbourne - Outer East,Greater Melbourne
2126201,Warrandyte - Wonga Park,Manningham - East,Melbourne - Outer East,Greater Melbourne
2126202,Warrandyte - Wonga Park,Manningham - East,Melbourne - Outer East,Greater Melbourne
2126203,Warrandyte - Wonga Park,Manningham - East,Melbourne - Outer East,Greater Melbourne
2126204,Warrandyte - Wonga Park,Manningham - East,Melbourne - Outer East,Greater Melbourne
2126205,Warrandyte - Wonga Park,Manningham - East,Melbourne - Outer East,Greater Melbourne
2126206,Warrandyte - Wonga Park,Manningham - East,Melbourne - Outer East,Greater Melbourne
2126207,Warrandyte - Wonga Park,Manningham - East,Melbourne - Outer East,Greater Melbourne
2126208,Warrandyte - Wonga Park,Manningham - East,Melbourne - Outer East,Greater Melbourne
2126209,Warrandyte - Wonga Park,Manningham - East,Melbourne - Outer East,Greater Melbourne
2126210,Warrandyte - Wonga Park,Manningham - East,Melbourne - Outer East,Greater Melbourne
2126211,Warrandyte - Wonga Park,Manningham - East,Melbourne - Outer East,Greater Melbourne
2126212,Warrandyte - Wonga Park,Manningham - East,Melbourne - Outer East,Greater Melbourne
2126213,Warrandyte - Wonga Park,Manningham - East,Melbourne - Outer East,Greater Melbourne
2126214,Warrandyte - Wonga Park,Manningham - East,Melbourne - Outer East,Greater Melbourne
2126215,Warrandyte - Wonga Park,Manningham - East,Melbourne - Outer East,Greater Melbourne
2126216,Warrandyte - Wonga Park,Manningham - East,Melbourne - Outer East,Greater Melbourne
2126217,Warrandyte - Wonga Park,Manningham - East,Melbourne - Outer East,Greater Melbourne
2126218,Warrandyte - Wonga Park,Manningham - East,Melbourne - Outer East,Greater Melbourne
2126219,Warrandyte - Wonga Park,Manningham - East,Melbourne - Outer East,Greater Melbourne
2126220,Warrandyte - Wonga Park,Manningham - East,Melbourne - Outer East,Greater Melbourne
2126221,Warrandyte - Wonga Park,Manningham - East,Melbourne - Outer East,Greater Melbourne
2126222,Warrandyte - Wonga Park,Manningham - East,Melbourne - Outer East,Greater Melbourne
2126223,Warrandyte - Wonga Park,Manningham - East,Melbourne - Outer East,Greater Melbourne
2126224,Warrandyte - Wonga Park,Manningham - East,Melbourne - Outer East,Greater Melbourne
2126225,Warrandyte - Wonga Park,Manningham - East,Melbourne - Outer East,Greater Melbourne
2126226,Warrandyte - Wonga Park,Manningham - East,Melbourne - Outer East,Greater Melbourne
2126227,Warrandyte - Wonga Park,Manningham - East,Melbourne - Outer East,Greater Melbourne
2126228,Warrandyte - Wonga Park,Manningham - East,Melbourne - Outer East,Greater Melbourne
2126229,Warrandyte - Wonga Park,Manningham - East,Melbourne - Outer East,Greater Melbourne
2126230,Warrandyte - Wonga Park,Manningham - East,Melbourne - Outer East,Greater Melbourne
2126231,Warrandyte - Wonga Park,Manningham - East,Melbourne - Outer East,Greater Melbourne
2126232,Warrandyte - Wonga Park,Manningham - East,Melbourne - Outer East,Greater Melbourne
2126301,Bayswater North,Maroondah,Melbourne - Outer East,Greater Melbourne
2126302,Bayswater North,Maroondah,Melbourne - Outer East,Greater Melbourne
2126303,Bayswater North,Maroondah,Melbourne - Outer East,Greater Melbourne
2126304,Bayswater North,Maroondah,Melbourne - Outer East,Greater Melbourne
2126305,Bayswater North,Maroondah,Melbourne - Outer East,Greater Melbourne
2126306,Bayswater North,Maroondah,Melbourne - Outer East,Greater Melbourne
2126307,Bayswater North,Maroondah,Melbourne - Outer East,Greater Melbourne
2126308,Bayswater North,Maroondah,Melbourne - Outer East,Greater Melbourne
2126309,Bayswater North,Maroondah,Melbourne - Outer East,Greater Melbourne
2126310,Bayswater North,Maroondah,Melbourne - Outer East,Greater Melbourne
2126311,Bayswater North,Maroondah,Melbourne - Outer East,Greater Melbourne
2126312,Bayswater North,Maroondah,Melbourne - Outer East,Greater Melbourne
2126313,Bayswater North,Maroondah,Melbourne - Outer East,Greater Melbourne
2126314,Bayswater North,Maroondah,Melbourne - Outer East,Greater Melbourne
2126315,Bayswater North,Maroondah,Melbourne - Outer East,Greater Melbourne
2126316,Bayswater North,Maroondah,Melbourne - Outer East,Greater Melbourne
2126317,Bayswater North,Maroondah,Melbourne - Outer East,Greater Melbourne
2126318,Bayswater North,Maroondah,Melbourne - Outer East,Greater Melbourne
2126319,Bayswater North,Maroondah,Melbourne - Outer East,Greater Melbourne
2126320,Bayswater North,Maroondah,Melbourne - Outer East,Greater Melbourne
2126321,Bayswater North,Maroondah,Melbourne - Outer East,Greater Melbourne
2126322,Bayswater North,Maroondah,Melbourne - Outer East,Greater Melbourne
2126323,Bayswater North,Maroondah,Melbourne - Outer East,Greater Melbourne
2126324,Bayswater North,Maroondah,Melbourne - Outer East,Greater Melbourne
2126325,Bayswater North,Maroondah,Melbourne - Outer East,Greater Melbourne
2126326,Bayswater North,Maroondah,Melbourne - Outer East,Greater Melbourne
2126327,Bayswater North,Maroondah,Melbourne - Outer East,Greater Melbourne
2126328,Bayswater North,Maroondah,Melbourne - Outer East,Greater Melbourne
2126329,Bayswater North,Maroondah,Melbourne - Outer East,Greater Melbourne
2126330,Bayswater North,Maroondah,Melbourne - Outer East,Greater Melbourne
2126401,Croydon,Maroondah,Melbourne - Outer East,Greater Melbourne
2126402,Croydon,Maroondah,Melbourne - Outer East,Greater Melbourne
2126403,Croydon,Maroondah,Melbourne - Outer East,Greater Melbourne
2126404,Croydon,Maroondah,Melbourne - Outer East,Greater Melbourne
2126405,Croydon,Maroondah,Melbourne - Outer East,Greater Melbourne
2126406,Croydon,Maroondah,Melbourne - Outer East,Greater Melbourne
2126407,Croydon,Maroondah,Melbourne - Outer East,Greater Melbourne
2126408,Croydon,Maroondah,Melbourne - Outer East,Greater Melbourne
2126409,Croydon,Maroondah,Melbourne - Outer East,Greater Melbourne
2126410,Croydon,Maroondah,Melbourne - Outer East,Greater Melbourne
2126411,Croydon,Maroondah,Melbourne - Outer East,Greater Melbourne
2126412,Croydon,Maroondah,Melbourne - Outer East,Greater Melbourne
2126413,Croydon,Maroondah,Melbourne - Outer East,Greater Melbourne
2126414,Croydon,Maroondah,Melbourne - Outer East,Greater Melbourne
2126415,Croydon,Maroondah,Melbourne - Outer East,Greater Melbourne
2126416,Croydon,Maroondah,Melbourne - Outer East,Greater Melbourne
2126417,Croydon,Maroondah,Melbourne - Outer East,Greater Melbourne
2126418,Croydon,Maroondah,Melbourne - Outer East,Greater Melbourne
2126419,Croydon,Maroondah,Melbourne - Outer East,Greater Melbourne
2126420,Croydon,Maroondah,Melbourne - Outer East,Greater Melbourne
2126421,Croydon,Maroondah,Melbourne - Outer East,Greater Melbourne
2126422,Croydon,Maroondah,Melbourne - Outer East,Greater Melbourne
2126423,Croydon,Maroondah,Melbourne - Outer East,Greater Melbourne
2126424,Croydon,Maroondah,Melbourne - Outer East,Greater Melbourne
2126425,Croydon,Maroondah,Melbourne - Outer East,Greater Melbourne
2126426,Croydon,Maroondah,Melbourne - Outer East,Greater Melbourne
2126427,Croydon,Maroondah,Melbourne - Outer East,Greater Melbourne
2126428,Croydon,Maroondah,Melbourne - Outer East,Greater Melbourne
2126429,Croydon,Maroondah,Melbourne - Outer East,Greater Melbourne
2126430,Croydon,Maroondah,Melbourne - Outer East,Greater Melbourne
2126431,Croydon,Maroondah,Melbourne - Outer East,Greater Melbourne
2126432,Croydon,Maroondah,Melbourne - Outer East,Greater Melbourne
2126433,Croydon,Maroondah,Melbourne - Outer East,Greater Melbourne
2126434,Croydon,Maroondah,Melbourne - Outer East,Greater Melbourne
2126435,Croydon,Maroondah,Melbourne - Outer East,Greater Melbourne
2126436,Croydon,Maroondah,Melbourne - Outer East,Greater Melbourne
2126437,Croydon,Maroondah,Melbourne - Outer East,Greater Melbourne
2126438,Croydon,Maroondah,Melbourne - Outer East,Greater Melbourne
2126439,Croydon,Maroondah,Melbourne - Outer East,Greater Melbourne
2126440,Croydon,Maroondah,Melbourne - Outer East,Greater Melbourne
2126441,Croydon,Maroondah,Melbourne - Outer East,Greater Melbourne
2126442,Croydon,Maroondah,Melbourne - Outer East,Greater Melbourne
2126443,Croydon,Maroondah,Melbourne - Outer East,Greater Melbourne
2126444,Croydon,Maroondah,Melbourne - Outer East,Greater Melbourne
2126445,Croydon,Maroondah,Melbourne - Outer East,Greater Melbourne
2126446,Croydon,Maroondah,Melbourne - Outer East,Greater Melbourne
2126447,Croydon,Maroondah,Melbourne - Outer East,Greater Melbourne
2126448,Croydon,Maroondah,Melbourne - Outer East,Greater Melbourne
2126449,Croydon,Maroondah,Melbourne - Outer East,Greater Melbourne
2126450,Croydon,Maroondah,Melbourne - Outer East,Greater Melbourne
2126451,Croydon,Maroondah,Melbourne - Outer East,Greater Melbourne
2126452,Croydon,Maroondah,Melbourne - Outer East,Greater Melbourne
2126453,Croydon,Maroondah,Melbourne - Outer East,Greater Melbourne
2126454,Croydon,Maroondah,Melbourne - Outer East,Greater Melbourne
2126455,Croydon,Maroondah,Melbourne - Outer East,Greater Melbourne
2126456,Croydon,Maroondah,Melbourne - Outer East,Greater Melbourne
2126457,Croydon,Maroondah,Melbourne - Outer East,Greater Melbourne
2126458,Croydon,Maroondah,Melbourne - Outer East,Greater Melbourne
2126459,Croydon,Maroondah,Melbourne - Outer East,Greater Melbourne
2126460,Croydon,Maroondah,Melbourne - Outer East,Greater Melbourne
2126461,Croydon,Maroondah,Melbourne - Outer East,Greater Melbourne
2126462,Croydon,Maroondah,Melbourne - Outer East,Greater Melbourne
2126463,Croydon,Maroondah,Melbourne - Outer East,Greater Melbourne
2126464,Croydon,Maroondah,Melbourne - Outer East,Greater Melbourne
2126465,Croydon,Maroondah,Melbourne - Outer East,Greater Melbourne
2126466,Croydon,Maroondah,Melbourne - Outer East,Greater Melbourne
2126467,Croydon,Maroondah,Melbourne - Outer East,Greater Melbourne
2126468,Croydon,Maroondah,Melbourne - Outer East,Greater Melbourne
2126469,Croydon,Maroondah,Melbourne - Outer East,Greater Melbourne
2126470,Croydon,Maroondah,Melbourne - Outer East,Greater Melbourne
2126471,Croydon,Maroondah,Melbourne - Outer East,Greater Melbourne
2126472,Croydon,Maroondah,Melbourne - Outer East,Greater Melbourne
2126473,Croydon,Maroondah,Melbourne - Outer East,Greater Melbourne
2126474,Croydon,Maroondah,Melbourne - Outer East,Greater Melbourne
2126475,Croydon,Maroondah,Melbourne - Outer East,Greater Melbourne
2126476,Croydon,Maroondah,Melbourne - Outer East,Greater Melbourne
2126477,Croydon,Maroondah,Melbourne - Outer East,Greater Melbourne
2126501,Croydon Hills - Warranwood,Maroondah,Melbourne - Outer East,Greater Melbourne
2126502,Croydon Hills - Warranwood,Maroondah,Melbourne - Outer East,Greater Melbourne
2126503,Croydon Hills - Warranwood,Maroondah,Melbourne - Outer East,Greater Melbourne
2126504,Croydon Hills - Warranwood,Maroondah,Melbourne - Outer East,Greater Melbourne
2126505,Croydon Hills - Warranwood,Maroondah,Melbourne - Outer East,Greater Melbourne
2126506,Croydon Hills - Warranwood,Maroondah,Melbourne - Outer East,Greater Melbourne
2126507,Croydon Hills - Warranwood,Maroondah,Melbourne - Outer East,Greater Melbourne
2126508,Croydon Hills - Warranwood,Maroondah,Melbourne - Outer East,Greater Melbourne
2126509,Croydon Hills - Warranwood,Maroondah,Melbourne - Outer East,Greater Melbourne
2126510,Croydon Hills - Warranwood,Maroondah,Melbourne - Outer East,Greater Melbourne
2126511,Croydon Hills - Warranwood,Maroondah,Melbourne - Outer East,Greater Melbourne
2126512,Croydon Hills - Warranwood,Maroondah,Melbourne - Outer East,Greater Melbourne
2126513,Croydon Hills - Warranwood,Maroondah,Melbourne - Outer East,Greater Melbourne
2126514,Croydon Hills - Warranwood,Maroondah,Melbourne - Outer East,Greater Melbourne
2126515,Croydon Hills - Warranwood,Maroondah,Melbourne - Outer East,Greater Melbourne
2126516,Croydon Hills - Warranwood,Maroondah,Melbourne - Outer East,Greater Melbourne
2126517,Croydon Hills - Warranwood,Maroondah,Melbourne - Outer East,Greater Melbourne
2126518,Croydon Hills - Warranwood,Maroondah,Melbourne - Outer East,Greater Melbourne
2126519,Croydon Hills - Warranwood,Maroondah,Melbourne - Outer East,Greater Melbourne
2126520,Croydon Hills - Warranwood,Maroondah,Melbourne - Outer East,Greater Melbourne
2126521,Croydon Hills - Warranwood,Maroondah,Melbourne - Outer East,Greater Melbourne
2126522,Croydon Hills - Warranwood,Maroondah,Melbourne - Outer East,Greater Melbourne
2126523,Croydon Hills - Warranwood,Maroondah,Melbourne - Outer East,Greater Melbourne
2126524,Croydon Hills - Warranwood,Maroondah,Melbourne - Outer East,Greater Melbourne
2126525,Croydon Hills - Warranwood,Maroondah,Melbourne - Outer East,Greater Melbourne
2126526,Croydon Hills - Warranwood,Maroondah,Melbourne - Outer East,Greater Melbourne
2126527,Croydon Hills - Warranwood,Maroondah,Melbourne - Outer East,Greater Melbourne
2126528,Croydon Hills - Warranwood,Maroondah,Melbourne - Outer East,Greater Melbourne
2126529,Croydon Hills - Warranwood,Maroondah,Melbourne - Outer East,Greater Melbourne
2126530,Croydon Hills - Warranwood,Maroondah,Melbourne - Outer East,Greater Melbourne
2126531,Croydon Hills - Warranwood,Maroondah,Melbourne - Outer East,Greater Melbourne
2126532,Croydon Hills - Warranwood,Maroondah,Melbourne - Outer East,Greater Melbourne
2126533,Croydon Hills - Warranwood,Maroondah,Melbourne - Outer East,Greater Melbourne
2126534,Croydon Hills - Warranwood,Maroondah,Melbourne - Outer East,Greater Melbourne
2126535,Croydon Hills - Warranwood,Maroondah,Melbourne - Outer East,Greater Melbourne
2126536,Croydon Hills - Warranwood,Maroondah,Melbourne - Outer East,Greater Melbourne
2126537,Croydon Hills - Warranwood,Maroondah,Melbourne - Outer East,Greater Melbourne
2126538,Croydon Hills - Warranwood,Maroondah,Melbourne - Outer East,Greater Melbourne
2126539,Croydon Hills - Warranwood,Maroondah,Melbourne - Outer East,Greater Melbourne
2126540,Croydon Hills - Warranwood,Maroondah,Melbourne - Outer East,Greater Melbourne
2126541,Croydon Hills - Warranwood,Maroondah,Melbourne - Outer East,Greater Melbourne
2126542,Croydon Hills - Warranwood,Maroondah,Melbourne - Outer East,Greater Melbourne
2126543,Croydon Hills - Warranwood,Maroondah,Melbourne - Outer East,Greater Melbourne
2126544,Croydon Hills - Warranwood,Maroondah,Melbourne - Outer East,Greater Melbourne
2126601,Ringwood,Maroondah,Melbourne - Outer East,Greater Melbourne
2126602,Ringwood,Maroondah,Melbourne - Outer East,Greater Melbourne
2126603,Ringwood,Maroondah,Melbourne - Outer East,Greater Melbourne
2126604,Ringwood,Maroondah,Melbourne - Outer East,Greater Melbourne
2126605,Ringwood,Maroondah,Melbourne - Outer East,Greater Melbourne
2126606,Ringwood,Maroondah,Melbourne - Outer East,Greater Melbourne
2126607,Ringwood,Maroondah,Melbourne - Outer East,Greater Melbourne
2126608,Ringwood,Maroondah,Melbourne - Outer East,Greater Melbourne
2126609,Ringwood,Maroondah,Melbourne - Outer East,Greater Melbourne
2126610,Ringwood,Maroondah,Melbourne - Outer East,Greater Melbourne
2126611,Ringwood,Maroondah,Melbourne - Outer East,Greater Melbourne
2126612,Ringwood,Maroondah,Melbourne - Outer East,Greater Melbourne
2126613,Ringwood,Maroondah,Melbourne - Outer East,Greater Melbourne
2126614,Ringwood,Maroondah,Melbourne - Outer East,Greater Melbourne
2126615,Ringwood,Maroondah,Melbourne - Outer East,Greater Melbourne
2126616,Ringwood,Maroondah,Melbourne - Outer East,Greater Melbourne
2126617,Ringwood,Maroondah,Melbourne - Outer East,Greater Melbourne
2126618,Ringwood,Maroondah,Melbourne - Outer East,Greater Melbourne
2126619,Ringwood,Maroondah,Melbourne - Outer East,Greater Melbourne
2126620,Ringwood,Maroondah,Melbourne - Outer East,Greater Melbourne
2126621,Ringwood,Maroondah,Melbourne - Outer East,Greater Melbourne
2126622,Ringwood,Maroondah,Melbourne - Outer East,Greater Melbourne
2126623,Ringwood,Maroondah,Melbourne - Outer East,Greater Melbourne
2126624,Ringwood,Maroondah,Melbourne - Outer East,Greater Melbourne
2126625,Ringwood,Maroondah,Melbourne - Outer East,Greater Melbourne
2126626,Ringwood,Maroondah,Melbourne - Outer East,Greater Melbourne
2126627,Ringwood,Maroondah,Melbourne - Outer East,Greater Melbourne
2126628,Ringwood,Maroondah,Melbourne - Outer East,Greater Melbourne
2126629,Ringwood,Maroondah,Melbourne - Outer East,Greater Melbourne
2126630,Ringwood,Maroondah,Melbourne - Outer East,Greater Melbourne
2126631,Ringwood,Maroondah,Melbourne - Outer East,Greater Melbourne
2126632,Ringwood,Maroondah,Melbourne - Outer East,Greater Melbourne
2126633,Ringwood,Maroondah,Melbourne - Outer East,Greater Melbourne
2126634,Ringwood,Maroondah,Melbourne - Outer East,Greater Melbourne
2126635,Ringwood,Maroondah,Melbourne - Outer East,Greater Melbourne
2126636,Ringwood,Maroondah,Melbourne - Outer East,Greater Melbourne
2126637,Ringwood,Maroondah,Melbourne - Outer East,Greater Melbourne
2126638,Ringwood,Maroondah,Melbourne - Outer East,Greater Melbourne
2126639,Ringwood,Maroondah,Melbourne - Outer East,Greater Melbourne
2126640,Ringwood,Maroondah,Melbourne - Outer East,Greater Melbourne
2126641,Ringwood,Maroondah,Melbourne - Outer East,Greater Melbourne
2126642,Ringwood,Maroondah,Melbourne - Outer East,Greater Melbourne
2126643,Ringwood,Maroondah,Melbourne - Outer East,Greater Melbourne
2126644,Ringwood,Maroondah,Melbourne - Outer East,Greater Melbourne
2126645,Ringwood,Maroondah,Melbourne - Outer East,Greater Melbourne
2126646,Ringwood,Maroondah,Melbourne - Outer East,Greater Melbourne
2126647,Ringwood,Maroondah,Melbourne - Outer East,Greater Melbourne
2126648,Ringwood,Maroondah,Melbourne - Outer East,Greater Melbourne
2126701,Ringwood East,Maroondah,Melbourne - Outer East,Greater Melbourne
2126702,Ringwood East,Maroondah,Melbourne - Outer East,Greater Melbourne
2126703,Ringwood East,Maroondah,Melbourne - Outer East,Greater Melbourne
2126704,Ringwood East,Maroondah,Melbourne - Outer East,Greater Melbourne
2126705,Ringwood East,Maroondah,Melbourne - Outer East,Greater Melbourne
2126706,Ringwood East,Maroondah,Melbourne - Outer East,Greater Melbourne
2126707,Ringwood East,Maroondah,Melbourne - Outer East,Greater Melbourne
2126708,Ringwood East,Maroondah,Melbourne - Outer East,Greater Melbourne
2126709,Ringwood East,Maroondah,Melbourne - Outer East,Greater Melbourne
2126710,Ringwood East,Maroondah,Melbourne - Outer East,Greater Melbourne
2126711,Ringwood East,Maroondah,Melbourne - Outer East,Greater Melbourne
2126712,Ringwood East,Maroondah,Melbourne - Outer East,Greater Melbourne
2126713,Ringwood East,Maroondah,Melbourne - Outer East,Greater Melbourne
2126714,Ringwood East,Maroondah,Melbourne - Outer East,Greater Melbourne
2126715,Ringwood East,Maroondah,Melbourne - Outer East,Greater Melbourne
2126716,Ringwood East,Maroondah,Melbourne - Outer East,Greater Melbourne
2126717,Ringwood East,Maroondah,Melbourne - Outer East,Greater Melbourne
2126718,Ringwood East,Maroondah,Melbourne - Outer East,Greater Melbourne
2126719,Ringwood East,Maroondah,Melbourne - Outer East,Greater Melbourne
2126720,Ringwood East,Maroondah,Melbourne - Outer East,Greater Melbourne
2126721,Ringwood East,Maroondah,Melbourne - Outer East,Greater Melbourne
2126722,Ringwood East,Maroondah,Melbourne - Outer East,Greater Melbourne
2126723,Ringwood East,Maroondah,Melbourne - Outer East,Greater Melbourne
2126724,Ringwood East,Maroondah,Melbourne - Outer East,Greater Melbourne
2126725,Ringwood East,Maroondah,Melbourne - Outer East,Greater Melbourne
2126726,Ringwood East,Maroondah,Melbourne - Outer East,Greater Melbourne
2126727,Ringwood East,Maroondah,Melbourne - Outer East,Greater Melbourne
2126728,Ringwood East,Maroondah,Melbourne - Outer East,Greater Melbourne
2126729,Ringwood East,Maroondah,Melbourne - Outer East,Greater Melbourne
2126730,Ringwood East,Maroondah,Melbourne - Outer East,Greater Melbourne
2126731,Ringwood East,Maroondah,Melbourne - Outer East,Greater Melbourne
2126732,Ringwood East,Maroondah,Melbourne - Outer East,Greater Melbourne
2126733,Ringwood East,Maroondah,Melbourne - Outer East,Greater Melbourne
2126734,Ringwood East,Maroondah,Melbourne - Outer East,Greater Melbourne
2126735,Ringwood East,Maroondah,Melbourne - Outer East,Greater Melbourne
2126736,Ringwood East,Maroondah,Melbourne - Outer East,Greater Melbourne
2126737,Ringwood East,Maroondah,Melbourne - Outer East,Greater Melbourne
2126738,Ringwood East,Maroondah,Melbourne - Outer East,Greater Melbourne
2126739,Ringwood East,Maroondah,Melbourne - Outer East,Greater Melbourne
2126740,Ringwood East,Maroondah,Melbourne - Outer East,Greater Melbourne
2126741,Ringwood East,Maroondah,Melbourne - Outer East,Greater Melbourne
2126742,Ringwood East,Maroondah,Melbourne - Outer East,Greater Melbourne
2126743,Ringwood East,Maroondah,Melbourne - Outer East,Greater Melbourne
2126744,Ringwood East,Maroondah,Melbourne - Outer East,Greater Melbourne
2126745,Ringwood East,Maroondah,Melbourne - Outer East,Greater Melbourne
2126746,Ringwood East,Maroondah,Melbourne - Outer East,Greater Melbourne
2126747,Ringwood East,Maroondah,Melbourne - Outer East,Greater Melbourne
2126801,Ringwood North,Maroondah,Melbourne - Outer East,Greater Melbourne
2126802,Ringwood North,Maroondah,Melbourne - Outer East,Greater Melbourne
2126803,Ringwood North,Maroondah,Melbourne - Outer East,Greater Melbourne
2126804,Ringwood North,Maroondah,Melbourne - Outer East,Greater Melbourne
2126805,Ringwood North,Maroondah,Melbourne - Outer East,Greater Melbourne
2126806,Ringwood North,Maroondah,Melbourne - Outer East,Greater Melbourne
2126807,Ringwood North,Maroondah,Melbourne - Outer East,Greater Melbourne
2126808,Ringwood North,Maroondah,Melbourne - Outer East,Greater Melbourne
2126809,Ringwood North,Maroondah,Melbourne - Outer East,Greater Melbourne
2126810,Ringwood North,Maroondah,Melbourne - Outer East,Greater Melbourne
2126811,Ringwood North,Maroondah,Melbourne - Outer East,Greater Melbourne
2126812,Ringwood North,Maroondah,Melbourne - Outer East,Greater Melbourne
2126813,Ringwood North,Maroondah,Melbourne - Outer East,Greater Melbourne
2126814,Ringwood North,Maroondah,Melbourne - Outer East,Greater Melbourne
2126815,Ringwood North,Maroondah,Melbourne - Outer East,Greater Melbourne
2126816,Ringwood North,Maroondah,Melbourne - Outer East,Greater Melbourne
2126817,Ringwood North,Maroondah,Melbourne - Outer East,Greater Melbourne
2126818,Ringwood North,Maroondah,Melbourne - Outer East,Greater Melbourne
2126819,Ringwood North,Maroondah,Melbourne - Outer East,Greater Melbourne
2126820,Ringwood North,Maroondah,Melbourne - Outer East,Greater Melbourne
2126821,Ringwood North,Maroondah,Melbourne - Outer East,Greater Melbourne
2126822,Ringwood North,Maroondah,Melbourne - Outer East,Greater Melbourne
2126823,Ringwood North,Maroondah,Melbourne - Outer East,Greater Melbourne
2126901,Forest Hill,Whitehorse - East,Melbourne - Outer East,Greater Melbourne
2126902,Forest Hill,Whitehorse - East,Melbourne - Outer East,Greater Melbourne
2126903,Forest Hill,Whitehorse - East,Melbourne - Outer East,Greater Melbourne
2126904,Forest Hill,Whitehorse - East,Melbourne - Outer East,Greater Melbourne
2126905,Forest Hill,Whitehorse - East,Melbourne - Outer East,Greater Melbourne
2126906,Forest Hill,Whitehorse - East,Melbourne - Outer East,Greater Melbourne
2126907,Forest Hill,Whitehorse - East,Melbourne - Outer East,Greater Melbourne
2126908,Forest Hill,Whitehorse - East,Melbourne - Outer East,Greater Melbourne
2126909,Forest Hill,Whitehorse - East,Melbourne - Outer East,Greater Melbourne
2126910,Forest Hill,Whitehorse - East,Melbourne - Outer East,Greater Melbourne
2126911,Forest Hill,Whitehorse - East,Melbourne - Outer East,Greater Melbourne
2126912,Forest Hill,Whitehorse - East,Melbourne - Outer East,Greater Melbourne
2126913,Forest Hill,Whitehorse - East,Melbourne - Outer East,Greater Melbourne
2126914,Forest Hill,Whitehorse - East,Melbourne - Outer East,Greater Melbourne
2126915,Forest Hill,Whitehorse - East,Melbourne - Outer East,Greater Melbourne
2126916,Forest Hill,Whitehorse - East,Melbourne - Outer East,Greater Melbourne
2126917,Forest Hill,Whitehorse - East,Melbourne - Outer East,Greater Melbourne
2126918,Forest Hill,Whitehorse - East,Melbourne - Outer East,Greater Melbourne
2126919,Forest Hill,Whitehorse - East,Melbourne - Outer East,Greater Melbourne
2126920,Forest Hill,Whitehorse - East,Melbourne - Outer East,Greater Melbourne
2126921,Forest Hill,Whitehorse - East,Melbourne - Outer East,Greater Melbourne
2126922,Forest Hill,Whitehorse - East,Melbourne - Outer East,Greater Melbourne
2127001,Mitcham (Vic.),Whitehorse - East,Melbourne - Outer East,Greater Melbourne
2127002,Mitcham (Vic.),Whitehorse - East,Melbourne - Outer East,Greater Melbourne
2127003,Mitcham (Vic.),Whitehorse - East,Melbourne - Outer East,Greater Melbourne
2127004,Mitcham (Vic.),Whitehorse - East,Melbourne - Outer East,Greater Melbourne
2127005,Mitcham (Vic.),Whitehorse - East,Melbourne - Outer East,Greater Melbourne
2127006,Mitcham (Vic.),Whitehorse - East,Melbourne - Outer East,Greater Melbourne
2127007,Mitcham (Vic.),Whitehorse - East,Melbourne - Outer East,Greater Melbourne
2127008,Mitcham (Vic.),Whitehorse - East,Melbourne - Outer East,Greater Melbourne
2127009,Mitcham (Vic.),Whitehorse - East,Melbourne - Outer East,Greater Melbourne
2127010,Mitcham (Vic.),Whitehorse - East,Melbourne - Outer East,Greater Melbourne
2127011,Mitcham (Vic.),Whitehorse - East,Melbourne - Outer East,Greater Melbourne
2127012,Mitcham (Vic.),Whitehorse - East,Melbourne - Outer East,Greater Melbourne
2127013,Mitcham (Vic.),Whitehorse - East,Melbourne - Outer East,Greater Melbourne
2127014,Mitcham (Vic.),Whitehorse - East,Melbourne - Outer East,Greater Melbourne
2127015,Mitcham (Vic.),Whitehorse - East,Melbourne - Outer East,Greater Melbourne
2127016,Mitcham (Vic.),Whitehorse - East,Melbourne - Outer East,Greater Melbourne
2127017,Mitcham (Vic.),Whitehorse - East,Melbourne - Outer East,Greater Melbourne
2127018,Mitcham (Vic.),Whitehorse - East,Melbourne - Outer East,Greater Melbourne
2127019,Mitcham (Vic.),Whitehorse - East,Melbourne - Outer East,Greater Melbourne
2127020,Mitcham (Vic.),Whitehorse - East,Melbourne - Outer East,Greater Melbourne
2127021,Mitcham (Vic.),Whitehorse - East,Melbourne - Outer East,Greater Melbourne
2127022,Mitcham (Vic.),Whitehorse - East,Melbourne - Outer East,Greater Melbourne
2127023,Mitcham (Vic.),Whitehorse - East,Melbourne - Outer East,Greater Melbourne
2127024,Mitcham (Vic.),Whitehorse - East,Melbourne - Outer East,Greater Melbourne
2127025,Mitcham (Vic.),Whitehorse - East,Melbourne - Outer East,Greater Melbourne
2127026,Mitcham (Vic.),Whitehorse - East,Melbourne - Outer East,Greater Melbourne
2127027,Mitcham (Vic.),Whitehorse - East,Melbourne - Outer East,Greater Melbourne
2127028,Mitcham (Vic.),Whitehorse - East,Melbourne - Outer East,Greater Melbourne
2127029,Mitcham (Vic.),Whitehorse - East,Melbourne - Outer East,Greater Melbourne
2127030,Mitcham (Vic.),Whitehorse - East,Melbourne - Outer East,Greater Melbourne
2127031,Mitcham (Vic.),Whitehorse - East,Melbourne - Outer East,Greater Melbourne
2127032,Mitcham (Vic.),Whitehorse - East,Melbourne - Outer East,Greater Melbourne
2127033,Mitcham (Vic.),Whitehorse - East,Melbourne - Outer East,Greater Melbourne
2127034,Mitcham (Vic.),Whitehorse - East,Melbourne - Outer East,Greater Melbourne
2127035,Mitcham (Vic.),Whitehorse - East,Melbourne - Outer East,Greater Melbourne
2127036,Mitcham (Vic.),Whitehorse - East,Melbourne - Outer East,Greater Melbourne
2127037,Mitcham (Vic.),Whitehorse - East,Melbourne - Outer East,Greater Melbourne
2127038,Mitcham (Vic.),Whitehorse - East,Melbourne - Outer East,Greater Melbourne
2127039,Mitcham (Vic.),Whitehorse - East,Melbourne - Outer East,Greater Melbourne
2127040,Mitcham (Vic.),Whitehorse - East,Melbourne - Outer East,Greater Melbourne
2127101,Nunawading,Whitehorse - East,Melbourne - Outer East,Greater Melbourne
2127102,Nunawading,Whitehorse - East,Melbourne - Outer East,Greater Melbourne
2127103,Nunawading,Whitehorse - East,Melbourne - Outer East,Greater Melbourne
2127104,Nunawading,Whitehorse - East,Melbourne - Outer East,Greater Melbourne
2127105,Nunawading,Whitehorse - East,Melbourne - Outer East,Greater Melbourne
2127106,Nunawading,Whitehorse - East,Melbourne - Outer East,Greater Melbourne
2127107,Nunawading,Whitehorse - East,Melbourne - Outer East,Greater Melbourne
2127108,Nunawading,Whitehorse - East,Melbourne - Outer East,Greater Melbourne
2127109,Nunawading,Whitehorse - East,Melbourne - Outer East,Greater Melbourne
2127110,Nunawading,Whitehorse - East,Melbourne - Outer East,Greater Melbourne
2127111,Nunawading,Whitehorse - East,Melbourne - Outer East,Greater Melbourne
2127112,Nunawading,Whitehorse - East,Melbourne - Outer East,Greater Melbourne
2127113,Nunawading,Whitehorse - East,Melbourne - Outer East,Greater Melbourne
2127114,Nunawading,Whitehorse - East,Melbourne - Outer East,Greater Melbourne
2127115,Nunawading,Whitehorse - East,Melbourne - Outer East,Greater Melbourne
2127116,Nunawading,Whitehorse - East,Melbourne - Outer East,Greater Melbourne
2127117,Nunawading,Whitehorse - East,Melbourne - Outer East,Greater Melbourne
2127118,Nunawading,Whitehorse - East,Melbourne - Outer East,Greater Melbourne
2127119,Nunawading,Whitehorse - East,Melbourne - Outer East,Greater Melbourne
2127120,Nunawading,Whitehorse - East,Melbourne - Outer East,Greater Melbourne
2127121,Nunawading,Whitehorse - East,Melbourne - Outer East,Greater Melbourne
2127122,Nunawading,Whitehorse - East,Melbourne - Outer East,Greater Melbourne
2127123,Nunawading,Whitehorse - East,Melbourne - Outer East,Greater Melbourne
2127124,Nunawading,Whitehorse - East,Melbourne - Outer East,Greater Melbourne
2127125,Nunawading,Whitehorse - East,Melbourne - Outer East,Greater Melbourne
2127126,Nunawading,Whitehorse - East,Melbourne - Outer East,Greater Melbourne
2127127,Nunawading,Whitehorse - East,Melbourne - Outer East,Greater Melbourne
2127128,Nunawading,Whitehorse - East,Melbourne - Outer East,Greater Melbourne
2127129,Nunawading,Whitehorse - East,Melbourne - Outer East,Greater Melbourne
2127201,Vermont,Whitehorse - East,Melbourne - Outer East,Greater Melbourne
2127202,Vermont,Whitehorse - East,Melbourne - Outer East,Greater Melbourne
2127203,Vermont,Whitehorse - East,Melbourne - Outer East,Greater Melbourne
2127204,Vermont,Whitehorse - East,Melbourne - Outer East,Greater Melbourne
2127205,Vermont,Whitehorse - East,Melbourne - Outer East,Greater Melbourne
2127206,Vermont,Whitehorse - East,Melbourne - Outer East,Greater Melbourne
2127207,Vermont,Whitehorse - East,Melbourne - Outer East,Greater Melbourne
2127208,Vermont,Whitehorse - East,Melbourne - Outer East,Greater Melbourne
2127209,Vermont,Whitehorse - East,Melbourne - Outer East,Greater Melbourne
2127210,Vermont,Whitehorse - East,Melbourne - Outer East,Greater Melbourne
2127211,Vermont,Whitehorse - East,Melbourne - Outer East,Greater Melbourne
2127212,Vermont,Whitehorse - East,Melbourne - Outer East,Greater Melbourne
2127213,Vermont,Whitehorse - East,Melbourne - Outer East,Greater Melbourne
2127214,Vermont,Whitehorse - East,Melbourne - Outer East,Greater Melbourne
2127215,Vermont,Whitehorse - East,Melbourne - Outer East,Greater Melbourne
2127216,Vermont,Whitehorse - East,Melbourne - Outer East,Greater Melbourne
2127217,Vermont,Whitehorse - East,Melbourne - Outer East,Greater Melbourne
2127218,Vermont,Whitehorse - East,Melbourne - Outer East,Greater Melbourne
2127219,Vermont,Whitehorse - East,Melbourne - Outer East,Greater Melbourne
2127220,Vermont,Whitehorse - East,Melbourne - Outer East,Greater Melbourne
2127221,Vermont,Whitehorse - East,Melbourne - Outer East,Greater Melbourne
2127222,Vermont,Whitehorse - East,Melbourne - Outer East,Greater Melbourne
2127223,Vermont,Whitehorse - East,Melbourne - Outer East,Greater Melbourne
2127224,Vermont,Whitehorse - East,Melbourne - Outer East,Greater Melbourne
2127225,Vermont,Whitehorse - East,Melbourne - Outer East,Greater Melbourne
2127301,Vermont South,Whitehorse - East,Melbourne - Outer East,Greater Melbourne
2127302,Vermont South,Whitehorse - East,Melbourne - Outer East,Greater Melbourne
2127303,Vermont South,Whitehorse - East,Melbourne - Outer East,Greater Melbourne
2127304,Vermont South,Whitehorse - East,Melbourne - Outer East,Greater Melbourne
2127305,Vermont South,Whitehorse - East,Melbourne - Outer East,Greater Melbourne
2127306,Vermont South,Whitehorse - East,Melbourne - Outer East,Greater Melbourne
2127307,Vermont South,Whitehorse - East,Melbourne - Outer East,Greater Melbourne
2127308,Vermont South,Whitehorse - East,Melbourne - Outer East,Greater Melbourne
2127309,Vermont South,Whitehorse - East,Melbourne - Outer East,Greater Melbourne
2127310,Vermont South,Whitehorse - East,Melbourne - Outer East,Greater Melbourne
2127311,Vermont South,Whitehorse - East,Melbourne - Outer East,Greater Melbourne
2127312,Vermont South,Whitehorse - East,Melbourne - Outer East,Greater Melbourne
2127313,Vermont South,Whitehorse - East,Melbourne - Outer East,Greater Melbourne
2127314,Vermont South,Whitehorse - East,Melbourne - Outer East,Greater Melbourne
2127315,Vermont South,Whitehorse - East,Melbourne - Outer East,Greater Melbourne
2127316,Vermont South,Whitehorse - East,Melbourne - Outer East,Greater Melbourne
2127317,Vermont South,Whitehorse - East,Melbourne - Outer East,Greater Melbourne
2127318,Vermont South,Whitehorse - East,Melbourne - Outer East,Greater Melbourne
2127319,Vermont South,Whitehorse - East,Melbourne - Outer East,Greater Melbourne
2127320,Vermont South,Whitehorse - East,Melbourne - Outer East,Greater Melbourne
2127321,Vermont South,Whitehorse - East,Melbourne - Outer East,Greater Melbourne
2127322,Vermont South,Whitehorse - East,Melbourne - Outer East,Greater Melbourne
2127323,Vermont South,Whitehorse - East,Melbourne - Outer East,Greater Melbourne
2127324,Vermont South,Whitehorse - East,Melbourne - Outer East,Greater Melbourne
2127325,Vermont South,Whitehorse - East,Melbourne - Outer East,Greater Melbourne
2127326,Vermont South,Whitehorse - East,Melbourne - Outer East,Greater Melbourne
2127327,Vermont South,Whitehorse - East,Melbourne - Outer East,Greater Melbourne
2127328,Vermont South,Whitehorse - East,Melbourne - Outer East,Greater Melbourne
2127329,Vermont South,Whitehorse - East,Melbourne - Outer East,Greater Melbourne
2127330,Vermont South,Whitehorse - East,Melbourne - Outer East,Greater Melbourne
2127401,Belgrave - Selby,Yarra Ranges,Melbourne - Outer East,Greater Melbourne
2127402,Belgrave - Selby,Yarra Ranges,Melbourne - Outer East,Greater Melbourne
2127403,Belgrave - Selby,Yarra Ranges,Melbourne - Outer East,Greater Melbourne
2127404,Belgrave - Selby,Yarra Ranges,Melbourne - Outer East,Greater Melbourne
2127405,Belgrave - Selby,Yarra Ranges,Melbourne - Outer East,Greater Melbourne
2127406,Belgrave - Selby,Yarra Ranges,Melbourne - Outer East,Greater Melbourne
2127407,Belgrave - Selby,Yarra Ranges,Melbourne - Outer East,Greater Melbourne
2127408,Belgrave - Selby,Yarra Ranges,Melbourne - Outer East,Greater Melbourne
2127409,Belgrave - Selby,Yarra Ranges,Melbourne - Outer East,Greater Melbourne
2127410,Belgrave - Selby,Yarra Ranges,Melbourne - Outer East,Greater Melbourne
2127411,Belgrave - Selby,Yarra Ranges,Melbourne - Outer East,Greater Melbourne
2127412,Belgrave - Selby,Yarra Ranges,Melbourne - Outer East,Greater Melbourne
2127413,Belgrave - Selby,Yarra Ranges,Melbourne - Outer East,Greater Melbourne
2127414,Belgrave - Selby,Yarra Ranges,Melbourne - Outer East,Greater Melbourne
2127415,Belgrave - Selby,Yarra Ranges,Melbourne - Outer East,Greater Melbourne
2127416,Belgrave - Selby,Yarra Ranges,Melbourne - Outer East,Greater Melbourne
2127417,Belgrave - Selby,Yarra Ranges,Melbourne - Outer East,Greater Melbourne
2127418,Belgrave - Selby,Yarra Ranges,Melbourne - Outer East,Greater Melbourne
2127419,Belgrave - Selby,Yarra Ranges,Melbourne - Outer East,Greater Melbourne
2127420,Belgrave - Selby,Yarra Ranges,Melbourne - Outer East,Greater Melbourne
2127421,Belgrave - Selby,Yarra Ranges,Melbourne - Outer East,Greater Melbourne
2127422,Belgrave - Selby,Yarra Ranges,Melbourne - Outer East,Greater Melbourne
2127423,Belgrave - Selby,Yarra Ranges,Melbourne - Outer East,Greater Melbourne
2127424,Belgrave - Selby,Yarra Ranges,Melbourne - Outer East,Greater Melbourne
2127425,Belgrave - Selby,Yarra Ranges,Melbourne - Outer East,Greater Melbourne
2127426,Belgrave - Selby,Yarra Ranges,Melbourne - Outer East,Greater Melbourne
2127427,Belgrave - Selby,Yarra Ranges,Melbourne - Outer East,Greater Melbourne
2127428,Belgrave - Selby,Yarra Ranges,Melbourne - Outer East,Greater Melbourne
2127429,Belgrave - Selby,Yarra Ranges,Melbourne - Outer East,Greater Melbourne
2127430,Belgrave - Selby,Yarra Ranges,Melbourne - Outer East,Greater Melbourne
2127431,Belgrave - Selby,Yarra Ranges,Melbourne - Outer East,Greater Melbourne
2127501,Chirnside Park,Yarra Ranges,Melbourne - Outer East,Greater Melbourne
2127502,Chirnside Park,Yarra Ranges,Melbourne - Outer East,Greater Melbourne
2127503,Chirnside Park,Yarra Ranges,Melbourne - Outer East,Greater Melbourne
2127504,Chirnside Park,Yarra Ranges,Melbourne - Outer East,Greater Melbourne
2127505,Chirnside Park,Yarra Ranges,Melbourne - Outer East,Greater Melbourne
2127506,Chirnside Park,Yarra Ranges,Melbourne - Outer East,Greater Melbourne
2127507,Chirnside Park,Yarra Ranges,Melbourne - Outer East,Greater Melbourne
2127508,Chirnside Park,Yarra Ranges,Melbourne - Outer East,Greater Melbourne
2127509,Chirnside Park,Yarra Ranges,Melbourne - Outer East,Greater Melbourne
2127510,Chirnside Park,Yarra Ranges,Melbourne - Outer East,Greater Melbourne
2127511,Chirnside Park,Yarra Ranges,Melbourne - Outer East,Greater Melbourne
2127512,Chirnside Park,Yarra Ranges,Melbourne - Outer East,Greater Melbourne
2127513,Chirnside Park,Yarra Ranges,Melbourne - Outer East,Greater Melbourne
2127514,Chirnside Park,Yarra Ranges,Melbourne - Outer East,Greater Melbourne
2127515,Chirnside Park,Yarra Ranges,Melbourne - Outer East,Greater Melbourne
2127516,Chirnside Park,Yarra Ranges,Melbourne - Outer East,Greater Melbourne
2127517,Chirnside Park,Yarra Ranges,Melbourne - Outer East,Greater Melbourne
2127518,Chirnside Park,Yarra Ranges,Melbourne - Outer East,Greater Melbourne
2127519,Chirnside Park,Yarra Ranges,Melbourne - Outer East,Greater Melbourne
2127520,Chirnside Park,Yarra Ranges,Melbourne - Outer East,Greater Melbourne
2127521,Chirnside Park,Yarra Ranges,Melbourne - Outer East,Greater Melbourne
2127522,Chirnside Park,Yarra Ranges,Melbourne - Outer East,Greater Melbourne
2127523,Chirnside Park,Yarra Ranges,Melbourne - Outer East,Greater Melbourne
2127524,Chirnside Park,Yarra Ranges,Melbourne - Outer East,Greater Melbourne
2127525,Chirnside Park,Yarra Ranges,Melbourne - Outer East,Greater Melbourne
2127601,Healesville - Yarra Glen,Yarra Ranges,Melbourne - Outer East,Greater Melbourne
2127602,Healesville - Yarra Glen,Yarra Ranges,Melbourne - Outer East,Greater Melbourne
2127603,Healesville - Yarra Glen,Yarra Ranges,Melbourne - Outer East,Greater Melbourne
2127604,Healesville - Yarra Glen,Yarra Ranges,Melbourne - Outer East,Greater Melbourne
2127605,Healesville - Yarra Glen,Yarra Ranges,Melbourne - Outer East,Greater Melbourne
2127606,Healesville - Yarra Glen,Yarra Ranges,Melbourne - Outer East,Greater Melbourne
2127607,Healesville - Yarra Glen,Yarra Ranges,Melbourne - Outer East,Greater Melbourne
2127608,Healesville - Yarra Glen,Yarra Ranges,Melbourne - Outer East,Greater Melbourne
2127609,Healesville - Yarra Glen,Yarra Ranges,Melbourne - Outer East,Greater Melbourne
2127610,Healesville - Yarra Glen,Yarra Ranges,Melbourne - Outer East,Greater Melbourne
2127611,Healesville - Yarra Glen,Yarra Ranges,Melbourne - Outer East,Greater Melbourne
2127612,Healesville - Yarra Glen,Yarra Ranges,Melbourne - Outer East,Greater Melbourne
2127613,Healesville - Yarra Glen,Yarra Ranges,Melbourne - Outer East,Greater Melbourne
2127614,Healesville - Yarra Glen,Yarra Ranges,Melbourne - Outer East,Greater Melbourne
2127615,Healesville - Yarra Glen,Yarra Ranges,Melbourne - Outer East,Greater Melbourne
2127616,Healesville - Yarra Glen,Yarra Ranges,Melbourne - Outer East,Greater Melbourne
2127617,Healesville - Yarra Glen,Yarra Ranges,Melbourne - Outer East,Greater Melbourne
2127618,Healesville - Yarra Glen,Yarra Ranges,Melbourne - Outer East,Greater Melbourne
2127619,Healesville - Yarra Glen,Yarra Ranges,Melbourne - Outer East,Greater Melbourne
2127620,Healesville - Yarra Glen,Yarra Ranges,Melbourne - Outer East,Greater Melbourne
2127621,Healesville - Yarra Glen,Yarra Ranges,Melbourne - Outer East,Greater Melbourne
2127622,Healesville - Yarra Glen,Yarra Ranges,Melbourne - Outer East,Greater Melbourne
2127623,Healesville - Yarra Glen,Yarra Ranges,Melbourne - Outer East,Greater Melbourne
2127624,Healesville - Yarra Glen,Yarra Ranges,Melbourne - Outer East,Greater Melbourne
2127625,Healesville - Yarra Glen,Yarra Ranges,Melbourne - Outer East,Greater Melbourne
2127626,Healesville - Yarra Glen,Yarra Ranges,Melbourne - Outer East,Greater Melbourne
2127627,Healesville - Yarra Glen,Yarra Ranges,Melbourne - Outer East,Greater Melbourne
2127628,Healesville - Yarra Glen,Yarra Ranges,Melbourne - Outer East,Greater Melbourne
2127629,Healesville - Yarra Glen,Yarra Ranges,Melbourne - Outer East,Greater Melbourne
2127630,Healesville - Yarra Glen,Yarra Ranges,Melbourne - Outer East,Greater Melbourne
2127631,Healesville - Yarra Glen,Yarra Ranges,Melbourne - Outer East,Greater Melbourne
2127632,Healesville - Yarra Glen,Yarra Ranges,Melbourne - Outer East,Greater Melbourne
2127633,Healesville - Yarra Glen,Yarra Ranges,Melbourne - Outer East,Greater Melbourne
2127634,Healesville - Yarra Glen,Yarra Ranges,Melbourne - Outer East,Greater Melbourne
2127635,Healesville - Yarra Glen,Yarra Ranges,Melbourne - Outer East,Greater Melbourne
2127701,Kilsyth,Yarra Ranges,Melbourne - Outer East,Greater Melbourne
2127702,Kilsyth,Yarra Ranges,Melbourne - Outer East,Greater Melbourne
2127703,Kilsyth,Yarra Ranges,Melbourne - Outer East,Greater Melbourne
2127704,Kilsyth,Yarra Ranges,Melbourne - Outer East,Greater Melbourne
2127705,Kilsyth,Yarra Ranges,Melbourne - Outer East,Greater Melbourne
2127706,Kilsyth,Yarra Ranges,Melbourne - Outer East,Greater Melbourne
2127707,Kilsyth,Yarra Ranges,Melbourne - Outer East,Greater Melbourne
2127708,Kilsyth,Yarra Ranges,Melbourne - Outer East,Greater Melbourne
2127709,Kilsyth,Yarra Ranges,Melbourne - Outer East,Greater Melbourne
2127710,Kilsyth,Yarra Ranges,Melbourne - Outer East,Greater Melbourne
2127711,Kilsyth,Yarra Ranges,Melbourne - Outer East,Greater Melbourne
2127712,Kilsyth,Yarra Ranges,Melbourne - Outer East,Greater Melbourne
2127713,Kilsyth,Yarra Ranges,Melbourne - Outer East,Greater Melbourne
2127714,Kilsyth,Yarra Ranges,Melbourne - Outer East,Greater Melbourne
2127715,Kilsyth,Yarra Ranges,Melbourne - Outer East,Greater Melbourne
2127716,Kilsyth,Yarra Ranges,Melbourne - Outer East,Greater Melbourne
2127717,Kilsyth,Yarra Ranges,Melbourne - Outer East,Greater Melbourne
2127718,Kilsyth,Yarra Ranges,Melbourne - Outer East,Greater Melbourne
2127719,Kilsyth,Yarra Ranges,Melbourne - Outer East,Greater Melbourne
2127720,Kilsyth,Yarra Ranges,Melbourne - Outer East,Greater Melbourne
2127801,Lilydale - Coldstream,Yarra Ranges,Melbourne - Outer East,Greater Melbourne
2127802,Lilydale - Coldstream,Yarra Ranges,Melbourne - Outer East,Greater Melbourne
2127803,Lilydale - Coldstream,Yarra Ranges,Melbourne - Outer East,Greater Melbourne
2127804,Lilydale - Coldstream,Yarra Ranges,Melbourne - Outer East,Greater Melbourne
2127805,Lilydale - Coldstream,Yarra Ranges,Melbourne - Outer East,Greater Melbourne
2127806,Lilydale - Coldstream,Yarra Ranges,Melbourne - Outer East,Greater Melbourne
2127807,Lilydale - Coldstream,Yarra Ranges,Melbourne - Outer East,Greater Melbourne
2127808,Lilydale - Coldstream,Yarra Ranges,Melbourne - Outer East,Greater Melbourne
2127809,Lilydale - Coldstream,Yarra Ranges,Melbourne - Outer East,Greater Melbourne
2127810,Lilydale - Coldstream,Yarra Ranges,Melbourne - Outer East,Greater Melbourne
2127811,Lilydale - Coldstream,Yarra Ranges,Melbourne - Outer East,Greater Melbourne
2127812,Lilydale - Coldstream,Yarra Ranges,Melbourne - Outer East,Greater Melbourne
2127813,Lilydale - Coldstream,Yarra Ranges,Melbourne - Outer East,Greater Melbourne
2127814,Lilydale - Coldstream,Yarra Ranges,Melbourne - Outer East,Greater Melbourne
2127815,Lilydale - Coldstream,Yarra Ranges,Melbourne - Outer East,Greater Melbourne
2127816,Lilydale - Coldstream,Yarra Ranges,Melbourne - Outer East,Greater Melbourne
2127817,Lilydale - Coldstream,Yarra Ranges,Melbourne - Outer East,Greater Melbourne
2127818,Lilydale - Coldstream,Yarra Ranges,Melbourne - Outer East,Greater Melbourne
2127819,Lilydale - Coldstream,Yarra Ranges,Melbourne - Outer East,Greater Melbourne
2127820,Lilydale - Coldstream,Yarra Ranges,Melbourne - Outer East,Greater Melbourne
2127821,Lilydale - Coldstream,Yarra Ranges,Melbourne - Outer East,Greater Melbourne
2127822,Lilydale - Coldstream,Yarra Ranges,Melbourne - Outer East,Greater Melbourne
2127823,Lilydale - Coldstream,Yarra Ranges,Melbourne - Outer East,Greater Melbourne
2127824,Lilydale - Coldstream,Yarra Ranges,Melbourne - Outer East,Greater Melbourne
2127825,Lilydale - Coldstream,Yarra Ranges,Melbourne - Outer East,Greater Melbourne
2127826,Lilydale - Coldstream,Yarra Ranges,Melbourne - Outer East,Greater Melbourne
2127827,Lilydale - Coldstream,Yarra Ranges,Melbourne - Outer East,Greater Melbourne
2127828,Lilydale - Coldstream,Yarra Ranges,Melbourne - Outer East,Greater Melbourne
2127829,Lilydale - Coldstream,Yarra Ranges,Melbourne - Outer East,Greater Melbourne
2127830,Lilydale - Coldstream,Yarra Ranges,Melbourne - Outer East,Greater Melbourne
2127831,Lilydale - Coldstream,Yarra Ranges,Melbourne - Outer East,Greater Melbourne
2127832,Lilydale - Coldstream,Yarra Ranges,Melbourne - Outer East,Greater Melbourne
2127833,Lilydale - Coldstream,Yarra Ranges,Melbourne - Outer East,Greater Melbourne
2127834,Lilydale - Coldstream,Yarra Ranges,Melbourne - Outer East,Greater Melbourne
2127835,Lilydale - Coldstream,Yarra Ranges,Melbourne - Outer East,Greater Melbourne
2127836,Lilydale - Coldstream,Yarra Ranges,Melbourne - Outer East,Greater Melbourne
2127837,Lilydale - Coldstream,Yarra Ranges,Melbourne - Outer East,Greater Melbourne
2127838,Lilydale - Coldstream,Yarra Ranges,Melbourne - Outer East,Greater Melbourne
2127839,Lilydale - Coldstream,Yarra Ranges,Melbourne - Outer East,Greater Melbourne
2127840,Lilydale - Coldstream,Yarra Ranges,Melbourne - Outer East,Greater Melbourne
2127841,Lilydale - Coldstream,Yarra Ranges,Melbourne - Outer East,Greater Melbourne
2127842,Lilydale - Coldstream,Yarra Ranges,Melbourne - Outer East,Greater Melbourne
2127843,Lilydale - Coldstream,Yarra Ranges,Melbourne - Outer East,Greater Melbourne
2127844,Lilydale - Coldstream,Yarra Ranges,Melbourne - Outer East,Greater Melbourne
2127845,Lilydale - Coldstream,Yarra Ranges,Melbourne - Outer East,Greater Melbourne
2127846,Lilydale - Coldstream,Yarra Ranges,Melbourne - Outer East,Greater Melbourne
2127847,Lilydale - Coldstream,Yarra Ranges,Melbourne - Outer East,Greater Melbourne
2127901,Monbulk - Silvan,Yarra Ranges,Melbourne - Outer East,Greater Melbourne
2127902,Monbulk - Silvan,Yarra Ranges,Melbourne - Outer East,Greater Melbourne
2127903,Monbulk - Silvan,Yarra Ranges,Melbourne - Outer East,Greater Melbourne
2127904,Monbulk - Silvan,Yarra Ranges,Melbourne - Outer East,Greater Melbourne
2127905,Monbulk - Silvan,Yarra Ranges,Melbourne - Outer East,Greater Melbourne
2127906,Monbulk - Silvan,Yarra Ranges,Melbourne - Outer East,Greater Melbourne
2127907,Monbulk - Silvan,Yarra Ranges,Melbourne - Outer East,Greater Melbourne
2127908,Monbulk - Silvan,Yarra Ranges,Melbourne - Outer East,Greater Melbourne
2127909,Monbulk - Silvan,Yarra Ranges,Melbourne - Outer East,Greater Melbourne
2127910,Monbulk - Silvan,Yarra Ranges,Melbourne - Outer East,Greater Melbourne
2127911,Monbulk - Silvan,Yarra Ranges,Melbourne - Outer East,Greater Melbourne
2127912,Monbulk - Silvan,Yarra Ranges,Melbourne - Outer East,Greater Melbourne
2127913,Monbulk - Silvan,Yarra Ranges,Melbourne - Outer East,Greater Melbourne
2127914,Monbulk - Silvan,Yarra Ranges,Melbourne - Outer East,Greater Melbourne
2128001,Montrose,Yarra Ranges,Melbourne - Outer East,Greater Melbourne
2128002,Montrose,Yarra Ranges,Melbourne - Outer East,Greater Melbourne
2128003,Montrose,Yarra Ranges,Melbourne - Outer East,Greater Melbourne
2128004,Montrose,Yarra Ranges,Melbourne - Outer East,Greater Melbourne
2128005,Montrose,Yarra Ranges,Melbourne - Outer East,Greater Melbourne
2128006,Montrose,Yarra Ranges,Melbourne - Outer East,Greater Melbourne
2128007,Montrose,Yarra Ranges,Melbourne - Outer East,Greater Melbourne
2128008,Montrose,Yarra Ranges,Melbourne - Outer East,Greater Melbourne
2128009,Montrose,Yarra Ranges,Melbourne - Outer East,Greater Melbourne
2128010,Montrose,Yarra Ranges,Melbourne - Outer East,Greater Melbourne
2128011,Montrose,Yarra Ranges,Melbourne - Outer East,Greater Melbourne
2128012,Montrose,Yarra Ranges,Melbourne - Outer East,Greater Melbourne
2128013,Montrose,Yarra Ranges,Melbourne - Outer East,Greater Melbourne
2128014,Montrose,Yarra Ranges,Melbourne - Outer East,Greater Melbourne
2128015,Montrose,Yarra Ranges,Melbourne - Outer East,Greater Melbourne
2128016,Montrose,Yarra Ranges,Melbourne - Outer East,Greater Melbourne
2128017,Montrose,Yarra Ranges,Melbourne - Outer East,Greater Melbourne
2128018,Montrose,Yarra Ranges,Melbourne - Outer East,Greater Melbourne
2128101,Mooroolbark,Yarra Ranges,Melbourne - Outer East,Greater Melbourne
2128102,Mooroolbark,Yarra Ranges,Melbourne - Outer East,Greater Melbourne
2128103,Mooroolbark,Yarra Ranges,Melbourne - Outer East,Greater Melbourne
2128104,Mooroolbark,Yarra Ranges,Melbourne - Outer East,Greater Melbourne
2128105,Mooroolbark,Yarra Ranges,Melbourne - Outer East,Greater Melbourne
2128106,Mooroolbark,Yarra Ranges,Melbourne - Outer East,Greater Melbourne
2128107,Mooroolbark,Yarra Ranges,Melbourne - Outer East,Greater Melbourne
2128108,Mooroolbark,Yarra Ranges,Melbourne - Outer East,Greater Melbourne
2128109,Mooroolbark,Yarra Ranges,Melbourne - Outer East,Greater Melbourne
2128110,Mooroolbark,Yarra Ranges,Melbourne - Outer East,Greater Melbourne
2128111,Mooroolbark,Yarra Ranges,Melbourne - Outer East,Greater Melbourne
2128112,Mooroolbark,Yarra Ranges,Melbourne - Outer East,Greater Melbourne
2128113,Mooroolbark,Yarra Ranges,Melbourne - Outer East,Greater Melbourne
2128114,Mooroolbark,Yarra Ranges,Melbourne - Outer East,Greater Melbourne
2128115,Mooroolbark,Yarra Ranges,Melbourne - Outer East,Greater Melbourne
2128116,Mooroolbark,Yarra Ranges,Melbourne - Outer East,Greater Melbourne
2128117,Mooroolbark,Yarra Ranges,Melbourne - Outer East,Greater Melbourne
2128118,Mooroolbark,Yarra Ranges,Melbourne - Outer East,Greater Melbourne
2128119,Mooroolbark,Yarra Ranges,Melbourne - Outer East,Greater Melbourne
2128120,Mooroolbark,Yarra Ranges,Melbourne - Outer East,Greater Melbourne
2128121,Mooroolbark,Yarra Ranges,Melbourne - Outer East,Greater Melbourne
2128122,Mooroolbark,Yarra Ranges,Melbourne - Outer East,Greater Melbourne
2128123,Mooroolbark,Yarra Ranges,Melbourne - Outer East,Greater Melbourne
2128124,Mooroolbark,Yarra Ranges,Melbourne - Outer East,Greater Melbourne
2128125,Mooroolbark,Yarra Ranges,Melbourne - Outer East,Greater Melbourne
2128126,Mooroolbark,Yarra Ranges,Melbourne - Outer East,Greater Melbourne
2128127,Mooroolbark,Yarra Ranges,Melbourne - Outer East,Greater Melbourne
2128128,Mooroolbark,Yarra Ranges,Melbourne - Outer East,Greater Melbourne
2128129,Mooroolbark,Yarra Ranges,Melbourne - Outer East,Greater Melbourne
2128130,Mooroolbark,Yarra Ranges,Melbourne - Outer East,Greater Melbourne
2128131,Mooroolbark,Yarra Ranges,Melbourne - Outer East,Greater Melbourne
2128132,Mooroolbark,Yarra Ranges,Melbourne - Outer East,Greater Melbourne
2128133,Mooroolbark,Yarra Ranges,Melbourne - Outer East,Greater Melbourne
2128134,Mooroolbark,Yarra Ranges,Melbourne - Outer East,Greater Melbourne
2128135,Mooroolbark,Yarra Ranges,Melbourne - Outer East,Greater Melbourne
2128136,Mooroolbark,Yarra Ranges,Melbourne - Outer East,Greater Melbourne
2128137,Mooroolbark,Yarra Ranges,Melbourne - Outer East,Greater Melbourne
2128138,Mooroolbark,Yarra Ranges,Melbourne - Outer East,Greater Melbourne
2128139,Mooroolbark,Yarra Ranges,Melbourne - Outer East,Greater Melbourne
2128140,Mooroolbark,Yarra Ranges,Melbourne - Outer East,Greater Melbourne
2128141,Mooroolbark,Yarra Ranges,Melbourne - Outer East,Greater Melbourne
2128142,Mooroolbark,Yarra Ranges,Melbourne - Outer East,Greater Melbourne
2128143,Mooroolbark,Yarra Ranges,Melbourne - Outer East,Greater Melbourne
2128144,Mooroolbark,Yarra Ranges,Melbourne - Outer East,Greater Melbourne
2128145,Mooroolbark,Yarra Ranges,Melbourne - Outer East,Greater Melbourne
2128146,Mooroolbark,Yarra Ranges,Melbourne - Outer East,Greater Melbourne
2128147,Mooroolbark,Yarra Ranges,Melbourne - Outer East,Greater Melbourne
2128201,Mount Dandenong - Olinda,Yarra Ranges,Melbourne - Outer East,Greater Melbourne
2128202,Mount Dandenong - Olinda,Yarra Ranges,Melbourne - Outer East,Greater Melbourne
2128203,Mount Dandenong - Olinda,Yarra Ranges,Melbourne - Outer East,Greater Melbourne
2128204,Mount Dandenong - Olinda,Yarra Ranges,Melbourne - Outer East,Greater Melbourne
2128205,Mount Dandenong - Olinda,Yarra Ranges,Melbourne - Outer East,Greater Melbourne
2128206,Mount Dandenong - Olinda,Yarra Ranges,Melbourne - Outer East,Greater Melbourne
2128207,Mount Dandenong - Olinda,Yarra Ranges,Melbourne - Outer East,Greater Melbourne
2128208,Mount Dandenong - Olinda,Yarra Ranges,Melbourne - Outer East,Greater Melbourne
2128209,Mount Dandenong - Olinda,Yarra Ranges,Melbourne - Outer East,Greater Melbourne
2128210,Mount Dandenong - Olinda,Yarra Ranges,Melbourne - Outer East,Greater Melbourne
2128211,Mount Dandenong - Olinda,Yarra Ranges,Melbourne - Outer East,Greater Melbourne
2128212,Mount Dandenong - Olinda,Yarra Ranges,Melbourne - Outer East,Greater Melbourne
2128213,Mount Dandenong - Olinda,Yarra Ranges,Melbourne - Outer East,Greater Melbourne
2128214,Mount Dandenong - Olinda,Yarra Ranges,Melbourne - Outer East,Greater Melbourne
2128215,Mount Dandenong - Olinda,Yarra Ranges,Melbourne - Outer East,Greater Melbourne
2128216,Mount Dandenong - Olinda,Yarra Ranges,Melbourne - Outer East,Greater Melbourne
2128217,Mount Dandenong - Olinda,Yarra Ranges,Melbourne - Outer East,Greater Melbourne
2128218,Mount Dandenong - Olinda,Yarra Ranges,Melbourne - Outer East,Greater Melbourne
2128219,Mount Dandenong - Olinda,Yarra Ranges,Melbourne - Outer East,Greater Melbourne
2128220,Mount Dandenong - Olinda,Yarra Ranges,Melbourne - Outer East,Greater Melbourne
2128221,Mount Dandenong - Olinda,Yarra Ranges,Melbourne - Outer East,Greater Melbourne
2128222,Mount Dandenong - Olinda,Yarra Ranges,Melbourne - Outer East,Greater Melbourne
2128223,Mount Dandenong - Olinda,Yarra Ranges,Melbourne - Outer East,Greater Melbourne
2128224,Mount Dandenong - Olinda,Yarra Ranges,Melbourne - Outer East,Greater Melbourne
2128225,Mount Dandenong - Olinda,Yarra Ranges,Melbourne - Outer East,Greater Melbourne
2128226,Mount Dandenong - Olinda,Yarra Ranges,Melbourne - Outer East,Greater Melbourne
2128227,Mount Dandenong - Olinda,Yarra Ranges,Melbourne - Outer East,Greater Melbourne
2128228,Mount Dandenong - Olinda,Yarra Ranges,Melbourne - Outer East,Greater Melbourne
2128229,Mount Dandenong - Olinda,Yarra Ranges,Melbourne - Outer East,Greater Melbourne
2128230,Mount Dandenong - Olinda,Yarra Ranges,Melbourne - Outer East,Greater Melbourne
2128231,Mount Dandenong - Olinda,Yarra Ranges,Melbourne - Outer East,Greater Melbourne
2128232,Mount Dandenong - Olinda,Yarra Ranges,Melbourne - Outer East,Greater Melbourne
2128301,Mount Evelyn,Yarra Ranges,Melbourne - Outer East,Greater Melbourne
2128302,Mount Evelyn,Yarra Ranges,Melbourne - Outer East,Greater Melbourne
2128303,Mount Evelyn,Yarra Ranges,Melbourne - Outer East,Greater Melbourne
2128304,Mount Evelyn,Yarra Ranges,Melbourne - Outer East,Greater Melbourne
2128305,Mount Evelyn,Yarra Ranges,Melbourne - Outer East,Greater Melbourne
2128306,Mount Evelyn,Yarra Ranges,Melbourne - Outer East,Greater Melbourne
2128307,Mount Evelyn,Yarra Ranges,Melbourne - Outer East,Greater Melbourne
2128308,Mount Evelyn,Yarra Ranges,Melbourne - Outer East,Greater Melbourne
2128309,Mount Evelyn,Yarra Ranges,Melbourne - Outer East,Greater Melbourne
2128310,Mount Evelyn,Yarra Ranges,Melbourne - Outer East,Greater Melbourne
2128311,Mount Evelyn,Yarra Ranges,Melbourne - Outer East,Greater Melbourne
2128312,Mount Evelyn,Yarra Ranges,Melbourne - Outer East,Greater Melbourne
2128313,Mount Evelyn,Yarra Ranges,Melbourne - Outer East,Greater Melbourne
2128314,Mount Evelyn,Yarra Ranges,Melbourne - Outer East,Greater Melbourne
2128315,Mount Evelyn,Yarra Ranges,Melbourne - Outer East,Greater Melbourne
2128316,Mount Evelyn,Yarra Ranges,Melbourne - Outer East,Greater Melbourne
2128317,Mount Evelyn,Yarra Ranges,Melbourne - Outer East,Greater Melbourne
2128318,Mount Evelyn,Yarra Ranges,Melbourne - Outer East,Greater Melbourne
2128319,Mount Evelyn,Yarra Ranges,Melbourne - Outer East,Greater Melbourne
2128320,Mount Evelyn,Yarra Ranges,Melbourne - Outer East,Greater Melbourne
2128321,Mount Evelyn,Yarra Ranges,Melbourne - Outer East,Greater Melbourne
2128322,Mount Evelyn,Yarra Ranges,Melbourne - Outer East,Greater Melbourne
2128323,Mount Evelyn,Yarra Ranges,Melbourne - Outer East,Greater Melbourne
2128324,Mount Evelyn,Yarra Ranges,Melbourne - Outer East,Greater Melbourne
2128325,Mount Evelyn,Yarra Ranges,Melbourne - Outer East,Greater Melbourne
2128326,Mount Evelyn,Yarra Ranges,Melbourne - Outer East,Greater Melbourne
2128401,Upwey - Tecoma,Yarra Ranges,Melbourne - Outer East,Greater Melbourne
2128402,Upwey - Tecoma,Yarra Ranges,Melbourne - Outer East,Greater Melbourne
2128403,Upwey - Tecoma,Yarra Ranges,Melbourne - Outer East,Greater Melbourne
2128404,Upwey - Tecoma,Yarra Ranges,Melbourne - Outer East,Greater Melbourne
2128405,Upwey - Tecoma,Yarra Ranges,Melbourne - Outer East,Greater Melbourne
2128406,Upwey - Tecoma,Yarra Ranges,Melbourne - Outer East,Greater Melbourne
2128407,Upwey - Tecoma,Yarra Ranges,Melbourne - Outer East,Greater Melbourne
2128408,Upwey - Tecoma,Yarra Ranges,Melbourne - Outer East,Greater Melbourne
2128409,Upwey - Tecoma,Yarra Ranges,Melbourne - Outer East,Greater Melbourne
2128410,Upwey - Tecoma,Yarra Ranges,Melbourne - Outer East,Greater Melbourne
2128411,Upwey - Tecoma,Yarra Ranges,Melbourne - Outer East,Greater Melbourne
2128412,Upwey - Tecoma,Yarra Ranges,Melbourne - Outer East,Greater Melbourne
2128413,Upwey - Tecoma,Yarra Ranges,Melbourne - Outer East,Greater Melbourne
2128414,Upwey - Tecoma,Yarra Ranges,Melbourne - Outer East,Greater Melbourne
2128415,Upwey - Tecoma,Yarra Ranges,Melbourne - Outer East,Greater Melbourne
2128416,Upwey - Tecoma,Yarra Ranges,Melbourne - Outer East,Greater Melbourne
2128417,Upwey - Tecoma,Yarra Ranges,Melbourne - Outer East,Greater Melbourne
2128418,Upwey - Tecoma,Yarra Ranges,Melbourne - Outer East,Greater Melbourne
2128419,Upwey - Tecoma,Yarra Ranges,Melbourne - Outer East,Greater Melbourne
2128420,Upwey - Tecoma,Yarra Ranges,Melbourne - Outer East,Greater Melbourne
2128421,Upwey - Tecoma,Yarra Ranges,Melbourne - Outer East,Greater Melbourne
2128422,Upwey - Tecoma,Yarra Ranges,Melbourne - Outer East,Greater Melbourne
2128423,Upwey - Tecoma,Yarra Ranges,Melbourne - Outer East,Greater Melbourne
2128424,Upwey - Tecoma,Yarra Ranges,Melbourne - Outer East,Greater Melbourne
2128425,Upwey - Tecoma,Yarra Ranges,Melbourne - Outer East,Greater Melbourne
2128426,Upwey - Tecoma,Yarra Ranges,Melbourne - Outer East,Greater Melbourne
2128427,Upwey - Tecoma,Yarra Ranges,Melbourne - Outer East,Greater Melbourne
2128501,Wandin - Seville,Yarra Ranges,Melbourne - Outer East,Greater Melbourne
2128502,Wandin - Seville,Yarra Ranges,Melbourne - Outer East,Greater Melbourne
2128503,Wandin - Seville,Yarra Ranges,Melbourne - Outer East,Greater Melbourne
2128504,Wandin - Seville,Yarra Ranges,Melbourne - Outer East,Greater Melbourne
2128505,Wandin - Seville,Yarra Ranges,Melbourne - Outer East,Greater Melbourne
2128506,Wandin - Seville,Yarra Ranges,Melbourne - Outer East,Greater Melbourne
2128507,Wandin - Seville,Yarra Ranges,Melbourne - Outer East,Greater Melbourne
2128508,Wandin - Seville,Yarra Ranges,Melbourne - Outer East,Greater Melbourne
2128509,Wandin - Seville,Yarra Ranges,Melbourne - Outer East,Greater Melbourne
2128510,Wandin - Seville,Yarra Ranges,Melbourne - Outer East,Greater Melbourne
2128511,Wandin - Seville,Yarra Ranges,Melbourne - Outer East,Greater Melbourne
2128512,Wandin - Seville,Yarra Ranges,Melbourne - Outer East,Greater Melbourne
2128513,Wandin - Seville,Yarra Ranges,Melbourne - Outer East,Greater Melbourne
2128514,Wandin - Seville,Yarra Ranges,Melbourne - Outer East,Greater Melbourne
2128515,Wandin - Seville,Yarra Ranges,Melbourne - Outer East,Greater Melbourne
2128516,Wandin - Seville,Yarra Ranges,Melbourne - Outer East,Greater Melbourne
2128517,Wandin - Seville,Yarra Ranges,Melbourne - Outer East,Greater Melbourne
2128518,Wandin - Seville,Yarra Ranges,Melbourne - Outer East,Greater Melbourne
2128519,Wandin - Seville,Yarra Ranges,Melbourne - Outer East,Greater Melbourne
2128520,Wandin - Seville,Yarra Ranges,Melbourne - Outer East,Greater Melbourne
2128521,Wandin - Seville,Yarra Ranges,Melbourne - Outer East,Greater Melbourne
2128522,Wandin - Seville,Yarra Ranges,Melbourne - Outer East,Greater Melbourne
2128523,Wandin - Seville,Yarra Ranges,Melbourne - Outer East,Greater Melbourne
2128524,Wandin - Seville,Yarra Ranges,Melbourne - Outer East,Greater Melbourne
2128525,Wandin - Seville,Yarra Ranges,Melbourne - Outer East,Greater Melbourne
2128526,Wandin - Seville,Yarra Ranges,Melbourne - Outer East,Greater Melbourne
2128601,Yarra Valley,Yarra Ranges,Melbourne - Outer East,Greater Melbourne
2128602,Yarra Valley,Yarra Ranges,Melbourne - Outer East,Greater Melbourne
2128603,Yarra Valley,Yarra Ranges,Melbourne - Outer East,Greater Melbourne
2128604,Yarra Valley,Yarra Ranges,Melbourne - Outer East,Greater Melbourne
2128605,Yarra Valley,Yarra Ranges,Melbourne - Outer East,Greater Melbourne
2128606,Yarra Valley,Yarra Ranges,Melbourne - Outer East,Greater Melbourne
2128607,Yarra Valley,Yarra Ranges,Melbourne - Outer East,Greater Melbourne
2128608,Yarra Valley,Yarra Ranges,Melbourne - Outer East,Greater Melbourne
2128609,Yarra Valley,Yarra Ranges,Melbourne - Outer East,Greater Melbourne
2128610,Yarra Valley,Yarra Ranges,Melbourne - Outer East,Greater Melbourne
2128611,Yarra Valley,Yarra Ranges,Melbourne - Outer East,Greater Melbourne
2128612,Yarra Valley,Yarra Ranges,Melbourne - Outer East,Greater Melbourne
2128613,Yarra Valley,Yarra Ranges,Melbourne - Outer East,Greater Melbourne
2128614,Yarra Valley,Yarra Ranges,Melbourne - Outer East,Greater Melbourne
2128615,Yarra Valley,Yarra Ranges,Melbourne - Outer East,Greater Melbourne
2128616,Yarra Valley,Yarra Ranges,Melbourne - Outer East,Greater Melbourne
2128617,Yarra Valley,Yarra Ranges,Melbourne - Outer East,Greater Melbourne
2128618,Yarra Valley,Yarra Ranges,Melbourne - Outer East,Greater Melbourne
2128619,Yarra Valley,Yarra Ranges,Melbourne - Outer East,Greater Melbourne
2128620,Yarra Valley,Yarra Ranges,Melbourne - Outer East,Greater Melbourne
2128621,Yarra Valley,Yarra Ranges,Melbourne - Outer East,Greater Melbourne
2128622,Yarra Valley,Yarra Ranges,Melbourne - Outer East,Greater Melbourne
2128623,Yarra Valley,Yarra Ranges,Melbourne - Outer East,Greater Melbourne
2128624,Yarra Valley,Yarra Ranges,Melbourne - Outer East,Greater Melbourne
2128625,Yarra Valley,Yarra Ranges,Melbourne - Outer East,Greater Melbourne
2128626,Yarra Valley,Yarra Ranges,Melbourne - Outer East,Greater Melbourne
2128627,Yarra Valley,Yarra Ranges,Melbourne - Outer East,Greater Melbourne
2128628,Yarra Valley,Yarra Ranges,Melbourne - Outer East,Greater Melbourne
2128629,Yarra Valley,Yarra Ranges,Melbourne - Outer East,Greater Melbourne
2128630,Yarra Valley,Yarra Ranges,Melbourne - Outer East,Greater Melbourne
2128631,Yarra Valley,Yarra Ranges,Melbourne - Outer East,Greater Melbourne
2128632,Yarra Valley,Yarra Ranges,Melbourne - Outer East,Greater Melbourne
2128633,Yarra Valley,Yarra Ranges,Melbourne - Outer East,Greater Melbourne
2128634,Yarra Valley,Yarra Ranges,Melbourne - Outer East,Greater Melbourne
2128635,Yarra Valley,Yarra Ranges,Melbourne - Outer East,Greater Melbourne
2128636,Yarra Valley,Yarra Ranges,Melbourne - Outer East,Greater Melbourne
2128637,Yarra Valley,Yarra Ranges,Melbourne - Outer East,Greater Melbourne
2128638,Yarra Valley,Yarra Ranges,Melbourne - Outer East,Greater Melbourne
2128639,Yarra Valley,Yarra Ranges,Melbourne - Outer East,Greater Melbourne
2128640,Yarra Valley,Yarra Ranges,Melbourne - Outer East,Greater Melbourne
2128641,Yarra Valley,Yarra Ranges,Melbourne - Outer East,Greater Melbourne
2128642,Yarra Valley,Yarra Ranges,Melbourne - Outer East,Greater Melbourne
2128643,Yarra Valley,Yarra Ranges,Melbourne - Outer East,Greater Melbourne
2128644,Yarra Valley,Yarra Ranges,Melbourne - Outer East,Greater Melbourne
2128645,Yarra Valley,Yarra Ranges,Melbourne - Outer East,Greater Melbourne
2128646,Yarra Valley,Yarra Ranges,Melbourne - Outer East,Greater Melbourne
2128647,Yarra Valley,Yarra Ranges,Melbourne - Outer East,Greater Melbourne
2128648,Yarra Valley,Yarra Ranges,Melbourne - Outer East,Greater Melbourne
2128649,Yarra Valley,Yarra Ranges,Melbourne - Outer East,Greater Melbourne
2128650,Yarra Valley,Yarra Ranges,Melbourne - Outer East,Greater Melbourne
2128651,Yarra Valley,Yarra Ranges,Melbourne - Outer East,Greater Melbourne
2128652,Yarra Valley,Yarra Ranges,Melbourne - Outer East,Greater Melbourne
2128653,Yarra Valley,Yarra Ranges,Melbourne - Outer East,Greater Melbourne
2128701,Beaconsfield - Officer,Cardinia,Melbourne - South East,Greater Melbourne
2128702,Beaconsfield - Officer,Cardinia,Melbourne - South East,Greater Melbourne
2128703,Beaconsfield - Officer,Cardinia,Melbourne - South East,Greater Melbourne
2128704,Beaconsfield - Officer,Cardinia,Melbourne - South East,Greater Melbourne
2128705,Beaconsfield - Officer,Cardinia,Melbourne - South East,Greater Melbourne
2128706,Beaconsfield - Officer,Cardinia,Melbourne - South East,Greater Melbourne
2128707,Beaconsfield - Officer,Cardinia,Melbourne - South East,Greater Melbourne
2128708,Beaconsfield - Officer,Cardinia,Melbourne - South East,Greater Melbourne
2128709,Beaconsfield - Officer,Cardinia,Melbourne - South East,Greater Melbourne
2128710,Beaconsfield - Officer,Cardinia,Melbourne - South East,Greater Melbourne
2128711,Beaconsfield - Officer,Cardinia,Melbourne - South East,Greater Melbourne
2128712,Beaconsfield - Officer,Cardinia,Melbourne - South East,Greater Melbourne
2128713,Beaconsfield - Officer,Cardinia,Melbourne - South East,Greater Melbourne
2128714,Beaconsfield - Officer,Cardinia,Melbourne - South East,Greater Melbourne
2128715,Beaconsfield - Officer,Cardinia,Melbourne - South East,Greater Melbourne
2128716,Beaconsfield - Officer,Cardinia,Melbourne - South East,Greater Melbourne
2128717,Beaconsfield - Officer,Cardinia,Melbourne - South East,Greater Melbourne
2128801,Bunyip - Garfield,Cardinia,Melbourne - South East,Greater Melbourne
2128802,Bunyip - Garfield,Cardinia,Melbourne - South East,Greater Melbourne
2128803,Bunyip - Garfield,Cardinia,Melbourne - South East,Greater Melbourne
2128804,Bunyip - Garfield,Cardinia,Melbourne - South East,Greater Melbourne
2128805,Bunyip - Garfield,Cardinia,Melbourne - South East,Greater Melbourne
2128806,Bunyip - Garfield,Cardinia,Melbourne - South East,Greater Melbourne
2128807,Bunyip - Garfield,Cardinia,Melbourne - South East,Greater Melbourne
2128808,Bunyip - Garfield,Cardinia,Melbourne - South East,Greater Melbourne
2128809,Bunyip - Garfield,Cardinia,Melbourne - South East,Greater Melbourne
2128810,Bunyip - Garfield,Cardinia,Melbourne - South East,Greater Melbourne
2128811,Bunyip - Garfield,Cardinia,Melbourne - South East,Greater Melbourne
2128812,Bunyip - Garfield,Cardinia,Melbourne - South East,Greater Melbourne
2128813,Bunyip - Garfield,Cardinia,Melbourne - South East,Greater Melbourne
2128814,Bunyip - Garfield,Cardinia,Melbourne - South East,Greater Melbourne
2128815,Bunyip - Garfield,Cardinia,Melbourne - South East,Greater Melbourne
2128816,Bunyip - Garfield,Cardinia,Melbourne - South East,Greater Melbourne
2128817,Bunyip - Garfield,Cardinia,Melbourne - South East,Greater Melbourne
2128818,Bunyip - Garfield,Cardinia,Melbourne - South East,Greater Melbourne
2128819,Bunyip - Garfield,Cardinia,Melbourne - South East,Greater Melbourne
2128820,Bunyip - Garfield,Cardinia,Melbourne - South East,Greater Melbourne
2128821,Bunyip - Garfield,Cardinia,Melbourne - South East,Greater Melbourne
2128822,Bunyip - Garfield,Cardinia,Melbourne - South East,Greater Melbourne
2128823,Bunyip - Garfield,Cardinia,Melbourne - South East,Greater Melbourne
2128901,Emerald - Cockatoo,Cardinia,Melbourne - South East,Greater Melbourne
2128902,Emerald - Cockatoo,Cardinia,Melbourne - South East,Greater Melbourne
2128903,Emerald - Cockatoo,Cardinia,Melbourne - South East,Greater Melbourne
2128904,Emerald - Cockatoo,Cardinia,Melbourne - South East,Greater Melbourne
2128905,Emerald - Cockatoo,Cardinia,Melbourne - South East,Greater Melbourne
2128906,Emerald - Cockatoo,Cardinia,Melbourne - South East,Greater Melbourne
2128907,Emerald - Cockatoo,Cardinia,Melbourne - South East,Greater Melbourne
2128908,Emerald - Cockatoo,Cardinia,Melbourne - South East,Greater Melbourne
2128909,Emerald - Cockatoo,Cardinia,Melbourne - South East,Greater Melbourne
2128910,Emerald - Cockatoo,Cardinia,Melbourne - South East,Greater Melbourne
2128911,Emerald - Cockatoo,Cardinia,Melbourne - South East,Greater Melbourne
2128912,Emerald - Cockatoo,Cardinia,Melbourne - South East,Greater Melbourne
2128913,Emerald - Cockatoo,Cardinia,Melbourne - South East,Greater Melbourne
2128914,Emerald - Cockatoo,Cardinia,Melbourne - South East,Greater Melbourne
2128915,Emerald - Cockatoo,Cardinia,Melbourne - South East,Greater Melbourne
2128916,Emerald - Cockatoo,Cardinia,Melbourne - South East,Greater Melbourne
2128917,Emerald - Cockatoo,Cardinia,Melbourne - South East,Greater Melbourne
2128918,Emerald - Cockatoo,Cardinia,Melbourne - South East,Greater Melbourne
2128919,Emerald - Cockatoo,Cardinia,Melbourne - South East,Greater Melbourne
2128920,Emerald - Cockatoo,Cardinia,Melbourne - South East,Greater Melbourne
2128921,Emerald - Cockatoo,Cardinia,Melbourne - South East,Greater Melbourne
2128922,Emerald - Cockatoo,Cardinia,Melbourne - South East,Greater Melbourne
2128923,Emerald - Cockatoo,Cardinia,Melbourne - South East,Greater Melbourne
2128924,Emerald - Cockatoo,Cardinia,Melbourne - South East,Greater Melbourne
2128925,Emerald - Cockatoo,Cardinia,Melbourne - South East,Greater Melbourne
2128926,Emerald - Cockatoo,Cardinia,Melbourne - South East,Greater Melbourne
2128927,Emerald - Cockatoo,Cardinia,Melbourne - South East,Greater Melbourne
2128928,Emerald - Cockatoo,Cardinia,Melbourne - South East,Greater Melbourne
2128929,Emerald - Cockatoo,Cardinia,Melbourne - South East,Greater Melbourne
2128930,Emerald - Cockatoo,Cardinia,Melbourne - South East,Greater Melbourne
2128931,Emerald - Cockatoo,Cardinia,Melbourne - South East,Greater Melbourne
2128932,Emerald - Cockatoo,Cardinia,Melbourne - South East,Greater Melbourne
2128933,Emerald - Cockatoo,Cardinia,Melbourne - South East,Greater Melbourne
2128934,Emerald - Cockatoo,Cardinia,Melbourne - South East,Greater Melbourne
2128935,Emerald - Cockatoo,Cardinia,Melbourne - South East,Greater Melbourne
2128936,Emerald - Cockatoo,Cardinia,Melbourne - South East,Greater Melbourne
2128937,Emerald - Cockatoo,Cardinia,Melbourne - South East,Greater Melbourne
2128938,Emerald - Cockatoo,Cardinia,Melbourne - South East,Greater Melbourne
2128939,Emerald - Cockatoo,Cardinia,Melbourne - South East,Greater Melbourne
2128940,Emerald - Cockatoo,Cardinia,Melbourne - South East,Greater Melbourne
2128941,Emerald - Cockatoo,Cardinia,Melbourne - South East,Greater Melbourne
2128942,Emerald - Cockatoo,Cardinia,Melbourne - South East,Greater Melbourne
2128943,Emerald - Cockatoo,Cardinia,Melbourne - South East,Greater Melbourne
2128944,Emerald - Cockatoo,Cardinia,Melbourne - South East,Greater Melbourne
2128945,Emerald - Cockatoo,Cardinia,Melbourne - South East,Greater Melbourne
2128946,Emerald - Cockatoo,Cardinia,Melbourne - South East,Greater Melbourne
2128947,Emerald - Cockatoo,Cardinia,Melbourne - South East,Greater Melbourne
2128948,Emerald - Cockatoo,Cardinia,Melbourne - South East,Greater Melbourne
2128949,Emerald - Cockatoo,Cardinia,Melbourne - South East,Greater Melbourne
2128950,Emerald - Cockatoo,Cardinia,Melbourne - South East,Greater Melbourne
2128951,Emerald - Cockatoo,Cardinia,Melbourne - South East,Greater Melbourne
2128952,Emerald - Cockatoo,Cardinia,Melbourne - South East,Greater Melbourne
2128953,Emerald - Cockatoo,Cardinia,Melbourne - South East,Greater Melbourne
2129001,Koo Wee Rup,Cardinia,Melbourne - South East,Greater Melbourne
2129002,Koo Wee Rup,Cardinia,Melbourne - South East,Greater Melbourne
2129003,Koo Wee Rup,Cardinia,Melbourne - South East,Greater Melbourne
2129004,Koo Wee Rup,Cardinia,Melbourne - South East,Greater Melbourne
2129005,Koo Wee Rup,Cardinia,Melbourne - South East,Greater Melbourne
2129006,Koo Wee Rup,Cardinia,Melbourne - South East,Greater Melbourne
2129007,Koo Wee Rup,Cardinia,Melbourne - South East,Greater Melbourne
2129008,Koo Wee Rup,Cardinia,Melbourne - South East,Greater Melbourne
2129009,Koo Wee Rup,Cardinia,Melbourne - South East,Greater Melbourne
2129010,Koo Wee Rup,Cardinia,Melbourne - South East,Greater Melbourne
2129011,Koo Wee Rup,Cardinia,Melbourne - South East,Greater Melbourne
2129012,Koo Wee Rup,Cardinia,Melbourne - South East,Greater Melbourne
2129013,Koo Wee Rup,Cardinia,Melbourne - South East,Greater Melbourne
2129014,Koo Wee Rup,Cardinia,Melbourne - South East,Greater Melbourne
2129015,Koo Wee Rup,Cardinia,Melbourne - South East,Greater Melbourne
2129016,Koo Wee Rup,Cardinia,Melbourne - South East,Greater Melbourne
2129017,Koo Wee Rup,Cardinia,Melbourne - South East,Greater Melbourne
2129101,Pakenham - North,Cardinia,Melbourne - South East,Greater Melbourne
2129102,Pakenham - North,Cardinia,Melbourne - South East,Greater Melbourne
2129103,Pakenham - North,Cardinia,Melbourne - South East,Greater Melbourne
2129104,Pakenham - North,Cardinia,Melbourne - South East,Greater Melbourne
2129105,Pakenham - North,Cardinia,Melbourne - South East,Greater Melbourne
2129106,Pakenham - North,Cardinia,Melbourne - South East,Greater Melbourne
2129107,Pakenham - North,Cardinia,Melbourne - South East,Greater Melbourne
2129108,Pakenham - North,Cardinia,Melbourne - South East,Greater Melbourne
2129109,Pakenham - North,Cardinia,Melbourne - South East,Greater Melbourne
2129110,Pakenham - North,Cardinia,Melbourne - South East,Greater Melbourne
2129111,Pakenham - North,Cardinia,Melbourne - South East,Greater Melbourne
2129112,Pakenham - North,Cardinia,Melbourne - South East,Greater Melbourne
2129113,Pakenham - North,Cardinia,Melbourne - South East,Greater Melbourne
2129114,Pakenham - North,Cardinia,Melbourne - South East,Greater Melbourne
2129115,Pakenham - North,Cardinia,Melbourne - South East,Greater Melbourne
2129116,Pakenham - North,Cardinia,Melbourne - South East,Greater Melbourne
2129117,Pakenham - North,Cardinia,Melbourne - South East,Greater Melbourne
2129118,Pakenham - North,Cardinia,Melbourne - South East,Greater Melbourne
2129119,Pakenham - North,Cardinia,Melbourne - South East,Greater Melbourne
2129120,Pakenham - North,Cardinia,Melbourne - South East,Greater Melbourne
2129121,Pakenham - North,Cardinia,Melbourne - South East,Greater Melbourne
2129201,Pakenham - South,Cardinia,Melbourne - South East,Greater Melbourne
2129202,Pakenham - South,Cardinia,Melbourne - South East,Greater Melbourne
2129203,Pakenham - South,Cardinia,Melbourne - South East,Greater Melbourne
2129204,Pakenham - South,Cardinia,Melbourne - South East,Greater Melbourne
2129205,Pakenham - South,Cardinia,Melbourne - South East,Greater Melbourne
2129206,Pakenham - South,Cardinia,Melbourne - South East,Greater Melbourne
2129207,Pakenham - South,Cardinia,Melbourne - South East,Greater Melbourne
2129208,Pakenham - South,Cardinia,Melbourne - South East,Greater Melbourne
2129209,Pakenham - South,Cardinia,Melbourne - South East,Greater Melbourne
2129210,Pakenham - South,Cardinia,Melbourne - South East,Greater Melbourne
2129211,Pakenham - South,Cardinia,Melbourne - South East,Greater Melbourne
2129212,Pakenham - South,Cardinia,Melbourne - South East,Greater Melbourne
2129213,Pakenham - South,Cardinia,Melbourne - South East,Greater Melbourne
2129214,Pakenham - South,Cardinia,Melbourne - South East,Greater Melbourne
2129215,Pakenham - South,Cardinia,Melbourne - South East,Greater Melbourne
2129216,Pakenham - South,Cardinia,Melbourne - South East,Greater Melbourne
2129217,Pakenham - South,Cardinia,Melbourne - South East,Greater Melbourne
2129218,Pakenham - South,Cardinia,Melbourne - South East,Greater Melbourne
2129219,Pakenham - South,Cardinia,Melbourne - South East,Greater Melbourne
2129220,Pakenham - South,Cardinia,Melbourne - South East,Greater Melbourne
2129221,Pakenham - South,Cardinia,Melbourne - South East,Greater Melbourne
2129222,Pakenham - South,Cardinia,Melbourne - South East,Greater Melbourne
2129223,Pakenham - South,Cardinia,Melbourne - South East,Greater Melbourne
2129224,Pakenham - South,Cardinia,Melbourne - South East,Greater Melbourne
2129225,Pakenham - South,Cardinia,Melbourne - South East,Greater Melbourne
2129226,Pakenham - South,Cardinia,Melbourne - South East,Greater Melbourne
2129227,Pakenham - South,Cardinia,Melbourne - South East,Greater Melbourne
2129228,Pakenham - South,Cardinia,Melbourne - South East,Greater Melbourne
2129229,Pakenham - South,Cardinia,Melbourne - South East,Greater Melbourne
2129230,Pakenham - South,Cardinia,Melbourne - South East,Greater Melbourne
2129231,Pakenham - South,Cardinia,Melbourne - South East,Greater Melbourne
2129232,Pakenham - South,Cardinia,Melbourne - South East,Greater Melbourne
2129233,Pakenham - South,Cardinia,Melbourne - South East,Greater Melbourne
2129234,Pakenham - South,Cardinia,Melbourne - South East,Greater Melbourne
2129235,Pakenham - South,Cardinia,Melbourne - South East,Greater Melbourne
2129236,Pakenham - South,Cardinia,Melbourne - South East,Greater Melbourne
2129301,Berwick - North,Casey - North,Melbourne - South East,Greater Melbourne
2129302,Berwick - North,Casey - North,Melbourne - South East,Greater Melbourne
2129303,Berwick - North,Casey - North,Melbourne - South East,Greater Melbourne
2129304,Berwick - North,Casey - North,Melbourne - South East,Greater Melbourne
2129305,Berwick - North,Casey - North,Melbourne - South East,Greater Melbourne
2129306,Berwick - North,Casey - North,Melbourne - South East,Greater Melbourne
2129307,Berwick - North,Casey - North,Melbourne - South East,Greater Melbourne
2129308,Berwick - North,Casey - North,Melbourne - South East,Greater Melbourne
2129309,Berwick - North,Casey - North,Melbourne - South East,Greater Melbourne
2129310,Berwick - North,Casey - North,Melbourne - South East,Greater Melbourne
2129311,Berwick - North,Casey - North,Melbourne - South East,Greater Melbourne
2129312,Berwick - North,Casey - North,Melbourne - South East,Greater Melbourne
2129313,Berwick - North,Casey - North,Melbourne - South East,Greater Melbourne
2129314,Berwick - North,Casey - North,Melbourne - South East,Greater Melbourne
2129315,Berwick - North,Casey - North,Melbourne - South East,Greater Melbourne
2129316,Berwick - North,Casey - North,Melbourne - South East,Greater Melbourne
2129317,Berwick - North,Casey - North,Melbourne - South East,Greater Melbourne
2129318,Berwick - North,Casey - North,Melbourne - South East,Greater Melbourne
2129319,Berwick - North,Casey - North,Melbourne - South East,Greater Melbourne
2129320,Berwick - North,Casey - North,Melbourne - South East,Greater Melbourne
2129321,Berwick - North,Casey - North,Melbourne - South East,Greater Melbourne
2129322,Berwick - North,Casey - North,Melbourne - South East,Greater Melbourne
2129323,Berwick - North,Casey - North,Melbourne - South East,Greater Melbourne
2129324,Berwick - North,Casey - North,Melbourne - South East,Greater Melbourne
2129325,Berwick - North,Casey - North,Melbourne - South East,Greater Melbourne
2129326,Berwick - North,Casey - North,Melbourne - South East,Greater Melbourne
2129327,Berwick - North,Casey - North,Melbourne - South East,Greater Melbourne
2129328,Berwick - North,Casey - North,Melbourne - South East,Greater Melbourne
2129329,Berwick - North,Casey - North,Melbourne - South East,Greater Melbourne
2129330,Berwick - North,Casey - North,Melbourne - South East,Greater Melbourne
2129331,Berwick - North,Casey - North,Melbourne - South East,Greater Melbourne
2129332,Berwick - North,Casey - North,Melbourne - South East,Greater Melbourne
2129333,Berwick - North,Casey - North,Melbourne - South East,Greater Melbourne
2129334,Berwick - North,Casey - North,Melbourne - South East,Greater Melbourne
2129335,Berwick - North,Casey - North,Melbourne - South East,Greater Melbourne
2129336,Berwick - North,Casey - North,Melbourne - South East,Greater Melbourne
2129337,Berwick - North,Casey - North,Melbourne - South East,Greater Melbourne
2129338,Berwick - North,Casey - North,Melbourne - South East,Greater Melbourne
2129339,Berwick - North,Casey - North,Melbourne - South East,Greater Melbourne
2129340,Berwick - North,Casey - North,Melbourne - South East,Greater Melbourne
2129341,Berwick - North,Casey - North,Melbourne - South East,Greater Melbourne
2129342,Berwick - North,Casey - North,Melbourne - South East,Greater Melbourne
2129343,Berwick - North,Casey - North,Melbourne - South East,Greater Melbourne
2129344,Berwick - North,Casey - North,Melbourne - South East,Greater Melbourne
2129345,Berwick - North,Casey - North,Melbourne - South East,Greater Melbourne
2129346,Berwick - North,Casey - North,Melbourne - South East,Greater Melbourne
2129347,Berwick - North,Casey - North,Melbourne - South East,Greater Melbourne
2129348,Berwick - North,Casey - North,Melbourne - South East,Greater Melbourne
2129349,Berwick - North,Casey - North,Melbourne - South East,Greater Melbourne
2129350,Berwick - North,Casey - North,Melbourne - South East,Greater Melbourne
2129351,Berwick - North,Casey - North,Melbourne - South East,Greater Melbourne
2129352,Berwick - North,Casey - North,Melbourne - South East,Greater Melbourne
2129401,Berwick - South,Casey - North,Melbourne - South East,Greater Melbourne
2129402,Berwick - South,Casey - North,Melbourne - South East,Greater Melbourne
2129403,Berwick - South,Casey - North,Melbourne - South East,Greater Melbourne
2129404,Berwick - South,Casey - North,Melbourne - South East,Greater Melbourne
2129405,Berwick - South,Casey - North,Melbourne - South East,Greater Melbourne
2129406,Berwick - South,Casey - North,Melbourne - South East,Greater Melbourne
2129407,Berwick - South,Casey - North,Melbourne - South East,Greater Melbourne
2129408,Berwick - South,Casey - North,Melbourne - South East,Greater Melbourne
2129409,Berwick - South,Casey - North,Melbourne - South East,Greater Melbourne
2129410,Berwick - South,Casey - North,Melbourne - South East,Greater Melbourne
2129411,Berwick - South,Casey - North,Melbourne - South East,Greater Melbourne
2129412,Berwick - South,Casey - North,Melbourne - South East,Greater Melbourne
2129413,Berwick - South,Casey - North,Melbourne - South East,Greater Melbourne
2129414,Berwick - South,Casey - North,Melbourne - South East,Greater Melbourne
2129415,Berwick - South,Casey - North,Melbourne - South East,Greater Melbourne
2129416,Berwick - South,Casey - North,Melbourne - South East,Greater Melbourne
2129417,Berwick - South,Casey - North,Melbourne - South East,Greater Melbourne
2129418,Berwick - South,Casey - North,Melbourne - South East,Greater Melbourne
2129419,Berwick - South,Casey - North,Melbourne - South East,Greater Melbourne
2129420,Berwick - South,Casey - North,Melbourne - South East,Greater Melbourne
2129421,Berwick - South,Casey - North,Melbourne - South East,Greater Melbourne
2129422,Berwick - South,Casey - North,Melbourne - South East,Greater Melbourne
2129423,Berwick - South,Casey - North,Melbourne - South East,Greater Melbourne
2129424,Berwick - South,Casey - North,Melbourne - South East,Greater Melbourne
2129425,Berwick - South,Casey - North,Melbourne - South East,Greater Melbourne
2129426,Berwick - South,Casey - North,Melbourne - South East,Greater Melbourne
2129427,Berwick - South,Casey - North,Melbourne - South East,Greater Melbourne
2129428,Berwick - South,Casey - North,Melbourne - South East,Greater Melbourne
2129429,Berwick - South,Casey - North,Melbourne - South East,Greater Melbourne
2129430,Berwick - South,Casey - North,Melbourne - South East,Greater Melbourne
2129431,Berwick - South,Casey - North,Melbourne - South East,Greater Melbourne
2129432,Berwick - South,Casey - North,Melbourne - South East,Greater Melbourne
2129433,Berwick - South,Casey - North,Melbourne - South East,Greater Melbourne
2129434,Berwick - South,Casey - North,Melbourne - South East,Greater Melbourne
2129435,Berwick - South,Casey - North,Melbourne - South East,Greater Melbourne
2129436,Berwick - South,Casey - North,Melbourne - South East,Greater Melbourne
2129437,Berwick - South,Casey - North,Melbourne - South East,Greater Melbourne
2129438,Berwick - South,Casey - North,Melbourne - South East,Greater Melbourne
2129501,Doveton,Casey - North,Melbourne - South East,Greater Melbourne
2129502,Doveton,Casey - North,Melbourne - South East,Greater Melbourne
2129503,Doveton,Casey - North,Melbourne - South East,Greater Melbourne
2129504,Doveton,Casey - North,Melbourne - South East,Greater Melbourne
2129505,Doveton,Casey - North,Melbourne - South East,Greater Melbourne
2129506,Doveton,Casey - North,Melbourne - South East,Greater Melbourne
2129507,Doveton,Casey - North,Melbourne - South East,Greater Melbourne
2129508,Doveton,Casey - North,Melbourne - South East,Greater Melbourne
2129509,Doveton,Casey - North,Melbourne - South East,Greater Melbourne
2129510,Doveton,Casey - North,Melbourne - South East,Greater Melbourne
2129511,Doveton,Casey - North,Melbourne - South East,Greater Melbourne
2129512,Doveton,Casey - North,Melbourne - South East,Greater Melbourne
2129513,Doveton,Casey - North,Melbourne - South East,Greater Melbourne
2129514,Doveton,Casey - North,Melbourne - South East,Greater Melbourne
2129515,Doveton,Casey - North,Melbourne - South East,Greater Melbourne
2129516,Doveton,Casey - North,Melbourne - South East,Greater Melbourne
2129517,Doveton,Casey - North,Melbourne - South East,Greater Melbourne
2129518,Doveton,Casey - North,Melbourne - South East,Greater Melbourne
2129519,Doveton,Casey - North,Melbourne - South East,Greater Melbourne
2129520,Doveton,Casey - North,Melbourne - South East,Greater Melbourne
2129521,Doveton,Casey - North,Melbourne - South East,Greater Melbourne
2129522,Doveton,Casey - North,Melbourne - South East,Greater Melbourne
2129523,Doveton,Casey - North,Melbourne - South East,Greater Melbourne
2129524,Doveton,Casey - North,Melbourne - South East,Greater Melbourne
2129525,Doveton,Casey - North,Melbourne - South East,Greater Melbourne
2129526,Doveton,Casey - North,Melbourne - South East,Greater Melbourne
2129601,Endeavour Hills,Casey - North,Melbourne - South East,Greater Melbourne
2129602,Endeavour Hills,Casey - North,Melbourne - South East,Greater Melbourne
2129603,Endeavour Hills,Casey - North,Melbourne - South East,Greater Melbourne
2129604,Endeavour Hills,Casey - North,Melbourne - South East,Greater Melbourne
2129605,Endeavour Hills,Casey - North,Melbourne - South East,Greater Melbourne
2129606,Endeavour Hills,Casey - North,Melbourne - South East,Greater Melbourne
2129607,Endeavour Hills,Casey - North,Melbourne - South East,Greater Melbourne
2129608,Endeavour Hills,Casey - North,Melbourne - South East,Greater Melbourne
2129609,Endeavour Hills,Casey - North,Melbourne - South East,Greater Melbourne
2129610,Endeavour Hills,Casey - North,Melbourne - South East,Greater Melbourne
2129611,Endeavour Hills,Casey - North,Melbourne - South East,Greater Melbourne
2129612,Endeavour Hills,Casey - North,Melbourne - South East,Greater Melbourne
2129613,Endeavour Hills,Casey - North,Melbourne - South East,Greater Melbourne
2129614,Endeavour Hills,Casey - North,Melbourne - South East,Greater Melbourne
2129615,Endeavour Hills,Casey - North,Melbourne - South East,Greater Melbourne
2129616,Endeavour Hills,Casey - North,Melbourne - South East,Greater Melbourne
2129617,Endeavour Hills,Casey - North,Melbourne - South East,Greater Melbourne
2129618,Endeavour Hills,Casey - North,Melbourne - South East,Greater Melbourne
2129619,Endeavour Hills,Casey - North,Melbourne - South East,Greater Melbourne
2129620,Endeavour Hills,Casey - North,Melbourne - South East,Greater Melbourne
2129621,Endeavour Hills,Casey - North,Melbourne - South East,Greater Melbourne
2129622,Endeavour Hills,Casey - North,Melbourne - South East,Greater Melbourne
2129623,Endeavour Hills,Casey - North,Melbourne - South East,Greater Melbourne
2129624,Endeavour Hills,Casey - North,Melbourne - South East,Greater Melbourne
2129625,Endeavour Hills,Casey - North,Melbourne - South East,Greater Melbourne
2129626,Endeavour Hills,Casey - North,Melbourne - South East,Greater Melbourne
2129627,Endeavour Hills,Casey - North,Melbourne - South East,Greater Melbourne
2129628,Endeavour Hills,Casey - North,Melbourne - South East,Greater Melbourne
2129629,Endeavour Hills,Casey - North,Melbourne - South East,Greater Melbourne
2129630,Endeavour Hills,Casey - North,Melbourne - South East,Greater Melbourne
2129631,Endeavour Hills,Casey - North,Melbourne - South East,Greater Melbourne
2129632,Endeavour Hills,Casey - North,Melbourne - South East,Greater Melbourne
2129633,Endeavour Hills,Casey - North,Melbourne - South East,Greater Melbourne
2129634,Endeavour Hills,Casey - North,Melbourne - South East,Greater Melbourne
2129635,Endeavour Hills,Casey - North,Melbourne - South East,Greater Melbourne
2129636,Endeavour Hills,Casey - North,Melbourne - South East,Greater Melbourne
2129637,Endeavour Hills,Casey - North,Melbourne - South East,Greater Melbourne
2129638,Endeavour Hills,Casey - North,Melbourne - South East,Greater Melbourne
2129639,Endeavour Hills,Casey - North,Melbourne - South East,Greater Melbourne
2129640,Endeavour Hills,Casey - North,Melbourne - South East,Greater Melbourne
2129641,Endeavour Hills,Casey - North,Melbourne - South East,Greater Melbourne
2129642,Endeavour Hills,Casey - North,Melbourne - South East,Greater Melbourne
2129643,Endeavour Hills,Casey - North,Melbourne - South East,Greater Melbourne
2129644,Endeavour Hills,Casey - North,Melbourne - South East,Greater Melbourne
2129645,Endeavour Hills,Casey - North,Melbourne - South East,Greater Melbourne
2129646,Endeavour Hills,Casey - North,Melbourne - South East,Greater Melbourne
2129647,Endeavour Hills,Casey - North,Melbourne - South East,Greater Melbourne
2129648,Endeavour Hills,Casey - North,Melbourne - South East,Greater Melbourne
2129649,Endeavour Hills,Casey - North,Melbourne - South East,Greater Melbourne
2129650,Endeavour Hills,Casey - North,Melbourne - South East,Greater Melbourne
2129651,Endeavour Hills,Casey - North,Melbourne - South East,Greater Melbourne
2129652,Endeavour Hills,Casey - North,Melbourne - South East,Greater Melbourne
2129653,Endeavour Hills,Casey - North,Melbourne - South East,Greater Melbourne
2129654,Endeavour Hills,Casey - North,Melbourne - South East,Greater Melbourne
2129655,Endeavour Hills,Casey - North,Melbourne - South East,Greater Melbourne
2129656,Endeavour Hills,Casey - North,Melbourne - South East,Greater Melbourne
2129657,Endeavour Hills,Casey - North,Melbourne - South East,Greater Melbourne
2129658,Endeavour Hills,Casey - North,Melbourne - South East,Greater Melbourne
2129659,Endeavour Hills,Casey - North,Melbourne - South East,Greater Melbourne
2129660,Endeavour Hills,Casey - North,Melbourne - South East,Greater Melbourne
2129661,Endeavour Hills,Casey - North,Melbourne - South East,Greater Melbourne
2129662,Endeavour Hills,Casey - North,Melbourne - South East,Greater Melbourne
2129663,Endeavour Hills,Casey - North,Melbourne - South East,Greater Melbourne
2129664,Endeavour Hills,Casey - North,Melbourne - South East,Greater Melbourne
2129665,Endeavour Hills,Casey - North,Melbourne - South East,Greater Melbourne
2129666,Endeavour Hills,Casey - North,Melbourne - South East,Greater Melbourne
2129667,Endeavour Hills,Casey - North,Melbourne - South East,Greater Melbourne
2129668,Endeavour Hills,Casey - North,Melbourne - South East,Greater Melbourne
2129669,Endeavour Hills,Casey - North,Melbourne - South East,Greater Melbourne
2129701,Hallam,Casey - North,Melbourne - South East,Greater Melbourne
2129702,Hallam,Casey - North,Melbourne - South East,Greater Melbourne
2129703,Hallam,Casey - North,Melbourne - South East,Greater Melbourne
2129704,Hallam,Casey - North,Melbourne - South East,Greater Melbourne
2129705,Hallam,Casey - North,Melbourne - South East,Greater Melbourne
2129706,Hallam,Casey - North,Melbourne - South East,Greater Melbourne
2129707,Hallam,Casey - North,Melbourne - South East,Greater Melbourne
2129708,Hallam,Casey - North,Melbourne - South East,Greater Melbourne
2129709,Hallam,Casey - North,Melbourne - South East,Greater Melbourne
2129710,Hallam,Casey - North,Melbourne - South East,Greater Melbourne
2129711,Hallam,Casey - North,Melbourne - South East,Greater Melbourne
2129712,Hallam,Casey - North,Melbourne - South East,Greater Melbourne
2129713,Hallam,Casey - North,Melbourne - South East,Greater Melbourne
2129714,Hallam,Casey - North,Melbourne - South East,Greater Melbourne
2129715,Hallam,Casey - North,Melbourne - South East,Greater Melbourne
2129716,Hallam,Casey - North,Melbourne - South East,Greater Melbourne
2129717,Hallam,Casey - North,Melbourne - South East,Greater Melbourne
2129718,Hallam,Casey - North,Melbourne - South East,Greater Melbourne
2129719,Hallam,Casey - North,Melbourne - South East,Greater Melbourne
2129720,Hallam,Casey - North,Melbourne - South East,Greater Melbourne
2129721,Hallam,Casey - North,Melbourne - South East,Greater Melbourne
2129722,Hallam,Casey - North,Melbourne - South East,Greater Melbourne
2129723,Hallam,Casey - North,Melbourne - South East,Greater Melbourne
2129724,Hallam,Casey - North,Melbourne - South East,Greater Melbourne
2129725,Hallam,Casey - North,Melbourne - South East,Greater Melbourne
2129726,Hallam,Casey - North,Melbourne - South East,Greater Melbourne
2129801,Narre Warren,Casey - North,Melbourne - South East,Greater Melbourne
2129802,Narre Warren,Casey - North,Melbourne - South East,Greater Melbourne
2129803,Narre Warren,Casey - North,Melbourne - South East,Greater Melbourne
2129804,Narre Warren,Casey - North,Melbourne - South East,Greater Melbourne
2129805,Narre Warren,Casey - North,Melbourne - South East,Greater Melbourne
2129806,Narre Warren,Casey - North,Melbourne - South East,Greater Melbourne
2129807,Narre Warren,Casey - North,Melbourne - South East,Greater Melbourne
2129808,Narre Warren,Casey - North,Melbourne - South East,Greater Melbourne
2129809,Narre Warren,Casey - North,Melbourne - South East,Greater Melbourne
2129810,Narre Warren,Casey - North,Melbourne - South East,Greater Melbourne
2129811,Narre Warren,Casey - North,Melbourne - South East,Greater Melbourne
2129812,Narre Warren,Casey - North,Melbourne - South East,Greater Melbourne
2129813,Narre Warren,Casey - North,Melbourne - South East,Greater Melbourne
2129814,Narre Warren,Casey - North,Melbourne - South East,Greater Melbourne
2129815,Narre Warren,Casey - North,Melbourne - South East,Greater Melbourne
2129816,Narre Warren,Casey - North,Melbourne - South East,Greater Melbourne
2129817,Narre Warren,Casey - North,Melbourne - South East,Greater Melbourne
2129818,Narre Warren,Casey - North,Melbourne - South East,Greater Melbourne
2129819,Narre Warren,Casey - North,Melbourne - South East,Greater Melbourne
2129820,Narre Warren,Casey - North,Melbourne - South East,Greater Melbourne
2129821,Narre Warren,Casey - North,Melbourne - South East,Greater Melbourne
2129822,Narre Warren,Casey - North,Melbourne - South East,Greater Melbourne
2129823,Narre Warren,Casey - North,Melbourne - South East,Greater Melbourne
2129824,Narre Warren,Casey - North,Melbourne - South East,Greater Melbourne
2129825,Narre Warren,Casey - North,Melbourne - South East,Greater Melbourne
2129826,Narre Warren,Casey - North,Melbourne - South East,Greater Melbourne
2129827,Narre Warren,Casey - North,Melbourne - South East,Greater Melbourne
2129828,Narre Warren,Casey - North,Melbourne - South East,Greater Melbourne
2129829,Narre Warren,Casey - North,Melbourne - South East,Greater Melbourne
2129830,Narre Warren,Casey - North,Melbourne - South East,Greater Melbourne
2129831,Narre Warren,Casey - North,Melbourne - South East,Greater Melbourne
2129832,Narre Warren,Casey - North,Melbourne - South East,Greater Melbourne
2129833,Narre Warren,Casey - North,Melbourne - South East,Greater Melbourne
2129834,Narre Warren,Casey - North,Melbourne - South East,Greater Melbourne
2129835,Narre Warren,Casey - North,Melbourne - South East,Greater Melbourne
2129836,Narre Warren,Casey - North,Melbourne - South East,Greater Melbourne
2129837,Narre Warren,Casey - North,Melbourne - South East,Greater Melbourne
2129838,Narre Warren,Casey - North,Melbourne - South East,Greater Melbourne
2129839,Narre Warren,Casey - North,Melbourne - South East,Greater Melbourne
2129840,Narre Warren,Casey - North,Melbourne - South East,Greater Melbourne
2129841,Narre Warren,Casey - North,Melbourne - South East,Greater Melbourne
2129842,Narre Warren,Casey - North,Melbourne - South East,Greater Melbourne
2129843,Narre Warren,Casey - North,Melbourne - South East,Greater Melbourne
2129844,Narre Warren,Casey - North,Melbourne - South East,Greater Melbourne
2129845,Narre Warren,Casey - North,Melbourne - South East,Greater Melbourne
2129846,Narre Warren,Casey - North,Melbourne - South East,Greater Melbourne
2129847,Narre Warren,Casey - North,Melbourne - South East,Greater Melbourne
2129848,Narre Warren,Casey - North,Melbourne - South East,Greater Melbourne
2129849,Narre Warren,Casey - North,Melbourne - South East,Greater Melbourne
2129850,Narre Warren,Casey - North,Melbourne - South East,Greater Melbourne
2129851,Narre Warren,Casey - North,Melbourne - South East,Greater Melbourne
2129852,Narre Warren,Casey - North,Melbourne - South East,Greater Melbourne
2129853,Narre Warren,Casey - North,Melbourne - South East,Greater Melbourne
2129854,Narre Warren,Casey - North,Melbourne - South East,Greater Melbourne
2129855,Narre Warren,Casey - North,Melbourne - South East,Greater Melbourne
2129856,Narre Warren,Casey - North,Melbourne - South East,Greater Melbourne
2129857,Narre Warren,Casey - North,Melbourne - South East,Greater Melbourne
2129858,Narre Warren,Casey - North,Melbourne - South East,Greater Melbourne
2129859,Narre Warren,Casey - North,Melbourne - South East,Greater Melbourne
2129860,Narre Warren,Casey - North,Melbourne - South East,Greater Melbourne
2129861,Narre Warren,Casey - North,Melbourne - South East,Greater Melbourne
2129862,Narre Warren,Casey - North,Melbourne - South East,Greater Melbourne
2129863,Narre Warren,Casey - North,Melbourne - South East,Greater Melbourne
2129864,Narre Warren,Casey - North,Melbourne - South East,Greater Melbourne
2129865,Narre Warren,Casey - North,Melbourne - South East,Greater Melbourne
2129901,Narre Warren North,Casey - North,Melbourne - South East,Greater Melbourne
2129902,Narre Warren North,Casey - North,Melbourne - South East,Greater Melbourne
2129903,Narre Warren North,Casey - North,Melbourne - South East,Greater Melbourne
2129904,Narre Warren North,Casey - North,Melbourne - South East,Greater Melbourne
2129905,Narre Warren North,Casey - North,Melbourne - South East,Greater Melbourne
2129906,Narre Warren North,Casey - North,Melbourne - South East,Greater Melbourne
2129907,Narre Warren North,Casey - North,Melbourne - South East,Greater Melbourne
2129908,Narre Warren North,Casey - North,Melbourne - South East,Greater Melbourne
2129909,Narre Warren North,Casey - North,Melbourne - South East,Greater Melbourne
2129910,Narre Warren North,Casey - North,Melbourne - South East,Greater Melbourne
2129911,Narre Warren North,Casey - North,Melbourne - South East,Greater Melbourne
2129912,Narre Warren North,Casey - North,Melbourne - South East,Greater Melbourne
2129913,Narre Warren North,Casey - North,Melbourne - South East,Greater Melbourne
2129914,Narre Warren North,Casey - North,Melbourne - South East,Greater Melbourne
2129915,Narre Warren North,Casey - North,Melbourne - South East,Greater Melbourne
2129916,Narre Warren North,Casey - North,Melbourne - South East,Greater Melbourne
2129917,Narre Warren North,Casey - North,Melbourne - South East,Greater Melbourne
2129918,Narre Warren North,Casey - North,Melbourne - South East,Greater Melbourne
2130001,Cranbourne,Casey - South,Melbourne - South East,Greater Melbourne
2130002,Cranbourne,Casey - South,Melbourne - South East,Greater Melbourne
2130003,Cranbourne,Casey - South,Melbourne - South East,Greater Melbourne
2130004,Cranbourne,Casey - South,Melbourne - South East,Greater Melbourne
2130005,Cranbourne,Casey - South,Melbourne - South East,Greater Melbourne
2130006,Cranbourne,Casey - South,Melbourne - South East,Greater Melbourne
2130007,Cranbourne,Casey - South,Melbourne - South East,Greater Melbourne
2130008,Cranbourne,Casey - South,Melbourne - South East,Greater Melbourne
2130009,Cranbourne,Casey - South,Melbourne - South East,Greater Melbourne
2130010,Cranbourne,Casey - South,Melbourne - South East,Greater Melbourne
2130011,Cranbourne,Casey - South,Melbourne - South East,Greater Melbourne
2130012,Cranbourne,Casey - South,Melbourne - South East,Greater Melbourne
2130013,Cranbourne,Casey - South,Melbourne - South East,Greater Melbourne
2130014,Cranbourne,Casey - South,Melbourne - South East,Greater Melbourne
2130015,Cranbourne,Casey - South,Melbourne - South East,Greater Melbourne
2130016,Cranbourne,Casey - South,Melbourne - South East,Greater Melbourne
2130017,Cranbourne,Casey - South,Melbourne - South East,Greater Melbourne
2130018,Cranbourne,Casey - South,Melbourne - South East,Greater Melbourne
2130019,Cranbourne,Casey - South,Melbourne - South East,Greater Melbourne
2130020,Cranbourne,Casey - South,Melbourne - South East,Greater Melbourne
2130021,Cranbourne,Casey - South,Melbourne - South East,Greater Melbourne
2130022,Cranbourne,Casey - South,Melbourne - South East,Greater Melbourne
2130023,Cranbourne,Casey - South,Melbourne - South East,Greater Melbourne
2130024,Cranbourne,Casey - South,Melbourne - South East,Greater Melbourne
2130025,Cranbourne,Casey - South,Melbourne - South East,Greater Melbourne
2130026,Cranbourne,Casey - South,Melbourne - South East,Greater Melbourne
2130027,Cranbourne,Casey - South,Melbourne - South East,Greater Melbourne
2130028,Cranbourne,Casey - South,Melbourne - South East,Greater Melbourne
2130029,Cranbourne,Casey - South,Melbourne - South East,Greater Melbourne
2130030,Cranbourne,Casey - South,Melbourne - South East,Greater Melbourne
2130031,Cranbourne,Casey - South,Melbourne - South East,Greater Melbourne
2130032,Cranbourne,Casey - South,Melbourne - South East,Greater Melbourne
2130033,Cranbourne,Casey - South,Melbourne - South East,Greater Melbourne
2130034,Cranbourne,Casey - South,Melbourne - South East,Greater Melbourne
2130035,Cranbourne,Casey - South,Melbourne - South East,Greater Melbourne
2130036,Cranbourne,Casey - South,Melbourne - South East,Greater Melbourne
2130037,Cranbourne,Casey - South,Melbourne - South East,Greater Melbourne
2130038,Cranbourne,Casey - South,Melbourne - South East,Greater Melbourne
2130039,Cranbourne,Casey - South,Melbourne - South East,Greater Melbourne
2130040,Cranbourne,Casey - South,Melbourne - South East,Greater Melbourne
2130101,Cranbourne East,Casey - South,Melbourne - South East,Greater Melbourne
2130102,Cranbourne East,Casey - South,Melbourne - South East,Greater Melbourne
2130103,Cranbourne East,Casey - South,Melbourne - South East,Greater Melbourne
2130104,Cranbourne East,Casey - South,Melbourne - South East,Greater Melbourne
2130105,Cranbourne East,Casey - South,Melbourne - South East,Greater Melbourne
2130106,Cranbourne East,Casey - South,Melbourne - South East,Greater Melbourne
2130107,Cranbourne East,Casey - South,Melbourne - South East,Greater Melbourne
2130108,Cranbourne East,Casey - South,Melbourne - South East,Greater Melbourne
2130109,Cranbourne East,Casey - South,Melbourne - South East,Greater Melbourne
2130110,Cranbourne East,Casey - South,Melbourne - South East,Greater Melbourne
2130111,Cranbourne East,Casey - South,Melbourne - South East,Greater Melbourne
2130112,Cranbourne East,Casey - South,Melbourne - South East,Greater Melbourne
2130201,Cranbourne North,Casey - South,Melbourne - South East,Greater Melbourne
2130202,Cranbourne North,Casey - South,Melbourne - South East,Greater Melbourne
2130203,Cranbourne North,Casey - South,Melbourne - South East,Greater Melbourne
2130204,Cranbourne North,Casey - South,Melbourne - South East,Greater Melbourne
2130205,Cranbourne North,Casey - South,Melbourne - South East,Greater Melbourne
2130206,Cranbourne North,Casey - South,Melbourne - South East,Greater Melbourne
2130207,Cranbourne North,Casey - South,Melbourne - South East,Greater Melbourne
2130208,Cranbourne North,Casey - South,Melbourne - South East,Greater Melbourne
2130209,Cranbourne North,Casey - South,Melbourne - South East,Greater Melbourne
2130210,Cranbourne North,Casey - South,Melbourne - South East,Greater Melbourne
2130211,Cranbourne North,Casey - South,Melbourne - South East,Greater Melbourne
2130212,Cranbourne North,Casey - South,Melbourne - South East,Greater Melbourne
2130213,Cranbourne North,Casey - South,Melbourne - South East,Greater Melbourne
2130214,Cranbourne North,Casey - South,Melbourne - South East,Greater Melbourne
2130215,Cranbourne North,Casey - South,Melbourne - South East,Greater Melbourne
2130216,Cranbourne North,Casey - South,Melbourne - South East,Greater Melbourne
2130217,Cranbourne North,Casey - South,Melbourne - South East,Greater Melbourne
2130218,Cranbourne North,Casey - South,Melbourne - South East,Greater Melbourne
2130219,Cranbourne North,Casey - South,Melbourne - South East,Greater Melbourne
2130220,Cranbourne North,Casey - South,Melbourne - South East,Greater Melbourne
2130221,Cranbourne North,Casey - South,Melbourne - South East,Greater Melbourne
2130222,Cranbourne North,Casey - South,Melbourne - South East,Greater Melbourne
2130223,Cranbourne North,Casey - South,Melbourne - South East,Greater Melbourne
2130224,Cranbourne North,Casey - South,Melbourne - South East,Greater Melbourne
2130225,Cranbourne North,Casey - South,Melbourne - South East,Greater Melbourne
2130226,Cranbourne North,Casey - South,Melbourne - South East,Greater Melbourne
2130227,Cranbourne North,Casey - South,Melbourne - South East,Greater Melbourne
2130228,Cranbourne North,Casey - South,Melbourne - South East,Greater Melbourne
2130301,Cranbourne South,Casey - South,Melbourne - South East,Greater Melbourne
2130302,Cranbourne South,Casey - South,Melbourne - South East,Greater Melbourne
2130303,Cranbourne South,Casey - South,Melbourne - South East,Greater Melbourne
2130304,Cranbourne South,Casey - South,Melbourne - South East,Greater Melbourne
2130305,Cranbourne South,Casey - South,Melbourne - South East,Greater Melbourne
2130306,Cranbourne South,Casey - South,Melbourne - South East,Greater Melbourne
2130307,Cranbourne South,Casey - South,Melbourne - South East,Greater Melbourne
2130308,Cranbourne South,Casey - South,Melbourne - South East,Greater Melbourne
2130309,Cranbourne South,Casey - South,Melbourne - South East,Greater Melbourne
2130310,Cranbourne South,Casey - South,Melbourne - South East,Greater Melbourne
2130311,Cranbourne South,Casey - South,Melbourne - South East,Greater Melbourne
2130312,Cranbourne South,Casey - South,Melbourne - South East,Greater Melbourne
2130313,Cranbourne South,Casey - South,Melbourne - South East,Greater Melbourne
2130314,Cranbourne South,Casey - South,Melbourne - South East,Greater Melbourne
2130401,Cranbourne West,Casey - South,Melbourne - South East,Greater Melbourne
2130402,Cranbourne West,Casey - South,Melbourne - South East,Greater Melbourne
2130403,Cranbourne West,Casey - South,Melbourne - South East,Greater Melbourne
2130404,Cranbourne West,Casey - South,Melbourne - South East,Greater Melbourne
2130405,Cranbourne West,Casey - South,Melbourne - South East,Greater Melbourne
2130406,Cranbourne West,Casey - South,Melbourne - South East,Greater Melbourne
2130407,Cranbourne West,Casey - South,Melbourne - South East,Greater Melbourne
2130408,Cranbourne West,Casey - South,Melbourne - South East,Greater Melbourne
2130409,Cranbourne West,Casey - South,Melbourne - South East,Greater Melbourne
2130410,Cranbourne West,Casey - South,Melbourne - South East,Greater Melbourne
2130411,Cranbourne West,Casey - South,Melbourne - South East,Greater Melbourne
2130412,Cranbourne West,Casey - South,Melbourne - South East,Greater Melbourne
2130413,Cranbourne West,Casey - South,Melbourne - South East,Greater Melbourne
2130414,Cranbourne West,Casey - South,Melbourne - South East,Greater Melbourne
2130415,Cranbourne West,Casey - South,Melbourne - South East,Greater Melbourne
2130416,Cranbourne West,Casey - South,Melbourne - South East,Greater Melbourne
2130417,Cranbourne West,Casey - South,Melbourne - South East,Greater Melbourne
2130418,Cranbourne West,Casey - South,Melbourne - South East,Greater Melbourne
2130419,Cranbourne West,Casey - South,Melbourne - South East,Greater Melbourne
2130420,Cranbourne West,Casey - South,Melbourne - South East,Greater Melbourne
2130501,Hampton Park - Lynbrook,Casey - South,Melbourne - South East,Greater Melbourne
2130502,Hampton Park - Lynbrook,Casey - South,Melbourne - South East,Greater Melbourne
2130503,Hampton Park - Lynbrook,Casey - South,Melbourne - South East,Greater Melbourne
2130504,Hampton Park - Lynbrook,Casey - South,Melbourne - South East,Greater Melbourne
2130505,Hampton Park - Lynbrook,Casey - South,Melbourne - South East,Greater Melbourne
2130506,Hampton Park - Lynbrook,Casey - South,Melbourne - South East,Greater Melbourne
2130507,Hampton Park - Lynbrook,Casey - South,Melbourne - South East,Greater Melbourne
2130508,Hampton Park - Lynbrook,Casey - South,Melbourne - South East,Greater Melbourne
2130509,Hampton Park - Lynbrook,Casey - South,Melbourne - South East,Greater Melbourne
2130510,Hampton Park - Lynbrook,Casey - South,Melbourne - South East,Greater Melbourne
2130511,Hampton Park - Lynbrook,Casey - South,Melbourne - South East,Greater Melbourne
2130512,Hampton Park - Lynbrook,Casey - South,Melbourne - South East,Greater Melbourne
2130513,Hampton Park - Lynbrook,Casey - South,Melbourne - South East,Greater Melbourne
2130514,Hampton Park - Lynbrook,Casey - South,Melbourne - South East,Greater Melbourne
2130515,Hampton Park - Lynbrook,Casey - South,Melbourne - South East,Greater Melbourne
2130516,Hampton Park - Lynbrook,Casey - South,Melbourne - South East,Greater Melbourne
2130517,Hampton Park - Lynbrook,Casey - South,Melbourne - South East,Greater Melbourne
2130518,Hampton Park - Lynbrook,Casey - South,Melbourne - South East,Greater Melbourne
2130519,Hampton Park - Lynbrook,Casey - South,Melbourne - South East,Greater Melbourne
2130520,Hampton Park - Lynbrook,Casey - South,Melbourne - South East,Greater Melbourne
2130521,Hampton Park - Lynbrook,Casey - South,Melbourne - South East,Greater Melbourne
2130522,Hampton Park - Lynbrook,Casey - South,Melbourne - South East,Greater Melbourne
2130523,Hampton Park - Lynbrook,Casey - South,Melbourne - South East,Greater Melbourne
2130524,Hampton Park - Lynbrook,Casey - South,Melbourne - South East,Greater Melbourne
2130525,Hampton Park - Lynbrook,Casey - South,Melbourne - South East,Greater Melbourne
2130526,Hampton Park - Lynbrook,Casey - South,Melbourne - South East,Greater Melbourne
2130527,Hampton Park - Lynbrook,Casey - South,Melbourne - South East,Greater Melbourne
2130528,Hampton Park - Lynbrook,Casey - South,Melbourne - South East,Greater Melbourne
2130529,Hampton Park - Lynbrook,Casey - South,Melbourne - South East,Greater Melbourne
2130530,Hampton Park - Lynbrook,Casey - South,Melbourne - South East,Greater Melbourne
2130531,Hampton Park - Lynbrook,Casey - South,Melbourne - South East,Greater Melbourne
2130532,Hampton Park - Lynbrook,Casey - South,Melbourne - South East,Greater Melbourne
2130533,Hampton Park - Lynbrook,Casey - South,Melbourne - South East,Greater Melbourne
2130534,Hampton Park - Lynbrook,Casey - South,Melbourne - South East,Greater Melbourne
2130535,Hampton Park - Lynbrook,Casey - South,Melbourne - South East,Greater Melbourne
2130536,Hampton Park - Lynbrook,Casey - South,Melbourne - South East,Greater Melbourne
2130537,Hampton Park - Lynbrook,Casey - South,Melbourne - South East,Greater Melbourne
2130538,Hampton Park - Lynbrook,Casey - South,Melbourne - South East,Greater Melbourne
2130539,Hampton Park - Lynbrook,Casey - South,Melbourne - South East,Greater Melbourne
2130540,Hampton Park - Lynbrook,Casey - South,Melbourne - South East,Greater Melbourne
2130541,Hampton Park - Lynbrook,Casey - South,Melbourne - South East,Greater Melbourne
2130542,Hampton Park - Lynbrook,Casey - South,Melbourne - South East,Greater Melbourne
2130543,Hampton Park - Lynbrook,Casey - South,Melbourne - South East,Greater Melbourne
2130544,Hampton Park - Lynbrook,Casey - South,Melbourne - South East,Greater Melbourne
2130545,Hampton Park - Lynbrook,Casey - South,Melbourne - South East,Greater Melbourne
2130546,Hampton Park - Lynbrook,Casey - South,Melbourne - South East,Greater Melbourne
2130547,Hampton Park - Lynbrook,Casey - South,Melbourne - South East,Greater Melbourne
2130548,Hampton Park - Lynbrook,Casey - South,Melbourne - South East,Greater Melbourne
2130601,Lynbrook - Lyndhurst,Casey - South,Melbourne - South East,Greater Melbourne
2130602,Lynbrook - Lyndhurst,Casey - South,Melbourne - South East,Greater Melbourne
2130603,Lynbrook - Lyndhurst,Casey - South,Melbourne - South East,Greater Melbourne
2130604,Lynbrook - Lyndhurst,Casey - South,Melbourne - South East,Greater Melbourne
2130605,Lynbrook - Lyndhurst,Casey - South,Melbourne - South East,Greater Melbourne
2130606,Lynbrook - Lyndhurst,Casey - South,Melbourne - South East,Greater Melbourne
2130607,Lynbrook - Lyndhurst,Casey - South,Melbourne - South East,Greater Melbourne
2130608,Lynbrook - Lyndhurst,Casey - South,Melbourne - South East,Greater Melbourne
2130609,Lynbrook - Lyndhurst,Casey - South,Melbourne - South East,Greater Melbourne
2130610,Lynbrook - Lyndhurst,Casey - South,Melbourne - South East,Greater Melbourne
2130611,Lynbrook - Lyndhurst,Casey - South,Melbourne - South East,Greater Melbourne
2130612,Lynbrook - Lyndhurst,Casey - South,Melbourne - South East,Greater Melbourne
2130613,Lynbrook - Lyndhurst,Casey - South,Melbourne - South East,Greater Melbourne
2130614,Lynbrook - Lyndhurst,Casey - South,Melbourne - South East,Greater Melbourne
2130701,Narre Warren South,Casey - South,Melbourne - South East,Greater Melbourne
2130702,Narre Warren South,Casey - South,Melbourne - South East,Greater Melbourne
2130703,Narre Warren South,Casey - South,Melbourne - South East,Greater Melbourne
2130704,Narre Warren South,Casey - South,Melbourne - South East,Greater Melbourne
2130705,Narre Warren South,Casey - South,Melbourne - South East,Greater Melbourne
2130706,Narre Warren South,Casey - South,Melbourne - South East,Greater Melbourne
2130707,Narre Warren South,Casey - South,Melbourne - South East,Greater Melbourne
2130708,Narre Warren South,Casey - South,Melbourne - South East,Greater Melbourne
2130709,Narre Warren South,Casey - South,Melbourne - South East,Greater Melbourne
2130710,Narre Warren South,Casey - South,Melbourne - South East,Greater Melbourne
2130711,Narre Warren South,Casey - South,Melbourne - South East,Greater Melbourne
2130712,Narre Warren South,Casey - South,Melbourne - South East,Greater Melbourne
2130713,Narre Warren South,Casey - South,Melbourne - South East,Greater Melbourne
2130714,Narre Warren South,Casey - South,Melbourne - South East,Greater Melbourne
2130715,Narre Warren South,Casey - South,Melbourne - South East,Greater Melbourne
2130716,Narre Warren South,Casey - South,Melbourne - South East,Greater Melbourne
2130717,Narre Warren South,Casey - South,Melbourne - South East,Greater Melbourne
2130718,Narre Warren South,Casey - South,Melbourne - South East,Greater Melbourne
2130719,Narre Warren South,Casey - South,Melbourne - South East,Greater Melbourne
2130720,Narre Warren South,Casey - South,Melbourne - South East,Greater Melbourne
2130721,Narre Warren South,Casey - South,Melbourne - South East,Greater Melbourne
2130722,Narre Warren South,Casey - South,Melbourne - South East,Greater Melbourne
2130723,Narre Warren South,Casey - South,Melbourne - South East,Greater Melbourne
2130724,Narre Warren South,Casey - South,Melbourne - South East,Greater Melbourne
2130725,Narre Warren South,Casey - South,Melbourne - South East,Greater Melbourne
2130726,Narre Warren South,Casey - South,Melbourne - South East,Greater Melbourne
2130727,Narre Warren South,Casey - South,Melbourne - South East,Greater Melbourne
2130728,Narre Warren South,Casey - South,Melbourne - South East,Greater Melbourne
2130729,Narre Warren South,Casey - South,Melbourne - South East,Greater Melbourne
2130730,Narre Warren South,Casey - South,Melbourne - South East,Greater Melbourne
2130731,Narre Warren South,Casey - South,Melbourne - South East,Greater Melbourne
2130732,Narre Warren South,Casey - South,Melbourne - South East,Greater Melbourne
2130733,Narre Warren South,Casey - South,Melbourne - South East,Greater Melbourne
2130734,Narre Warren South,Casey - South,Melbourne - South East,Greater Melbourne
2130735,Narre Warren South,Casey - South,Melbourne - South East,Greater Melbourne
2130736,Narre Warren South,Casey - South,Melbourne - South East,Greater Melbourne
2130737,Narre Warren South,Casey - South,Melbourne - South East,Greater Melbourne
2130738,Narre Warren South,Casey - South,Melbourne - South East,Greater Melbourne
2130739,Narre Warren South,Casey - South,Melbourne - South East,Greater Melbourne
2130740,Narre Warren South,Casey - South,Melbourne - South East,Greater Melbourne
2130741,Narre Warren South,Casey - South,Melbourne - South East,Greater Melbourne
2130742,Narre Warren South,Casey - South,Melbourne - South East,Greater Melbourne
2130743,Narre Warren South,Casey - South,Melbourne - South East,Greater Melbourne
2130744,Narre Warren South,Casey - South,Melbourne - South East,Greater Melbourne
2130745,Narre Warren South,Casey - South,Melbourne - South East,Greater Melbourne
2130746,Narre Warren South,Casey - South,Melbourne - South East,Greater Melbourne
2130747,Narre Warren South,Casey - South,Melbourne - South East,Greater Melbourne
2130748,Narre Warren South,Casey - South,Melbourne - South East,Greater Melbourne
2130749,Narre Warren South,Casey - South,Melbourne - South East,Greater Melbourne
2130750,Narre Warren South,Casey - South,Melbourne - South East,Greater Melbourne
2130751,Narre Warren South,Casey - South,Melbourne - South East,Greater Melbourne
2130752,Narre Warren South,Casey - South,Melbourne - South East,Greater Melbourne
2130753,Narre Warren South,Casey - South,Melbourne - South East,Greater Melbourne
2130754,Narre Warren South,Casey - South,Melbourne - South East,Greater Melbourne
2130755,Narre Warren South,Casey - South,Melbourne - South East,Greater Melbourne
2130756,Narre Warren South,Casey - South,Melbourne - South East,Greater Melbourne
2130757,Narre Warren South,Casey - South,Melbourne - South East,Greater Melbourne
2130758,Narre Warren South,Casey - South,Melbourne - South East,Greater Melbourne
2130759,Narre Warren South,Casey - South,Melbourne - South East,Greater Melbourne
2130760,Narre Warren South,Casey - South,Melbourne - South East,Greater Melbourne
2130761,Narre Warren South,Casey - South,Melbourne - South East,Greater Melbourne
2130762,Narre Warren South,Casey - South,Melbourne - South East,Greater Melbourne
2130763,Narre Warren South,Casey - South,Melbourne - South East,Greater Melbourne
2130764,Narre Warren South,Casey - South,Melbourne - South East,Greater Melbourne
2130765,Narre Warren South,Casey - South,Melbourne - South East,Greater Melbourne
2130766,Narre Warren South,Casey - South,Melbourne - South East,Greater Melbourne
2130801,Pearcedale - Tooradin,Casey - South,Melbourne - South East,Greater Melbourne
2130802,Pearcedale - Tooradin,Casey - South,Melbourne - South East,Greater Melbourne
2130803,Pearcedale - Tooradin,Casey - South,Melbourne - South East,Greater Melbourne
2130804,Pearcedale - Tooradin,Casey - South,Melbourne - South East,Greater Melbourne
2130805,Pearcedale - Tooradin,Casey - South,Melbourne - South East,Greater Melbourne
2130806,Pearcedale - Tooradin,Casey - South,Melbourne - South East,Greater Melbourne
2130807,Pearcedale - Tooradin,Casey - South,Melbourne - South East,Greater Melbourne
2130808,Pearcedale - Tooradin,Casey - South,Melbourne - South East,Greater Melbourne
2130809,Pearcedale - Tooradin,Casey - South,Melbourne - South East,Greater Melbourne
2130810,Pearcedale - Tooradin,Casey - South,Melbourne - South East,Greater Melbourne
2130811,Pearcedale - Tooradin,Casey - South,Melbourne - South East,Greater Melbourne
2130812,Pearcedale - Tooradin,Casey - South,Melbourne - South East,Greater Melbourne
2130813,Pearcedale - Tooradin,Casey - South,Melbourne - South East,Greater Melbourne
2130814,Pearcedale - Tooradin,Casey - South,Melbourne - South East,Greater Melbourne
2130815,Pearcedale - Tooradin,Casey - South,Melbourne - South East,Greater Melbourne
2130816,Pearcedale - Tooradin,Casey - South,Melbourne - South East,Greater Melbourne
2130817,Pearcedale - Tooradin,Casey - South,Melbourne - South East,Greater Melbourne
2130818,Pearcedale - Tooradin,Casey - South,Melbourne - South East,Greater Melbourne
2130819,Pearcedale - Tooradin,Casey - South,Melbourne - South East,Greater Melbourne
2130820,Pearcedale - Tooradin,Casey - South,Melbourne - South East,Greater Melbourne
2130821,Pearcedale - Tooradin,Casey - South,Melbourne - South East,Greater Melbourne
2130822,Pearcedale - Tooradin,Casey - South,Melbourne - South East,Greater Melbourne
2130901,Clarinda - Oakleigh South,Dandenong,Melbourne - South East,Greater Melbourne
2130902,Clarinda - Oakleigh South,Dandenong,Melbourne - South East,Greater Melbourne
2130903,Clarinda - Oakleigh South,Dandenong,Melbourne - South East,Greater Melbourne
2130904,Clarinda - Oakleigh South,Dandenong,Melbourne - South East,Greater Melbourne
2130905,Clarinda - Oakleigh South,Dandenong,Melbourne - South East,Greater Melbourne
2130906,Clarinda - Oakleigh South,Dandenong,Melbourne - South East,Greater Melbourne
2130907,Clarinda - Oakleigh South,Dandenong,Melbourne - South East,Greater Melbourne
2130908,Clarinda - Oakleigh South,Dandenong,Melbourne - South East,Greater Melbourne
2130909,Clarinda - Oakleigh South,Dandenong,Melbourne - South East,Greater Melbourne
2130910,Clarinda - Oakleigh South,Dandenong,Melbourne - South East,Greater Melbourne
2130911,Clarinda - Oakleigh South,Dandenong,Melbourne - South East,Greater Melbourne
2130912,Clarinda - Oakleigh South,Dandenong,Melbourne - South East,Greater Melbourne
2130913,Clarinda - Oakleigh South,Dandenong,Melbourne - South East,Greater Melbourne
2130914,Clarinda - Oakleigh South,Dandenong,Melbourne - South East,Greater Melbourne
2130915,Clarinda - Oakleigh South,Dandenong,Melbourne - South East,Greater Melbourne
2130916,Clarinda - Oakleigh South,Dandenong,Melbourne - South East,Greater Melbourne
2130917,Clarinda - Oakleigh South,Dandenong,Melbourne - South East,Greater Melbourne
2130918,Clarinda - Oakleigh South,Dandenong,Melbourne - South East,Greater Melbourne
2130919,Clarinda - Oakleigh South,Dandenong,Melbourne - South East,Greater Melbourne
2130920,Clarinda - Oakleigh South,Dandenong,Melbourne - South East,Greater Melbourne
2130921,Clarinda - Oakleigh South,Dandenong,Melbourne - South East,Greater Melbourne
2130922,Clarinda - Oakleigh South,Dandenong,Melbourne - South East,Greater Melbourne
2130923,Clarinda - Oakleigh South,Dandenong,Melbourne - South East,Greater Melbourne
2130924,Clarinda - Oakleigh South,Dandenong,Melbourne - South East,Greater Melbourne
2130925,Clarinda - Oakleigh South,Dandenong,Melbourne - South East,Greater Melbourne
2130926,Clarinda - Oakleigh South,Dandenong,Melbourne - South East,Greater Melbourne
2130927,Clarinda - Oakleigh South,Dandenong,Melbourne - South East,Greater Melbourne
2130928,Clarinda - Oakleigh South,Dandenong,Melbourne - South East,Greater Melbourne
2130929,Clarinda - Oakleigh South,Dandenong,Melbourne - South East,Greater Melbourne
2130930,Clarinda - Oakleigh South,Dandenong,Melbourne - South East,Greater Melbourne
2130931,Clarinda - Oakleigh South,Dandenong,Melbourne - South East,Greater Melbourne
2130932,Clarinda - Oakleigh South,Dandenong,Melbourne - South East,Greater Melbourne
2131001,Clayton South,Dandenong,Melbourne - South East,Greater Melbourne
2131002,Clayton South,Dandenong,Melbourne - South East,Greater Melbourne
2131003,Clayton South,Dandenong,Melbourne - South East,Greater Melbourne
2131004,Clayton South,Dandenong,Melbourne - South East,Greater Melbourne
2131005,Clayton South,Dandenong,Melbourne - South East,Greater Melbourne
2131006,Clayton South,Dandenong,Melbourne - South East,Greater Melbourne
2131007,Clayton South,Dandenong,Melbourne - South East,Greater Melbourne
2131008,Clayton South,Dandenong,Melbourne - South East,Greater Melbourne
2131009,Clayton South,Dandenong,Melbourne - South East,Greater Melbourne
2131010,Clayton South,Dandenong,Melbourne - South East,Greater Melbourne
2131011,Clayton South,Dandenong,Melbourne - South East,Greater Melbourne
2131012,Clayton South,Dandenong,Melbourne - South East,Greater Melbourne
2131013,Clayton South,Dandenong,Melbourne - South East,Greater Melbourne
2131014,Clayton South,Dandenong,Melbourne - South East,Greater Melbourne
2131015,Clayton South,Dandenong,Melbourne - South East,Greater Melbourne
2131016,Clayton South,Dandenong,Melbourne - South East,Greater Melbourne
2131017,Clayton South,Dandenong,Melbourne - South East,Greater Melbourne
2131018,Clayton South,Dandenong,Melbourne - South East,Greater Melbourne
2131019,Clayton South,Dandenong,Melbourne - South East,Greater Melbourne
2131020,Clayton South,Dandenong,Melbourne - South East,Greater Melbourne
2131021,Clayton South,Dandenong,Melbourne - South East,Greater Melbourne
2131022,Clayton South,Dandenong,Melbourne - South East,Greater Melbourne
2131023,Clayton South,Dandenong,Melbourne - South East,Greater Melbourne
2131024,Clayton South,Dandenong,Melbourne - South East,Greater Melbourne
2131025,Clayton South,Dandenong,Melbourne - South East,Greater Melbourne
2131026,Clayton South,Dandenong,Melbourne - South East,Greater Melbourne
2131027,Clayton South,Dandenong,Melbourne - South East,Greater Melbourne
2131028,Clayton South,Dandenong,Melbourne - South East,Greater Melbourne
2131029,Clayton South,Dandenong,Melbourne - South East,Greater Melbourne
2131030,Clayton South,Dandenong,Melbourne - South East,Greater Melbourne
2131101,Dandenong,Dandenong,Melbourne - South East,Greater Melbourne
2131102,Dandenong,Dandenong,Melbourne - South East,Greater Melbourne
2131103,Dandenong,Dandenong,Melbourne - South East,Greater Melbourne
2131104,Dandenong,Dandenong,Melbourne - South East,Greater Melbourne
2131105,Dandenong,Dandenong,Melbourne - South East,Greater Melbourne
2131106,Dandenong,Dandenong,Melbourne - South East,Greater Melbourne
2131107,Dandenong,Dandenong,Melbourne - South East,Greater Melbourne
2131108,Dandenong,Dandenong,Melbourne - South East,Greater Melbourne
2131109,Dandenong,Dandenong,Melbourne - South East,Greater Melbourne
2131110,Dandenong,Dandenong,Melbourne - South East,Greater Melbourne
2131111,Dandenong,Dandenong,Melbourne - South East,Greater Melbourne
2131112,Dandenong,Dandenong,Melbourne - South East,Greater Melbourne
2131113,Dandenong,Dandenong,Melbourne - South East,Greater Melbourne
2131114,Dandenong,Dandenong,Melbourne - South East,Greater Melbourne
2131115,Dandenong,Dandenong,Melbourne - South East,Greater Melbourne
2131116,Dandenong,Dandenong,Melbourne - South East,Greater Melbourne
2131117,Dandenong,Dandenong,Melbourne - South East,Greater Melbourne
2131118,Dandenong,Dandenong,Melbourne - South East,Greater Melbourne
2131119,Dandenong,Dandenong,Melbourne - South East,Greater Melbourne
2131120,Dandenong,Dandenong,Melbourne - South East,Greater Melbourne
2131121,Dandenong,Dandenong,Melbourne - South East,Greater Melbourne
2131122,Dandenong,Dandenong,Melbourne - South East,Greater Melbourne
2131123,Dandenong,Dandenong,Melbourne - South East,Greater Melbourne
2131124,Dandenong,Dandenong,Melbourne - South East,Greater Melbourne
2131125,Dandenong,Dandenong,Melbourne - South East,Greater Melbourne
2131126,Dandenong,Dandenong,Melbourne - South East,Greater Melbourne
2131127,Dandenong,Dandenong,Melbourne - South East,Greater Melbourne
2131128,Dandenong,Dandenong,Melbourne - South East,Greater Melbourne
2131129,Dandenong,Dandenong,Melbourne - South East,Greater Melbourne
2131130,Dandenong,Dandenong,Melbourne - South East,Greater Melbourne
2131131,Dandenong,Dandenong,Melbourne - South East,Greater Melbourne
2131132,Dandenong,Dandenong,Melbourne - South East,Greater Melbourne
2131133,Dandenong,Dandenong,Melbourne - South East,Greater Melbourne
2131134,Dandenong,Dandenong,Melbourne - South East,Greater Melbourne
2131135,Dandenong,Dandenong,Melbourne - South East,Greater Melbourne
2131136,Dandenong,Dandenong,Melbourne - South East,Greater Melbourne
2131137,Dandenong,Dandenong,Melbourne - South East,Greater Melbourne
2131138,Dandenong,Dandenong,Melbourne - South East,Greater Melbourne
2131139,Dandenong,Dandenong,Melbourne - South East,Greater Melbourne
2131140,Dandenong,Dandenong,Melbourne - South East,Greater Melbourne
2131141,Dandenong,Dandenong,Melbourne - South East,Greater Melbourne
2131142,Dandenong,Dandenong,Melbourne - South East,Greater Melbourne
2131143,Dandenong,Dandenong,Melbourne - South East,Greater Melbourne
2131144,Dandenong,Dandenong,Melbourne - South East,Greater Melbourne
2131145,Dandenong,Dandenong,Melbourne - South East,Greater Melbourne
2131146,Dandenong,Dandenong,Melbourne - South East,Greater Melbourne
2131147,Dandenong,Dandenong,Melbourne - South East,Greater Melbourne
2131148,Dandenong,Dandenong,Melbourne - South East,Greater Melbourne
2131149,Dandenong,Dandenong,Melbourne - South East,Greater Melbourne
2131150,Dandenong,Dandenong,Melbourne - South East,Greater Melbourne
2131151,Dandenong,Dandenong,Melbourne - South East,Greater Melbourne
2131152,Dandenong,Dandenong,Melbourne - South East,Greater Melbourne
2131153,Dandenong,Dandenong,Melbourne - South East,Greater Melbourne
2131154,Dandenong,Dandenong,Melbourne - South East,Greater Melbourne
2131155,Dandenong,Dandenong,Melbourne - South East,Greater Melbourne
2131156,Dandenong,Dandenong,Melbourne - South East,Greater Melbourne
2131157,Dandenong,Dandenong,Melbourne - South East,Greater Melbourne
2131158,Dandenong,Dandenong,Melbourne - South East,Greater Melbourne
2131159,Dandenong,Dandenong,Melbourne - South East,Greater Melbourne
2131160,Dandenong,Dandenong,Melbourne - South East,Greater Melbourne
2131161,Dandenong,Dandenong,Melbourne - South East,Greater Melbourne
2131162,Dandenong,Dandenong,Melbourne - South East,Greater Melbourne
2131201,Dandenong North,Dandenong,Melbourne - South East,Greater Melbourne
2131202,Dandenong North,Dandenong,Melbourne - South East,Greater Melbourne
2131203,Dandenong North,Dandenong,Melbourne - South East,Greater Melbourne
2131204,Dandenong North,Dandenong,Melbourne - South East,Greater Melbourne
2131205,Dandenong North,Dandenong,Melbourne - South East,Greater Melbourne
2131206,Dandenong North,Dandenong,Melbourne - South East,Greater Melbourne
2131207,Dandenong North,Dandenong,Melbourne - South East,Greater Melbourne
2131208,Dandenong North,Dandenong,Melbourne - South East,Greater Melbourne
2131209,Dandenong North,Dandenong,Melbourne - South East,Greater Melbourne
2131210,Dandenong North,Dandenong,Melbourne - South East,Greater Melbourne
2131211,Dandenong North,Dandenong,Melbourne - South East,Greater Melbourne
2131212,Dandenong North,Dandenong,Melbourne - South East,Greater Melbourne
2131213,Dandenong North,Dandenong,Melbourne - South East,Greater Melbourne
2131214,Dandenong North,Dandenong,Melbourne - South East,Greater Melbourne
2131215,Dandenong North,Dandenong,Melbourne - South East,Greater Melbourne
2131216,Dandenong North,Dandenong,Melbourne - South East,Greater Melbourne
2131217,Dandenong North,Dandenong,Melbourne - South East,Greater Melbourne
2131218,Dandenong North,Dandenong,Melbourne - South East,Greater Melbourne
2131219,Dandenong North,Dandenong,Melbourne - South East,Greater Melbourne
2131220,Dandenong North,Dandenong,Melbourne - South East,Greater Melbourne
2131221,Dandenong North,Dandenong,Melbourne - South East,Greater Melbourne
2131222,Dandenong North,Dandenong,Melbourne - South East,Greater Melbourne
2131223,Dandenong North,Dandenong,Melbourne - South East,Greater Melbourne
2131224,Dandenong North,Dandenong,Melbourne - South East,Greater Melbourne
2131225,Dandenong North,Dandenong,Melbourne - South East,Greater Melbourne
2131226,Dandenong North,Dandenong,Melbourne - South East,Greater Melbourne
2131227,Dandenong North,Dandenong,Melbourne - South East,Greater Melbourne
2131228,Dandenong North,Dandenong,Melbourne - South East,Greater Melbourne
2131229,Dandenong North,Dandenong,Melbourne - South East,Greater Melbourne
2131230,Dandenong North,Dandenong,Melbourne - South East,Greater Melbourne
2131231,Dandenong North,Dandenong,Melbourne - South East,Greater Melbourne
2131232,Dandenong North,Dandenong,Melbourne - South East,Greater Melbourne
2131233,Dandenong North,Dandenong,Melbourne - South East,Greater Melbourne
2131234,Dandenong North,Dandenong,Melbourne - South East,Greater Melbourne
2131235,Dandenong North,Dandenong,Melbourne - South East,Greater Melbourne
2131236,Dandenong North,Dandenong,Melbourne - South East,Greater Melbourne
2131237,Dandenong North,Dandenong,Melbourne - South East,Greater Melbourne
2131238,Dandenong North,Dandenong,Melbourne - South East,Greater Melbourne
2131239,Dandenong North,Dandenong,Melbourne - South East,Greater Melbourne
2131240,Dandenong North,Dandenong,Melbourne - South East,Greater Melbourne
2131241,Dandenong North,Dandenong,Melbourne - South East,Greater Melbourne
2131242,Dandenong North,Dandenong,Melbourne - South East,Greater Melbourne
2131243,Dandenong North,Dandenong,Melbourne - South East,Greater Melbourne
2131244,Dandenong North,Dandenong,Melbourne - South East,Greater Melbourne
2131245,Dandenong North,Dandenong,Melbourne - South East,Greater Melbourne
2131246,Dandenong North,Dandenong,Melbourne - South East,Greater Melbourne
2131247,Dandenong North,Dandenong,Melbourne - South East,Greater Melbourne
2131248,Dandenong North,Dandenong,Melbourne - South East,Greater Melbourne
2131249,Dandenong North,Dandenong,Melbourne - South East,Greater Melbourne
2131250,Dandenong North,Dandenong,Melbourne - South East,Greater Melbourne
2131251,Dandenong North,Dandenong,Melbourne - South East,Greater Melbourne
2131252,Dandenong North,Dandenong,Melbourne - South East,Greater Melbourne
2131253,Dandenong North,Dandenong,Melbourne - South East,Greater Melbourne
2131254,Dandenong North,Dandenong,Melbourne - South East,Greater Melbourne
2131255,Dandenong North,Dandenong,Melbourne - South East,Greater Melbourne
2131301,Dingley Village,Dandenong,Melbourne - South East,Greater Melbourne
2131302,Dingley Village,Dandenong,Melbourne - South East,Greater Melbourne
2131303,Dingley Village,Dandenong,Melbourne - South East,Greater Melbourne
2131304,Dingley Village,Dandenong,Melbourne - South East,Greater Melbourne
2131305,Dingley Village,Dandenong,Melbourne - South East,Greater Melbourne
2131306,Dingley Village,Dandenong,Melbourne - South East,Greater Melbourne
2131307,Dingley Village,Dandenong,Melbourne - South East,Greater Melbourne
2131308,Dingley Village,Dandenong,Melbourne - South East,Greater Melbourne
2131309,Dingley Village,Dandenong,Melbourne - South East,Greater Melbourne
2131310,Dingley Village,Dandenong,Melbourne - South East,Greater Melbourne
2131311,Dingley Village,Dandenong,Melbourne - South East,Greater Melbourne
2131312,Dingley Village,Dandenong,Melbourne - South East,Greater Melbourne
2131313,Dingley Village,Dandenong,Melbourne - South East,Greater Melbourne
2131314,Dingley Village,Dandenong,Melbourne - South East,Greater Melbourne
2131315,Dingley Village,Dandenong,Melbourne - South East,Greater Melbourne
2131316,Dingley Village,Dandenong,Melbourne - South East,Greater Melbourne
2131317,Dingley Village,Dandenong,Melbourne - South East,Greater Melbourne
2131318,Dingley Village,Dandenong,Melbourne - South East,Greater Melbourne
2131319,Dingley Village,Dandenong,Melbourne - South East,Greater Melbourne
2131320,Dingley Village,Dandenong,Melbourne - South East,Greater Melbourne
2131321,Dingley Village,Dandenong,Melbourne - South East,Greater Melbourne
2131322,Dingley Village,Dandenong,Melbourne - South East,Greater Melbourne
2131323,Dingley Village,Dandenong,Melbourne - South East,Greater Melbourne
2131324,Dingley Village,Dandenong,Melbourne - South East,Greater Melbourne
2131325,Dingley Village,Dandenong,Melbourne - South East,Greater Melbourne
2131326,Dingley Village,Dandenong,Melbourne - South East,Greater Melbourne
2131401,Keysborough,Dandenong,Melbourne - South East,Greater Melbourne
2131402,Keysborough,Dandenong,Melbourne - South East,Greater Melbourne
2131403,Keysborough,Dandenong,Melbourne - South East,Greater Melbourne
2131404,Keysborough,Dandenong,Melbourne - South East,Greater Melbourne
2131405,Keysborough,Dandenong,Melbourne - South East,Greater Melbourne
2131406,Keysborough,Dandenong,Melbourne - South East,Greater Melbourne
2131407,Keysborough,Dandenong,Melbourne - South East,Greater Melbourne
2131408,Keysborough,Dandenong,Melbourne - South East,Greater Melbourne
2131409,Keysborough,Dandenong,Melbourne - South East,Greater Melbourne
2131410,Keysborough,Dandenong,Melbourne - South East,Greater Melbourne
2131411,Keysborough,Dandenong,Melbourne - South East,Greater Melbourne
2131412,Keysborough,Dandenong,Melbourne - South East,Greater Melbourne
2131413,Keysborough,Dandenong,Melbourne - South East,Greater Melbourne
2131414,Keysborough,Dandenong,Melbourne - South East,Greater Melbourne
2131415,Keysborough,Dandenong,Melbourne - South East,Greater Melbourne
2131416,Keysborough,Dandenong,Melbourne - South East,Greater Melbourne
2131417,Keysborough,Dandenong,Melbourne - South East,Greater Melbourne
2131418,Keysborough,Dandenong,Melbourne - South East,Greater Melbourne
2131419,Keysborough,Dandenong,Melbourne - South East,Greater Melbourne
2131420,Keysborough,Dandenong,Melbourne - South East,Greater Melbourne
2131421,Keysborough,Dandenong,Melbourne - South East,Greater Melbourne
2131422,Keysborough,Dandenong,Melbourne - South East,Greater Melbourne
2131423,Keysborough,Dandenong,Melbourne - South East,Greater Melbourne
2131424,Keysborough,Dandenong,Melbourne - South East,Greater Melbourne
2131425,Keysborough,Dandenong,Melbourne - South East,Greater Melbourne
2131426,Keysborough,Dandenong,Melbourne - South East,Greater Melbourne
2131427,Keysborough,Dandenong,Melbourne - South East,Greater Melbourne
2131428,Keysborough,Dandenong,Melbourne - South East,Greater Melbourne
2131429,Keysborough,Dandenong,Melbourne - South East,Greater Melbourne
2131430,Keysborough,Dandenong,Melbourne - South East,Greater Melbourne
2131431,Keysborough,Dandenong,Melbourne - South East,Greater Melbourne
2131432,Keysborough,Dandenong,Melbourne - South East,Greater Melbourne
2131433,Keysborough,Dandenong,Melbourne - South East,Greater Melbourne
2131434,Keysborough,Dandenong,Melbourne - South East,Greater Melbourne
2131435,Keysborough,Dandenong,Melbourne - South East,Greater Melbourne
2131436,Keysborough,Dandenong,Melbourne - South East,Greater Melbourne
2131437,Keysborough,Dandenong,Melbourne - South East,Greater Melbourne
2131438,Keysborough,Dandenong,Melbourne - South East,Greater Melbourne
2131439,Keysborough,Dandenong,Melbourne - South East,Greater Melbourne
2131440,Keysborough,Dandenong,Melbourne - South East,Greater Melbourne
2131441,Keysborough,Dandenong,Melbourne - South East,Greater Melbourne
2131442,Keysborough,Dandenong,Melbourne - South East,Greater Melbourne
2131443,Keysborough,Dandenong,Melbourne - South East,Greater Melbourne
2131444,Keysborough,Dandenong,Melbourne - South East,Greater Melbourne
2131445,Keysborough,Dandenong,Melbourne - South East,Greater Melbourne
2131446,Keysborough,Dandenong,Melbourne - South East,Greater Melbourne
2131501,Noble Park,Dandenong,Melbourne - South East,Greater Melbourne
2131502,Noble Park,Dandenong,Melbourne - South East,Greater Melbourne
2131503,Noble Park,Dandenong,Melbourne - South East,Greater Melbourne
2131504,Noble Park,Dandenong,Melbourne - South East,Greater Melbourne
2131505,Noble Park,Dandenong,Melbourne - South East,Greater Melbourne
2131506,Noble Park,Dandenong,Melbourne - South East,Greater Melbourne
2131507,Noble Park,Dandenong,Melbourne - South East,Greater Melbourne
2131508,Noble Park,Dandenong,Melbourne - South East,Greater Melbourne
2131509,Noble Park,Dandenong,Melbourne - South East,Greater Melbourne
2131510,Noble Park,Dandenong,Melbourne - South East,Greater Melbourne
2131511,Noble Park,Dandenong,Melbourne - South East,Greater Melbourne
2131512,Noble Park,Dandenong,Melbourne - South East,Greater Melbourne
2131513,Noble Park,Dandenong,Melbourne - South East,Greater Melbourne
2131514,Noble Park,Dandenong,Melbourne - South East,Greater Melbourne
2131515,Noble Park,Dandenong,Melbourne - South East,Greater Melbourne
2131516,Noble Park,Dandenong,Melbourne - South East,Greater Melbourne
2131517,Noble Park,Dandenong,Melbourne - South East,Greater Melbourne
2131518,Noble Park,Dandenong,Melbourne - South East,Greater Melbourne
2131519,Noble Park,Dandenong,Melbourne - South East,Greater Melbourne
2131520,Noble Park,Dandenong,Melbourne - South East,Greater Melbourne
2131521,Noble Park,Dandenong,Melbourne - South East,Greater Melbourne
2131522,Noble Park,Dandenong,Melbourne - South East,Greater Melbourne
2131523,Noble Park,Dandenong,Melbourne - South East,Greater Melbourne
2131524,Noble Park,Dandenong,Melbourne - South East,Greater Melbourne
2131525,Noble Park,Dandenong,Melbourne - South East,Greater Melbourne
2131526,Noble Park,Dandenong,Melbourne - South East,Greater Melbourne
2131527,Noble Park,Dandenong,Melbourne - South East,Greater Melbourne
2131528,Noble Park,Dandenong,Melbourne - South East,Greater Melbourne
2131529,Noble Park,Dandenong,Melbourne - South East,Greater Melbourne
2131530,Noble Park,Dandenong,Melbourne - South East,Greater Melbourne
2131531,Noble Park,Dandenong,Melbourne - South East,Greater Melbourne
2131532,Noble Park,Dandenong,Melbourne - South East,Greater Melbourne
2131533,Noble Park,Dandenong,Melbourne - South East,Greater Melbourne
2131534,Noble Park,Dandenong,Melbourne - South East,Greater Melbourne
2131535,Noble Park,Dandenong,Melbourne - South East,Greater Melbourne
2131536,Noble Park,Dandenong,Melbourne - South East,Greater Melbourne
2131537,Noble Park,Dandenong,Melbourne - South East,Greater Melbourne
2131538,Noble Park,Dandenong,Melbourne - South East,Greater Melbourne
2131539,Noble Park,Dandenong,Melbourne - South East,Greater Melbourne
2131540,Noble Park,Dandenong,Melbourne - South East,Greater Melbourne
2131541,Noble Park,Dandenong,Melbourne - South East,Greater Melbourne
2131542,Noble Park,Dandenong,Melbourne - South East,Greater Melbourne
2131543,Noble Park,Dandenong,Melbourne - South East,Greater Melbourne
2131544,Noble Park,Dandenong,Melbourne - South East,Greater Melbourne
2131545,Noble Park,Dandenong,Melbourne - South East,Greater Melbourne
2131546,Noble Park,Dandenong,Melbourne - South East,Greater Melbourne
2131547,Noble Park,Dandenong,Melbourne - South East,Greater Melbourne
2131548,Noble Park,Dandenong,Melbourne - South East,Greater Melbourne
2131549,Noble Park,Dandenong,Melbourne - South East,Greater Melbourne
2131550,Noble Park,Dandenong,Melbourne - South East,Greater Melbourne
2131551,Noble Park,Dandenong,Melbourne - South East,Greater Melbourne
2131552,Noble Park,Dandenong,Melbourne - South East,Greater Melbourne
2131553,Noble Park,Dandenong,Melbourne - South East,Greater Melbourne
2131554,Noble Park,Dandenong,Melbourne - South East,Greater Melbourne
2131555,Noble Park,Dandenong,Melbourne - South East,Greater Melbourne
2131556,Noble Park,Dandenong,Melbourne - South East,Greater Melbourne
2131557,Noble Park,Dandenong,Melbourne - South East,Greater Melbourne
2131558,Noble Park,Dandenong,Melbourne - South East,Greater Melbourne
2131601,Noble Park North,Dandenong,Melbourne - South East,Greater Melbourne
2131602,Noble Park North,Dandenong,Melbourne - South East,Greater Melbourne
2131603,Noble Park North,Dandenong,Melbourne - South East,Greater Melbourne
2131604,Noble Park North,Dandenong,Melbourne - South East,Greater Melbourne
2131605,Noble Park North,Dandenong,Melbourne - South East,Greater Melbourne
2131606,Noble Park North,Dandenong,Melbourne - South East,Greater Melbourne
2131607,Noble Park North,Dandenong,Melbourne - South East,Greater Melbourne
2131608,Noble Park North,Dandenong,Melbourne - South East,Greater Melbourne
2131609,Noble Park North,Dandenong,Melbourne - South East,Greater Melbourne
2131610,Noble Park North,Dandenong,Melbourne - South East,Greater Melbourne
2131611,Noble Park North,Dandenong,Melbourne - South East,Greater Melbourne
2131612,Noble Park North,Dandenong,Melbourne - South East,Greater Melbourne
2131613,Noble Park North,Dandenong,Melbourne - South East,Greater Melbourne
2131614,Noble Park North,Dandenong,Melbourne - South East,Greater Melbourne
2131615,Noble Park North,Dandenong,Melbourne - South East,Greater Melbourne
2131616,Noble Park North,Dandenong,Melbourne - South East,Greater Melbourne
2131617,Noble Park North,Dandenong,Melbourne - South East,Greater Melbourne
2131618,Noble Park North,Dandenong,Melbourne - South East,Greater Melbourne
2131701,Springvale,Dandenong,Melbourne - South East,Greater Melbourne
2131702,Springvale,Dandenong,Melbourne - South East,Greater Melbourne
2131703,Springvale,Dandenong,Melbourne - South East,Greater Melbourne
2131704,Springvale,Dandenong,Melbourne - South East,Greater Melbourne
2131705,Springvale,Dandenong,Melbourne - South East,Greater Melbourne
2131706,Springvale,Dandenong,Melbourne - South East,Greater Melbourne
2131707,Springvale,Dandenong,Melbourne - South East,Greater Melbourne
2131708,Springvale,Dandenong,Melbourne - South East,Greater Melbourne
2131709,Springvale,Dandenong,Melbourne - South East,Greater Melbourne
2131710,Springvale,Dandenong,Melbourne - South East,Greater Melbourne
2131711,Springvale,Dandenong,Melbourne - South East,Greater Melbourne
2131712,Springvale,Dandenong,Melbourne - South East,Greater Melbourne
2131713,Springvale,Dandenong,Melbourne - South East,Greater Melbourne
2131714,Springvale,Dandenong,Melbourne - South East,Greater Melbourne
2131715,Springvale,Dandenong,Melbourne - South East,Greater Melbourne
2131716,Springvale,Dandenong,Melbourne - South East,Greater Melbourne
2131717,Springvale,Dandenong,Melbourne - South East,Greater Melbourne
2131718,Springvale,Dandenong,Melbourne - South East,Greater Melbourne
2131719,Springvale,Dandenong,Melbourne - South East,Greater Melbourne
2131720,Springvale,Dandenong,Melbourne - South East,Greater Melbourne
2131721,Springvale,Dandenong,Melbourne - South East,Greater Melbourne
2131722,Springvale,Dandenong,Melbourne - South East,Greater Melbourne
2131723,Springvale,Dandenong,Melbourne - South East,Greater Melbourne
2131724,Springvale,Dandenong,Melbourne - South East,Greater Melbourne
2131725,Springvale,Dandenong,Melbourne - South East,Greater Melbourne
2131726,Springvale,Dandenong,Melbourne - South East,Greater Melbourne
2131727,Springvale,Dandenong,Melbourne - South East,Greater Melbourne
2131728,Springvale,Dandenong,Melbourne - South East,Greater Melbourne
2131729,Springvale,Dandenong,Melbourne - South East,Greater Melbourne
2131730,Springvale,Dandenong,Melbourne - South East,Greater Melbourne
2131731,Springvale,Dandenong,Melbourne - South East,Greater Melbourne
2131732,Springvale,Dandenong,Melbourne - South East,Greater Melbourne
2131733,Springvale,Dandenong,Melbourne - South East,Greater Melbourne
2131734,Springvale,Dandenong,Melbourne - South East,Greater Melbourne
2131735,Springvale,Dandenong,Melbourne - South East,Greater Melbourne
2131736,Springvale,Dandenong,Melbourne - South East,Greater Melbourne
2131737,Springvale,Dandenong,Melbourne - South East,Greater Melbourne
2131738,Springvale,Dandenong,Melbourne - South East,Greater Melbourne
2131739,Springvale,Dandenong,Melbourne - South East,Greater Melbourne
2131740,Springvale,Dandenong,Melbourne - South East,Greater Melbourne
2131741,Springvale,Dandenong,Melbourne - South East,Greater Melbourne
2131742,Springvale,Dandenong,Melbourne - South East,Greater Melbourne
2131743,Springvale,Dandenong,Melbourne - South East,Greater Melbourne
2131744,Springvale,Dandenong,Melbourne - South East,Greater Melbourne
2131745,Springvale,Dandenong,Melbourne - South East,Greater Melbourne
2131746,Springvale,Dandenong,Melbourne - South East,Greater Melbourne
2131747,Springvale,Dandenong,Melbourne - South East,Greater Melbourne
2131748,Springvale,Dandenong,Melbourne - South East,Greater Melbourne
2131749,Springvale,Dandenong,Melbourne - South East,Greater Melbourne
2131801,Springvale South,Dandenong,Melbourne - South East,Greater Melbourne
2131802,Springvale South,Dandenong,Melbourne - South East,Greater Melbourne
2131803,Springvale South,Dandenong,Melbourne - South East,Greater Melbourne
2131804,Springvale South,Dandenong,Melbourne - South East,Greater Melbourne
2131805,Springvale South,Dandenong,Melbourne - South East,Greater Melbourne
2131806,Springvale South,Dandenong,Melbourne - South East,Greater Melbourne
2131807,Springvale South,Dandenong,Melbourne - South East,Greater Melbourne
2131808,Springvale South,Dandenong,Melbourne - South East,Greater Melbourne
2131809,Springvale South,Dandenong,Melbourne - South East,Greater Melbourne
2131810,Springvale South,Dandenong,Melbourne - South East,Greater Melbourne
2131811,Springvale South,Dandenong,Melbourne - South East,Greater Melbourne
2131812,Springvale South,Dandenong,Melbourne - South East,Greater Melbourne
2131813,Springvale South,Dandenong,Melbourne - South East,Greater Melbourne
2131814,Springvale South,Dandenong,Melbourne - South East,Greater Melbourne
2131815,Springvale South,Dandenong,Melbourne - South East,Greater Melbourne
2131816,Springvale South,Dandenong,Melbourne - South East,Greater Melbourne
2131817,Springvale South,Dandenong,Melbourne - South East,Greater Melbourne
2131818,Springvale South,Dandenong,Melbourne - South East,Greater Melbourne
2131819,Springvale South,Dandenong,Melbourne - South East,Greater Melbourne
2131820,Springvale South,Dandenong,Melbourne - South East,Greater Melbourne
2131821,Springvale South,Dandenong,Melbourne - South East,Greater Melbourne
2131822,Springvale South,Dandenong,Melbourne - South East,Greater Melbourne
2131823,Springvale South,Dandenong,Melbourne - South East,Greater Melbourne
2131824,Springvale South,Dandenong,Melbourne - South East,Greater Melbourne
2131825,Springvale South,Dandenong,Melbourne - South East,Greater Melbourne
2131826,Springvale South,Dandenong,Melbourne - South East,Greater Melbourne
2131901,Ashwood - Chadstone,Monash,Melbourne - South East,Greater Melbourne
2131902,Ashwood - Chadstone,Monash,Melbourne - South East,Greater Melbourne
2131903,Ashwood - Chadstone,Monash,Melbourne - South East,Greater Melbourne
2131904,Ashwood - Chadstone,Monash,Melbourne - South East,Greater Melbourne
2131905,Ashwood - Chadstone,Monash,Melbourne - South East,Greater Melbourne
2131906,Ashwood - Chadstone,Monash,Melbourne - South East,Greater Melbourne
2131907,Ashwood - Chadstone,Monash,Melbourne - South East,Greater Melbourne
2131908,Ashwood - Chadstone,Monash,Melbourne - South East,Greater Melbourne
2131909,Ashwood - Chadstone,Monash,Melbourne - South East,Greater Melbourne
2131910,Ashwood - Chadstone,Monash,Melbourne - South East,Greater Melbourne
2131911,Ashwood - Chadstone,Monash,Melbourne - South East,Greater Melbourne
2131912,Ashwood - Chadstone,Monash,Melbourne - South East,Greater Melbourne
2131913,Ashwood - Chadstone,Monash,Melbourne - South East,Greater Melbourne
2131914,Ashwood - Chadstone,Monash,Melbourne - South East,Greater Melbourne
2131915,Ashwood - Chadstone,Monash,Melbourne - South East,Greater Melbourne
2131916,Ashwood - Chadstone,Monash,Melbourne - South East,Greater Melbourne
2131917,Ashwood - Chadstone,Monash,Melbourne - South East,Greater Melbourne
2131918,Ashwood - Chadstone,Monash,Melbourne - South East,Greater Melbourne
2131919,Ashwood - Chadstone,Monash,Melbourne - South East,Greater Melbourne
2131920,Ashwood - Chadstone,Monash,Melbourne - South East,Greater Melbourne
2131921,Ashwood - Chadstone,Monash,Melbourne - South East,Greater Melbourne
2131922,Ashwood - Chadstone,Monash,Melbourne - South East,Greater Melbourne
2131923,Ashwood - Chadstone,Monash,Melbourne - South East,Greater Melbourne
2131924,Ashwood - Chadstone,Monash,Melbourne - South East,Greater Melbourne
2131925,Ashwood - Chadstone,Monash,Melbourne - South East,Greater Melbourne
2131926,Ashwood - Chadstone,Monash,Melbourne - South East,Greater Melbourne
2131927,Ashwood - Chadstone,Monash,Melbourne - South East,Greater Melbourne
2131928,Ashwood - Chadstone,Monash,Melbourne - South East,Greater Melbourne
2131929,Ashwood - Chadstone,Monash,Melbourne - South East,Greater Melbourne
2131930,Ashwood - Chadstone,Monash,Melbourne - South East,Greater Melbourne
2131931,Ashwood - Chadstone,Monash,Melbourne - South East,Greater Melbourne
2131932,Ashwood - Chadstone,Monash,Melbourne - South East,Greater Melbourne
2131933,Ashwood - Chadstone,Monash,Melbourne - South East,Greater Melbourne
2131934,Ashwood - Chadstone,Monash,Melbourne - South East,Greater Melbourne
2131935,Ashwood - Chadstone,Monash,Melbourne - South East,Greater Melbourne
2131936,Ashwood - Chadstone,Monash,Melbourne - South East,Greater Melbourne
2131937,Ashwood - Chadstone,Monash,Melbourne - South East,Greater Melbourne
2131938,Ashwood - Chadstone,Monash,Melbourne - South East,Greater Melbourne
2131939,Ashwood - Chadstone,Monash,Melbourne - South East,Greater Melbourne
2132001,Clayton,Monash,Melbourne - South East,Greater Melbourne
2132002,Clayton,Monash,Melbourne - South East,Greater Melbourne
2132003,Clayton,Monash,Melbourne - South East,Greater Melbourne
2132004,Clayton,Monash,Melbourne - South East,Greater Melbourne
2132005,Clayton,Monash,Melbourne - South East,Greater Melbourne
2132006,Clayton,Monash,Melbourne - South East,Greater Melbourne
2132007,Clayton,Monash,Melbourne - South East,Greater Melbourne
2132008,Clayton,Monash,Melbourne - South East,Greater Melbourne
2132009,Clayton,Monash,Melbourne - South East,Greater Melbourne
2132010,Clayton,Monash,Melbourne - South East,Greater Melbourne
2132011,Clayton,Monash,Melbourne - South East,Greater Melbourne
2132012,Clayton,Monash,Melbourne - South East,Greater Melbourne
2132013,Clayton,Monash,Melbourne - South East,Greater Melbourne
2132014,Clayton,Monash,Melbourne - South East,Greater Melbourne
2132015,Clayton,Monash,Melbourne - South East,Greater Melbourne
2132016,Clayton,Monash,Melbourne - South East,Greater Melbourne
2132017,Clayton,Monash,Melbourne - South East,Greater Melbourne
2132018,Clayton,Monash,Melbourne - South East,Greater Melbourne
2132019,Clayton,Monash,Melbourne - South East,Greater Melbourne
2132020,Clayton,Monash,Melbourne - South East,Greater Melbourne
2132021,Clayton,Monash,Melbourne - South East,Greater Melbourne
2132022,Clayton,Monash,Melbourne - South East,Greater Melbourne
2132023,Clayton,Monash,Melbourne - South East,Greater Melbourne
2132024,Clayton,Monash,Melbourne - South East,Greater Melbourne
2132025,Clayton,Monash,Melbourne - South East,Greater Melbourne
2132026,Clayton,Monash,Melbourne - South East,Greater Melbourne
2132027,Clayton,Monash,Melbourne - South East,Greater Melbourne
2132028,Clayton,Monash,Melbourne - South East,Greater Melbourne
2132029,Clayton,Monash,Melbourne - South East,Greater Melbourne
2132030,Clayton,Monash,Melbourne - South East,Greater Melbourne
2132031,Clayton,Monash,Melbourne - South East,Greater Melbourne
2132032,Clayton,Monash,Melbourne - South East,Greater Melbourne
2132033,Clayton,Monash,Melbourne - South East,Greater Melbourne
2132034,Clayton,Monash,Melbourne - South East,Greater Melbourne
2132035,Clayton,Monash,Melbourne - South East,Greater Melbourne
2132036,Clayton,Monash,Melbourne - South East,Greater Melbourne
2132037,Clayton,Monash,Melbourne - South East,Greater Melbourne
2132038,Clayton,Monash,Melbourne - South East,Greater Melbourne
2132101,Glen Waverley - East,Monash,Melbourne - South East,Greater Melbourne
2132102,Glen Waverley - East,Monash,Melbourne - South East,Greater Melbourne
2132103,Glen Waverley - East,Monash,Melbourne - South East,Greater Melbourne
2132104,Glen Waverley - East,Monash,Melbourne - South East,Greater Melbourne
2132105,Glen Waverley - East,Monash,Melbourne - South East,Greater Melbourne
2132106,Glen Waverley - East,Monash,Melbourne - South East,Greater Melbourne
2132107,Glen Waverley - East,Monash,Melbourne - South East,Greater Melbourne
2132108,Glen Waverley - East,Monash,Melbourne - South East,Greater Melbourne
2132109,Glen Waverley - East,Monash,Melbourne - South East,Greater Melbourne
2132110,Glen Waverley - East,Monash,Melbourne - South East,Greater Melbourne
2132111,Glen Waverley - East,Monash,Melbourne - South East,Greater Melbourne
2132112,Glen Waverley - East,Monash,Melbourne - South East,Greater Melbourne
2132113,Glen Waverley - East,Monash,Melbourne - South East,Greater Melbourne
2132114,Glen Waverley - East,Monash,Melbourne - South East,Greater Melbourne
2132115,Glen Waverley - East,Monash,Melbourne - South East,Greater Melbourne
2132116,Glen Waverley - East,Monash,Melbourne - South East,Greater Melbourne
2132117,Glen Waverley - East,Monash,Melbourne - South East,Greater Melbourne
2132118,Glen Waverley - East,Monash,Melbourne - South East,Greater Melbourne
2132119,Glen Waverley - East,Monash,Melbourne - South East,Greater Melbourne
2132120,Glen Waverley - East,Monash,Melbourne - South East,Greater Melbourne
2132121,Glen Waverley - East,Monash,Melbourne - South East,Greater Melbourne
2132122,Glen Waverley - East,Monash,Melbourne - South East,Greater Melbourne
2132123,Glen Waverley - East,Monash,Melbourne - South East,Greater Melbourne
2132124,Glen Waverley - East,Monash,Melbourne - South East,Greater Melbourne
2132125,Glen Waverley - East,Monash,Melbourne - South East,Greater Melbourne
2132126,Glen Waverley - East,Monash,Melbourne - South East,Greater Melbourne
2132127,Glen Waverley - East,Monash,Melbourne - South East,Greater Melbourne
2132128,Glen Waverley - East,Monash,Melbourne - South East,Greater Melbourne
2132129,Glen Waverley - East,Monash,Melbourne - South East,Greater Melbourne
2132130,Glen Waverley - East,Monash,Melbourne - South East,Greater Melbourne
2132131,Glen Waverley - East,Monash,Melbourne - South East,Greater Melbourne
2132132,Glen Waverley - East,Monash,Melbourne - South East,Greater Melbourne
2132133,Glen Waverley - East,Monash,Melbourne - South East,Greater Melbourne
2132134,Glen Waverley - East,Monash,Melbourne - South East,Greater Melbourne
2132135,Glen Waverley - East,Monash,Melbourne - South East,Greater Melbourne
2132136,Glen Waverley - East,Monash,Melbourne - South East,Greater Melbourne
2132137,Glen Waverley - East,Monash,Melbourne - South East,Greater Melbourne
2132138,Glen Waverley - East,Monash,Melbourne - South East,Greater Melbourne
2132139,Glen Waverley - East,Monash,Melbourne - South East,Greater Melbourne
2132140,Glen Waverley - East,Monash,Melbourne - South East,Greater Melbourne
2132141,Glen Waverley - East,Monash,Melbourne - South East,Greater Melbourne
2132142,Glen Waverley - East,Monash,Melbourne - South East,Greater Melbourne
2132143,Glen Waverley - East,Monash,Melbourne - South East,Greater Melbourne
2132144,Glen Waverley - East,Monash,Melbourne - South East,Greater Melbourne
2132145,Glen Waverley - East,Monash,Melbourne - South East,Greater Melbourne
2132146,Glen Waverley - East,Monash,Melbourne - South East,Greater Melbourne
2132147,Glen Waverley - East,Monash,Melbourne - South East,Greater Melbourne
2132148,Glen Waverley - East,Monash,Melbourne - South East,Greater Melbourne
2132149,Glen Waverley - East,Monash,Melbourne - South East,Greater Melbourne
2132150,Glen Waverley - East,Monash,Melbourne - South East,Greater Melbourne
2132151,Glen Waverley - East,Monash,Melbourne - South East,Greater Melbourne
2132152,Glen Waverley - East,Monash,Melbourne - South East,Greater Melbourne
2132153,Glen Waverley - East,Monash,Melbourne - South East,Greater Melbourne
2132154,Glen Waverley - East,Monash,Melbourne - South East,Greater Melbourne
2132201,Glen Waverley - West,Monash,Melbourne - South East,Greater Melbourne
2132202,Glen Waverley - West,Monash,Melbourne - South East,Greater Melbourne
2132203,Glen Waverley - West,Monash,Melbourne - South East,Greater Melbourne
2132204,Glen Waverley - West,Monash,Melbourne - South East,Greater Melbourne
2132205,Glen Waverley - West,Monash,Melbourne - South East,Greater Melbourne
2132206,Glen Waverley - West,Monash,Melbourne - South East,Greater Melbourne
2132207,Glen Waverley - West,Monash,Melbourne - South East,Greater Melbourne
2132208,Glen Waverley - West,Monash,Melbourne - South East,Greater Melbourne
2132209,Glen Waverley - West,Monash,Melbourne - South East,Greater Melbourne
2132210,Glen Waverley - West,Monash,Melbourne - South East,Greater Melbourne
2132211,Glen Waverley - West,Monash,Melbourne - South East,Greater Melbourne
2132212,Glen Waverley - West,Monash,Melbourne - South East,Greater Melbourne
2132213,Glen Waverley - West,Monash,Melbourne - South East,Greater Melbourne
2132214,Glen Waverley - West,Monash,Melbourne - South East,Greater Melbourne
2132215,Glen Waverley - West,Monash,Melbourne - South East,Greater Melbourne
2132216,Glen Waverley - West,Monash,Melbourne - South East,Greater Melbourne
2132217,Glen Waverley - West,Monash,Melbourne - South East,Greater Melbourne
2132218,Glen Waverley - West,Monash,Melbourne - South East,Greater Melbourne
2132219,Glen Waverley - West,Monash,Melbourne - South East,Greater Melbourne
2132220,Glen Waverley - West,Monash,Melbourne - South East,Greater Melbourne
2132221,Glen Waverley - West,Monash,Melbourne - South East,Greater Melbourne
2132222,Glen Waverley - West,Monash,Melbourne - South East,Greater Melbourne
2132223,Glen Waverley - West,Monash,Melbourne - South East,Greater Melbourne
2132224,Glen Waverley - West,Monash,Melbourne - South East,Greater Melbourne
2132225,Glen Waverley - West,Monash,Melbourne - South East,Greater Melbourne
2132226,Glen Waverley - West,Monash,Melbourne - South East,Greater Melbourne
2132227,Glen Waverley - West,Monash,Melbourne - South East,Greater Melbourne
2132228,Glen Waverley - West,Monash,Melbourne - South East,Greater Melbourne
2132229,Glen Waverley - West,Monash,Melbourne - South East,Greater Melbourne
2132230,Glen Waverley - West,Monash,Melbourne - South East,Greater Melbourne
2132231,Glen Waverley - West,Monash,Melbourne - South East,Greater Melbourne
2132232,Glen Waverley - West,Monash,Melbourne - South East,Greater Melbourne
2132233,Glen Waverley - West,Monash,Melbourne - South East,Greater Melbourne
2132234,Glen Waverley - West,Monash,Melbourne - South East,Greater Melbourne
2132235,Glen Waverley - West,Monash,Melbourne - South East,Greater Melbourne
2132236,Glen Waverley - West,Monash,Melbourne - South East,Greater Melbourne
2132237,Glen Waverley - West,Monash,Melbourne - South East,Greater Melbourne
2132238,Glen Waverley - West,Monash,Melbourne - South East,Greater Melbourne
2132239,Glen Waverley - West,Monash,Melbourne - South East,Greater Melbourne
2132240,Glen Waverley - West,Monash,Melbourne - South East,Greater Melbourne
2132241,Glen Waverley - West,Monash,Melbourne - South East,Greater Melbourne
2132242,Glen Waverley - West,Monash,Melbourne - South East,Greater Melbourne
2132243,Glen Waverley - West,Monash,Melbourne - South East,Greater Melbourne
2132244,Glen Waverley - West,Monash,Melbourne - South East,Greater Melbourne
2132245,Glen Waverley - West,Monash,Melbourne - South East,Greater Melbourne
2132246,Glen Waverley - West,Monash,Melbourne - South East,Greater Melbourne
2132247,Glen Waverley - West,Monash,Melbourne - South East,Greater Melbourne
2132248,Glen Waverley - West,Monash,Melbourne - South East,Greater Melbourne
2132249,Glen Waverley - West,Monash,Melbourne - South East,Greater Melbourne
2132250,Glen Waverley - West,Monash,Melbourne - South East,Greater Melbourne
2132251,Glen Waverley - West,Monash,Melbourne - South East,Greater Melbourne
2132252,Glen Waverley - West,Monash,Melbourne - South East,Greater Melbourne
2132301,Mount Waverley - North,Monash,Melbourne - South East,Greater Melbourne
2132302,Mount Waverley - North,Monash,Melbourne - South East,Greater Melbourne
2132303,Mount Waverley - North,Monash,Melbourne - South East,Greater Melbourne
2132304,Mount Waverley - North,Monash,Melbourne - South East,Greater Melbourne
2132305,Mount Waverley - North,Monash,Melbourne - South East,Greater Melbourne
2132306,Mount Waverley - North,Monash,Melbourne - South East,Greater Melbourne
2132307,Mount Waverley - North,Monash,Melbourne - South East,Greater Melbourne
2132308,Mount Waverley - North,Monash,Melbourne - South East,Greater Melbourne
2132309,Mount Waverley - North,Monash,Melbourne - South East,Greater Melbourne
2132310,Mount Waverley - North,Monash,Melbourne - South East,Greater Melbourne
2132311,Mount Waverley - North,Monash,Melbourne - South East,Greater Melbourne
2132312,Mount Waverley - North,Monash,Melbourne - South East,Greater Melbourne
2132313,Mount Waverley - North,Monash,Melbourne - South East,Greater Melbourne
2132314,Mount Waverley - North,Monash,Melbourne - South East,Greater Melbourne
2132315,Mount Waverley - North,Monash,Melbourne - South East,Greater Melbourne
2132316,Mount Waverley - North,Monash,Melbourne - South East,Greater Melbourne
2132317,Mount Waverley - North,Monash,Melbourne - South East,Greater Melbourne
2132318,Mount Waverley - North,Monash,Melbourne - South East,Greater Melbourne
2132319,Mount Waverley - North,Monash,Melbourne - South East,Greater Melbourne
2132320,Mount Waverley - North,Monash,Melbourne - South East,Greater Melbourne
2132321,Mount Waverley - North,Monash,Melbourne - South East,Greater Melbourne
2132322,Mount Waverley - North,Monash,Melbourne - South East,Greater Melbourne
2132323,Mount Waverley - North,Monash,Melbourne - South East,Greater Melbourne
2132324,Mount Waverley - North,Monash,Melbourne - South East,Greater Melbourne
2132325,Mount Waverley - North,Monash,Melbourne - South East,Greater Melbourne
2132326,Mount Waverley - North,Monash,Melbourne - South East,Greater Melbourne
2132327,Mount Waverley - North,Monash,Melbourne - South East,Greater Melbourne
2132328,Mount Waverley - North,Monash,Melbourne - South East,Greater Melbourne
2132329,Mount Waverley - North,Monash,Melbourne - South East,Greater Melbourne
2132330,Mount Waverley - North,Monash,Melbourne - South East,Greater Melbourne
2132331,Mount Waverley - North,Monash,Melbourne - South East,Greater Melbourne
2132332,Mount Waverley - North,Monash,Melbourne - South East,Greater Melbourne
2132333,Mount Waverley - North,Monash,Melbourne - South East,Greater Melbourne
2132334,Mount Waverley - North,Monash,Melbourne - South East,Greater Melbourne
2132335,Mount Waverley - North,Monash,Melbourne - South East,Greater Melbourne
2132336,Mount Waverley - North,Monash,Melbourne - South East,Greater Melbourne
2132337,Mount Waverley - North,Monash,Melbourne - South East,Greater Melbourne
2132401,Mount Waverley - South,Monash,Melbourne - South East,Greater Melbourne
2132402,Mount Waverley - South,Monash,Melbourne - South East,Greater Melbourne
2132403,Mount Waverley - South,Monash,Melbourne - South East,Greater Melbourne
2132404,Mount Waverley - South,Monash,Melbourne - South East,Greater Melbourne
2132405,Mount Waverley - South,Monash,Melbourne - South East,Greater Melbourne
2132406,Mount Waverley - South,Monash,Melbourne - South East,Greater Melbourne
2132407,Mount Waverley - South,Monash,Melbourne - South East,Greater Melbourne
2132408,Mount Waverley - South,Monash,Melbourne - South East,Greater Melbourne
2132409,Mount Waverley - South,Monash,Melbourne - South East,Greater Melbourne
2132410,Mount Waverley - South,Monash,Melbourne - South East,Greater Melbourne
2132411,Mount Waverley - South,Monash,Melbourne - South East,Greater Melbourne
2132412,Mount Waverley - South,Monash,Melbourne - South East,Greater Melbourne
2132413,Mount Waverley - South,Monash,Melbourne - South East,Greater Melbourne
2132414,Mount Waverley - South,Monash,Melbourne - South East,Greater Melbourne
2132415,Mount Waverley - South,Monash,Melbourne - South East,Greater Melbourne
2132416,Mount Waverley - South,Monash,Melbourne - South East,Greater Melbourne
2132417,Mount Waverley - South,Monash,Melbourne - South East,Greater Melbourne
2132418,Mount Waverley - South,Monash,Melbourne - South East,Greater Melbourne
2132419,Mount Waverley - South,Monash,Melbourne - South East,Greater Melbourne
2132420,Mount Waverley - South,Monash,Melbourne - South East,Greater Melbourne
2132421,Mount Waverley - South,Monash,Melbourne - South East,Greater Melbourne
2132422,Mount Waverley - South,Monash,Melbourne - South East,Greater Melbourne
2132423,Mount Waverley - South,Monash,Melbourne - South East,Greater Melbourne
2132424,Mount Waverley - South,Monash,Melbourne - South East,Greater Melbourne
2132425,Mount Waverley - South,Monash,Melbourne - South East,Greater Melbourne
2132426,Mount Waverley - South,Monash,Melbourne - South East,Greater Melbourne
2132427,Mount Waverley - South,Monash,Melbourne - South East,Greater Melbourne
2132428,Mount Waverley - South,Monash,Melbourne - South East,Greater Melbourne
2132429,Mount Waverley - South,Monash,Melbourne - South East,Greater Melbourne
2132430,Mount Waverley - South,Monash,Melbourne - South East,Greater Melbourne
2132431,Mount Waverley - South,Monash,Melbourne - South East,Greater Melbourne
2132432,Mount Waverley - South,Monash,Melbourne - South East,Greater Melbourne
2132433,Mount Waverley - South,Monash,Melbourne - South East,Greater Melbourne
2132434,Mount Waverley - South,Monash,Melbourne - South East,Greater Melbourne
2132435,Mount Waverley - South,Monash,Melbourne - South East,Greater Melbourne
2132436,Mount Waverley - South,Monash,Melbourne - South East,Greater Melbourne
2132437,Mount Waverley - South,Monash,Melbourne - South East,Greater Melbourne
2132438,Mount Waverley - South,Monash,Melbourne - South East,Greater Melbourne
2132439,Mount Waverley - South,Monash,Melbourne - South East,Greater Melbourne
2132440,Mount Waverley - South,Monash,Melbourne - South East,Greater Melbourne
2132441,Mount Waverley - South,Monash,Melbourne - South East,Greater Melbourne
2132501,Mulgrave,Monash,Melbourne - South East,Greater Melbourne
2132502,Mulgrave,Monash,Melbourne - South East,Greater Melbourne
2132503,Mulgrave,Monash,Melbourne - South East,Greater Melbourne
2132504,Mulgrave,Monash,Melbourne - South East,Greater Melbourne
2132505,Mulgrave,Monash,Melbourne - South East,Greater Melbourne
2132506,Mulgrave,Monash,Melbourne - South East,Greater Melbourne
2132507,Mulgrave,Monash,Melbourne - South East,Greater Melbourne
2132508,Mulgrave,Monash,Melbourne - South East,Greater Melbourne
2132509,Mulgrave,Monash,Melbourne - South East,Greater Melbourne
2132510,Mulgrave,Monash,Melbourne - South East,Greater Melbourne
2132511,Mulgrave,Monash,Melbourne - South East,Greater Melbourne
2132512,Mulgrave,Monash,Melbourne - South East,Greater Melbourne
2132513,Mulgrave,Monash,Melbourne - South East,Greater Melbourne
2132514,Mulgrave,Monash,Melbourne - South East,Greater Melbourne
2132515,Mulgrave,Monash,Melbourne - South East,Greater Melbourne
2132516,Mulgrave,Monash,Melbourne - South East,Greater Melbourne
2132517,Mulgrave,Monash,Melbourne - South East,Greater Melbourne
2132518,Mulgrave,Monash,Melbourne - South East,Greater Melbourne
2132519,Mulgrave,Monash,Melbourne - South East,Greater Melbourne
2132520,Mulgrave,Monash,Melbourne - South East,Greater Melbourne
2132521,Mulgrave,Monash,Melbourne - South East,Greater Melbourne
2132522,Mulgrave,Monash,Melbourne - South East,Greater Melbourne
2132523,Mulgrave,Monash,Melbourne - South East,Greater Melbourne
2132524,Mulgrave,Monash,Melbourne - South East,Greater Melbourne
2132525,Mulgrave,Monash,Melbourne - South East,Greater Melbourne
2132526,Mulgrave,Monash,Melbourne - South East,Greater Melbourne
2132527,Mulgrave,Monash,Melbourne - South East,Greater Melbourne
2132528,Mulgrave,Monash,Melbourne - South East,Greater Melbourne
2132529,Mulgrave,Monash,Melbourne - South East,Greater Melbourne
2132530,Mulgrave,Monash,Melbourne - South East,Greater Melbourne
2132531,Mulgrave,Monash,Melbourne - South East,Greater Melbourne
2132532,Mulgrave,Monash,Melbourne - South East,Greater Melbourne
2132533,Mulgrave,Monash,Melbourne - South East,Greater Melbourne
2132534,Mulgrave,Monash,Melbourne - South East,Greater Melbourne
2132535,Mulgrave,Monash,Melbourne - South East,Greater Melbourne
2132536,Mulgrave,Monash,Melbourne - South East,Greater Melbourne
2132537,Mulgrave,Monash,Melbourne - South East,Greater Melbourne
2132538,Mulgrave,Monash,Melbourne - South East,Greater Melbourne
2132539,Mulgrave,Monash,Melbourne - South East,Greater Melbourne
2132540,Mulgrave,Monash,Melbourne - South East,Greater Melbourne
2132541,Mulgrave,Monash,Melbourne - South East,Greater Melbourne
2132542,Mulgrave,Monash,Melbourne - South East,Greater Melbourne
2132543,Mulgrave,Monash,Melbourne - South East,Greater Melbourne
2132601,Oakleigh - Huntingdale,Monash,Melbourne - South East,Greater Melbourne
2132602,Oakleigh - Huntingdale,Monash,Melbourne - South East,Greater Melbourne
2132603,Oakleigh - Huntingdale,Monash,Melbourne - South East,Greater Melbourne
2132604,Oakleigh - Huntingdale,Monash,Melbourne - South East,Greater Melbourne
2132605,Oakleigh - Huntingdale,Monash,Melbourne - South East,Greater Melbourne
2132606,Oakleigh - Huntingdale,Monash,Melbourne - South East,Greater Melbourne
2132607,Oakleigh - Huntingdale,Monash,Melbourne - South East,Greater Melbourne
2132608,Oakleigh - Huntingdale,Monash,Melbourne - South East,Greater Melbourne
2132609,Oakleigh - Huntingdale,Monash,Melbourne - South East,Greater Melbourne
2132610,Oakleigh - Huntingdale,Monash,Melbourne - South East,Greater Melbourne
2132611,Oakleigh - Huntingdale,Monash,Melbourne - South East,Greater Melbourne
2132612,Oakleigh - Huntingdale,Monash,Melbourne - South East,Greater Melbourne
2132613,Oakleigh - Huntingdale,Monash,Melbourne - South East,Greater Melbourne
2132614,Oakleigh - Huntingdale,Monash,Melbourne - South East,Greater Melbourne
2132615,Oakleigh - Huntingdale,Monash,Melbourne - South East,Greater Melbourne
2132616,Oakleigh - Huntingdale,Monash,Melbourne - South East,Greater Melbourne
2132617,Oakleigh - Huntingdale,Monash,Melbourne - South East,Greater Melbourne
2132618,Oakleigh - Huntingdale,Monash,Melbourne - South East,Greater Melbourne
2132619,Oakleigh - Huntingdale,Monash,Melbourne - South East,Greater Melbourne
2132620,Oakleigh - Huntingdale,Monash,Melbourne - South East,Greater Melbourne
2132621,Oakleigh - Huntingdale,Monash,Melbourne - South East,Greater Melbourne
2132622,Oakleigh - Huntingdale,Monash,Melbourne - South East,Greater Melbourne
2132623,Oakleigh - Huntingdale,Monash,Melbourne - South East,Greater Melbourne
2132624,Oakleigh - Huntingdale,Monash,Melbourne - South East,Greater Melbourne
2132625,Oakleigh - Huntingdale,Monash,Melbourne - South East,Greater Melbourne
2132626,Oakleigh - Huntingdale,Monash,Melbourne - South East,Greater Melbourne
2132627,Oakleigh - Huntingdale,Monash,Melbourne - South East,Greater Melbourne
2132628,Oakleigh - Huntingdale,Monash,Melbourne - South East,Greater Melbourne
2132629,Oakleigh - Huntingdale,Monash,Melbourne - South East,Greater Melbourne
2132630,Oakleigh - Huntingdale,Monash,Melbourne - South East,Greater Melbourne
2132631,Oakleigh - Huntingdale,Monash,Melbourne - South East,Greater Melbourne
2132632,Oakleigh - Huntingdale,Monash,Melbourne - South East,Greater Melbourne
2132633,Oakleigh - Huntingdale,Monash,Melbourne - South East,Greater Melbourne
2132634,Oakleigh - Huntingdale,Monash,Melbourne - South East,Greater Melbourne
2132635,Oakleigh - Huntingdale,Monash,Melbourne - South East,Greater Melbourne
2132636,Oakleigh - Huntingdale,Monash,Melbourne - South East,Greater Melbourne
2132637,Oakleigh - Huntingdale,Monash,Melbourne - South East,Greater Melbourne
2132638,Oakleigh - Huntingdale,Monash,Melbourne - South East,Greater Melbourne
2132639,Oakleigh - Huntingdale,Monash,Melbourne - South East,Greater Melbourne
2132640,Oakleigh - Huntingdale,Monash,Melbourne - South East,Greater Melbourne
2132641,Oakleigh - Huntingdale,Monash,Melbourne - South East,Greater Melbourne
2132642,Oakleigh - Huntingdale,Monash,Melbourne - South East,Greater Melbourne
2132643,Oakleigh - Huntingdale,Monash,Melbourne - South East,Greater Melbourne
2132644,Oakleigh - Huntingdale,Monash,Melbourne - South East,Greater Melbourne
2132645,Oakleigh - Huntingdale,Monash,Melbourne - South East,Greater Melbourne
2132646,Oakleigh - Huntingdale,Monash,Melbourne - South East,Greater Melbourne
2132647,Oakleigh - Huntingdale,Monash,Melbourne - South East,Greater Melbourne
2132648,Oakleigh - Huntingdale,Monash,Melbourne - South East,Greater Melbourne
2132649,Oakleigh - Huntingdale,Monash,Melbourne - South East,Greater Melbourne
2132650,Oakleigh - Huntingdale,Monash,Melbourne - South East,Greater Melbourne
2132651,Oakleigh - Huntingdale,Monash,Melbourne - South East,Greater Melbourne
2132652,Oakleigh - Huntingdale,Monash,Melbourne - South East,Greater Melbourne
2132653,Oakleigh - Huntingdale,Monash,Melbourne - South East,Greater Melbourne
2132701,Wheelers Hill,Monash,Melbourne - South East,Greater Melbourne
2132702,Wheelers Hill,Monash,Melbourne - South East,Greater Melbourne
2132703,Wheelers Hill,Monash,Melbourne - South East,Greater Melbourne
2132704,Wheelers Hill,Monash,Melbourne - South East,Greater Melbourne
2132705,Wheelers Hill,Monash,Melbourne - South East,Greater Melbourne
2132706,Wheelers Hill,Monash,Melbourne - South East,Greater Melbourne
2132707,Wheelers Hill,Monash,Melbourne - South East,Greater Melbourne
2132708,Wheelers Hill,Monash,Melbourne - South East,Greater Melbourne
2132709,Wheelers Hill,Monash,Melbourne - South East,Greater Melbourne
2132710,Wheelers Hill,Monash,Melbourne - South East,Greater Melbourne
2132711,Wheelers Hill,Monash,Melbourne - South East,Greater Melbourne
2132712,Wheelers Hill,Monash,Melbourne - South East,Greater Melbourne
2132713,Wheelers Hill,Monash,Melbourne - South East,Greater Melbourne
2132714,Wheelers Hill,Monash,Melbourne - South East,Greater Melbourne
2132715,Wheelers Hill,Monash,Melbourne - South East,Greater Melbourne
2132716,Wheelers Hill,Monash,Melbourne - South East,Greater Melbourne
2132717,Wheelers Hill,Monash,Melbourne - South East,Greater Melbourne
2132718,Wheelers Hill,Monash,Melbourne - South East,Greater Melbourne
2132719,Wheelers Hill,Monash,Melbourne - South East,Greater Melbourne
2132720,Wheelers Hill,Monash,Melbourne - South East,Greater Melbourne
2132721,Wheelers Hill,Monash,Melbourne - South East,Greater Melbourne
2132722,Wheelers Hill,Monash,Melbourne - South East,Greater Melbourne
2132723,Wheelers Hill,Monash,Melbourne - South East,Greater Melbourne
2132724,Wheelers Hill,Monash,Melbourne - South East,Greater Melbourne
2132725,Wheelers Hill,Monash,Melbourne - South East,Greater Melbourne
2132726,Wheelers Hill,Monash,Melbourne - South East,Greater Melbourne
2132727,Wheelers Hill,Monash,Melbourne - South East,Greater Melbourne
2132728,Wheelers Hill,Monash,Melbourne - South East,Greater Melbourne
2132729,Wheelers Hill,Monash,Melbourne - South East,Greater Melbourne
2132730,Wheelers Hill,Monash,Melbourne - South East,Greater Melbourne
2132731,Wheelers Hill,Monash,Melbourne - South East,Greater Melbourne
2132732,Wheelers Hill,Monash,Melbourne - South East,Greater Melbourne
2132733,Wheelers Hill,Monash,Melbourne - South East,Greater Melbourne
2132734,Wheelers Hill,Monash,Melbourne - South East,Greater Melbourne
2132735,Wheelers Hill,Monash,Melbourne - South East,Greater Melbourne
2132736,Wheelers Hill,Monash,Melbourne - South East,Greater Melbourne
2132737,Wheelers Hill,Monash,Melbourne - South East,Greater Melbourne
2132738,Wheelers Hill,Monash,Melbourne - South East,Greater Melbourne
2132739,Wheelers Hill,Monash,Melbourne - South East,Greater Melbourne
2132740,Wheelers Hill,Monash,Melbourne - South East,Greater Melbourne
2132741,Wheelers Hill,Monash,Melbourne - South East,Greater Melbourne
2132742,Wheelers Hill,Monash,Melbourne - South East,Greater Melbourne
2132743,Wheelers Hill,Monash,Melbourne - South East,Greater Melbourne
2132744,Wheelers Hill,Monash,Melbourne - South East,Greater Melbourne
2132745,Wheelers Hill,Monash,Melbourne - South East,Greater Melbourne
2132746,Wheelers Hill,Monash,Melbourne - South East,Greater Melbourne
2132747,Wheelers Hill,Monash,Melbourne - South East,Greater Melbourne
2132748,Wheelers Hill,Monash,Melbourne - South East,Greater Melbourne
2132801,Ardeer - Albion,Brimbank,Melbourne - West,Greater Melbourne
2132802,Ardeer - Albion,Brimbank,Melbourne - West,Greater Melbourne
2132803,Ardeer - Albion,Brimbank,Melbourne - West,Greater Melbourne
2132804,Ardeer - Albion,Brimbank,Melbourne - West,Greater Melbourne
2132805,Ardeer - Albion,Brimbank,Melbourne - West,Greater Melbourne
2132806,Ardeer - Albion,Brimbank,Melbourne - West,Greater Melbourne
2132807,Ardeer - Albion,Brimbank,Melbourne - West,Greater Melbourne
2132808,Ardeer - Albion,Brimbank,Melbourne - West,Greater Melbourne
2132809,Ardeer - Albion,Brimbank,Melbourne - West,Greater Melbourne
2132810,Ardeer - Albion,Brimbank,Melbourne - West,Greater Melbourne
2132811,Ardeer - Albion,Brimbank,Melbourne - West,Greater Melbourne
2132812,Ardeer - Albion,Brimbank,Melbourne - West,Greater Melbourne
2132813,Ardeer - Albion,Brimbank,Melbourne - West,Greater Melbourne
2132814,Ardeer - Albion,Brimbank,Melbourne - West,Greater Melbourne
2132815,Ardeer - Albion,Brimbank,Melbourne - West,Greater Melbourne
2132816,Ardeer - Albion,Brimbank,Melbourne - West,Greater Melbourne
2132817,Ardeer - Albion,Brimbank,Melbourne - West,Greater Melbourne
2132818,Ardeer - Albion,Brimbank,Melbourne - West,Greater Melbourne
2132819,Ardeer - Albion,Brimbank,Melbourne - West,Greater Melbourne
2132901,Cairnlea,Brimbank,Melbourne - West,Greater Melbourne
2132902,Cairnlea,Brimbank,Melbourne - West,Greater Melbourne
2132903,Cairnlea,Brimbank,Melbourne - West,Greater Melbourne
2132904,Cairnlea,Brimbank,Melbourne - West,Greater Melbourne
2132905,Cairnlea,Brimbank,Melbourne - West,Greater Melbourne
2132906,Cairnlea,Brimbank,Melbourne - West,Greater Melbourne
2132907,Cairnlea,Brimbank,Melbourne - West,Greater Melbourne
2132908,Cairnlea,Brimbank,Melbourne - West,Greater Melbourne
2132909,Cairnlea,Brimbank,Melbourne - West,Greater Melbourne
2132910,Cairnlea,Brimbank,Melbourne - West,Greater Melbourne
2132911,Cairnlea,Brimbank,Melbourne - West,Greater Melbourne
2132912,Cairnlea,Brimbank,Melbourne - West,Greater Melbourne
2132913,Cairnlea,Brimbank,Melbourne - West,Greater Melbourne
2132914,Cairnlea,Brimbank,Melbourne - West,Greater Melbourne
2132915,Cairnlea,Brimbank,Melbourne - West,Greater Melbourne
2132916,Cairnlea,Brimbank,Melbourne - West,Greater Melbourne
2132917,Cairnlea,Brimbank,Melbourne - West,Greater Melbourne
2132918,Cairnlea,Brimbank,Melbourne - West,Greater Melbourne
2132919,Cairnlea,Brimbank,Melbourne - West,Greater Melbourne
2133001,Deer Park - Derrimut,Brimbank,Melbourne - West,Greater Melbourne
2133002,Deer Park - Derrimut,Brimbank,Melbourne - West,Greater Melbourne
2133003,Deer Park - Derrimut,Brimbank,Melbourne - West,Greater Melbourne
2133004,Deer Park - Derrimut,Brimbank,Melbourne - West,Greater Melbourne
2133005,Deer Park - Derrimut,Brimbank,Melbourne - West,Greater Melbourne
2133006,Deer Park - Derrimut,Brimbank,Melbourne - West,Greater Melbourne
2133007,Deer Park - Derrimut,Brimbank,Melbourne - West,Greater Melbourne
2133008,Deer Park - Derrimut,Brimbank,Melbourne - West,Greater Melbourne
2133009,Deer Park - Derrimut,Brimbank,Melbourne - West,Greater Melbourne
2133010,Deer Park - Derrimut,Brimbank,Melbourne - West,Greater Melbourne
2133011,Deer Park - Derrimut,Brimbank,Melbourne - West,Greater Melbourne
2133012,Deer Park - Derrimut,Brimbank,Melbourne - West,Greater Melbourne
2133013,Deer Park - Derrimut,Brimbank,Melbourne - West,Greater Melbourne
2133014,Deer Park - Derrimut,Brimbank,Melbourne - West,Greater Melbourne
2133015,Deer Park - Derrimut,Brimbank,Melbourne - West,Greater Melbourne
2133016,Deer Park - Derrimut,Brimbank,Melbourne - West,Greater Melbourne
2133017,Deer Park - Derrimut,Brimbank,Melbourne - West,Greater Melbourne
2133018,Deer Park - Derrimut,Brimbank,Melbourne - West,Greater Melbourne
2133019,Deer Park - Derrimut,Brimbank,Melbourne - West,Greater Melbourne
2133020,Deer Park - Derrimut,Brimbank,Melbourne - West,Greater Melbourne
2133021,Deer Park - Derrimut,Brimbank,Melbourne - West,Greater Melbourne
2133022,Deer Park - Derrimut,Brimbank,Melbourne - West,Greater Melbourne
2133023,Deer Park - Derrimut,Brimbank,Melbourne - West,Greater Melbourne
2133024,Deer Park - Derrimut,Brimbank,Melbourne - West,Greater Melbourne
2133025,Deer Park - Derrimut,Brimbank,Melbourne - West,Greater Melbourne
2133026,Deer Park - Derrimut,Brimbank,Melbourne - West,Greater Melbourne
2133027,Deer Park - Derrimut,Brimbank,Melbourne - West,Greater Melbourne
2133028,Deer Park - Derrimut,Brimbank,Melbourne - West,Greater Melbourne
2133029,Deer Park - Derrimut,Brimbank,Melbourne - West,Greater Melbourne
2133030,Deer Park - Derrimut,Brimbank,Melbourne - West,Greater Melbourne
2133031,Deer Park - Derrimut,Brimbank,Melbourne - West,Greater Melbourne
2133032,Deer Park - Derrimut,Brimbank,Melbourne - West,Greater Melbourne
2133033,Deer Park - Derrimut,Brimbank,Melbourne - West,Greater Melbourne
2133034,Deer Park - Derrimut,Brimbank,Melbourne - West,Greater Melbourne
2133035,Deer Park - Derrimut,Brimbank,Melbourne - West,Greater Melbourne
2133036,Deer Park - Derrimut,Brimbank,Melbourne - West,Greater Melbourne
2133037,Deer Park - Derrimut,Brimbank,Melbourne - West,Greater Melbourne
2133038,Deer Park - Derrimut,Brimbank,Melbourne - West,Greater Melbourne
2133039,Deer Park - Derrimut,Brimbank,Melbourne - West,Greater Melbourne
2133040,Deer Park - Derrimut,Brimbank,Melbourne - West,Greater Melbourne
2133041,Deer Park - Derrimut,Brimbank,Melbourne - West,Greater Melbourne
2133042,Deer Park - Derrimut,Brimbank,Melbourne - West,Greater Melbourne
2133043,Deer Park - Derrimut,Brimbank,Melbourne - West,Greater Melbourne
2133044,Deer Park - Derrimut,Brimbank,Melbourne - West,Greater Melbourne
2133045,Deer Park - Derrimut,Brimbank,Melbourne - West,Greater Melbourne
2133046,Deer Park - Derrimut,Brimbank,Melbourne - West,Greater Melbourne
2133101,Delahey,Brimbank,Melbourne - West,Greater Melbourne
2133102,Delahey,Brimbank,Melbourne - West,Greater Melbourne
2133103,Delahey,Brimbank,Melbourne - West,Greater Melbourne
2133104,Delahey,Brimbank,Melbourne - West,Greater Melbourne
2133105,Delahey,Brimbank,Melbourne - West,Greater Melbourne
2133106,Delahey,Brimbank,Melbourne - West,Greater Melbourne
2133107,Delahey,Brimbank,Melbourne - West,Greater Melbourne
2133108,Delahey,Brimbank,Melbourne - West,Greater Melbourne
2133109,Delahey,Brimbank,Melbourne - West,Greater Melbourne
2133110,Delahey,Brimbank,Melbourne - West,Greater Melbourne
2133111,Delahey,Brimbank,Melbourne - West,Greater Melbourne
2133112,Delahey,Brimbank,Melbourne - West,Greater Melbourne
2133113,Delahey,Brimbank,Melbourne - West,Greater Melbourne
2133114,Delahey,Brimbank,Melbourne - West,Greater Melbourne
2133115,Delahey,Brimbank,Melbourne - West,Greater Melbourne
2133116,Delahey,Brimbank,Melbourne - West,Greater Melbourne
2133117,Delahey,Brimbank,Melbourne - West,Greater Melbourne
2133118,Delahey,Brimbank,Melbourne - West,Greater Melbourne
2133119,Delahey,Brimbank,Melbourne - West,Greater Melbourne
2133120,Delahey,Brimbank,Melbourne - West,Greater Melbourne
2133121,Delahey,Brimbank,Melbourne - West,Greater Melbourne
2133122,Delahey,Brimbank,Melbourne - West,Greater Melbourne
2133123,Delahey,Brimbank,Melbourne - West,Greater Melbourne
2133201,Keilor Downs,Brimbank,Melbourne - West,Greater Melbourne
2133202,Keilor Downs,Brimbank,Melbourne - West,Greater Melbourne
2133203,Keilor Downs,Brimbank,Melbourne - West,Greater Melbourne
2133204,Keilor Downs,Brimbank,Melbourne - West,Greater Melbourne
2133205,Keilor Downs,Brimbank,Melbourne - West,Greater Melbourne
2133206,Keilor Downs,Brimbank,Melbourne - West,Greater Melbourne
2133207,Keilor Downs,Brimbank,Melbourne - West,Greater Melbourne
2133208,Keilor Downs,Brimbank,Melbourne - West,Greater Melbourne
2133209,Keilor Downs,Brimbank,Melbourne - West,Greater Melbourne
2133210,Keilor Downs,Brimbank,Melbourne - West,Greater Melbourne
2133211,Keilor Downs,Brimbank,Melbourne - West,Greater Melbourne
2133212,Keilor Downs,Brimbank,Melbourne - West,Greater Melbourne
2133213,Keilor Downs,Brimbank,Melbourne - West,Greater Melbourne
2133214,Keilor Downs,Brimbank,Melbourne - West,Greater Melbourne
2133215,Keilor Downs,Brimbank,Melbourne - West,Greater Melbourne
2133216,Keilor Downs,Brimbank,Melbourne - West,Greater Melbourne
2133217,Keilor Downs,Brimbank,Melbourne - West,Greater Melbourne
2133218,Keilor Downs,Brimbank,Melbourne - West,Greater Melbourne
2133219,Keilor Downs,Brimbank,Melbourne - West,Greater Melbourne
2133220,Keilor Downs,Brimbank,Melbourne - West,Greater Melbourne
2133221,Keilor Downs,Brimbank,Melbourne - West,Greater Melbourne
2133222,Keilor Downs,Brimbank,Melbourne - West,Greater Melbourne
2133223,Keilor Downs,Brimbank,Melbourne - West,Greater Melbourne
2133224,Keilor Downs,Brimbank,Melbourne - West,Greater Melbourne
2133225,Keilor Downs,Brimbank,Melbourne - West,Greater Melbourne
2133226,Keilor Downs,Brimbank,Melbourne - West,Greater Melbourne
2133227,Keilor Downs,Brimbank,Melbourne - West,Greater Melbourne
2133228,Keilor Downs,Brimbank,Melbourne - West,Greater Melbourne
2133229,Keilor Downs,Brimbank,Melbourne - West,Greater Melbourne
2133230,Keilor Downs,Brimbank,Melbourne - West,Greater Melbourne
2133231,Keilor Downs,Brimbank,Melbourne - West,Greater Melbourne
2133232,Keilor Downs,Brimbank,Melbourne - West,Greater Melbourne
2133233,Keilor Downs,Brimbank,Melbourne - West,Greater Melbourne
2133234,Keilor Downs,Brimbank,Melbourne - West,Greater Melbourne
2133235,Keilor Downs,Brimbank,Melbourne - West,Greater Melbourne
2133236,Keilor Downs,Brimbank,Melbourne - West,Greater Melbourne
2133237,Keilor Downs,Brimbank,Melbourne - West,Greater Melbourne
2133238,Keilor Downs,Brimbank,Melbourne - West,Greater Melbourne
2133239,Keilor Downs,Brimbank,Melbourne - West,Greater Melbourne
2133240,Keilor Downs,Brimbank,Melbourne - West,Greater Melbourne
2133301,Kings Park (Vic.),Brimbank,Melbourne - West,Greater Melbourne
2133302,Kings Park (Vic.),Brimbank,Melbourne - West,Greater Melbourne
2133303,Kings Park (Vic.),Brimbank,Melbourne - West,Greater Melbourne
2133304,Kings Park (Vic.),Brimbank,Melbourne - West,Greater Melbourne
2133305,Kings Park (Vic.),Brimbank,Melbourne - West,Greater Melbourne
2133306,Kings Park (Vic.),Brimbank,Melbourne - West,Greater Melbourne
2133307,Kings Park (Vic.),Brimbank,Melbourne - West,Greater Melbourne
2133308,Kings Park (Vic.),Brimbank,Melbourne - West,Greater Melbourne
2133309,Kings Park (Vic.),Brimbank,Melbourne - West,Greater Melbourne
2133310,Kings Park (Vic.),Brimbank,Melbourne - West,Greater Melbourne
2133311,Kings Park (Vic.),Brimbank,Melbourne - West,Greater Melbourne
2133312,Kings Park (Vic.),Brimbank,Melbourne - West,Greater Melbourne
2133313,Kings Park (Vic.),Brimbank,Melbourne - West,Greater Melbourne
2133314,Kings Park (Vic.),Brimbank,Melbourne - West,Greater Melbourne
2133315,Kings Park (Vic.),Brimbank,Melbourne - West,Greater Melbourne
2133316,Kings Park (Vic.),Brimbank,Melbourne - West,Greater Melbourne
2133317,Kings Park (Vic.),Brimbank,Melbourne - West,Greater Melbourne
2133318,Kings Park (Vic.),Brimbank,Melbourne - West,Greater Melbourne
2133319,Kings Park (Vic.),Brimbank,Melbourne - West,Greater Melbourne
2133320,Kings Park (Vic.),Brimbank,Melbourne - West,Greater Melbourne
2133321,Kings Park (Vic.),Brimbank,Melbourne - West,Greater Melbourne
2133322,Kings Park (Vic.),Brimbank,Melbourne - West,Greater Melbourne
2133323,Kings Park (Vic.),Brimbank,Melbourne - West,Greater Melbourne
2133324,Kings Park (Vic.),Brimbank,Melbourne - West,Greater Melbourne
2133325,Kings Park (Vic.),Brimbank,Melbourne - West,Greater Melbourne
2133326,Kings Park (Vic.),Brimbank,Melbourne - West,Greater Melbourne
2133327,Kings Park (Vic.),Brimbank,Melbourne - West,Greater Melbourne
2133328,Kings Park (Vic.),Brimbank,Melbourne - West,Greater Melbourne
2133329,Kings Park (Vic.),Brimbank,Melbourne - West,Greater Melbourne
2133330,Kings Park (Vic.),Brimbank,Melbourne - West,Greater Melbourne
2133331,Kings Park (Vic.),Brimbank,Melbourne - West,Greater Melbourne
2133332,Kings Park (Vic.),Brimbank,Melbourne - West,Greater Melbourne
2133333,Kings Park (Vic.),Brimbank,Melbourne - West,Greater Melbourne
2133401,St Albans - North,Brimbank,Melbourne - West,Greater Melbourne
2133402,St Albans - North,Brimbank,Melbourne - West,Greater Melbourne
2133403,St Albans - North,Brimbank,Melbourne - West,Greater Melbourne
2133404,St Albans - North,Brimbank,Melbourne - West,Greater Melbourne
2133405,St Albans - North,Brimbank,Melbourne - West,Greater Melbourne
2133406,St Albans - North,Brimbank,Melbourne - West,Greater Melbourne
2133407,St Albans - North,Brimbank,Melbourne - West,Greater Melbourne
2133408,St Albans - North,Brimbank,Melbourne - West,Greater Melbourne
2133409,St Albans - North,Brimbank,Melbourne - West,Greater Melbourne
2133410,St Albans - North,Brimbank,Melbourne - West,Greater Melbourne
2133411,St Albans - North,Brimbank,Melbourne - West,Greater Melbourne
2133412,St Albans - North,Brimbank,Melbourne - West,Greater Melbourne
2133413,St Albans - North,Brimbank,Melbourne - West,Greater Melbourne
2133414,St Albans - North,Brimbank,Melbourne - West,Greater Melbourne
2133415,St Albans - North,Brimbank,Melbourne - West,Greater Melbourne
2133416,St Albans - North,Brimbank,Melbourne - West,Greater Melbourne
2133417,St Albans - North,Brimbank,Melbourne - West,Greater Melbourne
2133418,St Albans - North,Brimbank,Melbourne - West,Greater Melbourne
2133419,St Albans - North,Brimbank,Melbourne - West,Greater Melbourne
2133420,St Albans - North,Brimbank,Melbourne - West,Greater Melbourne
2133421,St Albans - North,Brimbank,Melbourne - West,Greater Melbourne
2133422,St Albans - North,Brimbank,Melbourne - West,Greater Melbourne
2133423,St Albans - North,Brimbank,Melbourne - West,Greater Melbourne
2133424,St Albans - North,Brimbank,Melbourne - West,Greater Melbourne
2133425,St Albans - North,Brimbank,Melbourne - West,Greater Melbourne
2133426,St Albans - North,Brimbank,Melbourne - West,Greater Melbourne
2133427,St Albans - North,Brimbank,Melbourne - West,Greater Melbourne
2133428,St Albans - North,Brimbank,Melbourne - West,Greater Melbourne
2133429,St Albans - North,Brimbank,Melbourne - West,Greater Melbourne
2133430,St Albans - North,Brimbank,Melbourne - West,Greater Melbourne
2133431,St Albans - North,Brimbank,Melbourne - West,Greater Melbourne
2133432,St Albans - North,Brimbank,Melbourne - West,Greater Melbourne
2133433,St Albans - North,Brimbank,Melbourne - West,Greater Melbourne
2133434,St Albans - North,Brimbank,Melbourne - West,Greater Melbourne
2133435,St Albans - North,Brimbank,Melbourne - West,Greater Melbourne
2133436,St Albans - North,Brimbank,Melbourne - West,Greater Melbourne
2133437,St Albans - North,Brimbank,Melbourne - West,Greater Melbourne
2133438,St Albans - North,Brimbank,Melbourne - West,Greater Melbourne
2133439,St Albans - North,Brimbank,Melbourne - West,Greater Melbourne
2133440,St Albans - North,Brimbank,Melbourne - West,Greater Melbourne
2133441,St Albans - North,Brimbank,Melbourne - West,Greater Melbourne
2133442,St Albans - North,Brimbank,Melbourne - West,Greater Melbourne
2133443,St Albans - North,Brimbank,Melbourne - West,Greater Melbourne
2133444,St Albans - North,Brimbank,Melbourne - West,Greater Melbourne
2133445,St Albans - North,Brimbank,Melbourne - West,Greater Melbourne
2133501,St Albans - South,Brimbank,Melbourne - West,Greater Melbourne
2133502,St Albans - South,Brimbank,Melbourne - West,Greater Melbourne
2133503,St Albans - South,Brimbank,Melbourne - West,Greater Melbourne
2133504,St Albans - South,Brimbank,Melbourne - West,Greater Melbourne
2133505,St Albans - South,Brimbank,Melbourne - West,Greater Melbourne
2133506,St Albans - South,Brimbank,Melbourne - West,Greater Melbourne
2133507,St Albans - South,Brimbank,Melbourne - West,Greater Melbourne
2133508,St Albans - South,Brimbank,Melbourne - West,Greater Melbourne
2133509,St Albans - South,Brimbank,Melbourne - West,Greater Melbourne
2133510,St Albans - South,Brimbank,Melbourne - West,Greater Melbourne
2133511,St Albans - South,Brimbank,Melbourne - West,Greater Melbourne
2133512,St Albans - South,Brimbank,Melbourne - West,Greater Melbourne
2133513,St Albans - South,Brimbank,Melbourne - West,Greater Melbourne
2133514,St Albans - South,Brimbank,Melbourne - West,Greater Melbourne
2133515,St Albans - South,Brimbank,Melbourne - West,Greater Melbourne
2133516,St Albans - South,Brimbank,Melbourne - West,Greater Melbourne
2133517,St Albans - South,Brimbank,Melbourne - West,Greater Melbourne
2133518,St Albans - South,Brimbank,Melbourne - West,Greater Melbourne
2133519,St Albans - South,Brimbank,Melbourne - West,Greater Melbourne
2133520,St Albans - South,Brimbank,Melbourne - West,Greater Melbourne
2133521,St Albans - South,Brimbank,Melbourne - West,Greater Melbourne
2133522,St Albans - South,Brimbank,Melbourne - West,Greater Melbourne
2133523,St Albans - South,Brimbank,Melbourne - West,Greater Melbourne
2133524,St Albans - South,Brimbank,Melbourne - West,Greater Melbourne
2133525,St Albans - South,Brimbank,Melbourne - West,Greater Melbourne
2133526,St Albans - South,Brimbank,Melbourne - West,Greater Melbourne
2133527,St Albans - South,Brimbank,Melbourne - West,Greater Melbourne
2133528,St Albans - South,Brimbank,Melbourne - West,Greater Melbourne
2133529,St Albans - South,Brimbank,Melbourne - West,Greater Melbourne
2133530,St Albans - South,Brimbank,Melbourne - West,Greater Melbourne
2133531,St Albans - South,Brimbank,Melbourne - West,Greater Melbourne
2133532,St Albans - South,Brimbank,Melbourne - West,Greater Melbourne
2133533,St Albans - South,Brimbank,Melbourne - West,Greater Melbourne
2133534,St Albans - South,Brimbank,Melbourne - West,Greater Melbourne
2133535,St Albans - South,Brimbank,Melbourne - West,Greater Melbourne
2133536,St Albans - South,Brimbank,Melbourne - West,Greater Melbourne
2133537,St Albans - South,Brimbank,Melbourne - West,Greater Melbourne
2133538,St Albans - South,Brimbank,Melbourne - West,Greater Melbourne
2133601,Sunshine,Brimbank,Melbourne - West,Greater Melbourne
2133602,Sunshine,Brimbank,Melbourne - West,Greater Melbourne
2133603,Sunshine,Brimbank,Melbourne - West,Greater Melbourne
2133604,Sunshine,Brimbank,Melbourne - West,Greater Melbourne
2133605,Sunshine,Brimbank,Melbourne - West,Greater Melbourne
2133606,Sunshine,Brimbank,Melbourne - West,Greater Melbourne
2133607,Sunshine,Brimbank,Melbourne - West,Greater Melbourne
2133608,Sunshine,Brimbank,Melbourne - West,Greater Melbourne
2133609,Sunshine,Brimbank,Melbourne - West,Greater Melbourne
2133610,Sunshine,Brimbank,Melbourne - West,Greater Melbourne
2133611,Sunshine,Brimbank,Melbourne - West,Greater Melbourne
2133612,Sunshine,Brimbank,Melbourne - West,Greater Melbourne
2133613,Sunshine,Brimbank,Melbourne - West,Greater Melbourne
2133614,Sunshine,Brimbank,Melbourne - West,Greater Melbourne
2133615,Sunshine,Brimbank,Melbourne - West,Greater Melbourne
2133616,Sunshine,Brimbank,Melbourne - West,Greater Melbourne
2133617,Sunshine,Brimbank,Melbourne - West,Greater Melbourne
2133618,Sunshine,Brimbank,Melbourne - West,Greater Melbourne
2133619,Sunshine,Brimbank,Melbourne - West,Greater Melbourne
2133701,Sunshine North,Brimbank,Melbourne - West,Greater Melbourne
2133702,Sunshine North,Brimbank,Melbourne - West,Greater Melbourne
2133703,Sunshine North,Brimbank,Melbourne - West,Greater Melbourne
2133704,Sunshine North,Brimbank,Melbourne - West,Greater Melbourne
2133705,Sunshine North,Brimbank,Melbourne - West,Greater Melbourne
2133706,Sunshine North,Brimbank,Melbourne - West,Greater Melbourne
2133707,Sunshine North,Brimbank,Melbourne - West,Greater Melbourne
2133708,Sunshine North,Brimbank,Melbourne - West,Greater Melbourne
2133709,Sunshine North,Brimbank,Melbourne - West,Greater Melbourne
2133710,Sunshine North,Brimbank,Melbourne - West,Greater Melbourne
2133711,Sunshine North,Brimbank,Melbourne - West,Greater Melbourne
2133712,Sunshine North,Brimbank,Melbourne - West,Greater Melbourne
2133713,Sunshine North,Brimbank,Melbourne - West,Greater Melbourne
2133714,Sunshine North,Brimbank,Melbourne - West,Greater Melbourne
2133715,Sunshine North,Brimbank,Melbourne - West,Greater Melbourne
2133716,Sunshine North,Brimbank,Melbourne - West,Greater Melbourne
2133717,Sunshine North,Brimbank,Melbourne - West,Greater Melbourne
2133718,Sunshine North,Brimbank,Melbourne - West,Greater Melbourne
2133719,Sunshine North,Brimbank,Melbourne - West,Greater Melbourne
2133720,Sunshine North,Brimbank,Melbourne - West,Greater Melbourne
2133721,Sunshine North,Brimbank,Melbourne - West,Greater Melbourne
2133722,Sunshine North,Brimbank,Melbourne - West,Greater Melbourne
2133723,Sunshine North,Brimbank,Melbourne - West,Greater Melbourne
2133724,Sunshine North,Brimbank,Melbourne - West,Greater Melbourne
2133725,Sunshine North,Brimbank,Melbourne - West,Greater Melbourne
2133726,Sunshine North,Brimbank,Melbourne - West,Greater Melbourne
2133801,Sunshine West,Brimbank,Melbourne - West,Greater Melbourne
2133802,Sunshine West,Brimbank,Melbourne - West,Greater Melbourne
2133803,Sunshine West,Brimbank,Melbourne - West,Greater Melbourne
2133804,Sunshine West,Brimbank,Melbourne - West,Greater Melbourne
2133805,Sunshine West,Brimbank,Melbourne - West,Greater Melbourne
2133806,Sunshine West,Brimbank,Melbourne - West,Greater Melbourne
2133807,Sunshine West,Brimbank,Melbourne - West,Greater Melbourne
2133808,Sunshine West,Brimbank,Melbourne - West,Greater Melbourne
2133809,Sunshine West,Brimbank,Melbourne - West,Greater Melbourne
2133810,Sunshine West,Brimbank,Melbourne - West,Greater Melbourne
2133811,Sunshine West,Brimbank,Melbourne - West,Greater Melbourne
2133812,Sunshine West,Brimbank,Melbourne - West,Greater Melbourne
2133813,Sunshine West,Brimbank,Melbourne - West,Greater Melbourne
2133814,Sunshine West,Brimbank,Melbourne - West,Greater Melbourne
2133815,Sunshine West,Brimbank,Melbourne - West,Greater Melbourne
2133816,Sunshine West,Brimbank,Melbourne - West,Greater Melbourne
2133817,Sunshine West,Brimbank,Melbourne - West,Greater Melbourne
2133818,Sunshine West,Brimbank,Melbourne - West,Greater Melbourne
2133819,Sunshine West,Brimbank,Melbourne - West,Greater Melbourne
2133820,Sunshine West,Brimbank,Melbourne - West,Greater Melbourne
2133821,Sunshine West,Brimbank,Melbourne - West,Greater Melbourne
2133822,Sunshine West,Brimbank,Melbourne - West,Greater Melbourne
2133823,Sunshine West,Brimbank,Melbourne - West,Greater Melbourne
2133824,Sunshine West,Brimbank,Melbourne - West,Greater Melbourne
2133825,Sunshine West,Brimbank,Melbourne - West,Greater Melbourne
2133826,Sunshine West,Brimbank,Melbourne - West,Greater Melbourne
2133827,Sunshine West,Brimbank,Melbourne - West,Greater Melbourne
2133828,Sunshine West,Brimbank,Melbourne - West,Greater Melbourne
2133829,Sunshine West,Brimbank,Melbourne - West,Greater Melbourne
2133830,Sunshine West,Brimbank,Melbourne - West,Greater Melbourne
2133831,Sunshine West,Brimbank,Melbourne - West,Greater Melbourne
2133832,Sunshine West,Brimbank,Melbourne - West,Greater Melbourne
2133833,Sunshine West,Brimbank,Melbourne - West,Greater Melbourne
2133834,Sunshine West,Brimbank,Melbourne - West,Greater Melbourne
2133835,Sunshine West,Brimbank,Melbourne - West,Greater Melbourne
2133836,Sunshine West,Brimbank,Melbourne - West,Greater Melbourne
2133837,Sunshine West,Brimbank,Melbourne - West,Greater Melbourne
2133838,Sunshine West,Brimbank,Melbourne - West,Greater Melbourne
2133839,Sunshine West,Brimbank,Melbourne - West,Greater Melbourne
2133840,Sunshine West,Brimbank,Melbourne - West,Greater Melbourne
2133841,Sunshine West,Brimbank,Melbourne - West,Greater Melbourne
2133842,Sunshine West,Brimbank,Melbourne - West,Greater Melbourne
2133843,Sunshine West,Brimbank,Melbourne - West,Greater Melbourne
2133844,Sunshine West,Brimbank,Melbourne - West,Greater Melbourne
2133845,Sunshine West,Brimbank,Melbourne - West,Greater Melbourne
2133901,Sydenham,Brimbank,Melbourne - West,Greater Melbourne
2133902,Sydenham,Brimbank,Melbourne - West,Greater Melbourne
2133903,Sydenham,Brimbank,Melbourne - West,Greater Melbourne
2133904,Sydenham,Brimbank,Melbourne - West,Greater Melbourne
2133905,Sydenham,Brimbank,Melbourne - West,Greater Melbourne
2133906,Sydenham,Brimbank,Melbourne - West,Greater Melbourne
2133907,Sydenham,Brimbank,Melbourne - West,Greater Melbourne
2133908,Sydenham,Brimbank,Melbourne - West,Greater Melbourne
2133909,Sydenham,Brimbank,Melbourne - West,Greater Melbourne
2133910,Sydenham,Brimbank,Melbourne - West,Greater Melbourne
2133911,Sydenham,Brimbank,Melbourne - West,Greater Melbourne
2133912,Sydenham,Brimbank,Melbourne - West,Greater Melbourne
2133913,Sydenham,Brimbank,Melbourne - West,Greater Melbourne
2133914,Sydenham,Brimbank,Melbourne - West,Greater Melbourne
2133915,Sydenham,Brimbank,Melbourne - West,Greater Melbourne
2133916,Sydenham,Brimbank,Melbourne - West,Greater Melbourne
2133917,Sydenham,Brimbank,Melbourne - West,Greater Melbourne
2133918,Sydenham,Brimbank,Melbourne - West,Greater Melbourne
2133919,Sydenham,Brimbank,Melbourne - West,Greater Melbourne
2133920,Sydenham,Brimbank,Melbourne - West,Greater Melbourne
2133921,Sydenham,Brimbank,Melbourne - West,Greater Melbourne
2133922,Sydenham,Brimbank,Melbourne - West,Greater Melbourne
2133923,Sydenham,Brimbank,Melbourne - West,Greater Melbourne
2133924,Sydenham,Brimbank,Melbourne - West,Greater Melbourne
2133925,Sydenham,Brimbank,Melbourne - West,Greater Melbourne
2133926,Sydenham,Brimbank,Melbourne - West,Greater Melbourne
2133927,Sydenham,Brimbank,Melbourne - West,Greater Melbourne
2134001,Taylors Lakes,Brimbank,Melbourne - West,Greater Melbourne
2134002,Taylors Lakes,Brimbank,Melbourne - West,Greater Melbourne
2134003,Taylors Lakes,Brimbank,Melbourne - West,Greater Melbourne
2134004,Taylors Lakes,Brimbank,Melbourne - West,Greater Melbourne
2134005,Taylors Lakes,Brimbank,Melbourne - West,Greater Melbourne
2134006,Taylors Lakes,Brimbank,Melbourne - West,Greater Melbourne
2134007,Taylors Lakes,Brimbank,Melbourne - West,Greater Melbourne
2134008,Taylors Lakes,Brimbank,Melbourne - West,Greater Melbourne
2134009,Taylors Lakes,Brimbank,Melbourne - West,Greater Melbourne
2134010,Taylors Lakes,Brimbank,Melbourne - West,Greater Melbourne
2134011,Taylors Lakes,Brimbank,Melbourne - West,Greater Melbourne
2134012,Taylors Lakes,Brimbank,Melbourne - West,Greater Melbourne
2134013,Taylors Lakes,Brimbank,Melbourne - West,Greater Melbourne
2134014,Taylors Lakes,Brimbank,Melbourne - West,Greater Melbourne
2134015,Taylors Lakes,Brimbank,Melbourne - West,Greater Melbourne
2134016,Taylors Lakes,Brimbank,Melbourne - West,Greater Melbourne
2134017,Taylors Lakes,Brimbank,Melbourne - West,Greater Melbourne
2134018,Taylors Lakes,Brimbank,Melbourne - West,Greater Melbourne
2134019,Taylors Lakes,Brimbank,Melbourne - West,Greater Melbourne
2134020,Taylors Lakes,Brimbank,Melbourne - West,Greater Melbourne
2134021,Taylors Lakes,Brimbank,Melbourne - West,Greater Melbourne
2134022,Taylors Lakes,Brimbank,Melbourne - West,Greater Melbourne
2134023,Taylors Lakes,Brimbank,Melbourne - West,Greater Melbourne
2134024,Taylors Lakes,Brimbank,Melbourne - West,Greater Melbourne
2134025,Taylors Lakes,Brimbank,Melbourne - West,Greater Melbourne
2134026,Taylors Lakes,Brimbank,Melbourne - West,Greater Melbourne
2134027,Taylors Lakes,Brimbank,Melbourne - West,Greater Melbourne
2134028,Taylors Lakes,Brimbank,Melbourne - West,Greater Melbourne
2134029,Taylors Lakes,Brimbank,Melbourne - West,Greater Melbourne
2134030,Taylors Lakes,Brimbank,Melbourne - West,Greater Melbourne
2134031,Taylors Lakes,Brimbank,Melbourne - West,Greater Melbourne
2134032,Taylors Lakes,Brimbank,Melbourne - West,Greater Melbourne
2134033,Taylors Lakes,Brimbank,Melbourne - West,Greater Melbourne
2134034,Taylors Lakes,Brimbank,Melbourne - West,Greater Melbourne
2134035,Taylors Lakes,Brimbank,Melbourne - West,Greater Melbourne
2134036,Taylors Lakes,Brimbank,Melbourne - West,Greater Melbourne
2134037,Taylors Lakes,Brimbank,Melbourne - West,Greater Melbourne
2134038,Taylors Lakes,Brimbank,Melbourne - West,Greater Melbourne
2134039,Taylors Lakes,Brimbank,Melbourne - West,Greater Melbourne
2134040,Taylors Lakes,Brimbank,Melbourne - West,Greater Melbourne
2134041,Taylors Lakes,Brimbank,Melbourne - West,Greater Melbourne
2134042,Taylors Lakes,Brimbank,Melbourne - West,Greater Melbourne
2134043,Taylors Lakes,Brimbank,Melbourne - West,Greater Melbourne
2134044,Taylors Lakes,Brimbank,Melbourne - West,Greater Melbourne
2134045,Taylors Lakes,Brimbank,Melbourne - West,Greater Melbourne
2134046,Taylors Lakes,Brimbank,Melbourne - West,Greater Melbourne
2134047,Taylors Lakes,Brimbank,Melbourne - West,Greater Melbourne
2134048,Taylors Lakes,Brimbank,Melbourne - West,Greater Melbourne
2134049,Taylors Lakes,Brimbank,Melbourne - West,Greater Melbourne
2134101,Altona,Hobsons Bay,Melbourne - West,Greater Melbourne
2134102,Altona,Hobsons Bay,Melbourne - West,Greater Melbourne
2134103,Altona,Hobsons Bay,Melbourne - West,Greater Melbourne
2134104,Altona,Hobsons Bay,Melbourne - West,Greater Melbourne
2134105,Altona,Hobsons Bay,Melbourne - West,Greater Melbourne
2134106,Altona,Hobsons Bay,Melbourne - West,Greater Melbourne
2134107,Altona,Hobsons Bay,Melbourne - West,Greater Melbourne
2134108,Altona,Hobsons Bay,Melbourne - West,Greater Melbourne
2134109,Altona,Hobsons Bay,Melbourne - West,Greater Melbourne
2134110,Altona,Hobsons Bay,Melbourne - West,Greater Melbourne
2134111,Altona,Hobsons Bay,Melbourne - West,Greater Melbourne
2134112,Altona,Hobsons Bay,Melbourne - West,Greater Melbourne
2134113,Altona,Hobsons Bay,Melbourne - West,Greater Melbourne
2134114,Altona,Hobsons Bay,Melbourne - West,Greater Melbourne
2134115,Altona,Hobsons Bay,Melbourne - West,Greater Melbourne
2134116,Altona,Hobsons Bay,Melbourne - West,Greater Melbourne
2134117,Altona,Hobsons Bay,Melbourne - West,Greater Melbourne
2134118,Altona,Hobsons Bay,Melbourne - West,Greater Melbourne
2134119,Altona,Hobsons Bay,Melbourne - West,Greater Melbourne
2134120,Altona,Hobsons Bay,Melbourne - West,Greater Melbourne
2134121,Altona,Hobsons Bay,Melbourne - West,Greater Melbourne
2134122,Altona,Hobsons Bay,Melbourne - West,Greater Melbourne
2134123,Altona,Hobsons Bay,Melbourne - West,Greater Melbourne
2134124,Altona,Hobsons Bay,Melbourne - West,Greater Melbourne
2134125,Altona,Hobsons Bay,Melbourne - West,Greater Melbourne
2134126,Altona,Hobsons Bay,Melbourne - West,Greater Melbourne
2134127,Altona,Hobsons Bay,Melbourne - West,Greater Melbourne
2134128,Altona,Hobsons Bay,Melbourne - West,Greater Melbourne
2134129,Altona,Hobsons Bay,Melbourne - West,Greater Melbourne
2134130,Altona,Hobsons Bay,Melbourne - West,Greater Melbourne
2134201,Altona Meadows,Hobsons Bay,Melbourne - West,Greater Melbourne
2134202,Altona Meadows,Hobsons Bay,Melbourne - West,Greater Melbourne
2134203,Altona Meadows,Hobsons Bay,Melbourne - West,Greater Melbourne
2134204,Altona Meadows,Hobsons Bay,Melbourne - West,Greater Melbourne
2134205,Altona Meadows,Hobsons Bay,Melbourne - West,Greater Melbourne
2134206,Altona Meadows,Hobsons Bay,Melbourne - West,Greater Melbourne
2134207,Altona Meadows,Hobsons Bay,Melbourne - West,Greater Melbourne
2134208,Altona Meadows,Hobsons Bay,Melbourne - West,Greater Melbourne
2134209,Altona Meadows,Hobsons Bay,Melbourne - West,Greater Melbourne
2134210,Altona Meadows,Hobsons Bay,Melbourne - West,Greater Melbourne
2134211,Altona Meadows,Hobsons Bay,Melbourne - West,Greater Melbourne
2134212,Altona Meadows,Hobsons Bay,Melbourne - West,Greater Melbourne
2134213,Altona Meadows,Hobsons Bay,Melbourne - West,Greater Melbourne
2134214,Altona Meadows,Hobsons Bay,Melbourne - West,Greater Melbourne
2134215,Altona Meadows,Hobsons Bay,Melbourne - West,Greater Melbourne
2134216,Altona Meadows,Hobsons Bay,Melbourne - West,Greater Melbourne
2134217,Altona Meadows,Hobsons Bay,Melbourne - West,Greater Melbourne
2134218,Altona Meadows,Hobsons Bay,Melbourne - West,Greater Melbourne
2134219,Altona Meadows,Hobsons Bay,Melbourne - West,Greater Melbourne
2134220,Altona Meadows,Hobsons Bay,Melbourne - West,Greater Melbourne
2134221,Altona Meadows,Hobsons Bay,Melbourne - West,Greater Melbourne
2134222,Altona Meadows,Hobsons Bay,Melbourne - West,Greater Melbourne
2134223,Altona Meadows,Hobsons Bay,Melbourne - West,Greater Melbourne
2134224,Altona Meadows,Hobsons Bay,Melbourne - West,Greater Melbourne
2134225,Altona Meadows,Hobsons Bay,Melbourne - West,Greater Melbourne
2134226,Altona Meadows,Hobsons Bay,Melbourne - West,Greater Melbourne
2134227,Altona Meadows,Hobsons Bay,Melbourne - West,Greater Melbourne
2134228,Altona Meadows,Hobsons Bay,Melbourne - West,Greater Melbourne
2134229,Altona Meadows,Hobsons Bay,Melbourne - West,Greater Melbourne
2134230,Altona Meadows,Hobsons Bay,Melbourne - West,Greater Melbourne
2134231,Altona Meadows,Hobsons Bay,Melbourne - West,Greater Melbourne
2134232,Altona Meadows,Hobsons Bay,Melbourne - West,Greater Melbourne
2134233,Altona Meadows,Hobsons Bay,Melbourne - West,Greater Melbourne
2134234,Altona Meadows,Hobsons Bay,Melbourne - West,Greater Melbourne
2134235,Altona Meadows,Hobsons Bay,Melbourne - West,Greater Melbourne
2134236,Altona Meadows,Hobsons Bay,Melbourne - West,Greater Melbourne
2134237,Altona Meadows,Hobsons Bay,Melbourne - West,Greater Melbourne
2134238,Altona Meadows,Hobsons Bay,Melbourne - West,Greater Melbourne
2134239,Altona Meadows,Hobsons Bay,Melbourne - West,Greater Melbourne
2134240,Altona Meadows,Hobsons Bay,Melbourne - West,Greater Melbourne
2134241,Altona Meadows,Hobsons Bay,Melbourne - West,Greater Melbourne
2134242,Altona Meadows,Hobsons Bay,Melbourne - West,Greater Melbourne
2134243,Altona Meadows,Hobsons Bay,Melbourne - West,Greater Melbourne
2134244,Altona Meadows,Hobsons Bay,Melbourne - West,Greater Melbourne
2134245,Altona Meadows,Hobsons Bay,Melbourne - West,Greater Melbourne
2134246,Altona Meadows,Hobsons Bay,Melbourne - West,Greater Melbourne
2134247,Altona Meadows,Hobsons Bay,Melbourne - West,Greater Melbourne
2134248,Altona Meadows,Hobsons Bay,Melbourne - West,Greater Melbourne
2134301,Altona North,Hobsons Bay,Melbourne - West,Greater Melbourne
2134302,Altona North,Hobsons Bay,Melbourne - West,Greater Melbourne
2134303,Altona North,Hobsons Bay,Melbourne - West,Greater Melbourne
2134304,Altona North,Hobsons Bay,Melbourne - West,Greater Melbourne
2134305,Altona North,Hobsons Bay,Melbourne - West,Greater Melbourne
2134306,Altona North,Hobsons Bay,Melbourne - West,Greater Melbourne
2134307,Altona North,Hobsons Bay,Melbourne - West,Greater Melbourne
2134308,Altona North,Hobsons Bay,Melbourne - West,Greater Melbourne
2134309,Altona North,Hobsons Bay,Melbourne - West,Greater Melbourne
2134310,Altona North,Hobsons Bay,Melbourne - West,Greater Melbourne
2134311,Altona North,Hobsons Bay,Melbourne - West,Greater Melbourne
2134312,Altona North,Hobsons Bay,Melbourne - West,Greater Melbourne
2134313,Altona North,Hobsons Bay,Melbourne - West,Greater Melbourne
2134314,Altona North,Hobsons Bay,Melbourne - West,Greater Melbourne
2134315,Altona North,Hobsons Bay,Melbourne - West,Greater Melbourne
2134316,Altona North,Hobsons Bay,Melbourne - West,Greater Melbourne
2134317,Altona North,Hobsons Bay,Melbourne - West,Greater Melbourne
2134318,Altona North,Hobsons Bay,Melbourne - West,Greater Melbourne
2134319,Altona North,Hobsons Bay,Melbourne - West,Greater Melbourne
2134320,Altona North,Hobsons Bay,Melbourne - West,Greater Melbourne
2134321,Altona North,Hobsons Bay,Melbourne - West,Greater Melbourne
2134322,Altona North,Hobsons Bay,Melbourne - West,Greater Melbourne
2134323,Altona North,Hobsons Bay,Melbourne - West,Greater Melbourne
2134324,Altona North,Hobsons Bay,Melbourne - West,Greater Melbourne
2134325,Altona North,Hobsons Bay,Melbourne - West,Greater Melbourne
2134326,Altona North,Hobsons Bay,Melbourne - West,Greater Melbourne
2134327,Altona North,Hobsons Bay,Melbourne - West,Greater Melbourne
2134328,Altona North,Hobsons Bay,Melbourne - West,Greater Melbourne
2134329,Altona North,Hobsons Bay,Melbourne - West,Greater Melbourne
2134330,Altona North,Hobsons Bay,Melbourne - West,Greater Melbourne
2134331,Altona North,Hobsons Bay,Melbourne - West,Greater Melbourne
2134332,Altona North,Hobsons Bay,Melbourne - West,Greater Melbourne
2134401,Newport,Hobsons Bay,Melbourne - West,Greater Melbourne
2134402,Newport,Hobsons Bay,Melbourne - West,Greater Melbourne
2134403,Newport,Hobsons Bay,Melbourne - West,Greater Melbourne
2134404,Newport,Hobsons Bay,Melbourne - West,Greater Melbourne
2134405,Newport,Hobsons Bay,Melbourne - West,Greater Melbourne
2134406,Newport,Hobsons Bay,Melbourne - West,Greater Melbourne
2134407,Newport,Hobsons Bay,Melbourne - West,Greater Melbourne
2134408,Newport,Hobsons Bay,Melbourne - West,Greater Melbourne
2134409,Newport,Hobsons Bay,Melbourne - West,Greater Melbourne
2134410,Newport,Hobsons Bay,Melbourne - West,Greater Melbourne
2134411,Newport,Hobsons Bay,Melbourne - West,Greater Melbourne
2134412,Newport,Hobsons Bay,Melbourne - West,Greater Melbourne
2134413,Newport,Hobsons Bay,Melbourne - West,Greater Melbourne
2134414,Newport,Hobsons Bay,Melbourne - West,Greater Melbourne
2134415,Newport,Hobsons Bay,Melbourne - West,Greater Melbourne
2134416,Newport,Hobsons Bay,Melbourne - West,Greater Melbourne
2134417,Newport,Hobsons Bay,Melbourne - West,Greater Melbourne
2134418,Newport,Hobsons Bay,Melbourne - West,Greater Melbourne
2134419,Newport,Hobsons Bay,Melbourne - West,Greater Melbourne
2134420,Newport,Hobsons Bay,Melbourne - West,Greater Melbourne
2134421,Newport,Hobsons Bay,Melbourne - West,Greater Melbourne
2134422,Newport,Hobsons Bay,Melbourne - West,Greater Melbourne
2134423,Newport,Hobsons Bay,Melbourne - West,Greater Melbourne
2134424,Newport,Hobsons Bay,Melbourne - West,Greater Melbourne
2134425,Newport,Hobsons Bay,Melbourne - West,Greater Melbourne
2134426,Newport,Hobsons Bay,Melbourne - West,Greater Melbourne
2134427,Newport,Hobsons Bay,Melbourne - West,Greater Melbourne
2134428,Newport,Hobsons Bay,Melbourne - West,Greater Melbourne
2134429,Newport,Hobsons Bay,Melbourne - West,Greater Melbourne
2134430,Newport,Hobsons Bay,Melbourne - West,Greater Melbourne
2134431,Newport,Hobsons Bay,Melbourne - West,Greater Melbourne
2134432,Newport,Hobsons Bay,Melbourne - West,Greater Melbourne
2134433,Newport,Hobsons Bay,Melbourne - West,Greater Melbourne
2134434,Newport,Hobsons Bay,Melbourne - West,Greater Melbourne
2134435,Newport,Hobsons Bay,Melbourne - West,Greater Melbourne
2134436,Newport,Hobsons Bay,Melbourne - West,Greater Melbourne
2134437,Newport,Hobsons Bay,Melbourne - West,Greater Melbourne
2134438,Newport,Hobsons Bay,Melbourne - West,Greater Melbourne
2134439,Newport,Hobsons Bay,Melbourne - West,Greater Melbourne
2134440,Newport,Hobsons Bay,Melbourne - West,Greater Melbourne
2134441,Newport,Hobsons Bay,Melbourne - West,Greater Melbourne
2134442,Newport,Hobsons Bay,Melbourne - West,Greater Melbourne
2134501,Seabrook,Hobsons Bay,Melbourne - West,Greater Melbourne
2134502,Seabrook,Hobsons Bay,Melbourne - West,Greater Melbourne
2134503,Seabrook,Hobsons Bay,Melbourne - West,Greater Melbourne
2134504,Seabrook,Hobsons Bay,Melbourne - West,Greater Melbourne
2134505,Seabrook,Hobsons Bay,Melbourne - West,Greater Melbourne
2134506,Seabrook,Hobsons Bay,Melbourne - West,Greater Melbourne
2134507,Seabrook,Hobsons Bay,Melbourne - West,Greater Melbourne
2134508,Seabrook,Hobsons Bay,Melbourne - West,Greater Melbourne
2134509,Seabrook,Hobsons Bay,Melbourne - West,Greater Melbourne
2134510,Seabrook,Hobsons Bay,Melbourne - West,Greater Melbourne
2134511,Seabrook,Hobsons Bay,Melbourne - West,Greater Melbourne
2134512,Seabrook,Hobsons Bay,Melbourne - West,Greater Melbourne
2134513,Seabrook,Hobsons Bay,Melbourne - West,Greater Melbourne
2134601,Williamstown,Hobsons Bay,Melbourne - West,Greater Melbourne
2134602,Williamstown,Hobsons Bay,Melbourne - West,Greater Melbourne
2134603,Williamstown,Hobsons Bay,Melbourne - West,Greater Melbourne
2134604,Williamstown,Hobsons Bay,Melbourne - West,Greater Melbourne
2134605,Williamstown,Hobsons Bay,Melbourne - West,Greater Melbourne
2134606,Williamstown,Hobsons Bay,Melbourne - West,Greater Melbourne
2134607,Williamstown,Hobsons Bay,Melbourne - West,Greater Melbourne
2134608,Williamstown,Hobsons Bay,Melbourne - West,Greater Melbourne
2134609,Williamstown,Hobsons Bay,Melbourne - West,Greater Melbourne
2134610,Williamstown,Hobsons Bay,Melbourne - West,Greater Melbourne
2134611,Williamstown,Hobsons Bay,Melbourne - West,Greater Melbourne
2134612,Williamstown,Hobsons Bay,Melbourne - West,Greater Melbourne
2134613,Williamstown,Hobsons Bay,Melbourne - West,Greater Melbourne
2134614,Williamstown,Hobsons Bay,Melbourne - West,Greater Melbourne
2134615,Williamstown,Hobsons Bay,Melbourne - West,Greater Melbourne
2134616,Williamstown,Hobsons Bay,Melbourne - West,Greater Melbourne
2134617,Williamstown,Hobsons Bay,Melbourne - West,Greater Melbourne
2134618,Williamstown,Hobsons Bay,Melbourne - West,Greater Melbourne
2134619,Williamstown,Hobsons Bay,Melbourne - West,Greater Melbourne
2134620,Williamstown,Hobsons Bay,Melbourne - West,Greater Melbourne
2134621,Williamstown,Hobsons Bay,Melbourne - West,Greater Melbourne
2134622,Williamstown,Hobsons Bay,Melbourne - West,Greater Melbourne
2134623,Williamstown,Hobsons Bay,Melbourne - West,Greater Melbourne
2134624,Williamstown,Hobsons Bay,Melbourne - West,Greater Melbourne
2134625,Williamstown,Hobsons Bay,Melbourne - West,Greater Melbourne
2134626,Williamstown,Hobsons Bay,Melbourne - West,Greater Melbourne
2134627,Williamstown,Hobsons Bay,Melbourne - West,Greater Melbourne
2134628,Williamstown,Hobsons Bay,Melbourne - West,Greater Melbourne
2134629,Williamstown,Hobsons Bay,Melbourne - West,Greater Melbourne
2134630,Williamstown,Hobsons Bay,Melbourne - West,Greater Melbourne
2134631,Williamstown,Hobsons Bay,Melbourne - West,Greater Melbourne
2134632,Williamstown,Hobsons Bay,Melbourne - West,Greater Melbourne
2134633,Williamstown,Hobsons Bay,Melbourne - West,Greater Melbourne
2134634,Williamstown,Hobsons Bay,Melbourne - West,Greater Melbourne
2134635,Williamstown,Hobsons Bay,Melbourne - West,Greater Melbourne
2134701,Braybrook,Maribyrnong,Melbourne - West,Greater Melbourne
2134702,Braybrook,Maribyrnong,Melbourne - West,Greater Melbourne
2134703,Braybrook,Maribyrnong,Melbourne - West,Greater Melbourne
2134704,Braybrook,Maribyrnong,Melbourne - West,Greater Melbourne
2134705,Braybrook,Maribyrnong,Melbourne - West,Greater Melbourne
2134706,Braybrook,Maribyrnong,Melbourne - West,Greater Melbourne
2134707,Braybrook,Maribyrnong,Melbourne - West,Greater Melbourne
2134708,Braybrook,Maribyrnong,Melbourne - West,Greater Melbourne
2134709,Braybrook,Maribyrnong,Melbourne - West,Greater Melbourne
2134710,Braybrook,Maribyrnong,Melbourne - West,Greater Melbourne
2134711,Braybrook,Maribyrnong,Melbourne - West,Greater Melbourne
2134712,Braybrook,Maribyrnong,Melbourne - West,Greater Melbourne
2134713,Braybrook,Maribyrnong,Melbourne - West,Greater Melbourne
2134714,Braybrook,Maribyrnong,Melbourne - West,Greater Melbourne
2134715,Braybrook,Maribyrnong,Melbourne - West,Greater Melbourne
2134716,Braybrook,Maribyrnong,Melbourne - West,Greater Melbourne
2134717,Braybrook,Maribyrnong,Melbourne - West,Greater Melbourne
2134718,Braybrook,Maribyrnong,Melbourne - West,Greater Melbourne
2134719,Braybrook,Maribyrnong,Melbourne - West,Greater Melbourne
2134720,Braybrook,Maribyrnong,Melbourne - West,Greater Melbourne
2134721,Braybrook,Maribyrnong,Melbourne - West,Greater Melbourne
2134722,Braybrook,Maribyrnong,Melbourne - West,Greater Melbourne
2134723,Braybrook,Maribyrnong,Melbourne - West,Greater Melbourne
2134724,Braybrook,Maribyrnong,Melbourne - West,Greater Melbourne
2134725,Braybrook,Maribyrnong,Melbourne - West,Greater Melbourne
2134726,Braybrook,Maribyrnong,Melbourne - West,Greater Melbourne
2134727,Braybrook,Maribyrnong,Melbourne - West,Greater Melbourne
2134728,Braybrook,Maribyrnong,Melbourne - West,Greater Melbourne
2134729,Braybrook,Maribyrnong,Melbourne - West,Greater Melbourne
2134730,Braybrook,Maribyrnong,Melbourne - West,Greater Melbourne
2134731,Braybrook,Maribyrnong,Melbourne - West,Greater Melbourne
2134732,Braybrook,Maribyrnong,Melbourne - West,Greater Melbourne
2134733,Braybrook,Maribyrnong,Melbourne - West,Greater Melbourne
2134734,Braybrook,Maribyrnong,Melbourne - West,Greater Melbourne
2134735,Braybrook,Maribyrnong,Melbourne - West,Greater Melbourne
2134736,Braybrook,Maribyrnong,Melbourne - West,Greater Melbourne
2134737,Braybrook,Maribyrnong,Melbourne - West,Greater Melbourne
2134801,Footscray,Maribyrnong,Melbourne - West,Greater Melbourne
2134802,Footscray,Maribyrnong,Melbourne - West,Greater Melbourne
2134803,Footscray,Maribyrnong,Melbourne - West,Greater Melbourne
2134804,Footscray,Maribyrnong,Melbourne - West,Greater Melbourne
2134805,Footscray,Maribyrnong,Melbourne - West,Greater Melbourne
2134806,Footscray,Maribyrnong,Melbourne - West,Greater Melbourne
2134807,Footscray,Maribyrnong,Melbourne - West,Greater Melbourne
2134808,Footscray,Maribyrnong,Melbourne - West,Greater Melbourne
2134809,Footscray,Maribyrnong,Melbourne - West,Greater Melbourne
2134810,Footscray,Maribyrnong,Melbourne - West,Greater Melbourne
2134811,Footscray,Maribyrnong,Melbourne - West,Greater Melbourne
2134812,Footscray,Maribyrnong,Melbourne - West,Greater Melbourne
2134813,Footscray,Maribyrnong,Melbourne - West,Greater Melbourne
2134814,Footscray,Maribyrnong,Melbourne - West,Greater Melbourne
2134815,Footscray,Maribyrnong,Melbourne - West,Greater Melbourne
2134816,Footscray,Maribyrnong,Melbourne - West,Greater Melbourne
2134817,Footscray,Maribyrnong,Melbourne - West,Greater Melbourne
2134818,Footscray,Maribyrnong,Melbourne - West,Greater Melbourne
2134819,Footscray,Maribyrnong,Melbourne - West,Greater Melbourne
2134820,Footscray,Maribyrnong,Melbourne - West,Greater Melbourne
2134821,Footscray,Maribyrnong,Melbourne - West,Greater Melbourne
2134822,Footscray,Maribyrnong,Melbourne - West,Greater Melbourne
2134823,Footscray,Maribyrnong,Melbourne - West,Greater Melbourne
2134824,Footscray,Maribyrnong,Melbourne - West,Greater Melbourne
2134825,Footscray,Maribyrnong,Melbourne - West,Greater Melbourne
2134826,Footscray,Maribyrnong,Melbourne - West,Greater Melbourne
2134827,Footscray,Maribyrnong,Melbourne - West,Greater Melbourne
2134828,Footscray,Maribyrnong,Melbourne - West,Greater Melbourne
2134829,Footscray,Maribyrnong,Melbourne - West,Greater Melbourne
2134830,Footscray,Maribyrnong,Melbourne - West,Greater Melbourne
2134901,Maribyrnong,Maribyrnong,Melbourne - West,Greater Melbourne
2134902,Maribyrnong,Maribyrnong,Melbourne - West,Greater Melbourne
2134903,Maribyrnong,Maribyrnong,Melbourne - West,Greater Melbourne
2134904,Maribyrnong,Maribyrnong,Melbourne - West,Greater Melbourne
2134905,Maribyrnong,Maribyrnong,Melbourne - West,Greater Melbourne
2134906,Maribyrnong,Maribyrnong,Melbourne - West,Greater Melbourne
2134907,Maribyrnong,Maribyrnong,Melbourne - West,Greater Melbourne
2134908,Maribyrnong,Maribyrnong,Melbourne - West,Greater Melbourne
2134909,Maribyrnong,Maribyrnong,Melbourne - West,Greater Melbourne
2134910,Maribyrnong,Maribyrnong,Melbourne - West,Greater Melbourne
2134911,Maribyrnong,Maribyrnong,Melbourne - West,Greater Melbourne
2134912,Maribyrnong,Maribyrnong,Melbourne - West,Greater Melbourne
2134913,Maribyrnong,Maribyrnong,Melbourne - West,Greater Melbourne
2134914,Maribyrnong,Maribyrnong,Melbourne - West,Greater Melbourne
2134915,Maribyrnong,Maribyrnong,Melbourne - West,Greater Melbourne
2134916,Maribyrnong,Maribyrnong,Melbourne - West,Greater Melbourne
2134917,Maribyrnong,Maribyrnong,Melbourne - West,Greater Melbourne
2134918,Maribyrnong,Maribyrnong,Melbourne - West,Greater Melbourne
2134919,Maribyrnong,Maribyrnong,Melbourne - West,Greater Melbourne
2134920,Maribyrnong,Maribyrnong,Melbourne - West,Greater Melbourne
2134921,Maribyrnong,Maribyrnong,Melbourne - West,Greater Melbourne
2134922,Maribyrnong,Maribyrnong,Melbourne - West,Greater Melbourne
2134923,Maribyrnong,Maribyrnong,Melbourne - West,Greater Melbourne
2135001,Seddon - Kingsville,Maribyrnong,Melbourne - West,Greater Melbourne
2135002,Seddon - Kingsville,Maribyrnong,Melbourne - West,Greater Melbourne
2135003,Seddon - Kingsville,Maribyrnong,Melbourne - West,Greater Melbourne
2135004,Seddon - Kingsville,Maribyrnong,Melbourne - West,Greater Melbourne
2135005,Seddon - Kingsville,Maribyrnong,Melbourne - West,Greater Melbourne
2135006,Seddon - Kingsville,Maribyrnong,Melbourne - West,Greater Melbourne
2135007,Seddon - Kingsville,Maribyrnong,Melbourne - West,Greater Melbourne
2135008,Seddon - Kingsville,Maribyrnong,Melbourne - West,Greater Melbourne
2135009,Seddon - Kingsville,Maribyrnong,Melbourne - West,Greater Melbourne
2135010,Seddon - Kingsville,Maribyrnong,Melbourne - West,Greater Melbourne
2135011,Seddon - Kingsville,Maribyrnong,Melbourne - West,Greater Melbourne
2135012,Seddon - Kingsville,Maribyrnong,Melbourne - West,Greater Melbourne
2135013,Seddon - Kingsville,Maribyrnong,Melbourne - West,Greater Melbourne
2135014,Seddon - Kingsville,Maribyrnong,Melbourne - West,Greater Melbourne
2135015,Seddon - Kingsville,Maribyrnong,Melbourne - West,Greater Melbourne
2135016,Seddon - Kingsville,Maribyrnong,Melbourne - West,Greater Melbourne
2135017,Seddon - Kingsville,Maribyrnong,Melbourne - West,Greater Melbourne
2135018,Seddon - Kingsville,Maribyrnong,Melbourne - West,Greater Melbourne
2135019,Seddon - Kingsville,Maribyrnong,Melbourne - West,Greater Melbourne
2135101,West Footscray - Tottenham,Maribyrnong,Melbourne - West,Greater Melbourne
2135102,West Footscray - Tottenham,Maribyrnong,Melbourne - West,Greater Melbourne
2135103,West Footscray - Tottenham,Maribyrnong,Melbourne - West,Greater Melbourne
2135104,West Footscray - Tottenham,Maribyrnong,Melbourne - West,Greater Melbourne
2135105,West Footscray - Tottenham,Maribyrnong,Melbourne - West,Greater Melbourne
2135106,West Footscray - Tottenham,Maribyrnong,Melbourne - West,Greater Melbourne
2135107,West Footscray - Tottenham,Maribyrnong,Melbourne - West,Greater Melbourne
2135108,West Footscray - Tottenham,Maribyrnong,Melbourne - West,Greater Melbourne
2135109,West Footscray - Tottenham,Maribyrnong,Melbourne - West,Greater Melbourne
2135110,West Footscray - Tottenham,Maribyrnong,Melbourne - West,Greater Melbourne
2135111,West Footscray - Tottenham,Maribyrnong,Melbourne - West,Greater Melbourne
2135112,West Footscray - Tottenham,Maribyrnong,Melbourne - West,Greater Melbourne
2135113,West Footscray - Tottenham,Maribyrnong,Melbourne - West,Greater Melbourne
2135114,West Footscray - Tottenham,Maribyrnong,Melbourne - West,Greater Melbourne
2135115,West Footscray - Tottenham,Maribyrnong,Melbourne - West,Greater Melbourne
2135116,West Footscray - Tottenham,Maribyrnong,Melbourne - West,Greater Melbourne
2135117,West Footscray - Tottenham,Maribyrnong,Melbourne - West,Greater Melbourne
2135118,West Footscray - Tottenham,Maribyrnong,Melbourne - West,Greater Melbourne
2135119,West Footscray - Tottenham,Maribyrnong,Melbourne - West,Greater Melbourne
2135120,West Footscray - Tottenham,Maribyrnong,Melbourne - West,Greater Melbourne
2135121,West Footscray - Tottenham,Maribyrnong,Melbourne - West,Greater Melbourne
2135122,West Footscray - Tottenham,Maribyrnong,Melbourne - West,Greater Melbourne
2135123,West Footscray - Tottenham,Maribyrnong,Melbourne - West,Greater Melbourne
2135124,West Footscray - Tottenham,Maribyrnong,Melbourne - West,Greater Melbourne
2135125,West Footscray - Tottenham,Maribyrnong,Melbourne - West,Greater Melbourne
2135126,West Footscray - Tottenham,Maribyrnong,Melbourne - West,Greater Melbourne
2135127,West Footscray - Tottenham,Maribyrnong,Melbourne - West,Greater Melbourne
2135128,West Footscray - Tottenham,Maribyrnong,Melbourne - West,Greater Melbourne
2135201,Yarraville,Maribyrnong,Melbourne - West,Greater Melbourne
2135202,Yarraville,Maribyrnong,Melbourne - West,Greater Melbourne
2135203,Yarraville,Maribyrnong,Melbourne - West,Greater Melbourne
2135204,Yarraville,Maribyrnong,Melbourne - West,Greater Melbourne
2135205,Yarraville,Maribyrnong,Melbourne - West,Greater Melbourne
2135206,Yarraville,Maribyrnong,Melbourne - West,Greater Melbourne
2135207,Yarraville,Maribyrnong,Melbourne - West,Greater Melbourne
2135208,Yarraville,Maribyrnong,Melbourne - West,Greater Melbourne
2135209,Yarraville,Maribyrnong,Melbourne - West,Greater Melbourne
2135210,Yarraville,Maribyrnong,Melbourne - West,Greater Melbourne
2135211,Yarraville,Maribyrnong,Melbourne - West,Greater Melbourne
2135212,Yarraville,Maribyrnong,Melbourne - West,Greater Melbourne
2135213,Yarraville,Maribyrnong,Melbourne - West,Greater Melbourne
2135214,Yarraville,Maribyrnong,Melbourne - West,Greater Melbourne
2135215,Yarraville,Maribyrnong,Melbourne - West,Greater Melbourne
2135216,Yarraville,Maribyrnong,Melbourne - West,Greater Melbourne
2135217,Yarraville,Maribyrnong,Melbourne - West,Greater Melbourne
2135218,Yarraville,Maribyrnong,Melbourne - West,Greater Melbourne
2135219,Yarraville,Maribyrnong,Melbourne - West,Greater Melbourne
2135220,Yarraville,Maribyrnong,Melbourne - West,Greater Melbourne
2135221,Yarraville,Maribyrnong,Melbourne - West,Greater Melbourne
2135222,Yarraville,Maribyrnong,Melbourne - West,Greater Melbourne
2135223,Yarraville,Maribyrnong,Melbourne - West,Greater Melbourne
2135224,Yarraville,Maribyrnong,Melbourne - West,Greater Melbourne
2135225,Yarraville,Maribyrnong,Melbourne - West,Greater Melbourne
2135226,Yarraville,Maribyrnong,Melbourne - West,Greater Melbourne
2135227,Yarraville,Maribyrnong,Melbourne - West,Greater Melbourne
2135228,Yarraville,Maribyrnong,Melbourne - West,Greater Melbourne
2135229,Yarraville,Maribyrnong,Melbourne - West,Greater Melbourne
2135230,Yarraville,Maribyrnong,Melbourne - West,Greater Melbourne
2135231,Yarraville,Maribyrnong,Melbourne - West,Greater Melbourne
2135232,Yarraville,Maribyrnong,Melbourne - West,Greater Melbourne
2135301,Bacchus Marsh,Melton - Bacchus Marsh,Melbourne - West,Greater Melbourne
2135302,Bacchus Marsh,Melton - Bacchus Marsh,Melbourne - West,Greater Melbourne
2135303,Bacchus Marsh,Melton - Bacchus Marsh,Melbourne - West,Greater Melbourne
2135304,Bacchus Marsh,Melton - Bacchus Marsh,Melbourne - West,Greater Melbourne
2135305,Bacchus Marsh,Melton - Bacchus Marsh,Melbourne - West,Greater Melbourne
2135306,Bacchus Marsh,Melton - Bacchus Marsh,Melbourne - West,Greater Melbourne
2135307,Bacchus Marsh,Melton - Bacchus Marsh,Melbourne - West,Greater Melbourne
2135308,Bacchus Marsh,Melton - Bacchus Marsh,Melbourne - West,Greater Melbourne
2135309,Bacchus Marsh,Melton - Bacchus Marsh,Melbourne - West,Greater Melbourne
2135310,Bacchus Marsh,Melton - Bacchus Marsh,Melbourne - West,Greater Melbourne
2135311,Bacchus Marsh,Melton - Bacchus Marsh,Melbourne - West,Greater Melbourne
2135312,Bacchus Marsh,Melton - Bacchus Marsh,Melbourne - West,Greater Melbourne
2135313,Bacchus Marsh,Melton - Bacchus Marsh,Melbourne - West,Greater Melbourne
2135314,Bacchus Marsh,Melton - Bacchus Marsh,Melbourne - West,Greater Melbourne
2135315,Bacchus Marsh,Melton - Bacchus Marsh,Melbourne - West,Greater Melbourne
2135316,Bacchus Marsh,Melton - Bacchus Marsh,Melbourne - West,Greater Melbourne
2135317,Bacchus Marsh,Melton - Bacchus Marsh,Melbourne - West,Greater Melbourne
2135318,Bacchus Marsh,Melton - Bacchus Marsh,Melbourne - West,Greater Melbourne
2135319,Bacchus Marsh,Melton - Bacchus Marsh,Melbourne - West,Greater Melbourne
2135320,Bacchus Marsh,Melton - Bacchus Marsh,Melbourne - West,Greater Melbourne
2135321,Bacchus Marsh,Melton - Bacchus Marsh,Melbourne - West,Greater Melbourne
2135322,Bacchus Marsh,Melton - Bacchus Marsh,Melbourne - West,Greater Melbourne
2135323,Bacchus Marsh,Melton - Bacchus Marsh,Melbourne - West,Greater Melbourne
2135324,Bacchus Marsh,Melton - Bacchus Marsh,Melbourne - West,Greater Melbourne
2135325,Bacchus Marsh,Melton - Bacchus Marsh,Melbourne - West,Greater Melbourne
2135326,Bacchus Marsh,Melton - Bacchus Marsh,Melbourne - West,Greater Melbourne
2135327,Bacchus Marsh,Melton - Bacchus Marsh,Melbourne - West,Greater Melbourne
2135328,Bacchus Marsh,Melton - Bacchus Marsh,Melbourne - West,Greater Melbourne
2135329,Bacchus Marsh,Melton - Bacchus Marsh,Melbourne - West,Greater Melbourne
2135330,Bacchus Marsh,Melton - Bacchus Marsh,Melbourne - West,Greater Melbourne
2135331,Bacchus Marsh,Melton - Bacchus Marsh,Melbourne - West,Greater Melbourne
2135332,Bacchus Marsh,Melton - Bacchus Marsh,Melbourne - West,Greater Melbourne
2135333,Bacchus Marsh,Melton - Bacchus Marsh,Melbourne - West,Greater Melbourne
2135334,Bacchus Marsh,Melton - Bacchus Marsh,Melbourne - West,Greater Melbourne
2135335,Bacchus Marsh,Melton - Bacchus Marsh,Melbourne - West,Greater Melbourne
2135336,Bacchus Marsh,Melton - Bacchus Marsh,Melbourne - West,Greater Melbourne
2135337,Bacchus Marsh,Melton - Bacchus Marsh,Melbourne - West,Greater Melbourne
2135338,Bacchus Marsh,Melton - Bacchus Marsh,Melbourne - West,Greater Melbourne
2135339,Bacchus Marsh,Melton - Bacchus Marsh,Melbourne - West,Greater Melbourne
2135401,Caroline Springs,Melton - Bacchus Marsh,Melbourne - West,Greater Melbourne
2135402,Caroline Springs,Melton - Bacchus Marsh,Melbourne - West,Greater Melbourne
2135403,Caroline Springs,Melton - Bacchus Marsh,Melbourne - West,Greater Melbourne
2135404,Caroline Springs,Melton - Bacchus Marsh,Melbourne - West,Greater Melbourne
2135405,Caroline Springs,Melton - Bacchus Marsh,Melbourne - West,Greater Melbourne
2135406,Caroline Springs,Melton - Bacchus Marsh,Melbourne - West,Greater Melbourne
2135407,Caroline Springs,Melton - Bacchus Marsh,Melbourne - West,Greater Melbourne
2135408,Caroline Springs,Melton - Bacchus Marsh,Melbourne - West,Greater Melbourne
2135409,Caroline Springs,Melton - Bacchus Marsh,Melbourne - West,Greater Melbourne
2135410,Caroline Springs,Melton - Bacchus Marsh,Melbourne - West,Greater Melbourne
2135411,Caroline Springs,Melton - Bacchus Marsh,Melbourne - West,Greater Melbourne
2135412,Caroline Springs,Melton - Bacchus Marsh,Melbourne - West,Greater Melbourne
2135413,Caroline Springs,Melton - Bacchus Marsh,Melbourne - West,Greater Melbourne
2135414,Caroline Springs,Melton - Bacchus Marsh,Melbourne - West,Greater Melbourne
2135415,Caroline Springs,Melton - Bacchus Marsh,Melbourne - West,Greater Melbourne
2135416,Caroline Springs,Melton - Bacchus Marsh,Melbourne - West,Greater Melbourne
2135417,Caroline Springs,Melton - Bacchus Marsh,Melbourne - West,Greater Melbourne
2135418,Caroline Springs,Melton - Bacchus Marsh,Melbourne - West,Greater Melbourne
2135419,Caroline Springs,Melton - Bacchus Marsh,Melbourne - West,Greater Melbourne
2135420,Caroline Springs,Melton - Bacchus Marsh,Melbourne - West,Greater Melbourne
2135421,Caroline Springs,Melton - Bacchus Marsh,Melbourne - West,Greater Melbourne
2135422,Caroline Springs,Melton - Bacchus Marsh,Melbourne - West,Greater Melbourne
2135423,Caroline Springs,Melton - Bacchus Marsh,Melbourne - West,Greater Melbourne
2135424,Caroline Springs,Melton - Bacchus Marsh,Melbourne - West,Greater Melbourne
2135425,Caroline Springs,Melton - Bacchus Marsh,Melbourne - West,Greater Melbourne
2135426,Caroline Springs,Melton - Bacchus Marsh,Melbourne - West,Greater Melbourne
2135427,Caroline Springs,Melton - Bacchus Marsh,Melbourne - West,Greater Melbourne
2135428,Caroline Springs,Melton - Bacchus Marsh,Melbourne - West,Greater Melbourne
2135429,Caroline Springs,Melton - Bacchus Marsh,Melbourne - West,Greater Melbourne
2135430,Caroline Springs,Melton - Bacchus Marsh,Melbourne - West,Greater Melbourne
2135431,Caroline Springs,Melton - Bacchus Marsh,Melbourne - West,Greater Melbourne
2135432,Caroline Springs,Melton - Bacchus Marsh,Melbourne - West,Greater Melbourne
2135433,Caroline Springs,Melton - Bacchus Marsh,Melbourne - West,Greater Melbourne
2135434,Caroline Springs,Melton - Bacchus Marsh,Melbourne - West,Greater Melbourne
2135435,Caroline Springs,Melton - Bacchus Marsh,Melbourne - West,Greater Melbourne
2135436,Caroline Springs,Melton - Bacchus Marsh,Melbourne - West,Greater Melbourne
2135437,Caroline Springs,Melton - Bacchus Marsh,Melbourne - West,Greater Melbourne
2135438,Caroline Springs,Melton - Bacchus Marsh,Melbourne - West,Greater Melbourne
2135439,Caroline Springs,Melton - Bacchus Marsh,Melbourne - West,Greater Melbourne
2135440,Caroline Springs,Melton - Bacchus Marsh,Melbourne - West,Greater Melbourne
2135441,Caroline Springs,Melton - Bacchus Marsh,Melbourne - West,Greater Melbourne
2135442,Caroline Springs,Melton - Bacchus Marsh,Melbourne - West,Greater Melbourne
2135443,Caroline Springs,Melton - Bacchus Marsh,Melbourne - West,Greater Melbourne
2135444,Caroline Springs,Melton - Bacchus Marsh,Melbourne - West,Greater Melbourne
2135445,Caroline Springs,Melton - Bacchus Marsh,Melbourne - West,Greater Melbourne
2135446,Caroline Springs,Melton - Bacchus Marsh,Melbourne - West,Greater Melbourne
2135447,Caroline Springs,Melton - Bacchus Marsh,Melbourne - West,Greater Melbourne
2135448,Caroline Springs,Melton - Bacchus Marsh,Melbourne - West,Greater Melbourne
2135449,Caroline Springs,Melton - Bacchus Marsh,Melbourne - West,Greater Melbourne
2135501,Hillside,Melton - Bacchus Marsh,Melbourne - West,Greater Melbourne
2135502,Hillside,Melton - Bacchus Marsh,Melbourne - West,Greater Melbourne
2135503,Hillside,Melton - Bacchus Marsh,Melbourne - West,Greater Melbourne
2135504,Hillside,Melton - Bacchus Marsh,Melbourne - West,Greater Melbourne
2135505,Hillside,Melton - Bacchus Marsh,Melbourne - West,Greater Melbourne
2135506,Hillside,Melton - Bacchus Marsh,Melbourne - West,Greater Melbourne
2135507,Hillside,Melton - Bacchus Marsh,Melbourne - West,Greater Melbourne
2135508,Hillside,Melton - Bacchus Marsh,Melbourne - West,Greater Melbourne
2135509,Hillside,Melton - Bacchus Marsh,Melbourne - West,Greater Melbourne
2135510,Hillside,Melton - Bacchus Marsh,Melbourne - West,Greater Melbourne
2135511,Hillside,Melton - Bacchus Marsh,Melbourne - West,Greater Melbourne
2135512,Hillside,Melton - Bacchus Marsh,Melbourne - West,Greater Melbourne
2135513,Hillside,Melton - Bacchus Marsh,Melbourne - West,Greater Melbourne
2135514,Hillside,Melton - Bacchus Marsh,Melbourne - West,Greater Melbourne
2135515,Hillside,Melton - Bacchus Marsh,Melbourne - West,Greater Melbourne
2135516,Hillside,Melton - Bacchus Marsh,Melbourne - West,Greater Melbourne
2135517,Hillside,Melton - Bacchus Marsh,Melbourne - West,Greater Melbourne
2135518,Hillside,Melton - Bacchus Marsh,Melbourne - West,Greater Melbourne
2135519,Hillside,Melton - Bacchus Marsh,Melbourne - West,Greater Melbourne
2135520,Hillside,Melton - Bacchus Marsh,Melbourne - West,Greater Melbourne
2135521,Hillside,Melton - Bacchus Marsh,Melbourne - West,Greater Melbourne
2135522,Hillside,Melton - Bacchus Marsh,Melbourne - West,Greater Melbourne
2135523,Hillside,Melton - Bacchus Marsh,Melbourne - West,Greater Melbourne
2135524,Hillside,Melton - Bacchus Marsh,Melbourne - West,Greater Melbourne
2135525,Hillside,Melton - Bacchus Marsh,Melbourne - West,Greater Melbourne
2135526,Hillside,Melton - Bacchus Marsh,Melbourne - West,Greater Melbourne
2135527,Hillside,Melton - Bacchus Marsh,Melbourne - West,Greater Melbourne
2135528,Hillside,Melton - Bacchus Marsh,Melbourne - West,Greater Melbourne
2135529,Hillside,Melton - Bacchus Marsh,Melbourne - West,Greater Melbourne
2135530,Hillside,Melton - Bacchus Marsh,Melbourne - West,Greater Melbourne
2135531,Hillside,Melton - Bacchus Marsh,Melbourne - West,Greater Melbourne
2135532,Hillside,Melton - Bacchus Marsh,Melbourne - West,Greater Melbourne
2135533,Hillside,Melton - Bacchus Marsh,Melbourne - West,Greater Melbourne
2135534,Hillside,Melton - Bacchus Marsh,Melbourne - West,Greater Melbourne
2135535,Hillside,Melton - Bacchus Marsh,Melbourne - West,Greater Melbourne
2135536,Hillside,Melton - Bacchus Marsh,Melbourne - West,Greater Melbourne
2135537,Hillside,Melton - Bacchus Marsh,Melbourne - West,Greater Melbourne
2135538,Hillside,Melton - Bacchus Marsh,Melbourne - West,Greater Melbourne
2135601,Melton,Melton - Bacchus Marsh,Melbourne - West,Greater Melbourne
2135602,Melton,Melton - Bacchus Marsh,Melbourne - West,Greater Melbourne
2135603,Melton,Melton - Bacchus Marsh,Melbourne - West,Greater Melbourne
2135604,Melton,Melton - Bacchus Marsh,Melbourne - West,Greater Melbourne
2135605,Melton,Melton - Bacchus Marsh,Melbourne - West,Greater Melbourne
2135606,Melton,Melton - Bacchus Marsh,Melbourne - West,Greater Melbourne
2135607,Melton,Melton - Bacchus Marsh,Melbourne - West,Greater Melbourne
2135608,Melton,Melton - Bacchus Marsh,Melbourne - West,Greater Melbourne
2135609,Melton,Melton - Bacchus Marsh,Melbourne - West,Greater Melbourne
2135610,Melton,Melton - Bacchus Marsh,Melbourne - West,Greater Melbourne
2135611,Melton,Melton - Bacchus Marsh,Melbourne - West,Greater Melbourne
2135612,Melton,Melton - Bacchus Marsh,Melbourne - West,Greater Melbourne
2135613,Melton,Melton - Bacchus Marsh,Melbourne - West,Greater Melbourne
2135614,Melton,Melton - Bacchus Marsh,Melbourne - West,Greater Melbourne
2135615,Melton,Melton - Bacchus Marsh,Melbourne - West,Greater Melbourne
2135616,Melton,Melton - Bacchus Marsh,Melbourne - West,Greater Melbourne
2135617,Melton,Melton - Bacchus Marsh,Melbourne - West,Greater Melbourne
2135618,Melton,Melton - Bacchus Marsh,Melbourne - West,Greater Melbourne
2135619,Melton,Melton - Bacchus Marsh,Melbourne - West,Greater Melbourne
2135620,Melton,Melton - Bacchus Marsh,Melbourne - West,Greater Melbourne
2135621,Melton,Melton - Bacchus Marsh,Melbourne - West,Greater Melbourne
2135622,Melton,Melton - Bacchus Marsh,Melbourne - West,Greater Melbourne
2135623,Melton,Melton - Bacchus Marsh,Melbourne - West,Greater Melbourne
2135624,Melton,Melton - Bacchus Marsh,Melbourne - West,Greater Melbourne
2135625,Melton,Melton - Bacchus Marsh,Melbourne - West,Greater Melbourne
2135626,Melton,Melton - Bacchus Marsh,Melbourne - West,Greater Melbourne
2135627,Melton,Melton - Bacchus Marsh,Melbourne - West,Greater Melbourne
2135628,Melton,Melton - Bacchus Marsh,Melbourne - West,Greater Melbourne
2135629,Melton,Melton - Bacchus Marsh,Melbourne - West,Greater Melbourne
2135630,Melton,Melton - Bacchus Marsh,Melbourne - West,Greater Melbourne
2135631,Melton,Melton - Bacchus Marsh,Melbourne - West,Greater Melbourne
2135632,Melton,Melton - Bacchus Marsh,Melbourne - West,Greater Melbourne
2135633,Melton,Melton - Bacchus Marsh,Melbourne - West,Greater Melbourne
2135634,Melton,Melton - Bacchus Marsh,Melbourne - West,Greater Melbourne
2135635,Melton,Melton - Bacchus Marsh,Melbourne - West,Greater Melbourne
2135636,Melton,Melton - Bacchus Marsh,Melbourne - West,Greater Melbourne
2135701,Melton South,Melton - Bacchus Marsh,Melbourne - West,Greater Melbourne
2135702,Melton South,Melton - Bacchus Marsh,Melbourne - West,Greater Melbourne
2135703,Melton South,Melton - Bacchus Marsh,Melbourne - West,Greater Melbourne
2135704,Melton South,Melton - Bacchus Marsh,Melbourne - West,Greater Melbourne
2135705,Melton South,Melton - Bacchus Marsh,Melbourne - West,Greater Melbourne
2135706,Melton South,Melton - Bacchus Marsh,Melbourne - West,Greater Melbourne
2135707,Melton South,Melton - Bacchus Marsh,Melbourne - West,Greater Melbourne
2135708,Melton South,Melton - Bacchus Marsh,Melbourne - West,Greater Melbourne
2135709,Melton South,Melton - Bacchus Marsh,Melbourne - West,Greater Melbourne
2135710,Melton South,Melton - Bacchus Marsh,Melbourne - West,Greater Melbourne
2135711,Melton South,Melton - Bacchus Marsh,Melbourne - West,Greater Melbourne
2135712,Melton South,Melton - Bacchus Marsh,Melbourne - West,Greater Melbourne
2135713,Melton South,Melton - Bacchus Marsh,Melbourne - West,Greater Melbourne
2135714,Melton South,Melton - Bacchus Marsh,Melbourne - West,Greater Melbourne
2135715,Melton South,Melton - Bacchus Marsh,Melbourne - West,Greater Melbourne
2135716,Melton South,Melton - Bacchus Marsh,Melbourne - West,Greater Melbourne
2135717,Melton South,Melton - Bacchus Marsh,Melbourne - West,Greater Melbourne
2135718,Melton South,Melton - Bacchus Marsh,Melbourne - West,Greater Melbourne
2135719,Melton South,Melton - Bacchus Marsh,Melbourne - West,Greater Melbourne
2135720,Melton South,Melton - Bacchus Marsh,Melbourne - West,Greater Melbourne
2135721,Melton South,Melton - Bacchus Marsh,Melbourne - West,Greater Melbourne
2135722,Melton South,Melton - Bacchus Marsh,Melbourne - West,Greater Melbourne
2135723,Melton South,Melton - Bacchus Marsh,Melbourne - West,Greater Melbourne
2135724,Melton South,Melton - Bacchus Marsh,Melbourne - West,Greater Melbourne
2135725,Melton South,Melton - Bacchus Marsh,Melbourne - West,Greater Melbourne
2135726,Melton South,Melton - Bacchus Marsh,Melbourne - West,Greater Melbourne
2135801,Melton West,Melton - Bacchus Marsh,Melbourne - West,Greater Melbourne
2135802,Melton West,Melton - Bacchus Marsh,Melbourne - West,Greater Melbourne
2135803,Melton West,Melton - Bacchus Marsh,Melbourne - West,Greater Melbourne
2135804,Melton West,Melton - Bacchus Marsh,Melbourne - West,Greater Melbourne
2135805,Melton West,Melton - Bacchus Marsh,Melbourne - West,Greater Melbourne
2135806,Melton West,Melton - Bacchus Marsh,Melbourne - West,Greater Melbourne
2135807,Melton West,Melton - Bacchus Marsh,Melbourne - West,Greater Melbourne
2135808,Melton West,Melton - Bacchus Marsh,Melbourne - West,Greater Melbourne
2135809,Melton West,Melton - Bacchus Marsh,Melbourne - West,Greater Melbourne
2135810,Melton West,Melton - Bacchus Marsh,Melbourne - West,Greater Melbourne
2135811,Melton West,Melton - Bacchus Marsh,Melbourne - West,Greater Melbourne
2135812,Melton West,Melton - Bacchus Marsh,Melbourne - West,Greater Melbourne
2135813,Melton West,Melton - Bacchus Marsh,Melbourne - West,Greater Melbourne
2135814,Melton West,Melton - Bacchus Marsh,Melbourne - West,Greater Melbourne
2135815,Melton West,Melton - Bacchus Marsh,Melbourne - West,Greater Melbourne
2135816,Melton West,Melton - Bacchus Marsh,Melbourne - West,Greater Melbourne
2135817,Melton West,Melton - Bacchus Marsh,Melbourne - West,Greater Melbourne
2135818,Melton West,Melton - Bacchus Marsh,Melbourne - West,Greater Melbourne
2135819,Melton West,Melton - Bacchus Marsh,Melbourne - West,Greater Melbourne
2135820,Melton West,Melton - Bacchus Marsh,Melbourne - West,Greater Melbourne
2135821,Melton West,Melton - Bacchus Marsh,Melbourne - West,Greater Melbourne
2135822,Melton West,Melton - Bacchus Marsh,Melbourne - West,Greater Melbourne
2135823,Melton West,Melton - Bacchus Marsh,Melbourne - West,Greater Melbourne
2135824,Melton West,Melton - Bacchus Marsh,Melbourne - West,Greater Melbourne
2135825,Melton West,Melton - Bacchus Marsh,Melbourne - West,Greater Melbourne
2135826,Melton West,Melton - Bacchus Marsh,Melbourne - West,Greater Melbourne
2135827,Melton West,Melton - Bacchus Marsh,Melbourne - West,Greater Melbourne
2135828,Melton West,Melton - Bacchus Marsh,Melbourne - West,Greater Melbourne
2135901,Rockbank - Mount Cottrell,Melton - Bacchus Marsh,Melbourne - West,Greater Melbourne
2135902,Rockbank - Mount Cottrell,Melton - Bacchus Marsh,Melbourne - West,Greater Melbourne
2135903,Rockbank - Mount Cottrell,Melton - Bacchus Marsh,Melbourne - West,Greater Melbourne
2135904,Rockbank - Mount Cottrell,Melton - Bacchus Marsh,Melbourne - West,Greater Melbourne
2135905,Rockbank - Mount Cottrell,Melton - Bacchus Marsh,Melbourne - West,Greater Melbourne
2135906,Rockbank - Mount Cottrell,Melton - Bacchus Marsh,Melbourne - West,Greater Melbourne
2136001,Taylors Hill,Melton - Bacchus Marsh,Melbourne - West,Greater Melbourne
2136002,Taylors Hill,Melton - Bacchus Marsh,Melbourne - West,Greater Melbourne
2136003,Taylors Hill,Melton - Bacchus Marsh,Melbourne - West,Greater Melbourne
2136004,Taylors Hill,Melton - Bacchus Marsh,Melbourne - West,Greater Melbourne
2136005,Taylors Hill,Melton - Bacchus Marsh,Melbourne - West,Greater Melbourne
2136006,Taylors Hill,Melton - Bacchus Marsh,Melbourne - West,Greater Melbourne
2136007,Taylors Hill,Melton - Bacchus Marsh,Melbourne - West,Greater Melbourne
2136008,Taylors Hill,Melton - Bacchus Marsh,Melbourne - West,Greater Melbourne
2136009,Taylors Hill,Melton - Bacchus Marsh,Melbourne - West,Greater Melbourne
2136010,Taylors Hill,Melton - Bacchus Marsh,Melbourne - West,Greater Melbourne
2136011,Taylors Hill,Melton - Bacchus Marsh,Melbourne - West,Greater Melbourne
2136012,Taylors Hill,Melton - Bacchus Marsh,Melbourne - West,Greater Melbourne
2136013,Taylors Hill,Melton - Bacchus Marsh,Melbourne - West,Greater Melbourne
2136014,Taylors Hill,Melton - Bacchus Marsh,Melbourne - West,Greater Melbourne
2136015,Taylors Hill,Melton - Bacchus Marsh,Melbourne - West,Greater Melbourne
2136016,Taylors Hill,Melton - Bacchus Marsh,Melbourne - West,Greater Melbourne
2136017,Taylors Hill,Melton - Bacchus Marsh,Melbourne - West,Greater Melbourne
2136018,Taylors Hill,Melton - Bacchus Marsh,Melbourne - West,Greater Melbourne
2136019,Taylors Hill,Melton - Bacchus Marsh,Melbourne - West,Greater Melbourne
2136020,Taylors Hill,Melton - Bacchus Marsh,Melbourne - West,Greater Melbourne
2136021,Taylors Hill,Melton - Bacchus Marsh,Melbourne - West,Greater Melbourne
2136022,Taylors Hill,Melton - Bacchus Marsh,Melbourne - West,Greater Melbourne
2136023,Taylors Hill,Melton - Bacchus Marsh,Melbourne - West,Greater Melbourne
2136024,Taylors Hill,Melton - Bacchus Marsh,Melbourne - West,Greater Melbourne
2136025,Taylors Hill,Melton - Bacchus Marsh,Melbourne - West,Greater Melbourne
2136101,Hoppers Crossing - North,Wyndham,Melbourne - West,Greater Melbourne
2136102,Hoppers Crossing - North,Wyndham,Melbourne - West,Greater Melbourne
2136103,Hoppers Crossing - North,Wyndham,Melbourne - West,Greater Melbourne
2136104,Hoppers Crossing - North,Wyndham,Melbourne - West,Greater Melbourne
2136105,Hoppers Crossing - North,Wyndham,Melbourne - West,Greater Melbourne
2136106,Hoppers Crossing - North,Wyndham,Melbourne - West,Greater Melbourne
2136107,Hoppers Crossing - North,Wyndham,Melbourne - West,Greater Melbourne
2136108,Hoppers Crossing - North,Wyndham,Melbourne - West,Greater Melbourne
2136109,Hoppers Crossing - North,Wyndham,Melbourne - West,Greater Melbourne
2136110,Hoppers Crossing - North,Wyndham,Melbourne - West,Greater Melbourne
2136111,Hoppers Crossing - North,Wyndham,Melbourne - West,Greater Melbourne
2136112,Hoppers Crossing - North,Wyndham,Melbourne - West,Greater Melbourne
2136113,Hoppers Crossing - North,Wyndham,Melbourne - West,Greater Melbourne
2136114,Hoppers Crossing - North,Wyndham,Melbourne - West,Greater Melbourne
2136115,Hoppers Crossing - North,Wyndham,Melbourne - West,Greater Melbourne
2136116,Hoppers Crossing - North,Wyndham,Melbourne - West,Greater Melbourne
2136117,Hoppers Crossing - North,Wyndham,Melbourne - West,Greater Melbourne
2136118,Hoppers Crossing - North,Wyndham,Melbourne - West,Greater Melbourne
2136119,Hoppers Crossing - North,Wyndham,Melbourne - West,Greater Melbourne
2136120,Hoppers Crossing - North,Wyndham,Melbourne - West,Greater Melbourne
2136121,Hoppers Crossing - North,Wyndham,Melbourne - West,Greater Melbourne
2136122,Hoppers Crossing - North,Wyndham,Melbourne - West,Greater Melbourne
2136123,Hoppers Crossing - North,Wyndham,Melbourne - West,Greater Melbourne
2136124,Hoppers Crossing - North,Wyndham,Melbourne - West,Greater Melbourne
2136125,Hoppers Crossing - North,Wyndham,Melbourne - West,Greater Melbourne
2136126,Hoppers Crossing - North,Wyndham,Melbourne - West,Greater Melbourne
2136127,Hoppers Crossing - North,Wyndham,Melbourne - West,Greater Melbourne
2136128,Hoppers Crossing - North,Wyndham,Melbourne - West,Greater Melbourne
2136129,Hoppers Crossing - North,Wyndham,Melbourne - West,Greater Melbourne
2136130,Hoppers Crossing - North,Wyndham,Melbourne - West,Greater Melbourne
2136131,Hoppers Crossing - North,Wyndham,Melbourne - West,Greater Melbourne
2136132,Hoppers Crossing - North,Wyndham,Melbourne - West,Greater Melbourne
2136133,Hoppers Crossing - North,Wyndham,Melbourne - West,Greater Melbourne
2136134,Hoppers Crossing - North,Wyndham,Melbourne - West,Greater Melbourne
2136135,Hoppers Crossing - North,Wyndham,Melbourne - West,Greater Melbourne
2136136,Hoppers Crossing - North,Wyndham,Melbourne - West,Greater Melbourne
2136137,Hoppers Crossing - North,Wyndham,Melbourne - West,Greater Melbourne
2136138,Hoppers Crossing - North,Wyndham,Melbourne - West,Greater Melbourne
2136139,Hoppers Crossing - North,Wyndham,Melbourne - West,Greater Melbourne
2136140,Hoppers Crossing - North,Wyndham,Melbourne - West,Greater Melbourne
2136141,Hoppers Crossing - North,Wyndham,Melbourne - West,Greater Melbourne
2136142,Hoppers Crossing - North,Wyndham,Melbourne - West,Greater Melbourne
2136143,Hoppers Crossing - North,Wyndham,Melbourne - West,Greater Melbourne
2136144,Hoppers Crossing - North,Wyndham,Melbourne - West,Greater Melbourne
2136145,Hoppers Crossing - North,Wyndham,Melbourne - West,Greater Melbourne
2136146,Hoppers Crossing - North,Wyndham,Melbourne - West,Greater Melbourne
2136147,Hoppers Crossing - North,Wyndham,Melbourne - West,Greater Melbourne
2136148,Hoppers Crossing - North,Wyndham,Melbourne - West,Greater Melbourne
2136201,Hoppers Crossing - South,Wyndham,Melbourne - West,Greater Melbourne
2136202,Hoppers Crossing - South,Wyndham,Melbourne - West,Greater Melbourne
2136203,Hoppers Crossing - South,Wyndham,Melbourne - West,Greater Melbourne
2136204,Hoppers Crossing - South,Wyndham,Melbourne - West,Greater Melbourne
2136205,Hoppers Crossing - South,Wyndham,Melbourne - West,Greater Melbourne
2136206,Hoppers Crossing - South,Wyndham,Melbourne - West,Greater Melbourne
2136207,Hoppers Crossing - South,Wyndham,Melbourne - West,Greater Melbourne
2136208,Hoppers Crossing - South,Wyndham,Melbourne - West,Greater Melbourne
2136209,Hoppers Crossing - South,Wyndham,Melbourne - West,Greater Melbourne
2136210,Hoppers Crossing - South,Wyndham,Melbourne - West,Greater Melbourne
2136211,Hoppers Crossing - South,Wyndham,Melbourne - West,Greater Melbourne
2136212,Hoppers Crossing - South,Wyndham,Melbourne - West,Greater Melbourne
2136213,Hoppers Crossing - South,Wyndham,Melbourne - West,Greater Melbourne
2136214,Hoppers Crossing - South,Wyndham,Melbourne - West,Greater Melbourne
2136215,Hoppers Crossing - South,Wyndham,Melbourne - West,Greater Melbourne
2136216,Hoppers Crossing - South,Wyndham,Melbourne - West,Greater Melbourne
2136217,Hoppers Crossing - South,Wyndham,Melbourne - West,Greater Melbourne
2136218,Hoppers Crossing - South,Wyndham,Melbourne - West,Greater Melbourne
2136219,Hoppers Crossing - South,Wyndham,Melbourne - West,Greater Melbourne
2136220,Hoppers Crossing - South,Wyndham,Melbourne - West,Greater Melbourne
2136221,Hoppers Crossing - South,Wyndham,Melbourne - West,Greater Melbourne
2136222,Hoppers Crossing - South,Wyndham,Melbourne - West,Greater Melbourne
2136223,Hoppers Crossing - South,Wyndham,Melbourne - West,Greater Melbourne
2136224,Hoppers Crossing - South,Wyndham,Melbourne - West,Greater Melbourne
2136225,Hoppers Crossing - South,Wyndham,Melbourne - West,Greater Melbourne
2136226,Hoppers Crossing - South,Wyndham,Melbourne - West,Greater Melbourne
2136227,Hoppers Crossing - South,Wyndham,Melbourne - West,Greater Melbourne
2136228,Hoppers Crossing - South,Wyndham,Melbourne - West,Greater Melbourne
2136229,Hoppers Crossing - South,Wyndham,Melbourne - West,Greater Melbourne
2136230,Hoppers Crossing - South,Wyndham,Melbourne - West,Greater Melbourne
2136231,Hoppers Crossing - South,Wyndham,Melbourne - West,Greater Melbourne
2136232,Hoppers Crossing - South,Wyndham,Melbourne - West,Greater Melbourne
2136233,Hoppers Crossing - South,Wyndham,Melbourne - West,Greater Melbourne
2136234,Hoppers Crossing - South,Wyndham,Melbourne - West,Greater Melbourne
2136235,Hoppers Crossing - South,Wyndham,Melbourne - West,Greater Melbourne
2136236,Hoppers Crossing - South,Wyndham,Melbourne - West,Greater Melbourne
2136237,Hoppers Crossing - South,Wyndham,Melbourne - West,Greater Melbourne
2136238,Hoppers Crossing - South,Wyndham,Melbourne - West,Greater Melbourne
2136239,Hoppers Crossing - South,Wyndham,Melbourne - West,Greater Melbourne
2136240,Hoppers Crossing - South,Wyndham,Melbourne - West,Greater Melbourne
2136241,Hoppers Crossing - South,Wyndham,Melbourne - West,Greater Melbourne
2136242,Hoppers Crossing - South,Wyndham,Melbourne - West,Greater Melbourne
2136243,Hoppers Crossing - South,Wyndham,Melbourne - West,Greater Melbourne
2136244,Hoppers Crossing - South,Wyndham,Melbourne - West,Greater Melbourne
2136245,Hoppers Crossing - South,Wyndham,Melbourne - West,Greater Melbourne
2136246,Hoppers Crossing - South,Wyndham,Melbourne - West,Greater Melbourne
2136247,Hoppers Crossing - South,Wyndham,Melbourne - West,Greater Melbourne
2136248,Hoppers Crossing - South,Wyndham,Melbourne - West,Greater Melbourne
2136249,Hoppers Crossing - South,Wyndham,Melbourne - West,Greater Melbourne
2136250,Hoppers Crossing - South,Wyndham,Melbourne - West,Greater Melbourne
2136301,Laverton,Wyndham,Melbourne - West,Greater Melbourne
2136302,Laverton,Wyndham,Melbourne - West,Greater Melbourne
2136303,Laverton,Wyndham,Melbourne - West,Greater Melbourne
2136304,Laverton,Wyndham,Melbourne - West,Greater Melbourne
2136305,Laverton,Wyndham,Melbourne - West,Greater Melbourne
2136306,Laverton,Wyndham,Melbourne - West,Greater Melbourne
2136307,Laverton,Wyndham,Melbourne - West,Greater Melbourne
2136308,Laverton,Wyndham,Melbourne - West,Greater Melbourne
2136309,Laverton,Wyndham,Melbourne - West,Greater Melbourne
2136310,Laverton,Wyndham,Melbourne - West,Greater Melbourne
2136311,Laverton,Wyndham,Melbourne - West,Greater Melbourne
2136312,Laverton,Wyndham,Melbourne - West,Greater Melbourne
2136313,Laverton,Wyndham,Melbourne - West,Greater Melbourne
2136401,Point Cook,Wyndham,Melbourne - West,Greater Melbourne
2136402,Point Cook,Wyndham,Melbourne - West,Greater Melbourne
2136403,Point Cook,Wyndham,Melbourne - West,Greater Melbourne
2136404,Point Cook,Wyndham,Melbourne - West,Greater Melbourne
2136405,Point Cook,Wyndham,Melbourne - West,Greater Melbourne
2136406,Point Cook,Wyndham,Melbourne - West,Greater Melbourne
2136407,Point Cook,Wyndham,Melbourne - West,Greater Melbourne
2136408,Point Cook,Wyndham,Melbourne - West,Greater Melbourne
2136409,Point Cook,Wyndham,Melbourne - West,Greater Melbourne
2136410,Point Cook,Wyndham,Melbourne - West,Greater Melbourne
2136411,Point Cook,Wyndham,Melbourne - West,Greater Melbourne
2136412,Point Cook,Wyndham,Melbourne - West,Greater Melbourne
2136413,Point Cook,Wyndham,Melbourne - West,Greater Melbourne
2136414,Point Cook,Wyndham,Melbourne - West,Greater Melbourne
2136415,Point Cook,Wyndham,Melbourne - West,Greater Melbourne
2136416,Point Cook,Wyndham,Melbourne - West,Greater Melbourne
2136417,Point Cook,Wyndham,Melbourne - West,Greater Melbourne
2136418,Point Cook,Wyndham,Melbourne - West,Greater Melbourne
2136419,Point Cook,Wyndham,Melbourne - West,Greater Melbourne
2136420,Point Cook,Wyndham,Melbourne - West,Greater Melbourne
2136421,Point Cook,Wyndham,Melbourne - West,Greater Melbourne
2136422,Point Cook,Wyndham,Melbourne - West,Greater Melbourne
2136423,Point Cook,Wyndham,Melbourne - West,Greater Melbourne
2136424,Point Cook,Wyndham,Melbourne - West,Greater Melbourne
2136425,Point Cook,Wyndham,Melbourne - West,Greater Melbourne
2136426,Point Cook,Wyndham,Melbourne - West,Greater Melbourne
2136427,Point Cook,Wyndham,Melbourne - West,Greater Melbourne
2136428,Point Cook,Wyndham,Melbourne - West,Greater Melbourne
2136429,Point Cook,Wyndham,Melbourne - West,Greater Melbourne
2136430,Point Cook,Wyndham,Melbourne - West,Greater Melbourne
2136431,Point Cook,Wyndham,Melbourne - West,Greater Melbourne
2136432,Point Cook,Wyndham,Melbourne - West,Greater Melbourne
2136433,Point Cook,Wyndham,Melbourne - West,Greater Melbourne
2136434,Point Cook,Wyndham,Melbourne - West,Greater Melbourne
2136435,Point Cook,Wyndham,Melbourne - West,Greater Melbourne
2136436,Point Cook,Wyndham,Melbourne - West,Greater Melbourne
2136437,Point Cook,Wyndham,Melbourne - West,Greater Melbourne
2136438,Point Cook,Wyndham,Melbourne - West,Greater Melbourne
2136439,Point Cook,Wyndham,Melbourne - West,Greater Melbourne
2136440,Point Cook,Wyndham,Melbourne - West,Greater Melbourne
2136441,Point Cook,Wyndham,Melbourne - West,Greater Melbourne
2136442,Point Cook,Wyndham,Melbourne - West,Greater Melbourne
2136443,Point Cook,Wyndham,Melbourne - West,Greater Melbourne
2136444,Point Cook,Wyndham,Melbourne - West,Greater Melbourne
2136501,Tarneit,Wyndham,Melbourne - West,Greater Melbourne
2136502,Tarneit,Wyndham,Melbourne - West,Greater Melbourne
2136503,Tarneit,Wyndham,Melbourne - West,Greater Melbourne
2136504,Tarneit,Wyndham,Melbourne - West,Greater Melbourne
2136505,Tarneit,Wyndham,Melbourne - West,Greater Melbourne
2136506,Tarneit,Wyndham,Melbourne - West,Greater Melbourne
2136507,Tarneit,Wyndham,Melbourne - West,Greater Melbourne
2136508,Tarneit,Wyndham,Melbourne - West,Greater Melbourne
2136509,Tarneit,Wyndham,Melbourne - West,Greater Melbourne
2136510,Tarneit,Wyndham,Melbourne - West,Greater Melbourne
2136511,Tarneit,Wyndham,Melbourne - West,Greater Melbourne
2136512,Tarneit,Wyndham,Melbourne - West,Greater Melbourne
2136513,Tarneit,Wyndham,Melbourne - West,Greater Melbourne
2136514,Tarneit,Wyndham,Melbourne - West,Greater Melbourne
2136515,Tarneit,Wyndham,Melbourne - West,Greater Melbourne
2136516,Tarneit,Wyndham,Melbourne - West,Greater Melbourne
2136517,Tarneit,Wyndham,Melbourne - West,Greater Melbourne
2136518,Tarneit,Wyndham,Melbourne - West,Greater Melbourne
2136519,Tarneit,Wyndham,Melbourne - West,Greater Melbourne
2136520,Tarneit,Wyndham,Melbourne - West,Greater Melbourne
2136521,Tarneit,Wyndham,Melbourne - West,Greater Melbourne
2136522,Tarneit,Wyndham,Melbourne - West,Greater Melbourne
2136523,Tarneit,Wyndham,Melbourne - West,Greater Melbourne
2136524,Tarneit,Wyndham,Melbourne - West,Greater Melbourne
2136525,Tarneit,Wyndham,Melbourne - West,Greater Melbourne
2136526,Tarneit,Wyndham,Melbourne - West,Greater Melbourne
2136527,Tarneit,Wyndham,Melbourne - West,Greater Melbourne
2136528,Tarneit,Wyndham,Melbourne - West,Greater Melbourne
2136529,Tarneit,Wyndham,Melbourne - West,Greater Melbourne
2136530,Tarneit,Wyndham,Melbourne - West,Greater Melbourne
2136531,Tarneit,Wyndham,Melbourne - West,Greater Melbourne
2136532,Tarneit,Wyndham,Melbourne - West,Greater Melbourne
2136533,Tarneit,Wyndham,Melbourne - West,Greater Melbourne
2136534,Tarneit,Wyndham,Melbourne - West,Greater Melbourne
2136601,Truganina,Wyndham,Melbourne - West,Greater Melbourne
2136602,Truganina,Wyndham,Melbourne - West,Greater Melbourne
2136603,Truganina,Wyndham,Melbourne - West,Greater Melbourne
2136604,Truganina,Wyndham,Melbourne - West,Greater Melbourne
2136605,Truganina,Wyndham,Melbourne - West,Greater Melbourne
2136606,Truganina,Wyndham,Melbourne - West,Greater Melbourne
2136607,Truganina,Wyndham,Melbourne - West,Greater Melbourne
2136608,Truganina,Wyndham,Melbourne - West,Greater Melbourne
2136609,Truganina,Wyndham,Melbourne - West,Greater Melbourne
2136610,Truganina,Wyndham,Melbourne - West,Greater Melbourne
2136701,Werribee,Wyndham,Melbourne - West,Greater Melbourne
2136702,Werribee,Wyndham,Melbourne - West,Greater Melbourne
2136703,Werribee,Wyndham,Melbourne - West,Greater Melbourne
2136704,Werribee,Wyndham,Melbourne - West,Greater Melbourne
2136705,Werribee,Wyndham,Melbourne - West,Greater Melbourne
2136706,Werribee,Wyndham,Melbourne - West,Greater Melbourne
2136707,Werribee,Wyndham,Melbourne - West,Greater Melbourne
2136708,Werribee,Wyndham,Melbourne - West,Greater Melbourne
2136709,Werribee,Wyndham,Melbourne - West,Greater Melbourne
2136710,Werribee,Wyndham,Melbourne - West,Greater Melbourne
2136711,Werribee,Wyndham,Melbourne - West,Greater Melbourne
2136712,Werribee,Wyndham,Melbourne - West,Greater Melbourne
2136713,Werribee,Wyndham,Melbourne - West,Greater Melbourne
2136714,Werribee,Wyndham,Melbourne - West,Greater Melbourne
2136715,Werribee,Wyndham,Melbourne - West,Greater Melbourne
2136716,Werribee,Wyndham,Melbourne - West,Greater Melbourne
2136717,Werribee,Wyndham,Melbourne - West,Greater Melbourne
2136718,Werribee,Wyndham,Melbourne - West,Greater Melbourne
2136719,Werribee,Wyndham,Melbourne - West,Greater Melbourne
2136720,Werribee,Wyndham,Melbourne - West,Greater Melbourne
2136721,Werribee,Wyndham,Melbourne - West,Greater Melbourne
2136722,Werribee,Wyndham,Melbourne - West,Greater Melbourne
2136723,Werribee,Wyndham,Melbourne - West,Greater Melbourne
2136724,Werribee,Wyndham,Melbourne - West,Greater Melbourne
2136725,Werribee,Wyndham,Melbourne - West,Greater Melbourne
2136726,Werribee,Wyndham,Melbourne - West,Greater Melbourne
2136727,Werribee,Wyndham,Melbourne - West,Greater Melbourne
2136728,Werribee,Wyndham,Melbourne - West,Greater Melbourne
2136729,Werribee,Wyndham,Melbourne - West,Greater Melbourne
2136730,Werribee,Wyndham,Melbourne - West,Greater Melbourne
2136731,Werribee,Wyndham,Melbourne - West,Greater Melbourne
2136732,Werribee,Wyndham,Melbourne - West,Greater Melbourne
2136733,Werribee,Wyndham,Melbourne - West,Greater Melbourne
2136734,Werribee,Wyndham,Melbourne - West,Greater Melbourne
2136735,Werribee,Wyndham,Melbourne - West,Greater Melbourne
2136736,Werribee,Wyndham,Melbourne - West,Greater Melbourne
2136737,Werribee,Wyndham,Melbourne - West,Greater Melbourne
2136738,Werribee,Wyndham,Melbourne - West,Greater Melbourne
2136739,Werribee,Wyndham,Melbourne - West,Greater Melbourne
2136740,Werribee,Wyndham,Melbourne - West,Greater Melbourne
2136741,Werribee,Wyndham,Melbourne - West,Greater Melbourne
2136742,Werribee,Wyndham,Melbourne - West,Greater Melbourne
2136743,Werribee,Wyndham,Melbourne - West,Greater Melbourne
2136744,Werribee,Wyndham,Melbourne - West,Greater Melbourne
2136745,Werribee,Wyndham,Melbourne - West,Greater Melbourne
2136746,Werribee,Wyndham,Melbourne - West,Greater Melbourne
2136747,Werribee,Wyndham,Melbourne - West,Greater Melbourne
2136748,Werribee,Wyndham,Melbourne - West,Greater Melbourne
2136749,Werribee,Wyndham,Melbourne - West,Greater Melbourne
2136750,Werribee,Wyndham,Melbourne - West,Greater Melbourne
2136751,Werribee,Wyndham,Melbourne - West,Greater Melbourne
2136752,Werribee,Wyndham,Melbourne - West,Greater Melbourne
2136753,Werribee,Wyndham,Melbourne - West,Greater Melbourne
2136754,Werribee,Wyndham,Melbourne - West,Greater Melbourne
2136755,Werribee,Wyndham,Melbourne - West,Greater Melbourne
2136756,Werribee,Wyndham,Melbourne - West,Greater Melbourne
2136757,Werribee,Wyndham,Melbourne - West,Greater Melbourne
2136758,Werribee,Wyndham,Melbourne - West,Greater Melbourne
2136759,Werribee,Wyndham,Melbourne - West,Greater Melbourne
2136760,Werribee,Wyndham,Melbourne - West,Greater Melbourne
2136761,Werribee,Wyndham,Melbourne - West,Greater Melbourne
2136762,Werribee,Wyndham,Melbourne - West,Greater Melbourne
2136763,Werribee,Wyndham,Melbourne - West,Greater Melbourne
2136764,Werribee,Wyndham,Melbourne - West,Greater Melbourne
2136765,Werribee,Wyndham,Melbourne - West,Greater Melbourne
2136766,Werribee,Wyndham,Melbourne - West,Greater Melbourne
2136767,Werribee,Wyndham,Melbourne - West,Greater Melbourne
2136768,Werribee,Wyndham,Melbourne - West,Greater Melbourne
2136769,Werribee,Wyndham,Melbourne - West,Greater Melbourne
2136770,Werribee,Wyndham,Melbourne - West,Greater Melbourne
2136771,Werribee,Wyndham,Melbourne - West,Greater Melbourne
2136772,Werribee,Wyndham,Melbourne - West,Greater Melbourne
2136773,Werribee,Wyndham,Melbourne - West,Greater Melbourne
2136774,Werribee,Wyndham,Melbourne - West,Greater Melbourne
2136775,Werribee,Wyndham,Melbourne - West,Greater Melbourne
2136776,Werribee,Wyndham,Melbourne - West,Greater Melbourne
2136801,Werribee - South,Wyndham,Melbourne - West,Greater Melbourne
2136802,Werribee - South,Wyndham,Melbourne - West,Greater Melbourne
2136803,Werribee - South,Wyndham,Melbourne - West,Greater Melbourne
2136804,Werribee - South,Wyndham,Melbourne - West,Greater Melbourne
2136805,Werribee - South,Wyndham,Melbourne - West,Greater Melbourne
2136806,Werribee - South,Wyndham,Melbourne - West,Greater Melbourne
2136807,Werribee - South,Wyndham,Melbourne - West,Greater Melbourne
2136808,Werribee - South,Wyndham,Melbourne - West,Greater Melbourne
2136809,Werribee - South,Wyndham,Melbourne - West,Greater Melbourne
2136810,Werribee - South,Wyndham,Melbourne - West,Greater Melbourne
2136811,Werribee - South,Wyndham,Melbourne - West,Greater Melbourne
2136812,Werribee - South,Wyndham,Melbourne - West,Greater Melbourne
2136813,Werribee - South,Wyndham,Melbourne - West,Greater Melbourne
2136814,Werribee - South,Wyndham,Melbourne - West,Greater Melbourne
2136815,Werribee - South,Wyndham,Melbourne - West,Greater Melbourne
2136816,Werribee - South,Wyndham,Melbourne - West,Greater Melbourne
2136817,Werribee - South,Wyndham,Melbourne - West,Greater Melbourne
2136818,Werribee - South,Wyndham,Melbourne - West,Greater Melbourne
2136819,Werribee - South,Wyndham,Melbourne - West,Greater Melbourne
2136820,Werribee - South,Wyndham,Melbourne - West,Greater Melbourne
2136821,Werribee - South,Wyndham,Melbourne - West,Greater Melbourne
2136822,Werribee - South,Wyndham,Melbourne - West,Greater Melbourne
2136823,Werribee - South,Wyndham,Melbourne - West,Greater Melbourne
2136824,Werribee - South,Wyndham,Melbourne - West,Greater Melbourne
2136825,Werribee - South,Wyndham,Melbourne - West,Greater Melbourne
2136826,Werribee - South,Wyndham,Melbourne - West,Greater Melbourne
2136827,Werribee - South,Wyndham,Melbourne - West,Greater Melbourne
2136828,Werribee - South,Wyndham,Melbourne - West,Greater Melbourne
2136901,Wyndham Vale,Wyndham,Melbourne - West,Greater Melbourne
2136902,Wyndham Vale,Wyndham,Melbourne - West,Greater Melbourne
2136903,Wyndham Vale,Wyndham,Melbourne - West,Greater Melbourne
2136904,Wyndham Vale,Wyndham,Melbourne - West,Greater Melbourne
2136905,Wyndham Vale,Wyndham,Melbourne - West,Greater Melbourne
2136906,Wyndham Vale,Wyndham,Melbourne - West,Greater Melbourne
2136907,Wyndham Vale,Wyndham,Melbourne - West,Greater Melbourne
2136908,Wyndham Vale,Wyndham,Melbourne - West,Greater Melbourne
2136909,Wyndham Vale,Wyndham,Melbourne - West,Greater Melbourne
2136910,Wyndham Vale,Wyndham,Melbourne - West,Greater Melbourne
2136911,Wyndham Vale,Wyndham,Melbourne - West,Greater Melbourne
2136912,Wyndham Vale,Wyndham,Melbourne - West,Greater Melbourne
2136913,Wyndham Vale,Wyndham,Melbourne - West,Greater Melbourne
2136914,Wyndham Vale,Wyndham,Melbourne - West,Greater Melbourne
2136915,Wyndham Vale,Wyndham,Melbourne - West,Greater Melbourne
2136916,Wyndham Vale,Wyndham,Melbourne - West,Greater Melbourne
2136917,Wyndham Vale,Wyndham,Melbourne - West,Greater Melbourne
2136918,Wyndham Vale,Wyndham,Melbourne - West,Greater Melbourne
2136919,Wyndham Vale,Wyndham,Melbourne - West,Greater Melbourne
2136920,Wyndham Vale,Wyndham,Melbourne - West,Greater Melbourne
2136921,Wyndham Vale,Wyndham,Melbourne - West,Greater Melbourne
2136922,Wyndham Vale,Wyndham,Melbourne - West,Greater Melbourne
2136923,Wyndham Vale,Wyndham,Melbourne - West,Greater Melbourne
2136924,Wyndham Vale,Wyndham,Melbourne - West,Greater Melbourne
2136925,Wyndham Vale,Wyndham,Melbourne - West,Greater Melbourne
2136926,Wyndham Vale,Wyndham,Melbourne - West,Greater Melbourne
2136927,Wyndham Vale,Wyndham,Melbourne - West,Greater Melbourne
2136928,Wyndham Vale,Wyndham,Melbourne - West,Greater Melbourne
2136929,Wyndham Vale,Wyndham,Melbourne - West,Greater Melbourne
2136930,Wyndham Vale,Wyndham,Melbourne - West,Greater Melbourne
2136931,Wyndham Vale,Wyndham,Melbourne - West,Greater Melbourne
2136932,Wyndham Vale,Wyndham,Melbourne - West,Greater Melbourne
2136933,Wyndham Vale,Wyndham,Melbourne - West,Greater Melbourne
2136934,Wyndham Vale,Wyndham,Melbourne - West,Greater Melbourne
2136935,Wyndham Vale,Wyndham,Melbourne - West,Greater Melbourne
2136936,Wyndham Vale,Wyndham,Melbourne - West,Greater Melbourne
2136937,Wyndham Vale,Wyndham,Melbourne - West,Greater Melbourne
2137001,Carrum Downs,Frankston,Mornington Peninsula,Greater Melbourne
2137002,Carrum Downs,Frankston,Mornington Peninsula,Greater Melbourne
2137003,Carrum Downs,Frankston,Mornington Peninsula,Greater Melbourne
2137004,Carrum Downs,Frankston,Mornington Peninsula,Greater Melbourne
2137005,Carrum Downs,Frankston,Mornington Peninsula,Greater Melbourne
2137006,Carrum Downs,Frankston,Mornington Peninsula,Greater Melbourne
2137007,Carrum Downs,Frankston,Mornington Peninsula,Greater Melbourne
2137008,Carrum Downs,Frankston,Mornington Peninsula,Greater Melbourne
2137009,Carrum Downs,Frankston,Mornington Peninsula,Greater Melbourne
2137010,Carrum Downs,Frankston,Mornington Peninsula,Greater Melbourne
2137011,Carrum Downs,Frankston,Mornington Peninsula,Greater Melbourne
2137012,Carrum Downs,Frankston,Mornington Peninsula,Greater Melbourne
2137013,Carrum Downs,Frankston,Mornington Peninsula,Greater Melbourne
2137014,Carrum Downs,Frankston,Mornington Peninsula,Greater Melbourne
2137015,Carrum Downs,Frankston,Mornington Peninsula,Greater Melbourne
2137016,Carrum Downs,Frankston,Mornington Peninsula,Greater Melbourne
2137017,Carrum Downs,Frankston,Mornington Peninsula,Greater Melbourne
2137018,Carrum Downs,Frankston,Mornington Peninsula,Greater Melbourne
2137019,Carrum Downs,Frankston,Mornington Peninsula,Greater Melbourne
2137020,Carrum Downs,Frankston,Mornington Peninsula,Greater Melbourne
2137021,Carrum Downs,Frankston,Mornington Peninsula,Greater Melbourne
2137022,Carrum Downs,Frankston,Mornington Peninsula,Greater Melbourne
2137023,Carrum Downs,Frankston,Mornington Peninsula,Greater Melbourne
2137024,Carrum Downs,Frankston,Mornington Peninsula,Greater Melbourne
2137025,Carrum Downs,Frankston,Mornington Peninsula,Greater Melbourne
2137026,Carrum Downs,Frankston,Mornington Peninsula,Greater Melbourne
2137027,Carrum Downs,Frankston,Mornington Peninsula,Greater Melbourne
2137028,Carrum Downs,Frankston,Mornington Peninsula,Greater Melbourne
2137029,Carrum Downs,Frankston,Mornington Peninsula,Greater Melbourne
2137030,Carrum Downs,Frankston,Mornington Peninsula,Greater Melbourne
2137031,Carrum Downs,Frankston,Mornington Peninsula,Greater Melbourne
2137032,Carrum Downs,Frankston,Mornington Peninsula,Greater Melbourne
2137033,Carrum Downs,Frankston,Mornington Peninsula,Greater Melbourne
2137034,Carrum Downs,Frankston,Mornington Peninsula,Greater Melbourne
2137035,Carrum Downs,Frankston,Mornington Peninsula,Greater Melbourne
2137036,Carrum Downs,Frankston,Mornington Peninsula,Greater Melbourne
2137037,Carrum Downs,Frankston,Mornington Peninsula,Greater Melbourne
2137038,Carrum Downs,Frankston,Mornington Peninsula,Greater Melbourne
2137039,Carrum Downs,Frankston,Mornington Peninsula,Greater Melbourne
2137040,Carrum Downs,Frankston,Mornington Peninsula,Greater Melbourne
2137041,Carrum Downs,Frankston,Mornington Peninsula,Greater Melbourne
2137042,Carrum Downs,Frankston,Mornington Peninsula,Greater Melbourne
2137043,Carrum Downs,Frankston,Mornington Peninsula,Greater Melbourne
2137044,Carrum Downs,Frankston,Mornington Peninsula,Greater Melbourne
2137101,Frankston,Frankston,Mornington Peninsula,Greater Melbourne
2137102,Frankston,Frankston,Mornington Peninsula,Greater Melbourne
2137103,Frankston,Frankston,Mornington Peninsula,Greater Melbourne
2137104,Frankston,Frankston,Mornington Peninsula,Greater Melbourne
2137105,Frankston,Frankston,Mornington Peninsula,Greater Melbourne
2137106,Frankston,Frankston,Mornington Peninsula,Greater Melbourne
2137107,Frankston,Frankston,Mornington Peninsula,Greater Melbourne
2137108,Frankston,Frankston,Mornington Peninsula,Greater Melbourne
2137109,Frankston,Frankston,Mornington Peninsula,Greater Melbourne
2137110,Frankston,Frankston,Mornington Peninsula,Greater Melbourne
2137111,Frankston,Frankston,Mornington Peninsula,Greater Melbourne
2137112,Frankston,Frankston,Mornington Peninsula,Greater Melbourne
2137113,Frankston,Frankston,Mornington Peninsula,Greater Melbourne
2137114,Frankston,Frankston,Mornington Peninsula,Greater Melbourne
2137115,Frankston,Frankston,Mornington Peninsula,Greater Melbourne
2137116,Frankston,Frankston,Mornington Peninsula,Greater Melbourne
2137117,Frankston,Frankston,Mornington Peninsula,Greater Melbourne
2137118,Frankston,Frankston,Mornington Peninsula,Greater Melbourne
2137119,Frankston,Frankston,Mornington Peninsula,Greater Melbourne
2137120,Frankston,Frankston,Mornington Peninsula,Greater Melbourne
2137121,Frankston,Frankston,Mornington Peninsula,Greater Melbourne
2137122,Frankston,Frankston,Mornington Peninsula,Greater Melbourne
2137123,Frankston,Frankston,Mornington Peninsula,Greater Melbourne
2137124,Frankston,Frankston,Mornington Peninsula,Greater Melbourne
2137125,Frankston,Frankston,Mornington Peninsula,Greater Melbourne
2137126,Frankston,Frankston,Mornington Peninsula,Greater Melbourne
2137127,Frankston,Frankston,Mornington Peninsula,Greater Melbourne
2137128,Frankston,Frankston,Mornington Peninsula,Greater Melbourne
2137129,Frankston,Frankston,Mornington Peninsula,Greater Melbourne
2137130,Frankston,Frankston,Mornington Peninsula,Greater Melbourne
2137131,Frankston,Frankston,Mornington Peninsula,Greater Melbourne
2137132,Frankston,Frankston,Mornington Peninsula,Greater Melbourne
2137133,Frankston,Frankston,Mornington Peninsula,Greater Melbourne
2137134,Frankston,Frankston,Mornington Peninsula,Greater Melbourne
2137135,Frankston,Frankston,Mornington Peninsula,Greater Melbourne
2137136,Frankston,Frankston,Mornington Peninsula,Greater Melbourne
2137137,Frankston,Frankston,Mornington Peninsula,Greater Melbourne
2137138,Frankston,Frankston,Mornington Peninsula,Greater Melbourne
2137139,Frankston,Frankston,Mornington Peninsula,Greater Melbourne
2137140,Frankston,Frankston,Mornington Peninsula,Greater Melbourne
2137141,Frankston,Frankston,Mornington Peninsula,Greater Melbourne
2137142,Frankston,Frankston,Mornington Peninsula,Greater Melbourne
2137143,Frankston,Frankston,Mornington Peninsula,Greater Melbourne
2137144,Frankston,Frankston,Mornington Peninsula,Greater Melbourne
2137145,Frankston,Frankston,Mornington Peninsula,Greater Melbourne
2137146,Frankston,Frankston,Mornington Peninsula,Greater Melbourne
2137147,Frankston,Frankston,Mornington Peninsula,Greater Melbourne
2137148,Frankston,Frankston,Mornington Peninsula,Greater Melbourne
2137149,Frankston,Frankston,Mornington Peninsula,Greater Melbourne
2137150,Frankston,Frankston,Mornington Peninsula,Greater Melbourne
2137151,Frankston,Frankston,Mornington Peninsula,Greater Melbourne
2137152,Frankston,Frankston,Mornington Peninsula,Greater Melbourne
2137153,Frankston,Frankston,Mornington Peninsula,Greater Melbourne
2137154,Frankston,Frankston,Mornington Peninsula,Greater Melbourne
2137155,Frankston,Frankston,Mornington Peninsula,Greater Melbourne
2137201,Frankston North,Frankston,Mornington Peninsula,Greater Melbourne
2137202,Frankston North,Frankston,Mornington Peninsula,Greater Melbourne
2137203,Frankston North,Frankston,Mornington Peninsula,Greater Melbourne
2137204,Frankston North,Frankston,Mornington Peninsula,Greater Melbourne
2137205,Frankston North,Frankston,Mornington Peninsula,Greater Melbourne
2137206,Frankston North,Frankston,Mornington Peninsula,Greater Melbourne
2137207,Frankston North,Frankston,Mornington Peninsula,Greater Melbourne
2137208,Frankston North,Frankston,Mornington Peninsula,Greater Melbourne
2137209,Frankston North,Frankston,Mornington Peninsula,Greater Melbourne
2137210,Frankston North,Frankston,Mornington Peninsula,Greater Melbourne
2137211,Frankston North,Frankston,Mornington Peninsula,Greater Melbourne
2137212,Frankston North,Frankston,Mornington Peninsula,Greater Melbourne
2137213,Frankston North,Frankston,Mornington Peninsula,Greater Melbourne
2137214,Frankston North,Frankston,Mornington Peninsula,Greater Melbourne
2137215,Frankston North,Frankston,Mornington Peninsula,Greater Melbourne
2137216,Frankston North,Frankston,Mornington Peninsula,Greater Melbourne
2137217,Frankston North,Frankston,Mornington Peninsula,Greater Melbourne
2137218,Frankston North,Frankston,Mornington Peninsula,Greater Melbourne
2137219,Frankston North,Frankston,Mornington Peninsula,Greater Melbourne
2137220,Frankston North,Frankston,Mornington Peninsula,Greater Melbourne
2137221,Frankston North,Frankston,Mornington Peninsula,Greater Melbourne
2137222,Frankston North,Frankston,Mornington Peninsula,Greater Melbourne
2137223,Frankston North,Frankston,Mornington Peninsula,Greater Melbourne
2137224,Frankston North,Frankston,Mornington Peninsula,Greater Melbourne
2137225,Frankston North,Frankston,Mornington Peninsula,Greater Melbourne
2137226,Frankston North,Frankston,Mornington Peninsula,Greater Melbourne
2137227,Frankston North,Frankston,Mornington Peninsula,Greater Melbourne
2137228,Frankston North,Frankston,Mornington Peninsula,Greater Melbourne
2137229,Frankston North,Frankston,Mornington Peninsula,Greater Melbourne
2137230,Frankston North,Frankston,Mornington Peninsula,Greater Melbourne
2137231,Frankston North,Frankston,Mornington Peninsula,Greater Melbourne
2137232,Frankston North,Frankston,Mornington Peninsula,Greater Melbourne
2137233,Frankston North,Frankston,Mornington Peninsula,Greater Melbourne
2137234,Frankston North,Frankston,Mornington Peninsula,Greater Melbourne
2137235,Frankston North,Frankston,Mornington Peninsula,Greater Melbourne
2137236,Frankston North,Frankston,Mornington Peninsula,Greater Melbourne
2137237,Frankston North,Frankston,Mornington Peninsula,Greater Melbourne
2137238,Frankston North,Frankston,Mornington Peninsula,Greater Melbourne
2137239,Frankston North,Frankston,Mornington Peninsula,Greater Melbourne
2137240,Frankston North,Frankston,Mornington Peninsula,Greater Melbourne
2137241,Frankston North,Frankston,Mornington Peninsula,Greater Melbourne
2137242,Frankston North,Frankston,Mornington Peninsula,Greater Melbourne
2137243,Frankston North,Frankston,Mornington Peninsula,Greater Melbourne
2137244,Frankston North,Frankston,Mornington Peninsula,Greater Melbourne
2137245,Frankston North,Frankston,Mornington Peninsula,Greater Melbourne
2137246,Frankston North,Frankston,Mornington Peninsula,Greater Melbourne
2137247,Frankston North,Frankston,Mornington Peninsula,Greater Melbourne
2137248,Frankston North,Frankston,Mornington Peninsula,Greater Melbourne
2137301,Frankston South,Frankston,Mornington Peninsula,Greater Melbourne
2137302,Frankston South,Frankston,Mornington Peninsula,Greater Melbourne
2137303,Frankston South,Frankston,Mornington Peninsula,Greater Melbourne
2137304,Frankston South,Frankston,Mornington Peninsula,Greater Melbourne
2137305,Frankston South,Frankston,Mornington Peninsula,Greater Melbourne
2137306,Frankston South,Frankston,Mornington Peninsula,Greater Melbourne
2137307,Frankston South,Frankston,Mornington Peninsula,Greater Melbourne
2137308,Frankston South,Frankston,Mornington Peninsula,Greater Melbourne
2137309,Frankston South,Frankston,Mornington Peninsula,Greater Melbourne
2137310,Frankston South,Frankston,Mornington Peninsula,Greater Melbourne
2137311,Frankston South,Frankston,Mornington Peninsula,Greater Melbourne
2137312,Frankston South,Frankston,Mornington Peninsula,Greater Melbourne
2137313,Frankston South,Frankston,Mornington Peninsula,Greater Melbourne
2137314,Frankston South,Frankston,Mornington Peninsula,Greater Melbourne
2137315,Frankston South,Frankston,Mornington Peninsula,Greater Melbourne
2137316,Frankston South,Frankston,Mornington Peninsula,Greater Melbourne
2137317,Frankston South,Frankston,Mornington Peninsula,Greater Melbourne
2137318,Frankston South,Frankston,Mornington Peninsula,Greater Melbourne
2137319,Frankston South,Frankston,Mornington Peninsula,Greater Melbourne
2137320,Frankston South,Frankston,Mornington Peninsula,Greater Melbourne
2137321,Frankston South,Frankston,Mornington Peninsula,Greater Melbourne
2137322,Frankston South,Frankston,Mornington Peninsula,Greater Melbourne
2137323,Frankston South,Frankston,Mornington Peninsula,Greater Melbourne
2137324,Frankston South,Frankston,Mornington Peninsula,Greater Melbourne
2137325,Frankston South,Frankston,Mornington Peninsula,Greater Melbourne
2137326,Frankston South,Frankston,Mornington Peninsula,Greater Melbourne
2137327,Frankston South,Frankston,Mornington Peninsula,Greater Melbourne
2137328,Frankston South,Frankston,Mornington Peninsula,Greater Melbourne
2137329,Frankston South,Frankston,Mornington Peninsula,Greater Melbourne
2137330,Frankston South,Frankston,Mornington Peninsula,Greater Melbourne
2137331,Frankston South,Frankston,Mornington Peninsula,Greater Melbourne
2137332,Frankston South,Frankston,Mornington Peninsula,Greater Melbourne
2137333,Frankston South,Frankston,Mornington Peninsula,Greater Melbourne
2137334,Frankston South,Frankston,Mornington Peninsula,Greater Melbourne
2137335,Frankston South,Frankston,Mornington Peninsula,Greater Melbourne
2137336,Frankston South,Frankston,Mornington Peninsula,Greater Melbourne
2137337,Frankston South,Frankston,Mornington Peninsula,Greater Melbourne
2137338,Frankston South,Frankston,Mornington Peninsula,Greater Melbourne
2137339,Frankston South,Frankston,Mornington Peninsula,Greater Melbourne
2137340,Frankston South,Frankston,Mornington Peninsula,Greater Melbourne
2137341,Frankston South,Frankston,Mornington Peninsula,Greater Melbourne
2137342,Frankston South,Frankston,Mornington Peninsula,Greater Melbourne
2137343,Frankston South,Frankston,Mornington Peninsula,Greater Melbourne
2137344,Frankston South,Frankston,Mornington Peninsula,Greater Melbourne
2137345,Frankston South,Frankston,Mornington Peninsula,Greater Melbourne
2137346,Frankston South,Frankston,Mornington Peninsula,Greater Melbourne
2137401,Langwarrin,Frankston,Mornington Peninsula,Greater Melbourne
2137402,Langwarrin,Frankston,Mornington Peninsula,Greater Melbourne
2137403,Langwarrin,Frankston,Mornington Peninsula,Greater Melbourne
2137404,Langwarrin,Frankston,Mornington Peninsula,Greater Melbourne
2137405,Langwarrin,Frankston,Mornington Peninsula,Greater Melbourne
2137406,Langwarrin,Frankston,Mornington Peninsula,Greater Melbourne
2137407,Langwarrin,Frankston,Mornington Peninsula,Greater Melbourne
2137408,Langwarrin,Frankston,Mornington Peninsula,Greater Melbourne
2137409,Langwarrin,Frankston,Mornington Peninsula,Greater Melbourne
2137410,Langwarrin,Frankston,Mornington Peninsula,Greater Melbourne
2137411,Langwarrin,Frankston,Mornington Peninsula,Greater Melbourne
2137412,Langwarrin,Frankston,Mornington Peninsula,Greater Melbourne
2137413,Langwarrin,Frankston,Mornington Peninsula,Greater Melbourne
2137414,Langwarrin,Frankston,Mornington Peninsula,Greater Melbourne
2137415,Langwarrin,Frankston,Mornington Peninsula,Greater Melbourne
2137416,Langwarrin,Frankston,Mornington Peninsula,Greater Melbourne
2137417,Langwarrin,Frankston,Mornington Peninsula,Greater Melbourne
2137418,Langwarrin,Frankston,Mornington Peninsula,Greater Melbourne
2137419,Langwarrin,Frankston,Mornington Peninsula,Greater Melbourne
2137420,Langwarrin,Frankston,Mornington Peninsula,Greater Melbourne
2137421,Langwarrin,Frankston,Mornington Peninsula,Greater Melbourne
2137422,Langwarrin,Frankston,Mornington Peninsula,Greater Melbourne
2137423,Langwarrin,Frankston,Mornington Peninsula,Greater Melbourne
2137424,Langwarrin,Frankston,Mornington Peninsula,Greater Melbourne
2137425,Langwarrin,Frankston,Mornington Peninsula,Greater Melbourne
2137426,Langwarrin,Frankston,Mornington Peninsula,Greater Melbourne
2137427,Langwarrin,Frankston,Mornington Peninsula,Greater Melbourne
2137428,Langwarrin,Frankston,Mornington Peninsula,Greater Melbourne
2137429,Langwarrin,Frankston,Mornington Peninsula,Greater Melbourne
2137430,Langwarrin,Frankston,Mornington Peninsula,Greater Melbourne
2137431,Langwarrin,Frankston,Mornington Peninsula,Greater Melbourne
2137432,Langwarrin,Frankston,Mornington Peninsula,Greater Melbourne
2137433,Langwarrin,Frankston,Mornington Peninsula,Greater Melbourne
2137434,Langwarrin,Frankston,Mornington Peninsula,Greater Melbourne
2137435,Langwarrin,Frankston,Mornington Peninsula,Greater Melbourne
2137436,Langwarrin,Frankston,Mornington Peninsula,Greater Melbourne
2137437,Langwarrin,Frankston,Mornington Peninsula,Greater Melbourne
2137438,Langwarrin,Frankston,Mornington Peninsula,Greater Melbourne
2137439,Langwarrin,Frankston,Mornington Peninsula,Greater Melbourne
2137440,Langwarrin,Frankston,Mornington Peninsula,Greater Melbourne
2137441,Langwarrin,Frankston,Mornington Peninsula,Greater Melbourne
2137442,Langwarrin,Frankston,Mornington Peninsula,Greater Melbourne
2137443,Langwarrin,Frankston,Mornington Peninsula,Greater Melbourne
2137444,Langwarrin,Frankston,Mornington Peninsula,Greater Melbourne
2137445,Langwarrin,Frankston,Mornington Peninsula,Greater Melbourne
2137446,Langwarrin,Frankston,Mornington Peninsula,Greater Melbourne
2137447,Langwarrin,Frankston,Mornington Peninsula,Greater Melbourne
2137448,Langwarrin,Frankston,Mornington Peninsula,Greater Melbourne
2137449,Langwarrin,Frankston,Mornington Peninsula,Greater Melbourne
2137450,Langwarrin,Frankston,Mornington Peninsula,Greater Melbourne
2137451,Langwarrin,Frankston,Mornington Peninsula,Greater Melbourne
2137501,Seaford (Vic.),Frankston,Mornington Peninsula,Greater Melbourne
2137502,Seaford (Vic.),Frankston,Mornington Peninsula,Greater Melbourne
2137503,Seaford (Vic.),Frankston,Mornington Peninsula,Greater Melbourne
2137504,Seaford (Vic.),Frankston,Mornington Peninsula,Greater Melbourne
2137505,Seaford (Vic.),Frankston,Mornington Peninsula,Greater Melbourne
2137506,Seaford (Vic.),Frankston,Mornington Peninsula,Greater Melbourne
2137507,Seaford (Vic.),Frankston,Mornington Peninsula,Greater Melbourne
2137508,Seaford (Vic.),Frankston,Mornington Peninsula,Greater Melbourne
2137509,Seaford (Vic.),Frankston,Mornington Peninsula,Greater Melbourne
2137510,Seaford (Vic.),Frankston,Mornington Peninsula,Greater Melbourne
2137511,Seaford (Vic.),Frankston,Mornington Peninsula,Greater Melbourne
2137512,Seaford (Vic.),Frankston,Mornington Peninsula,Greater Melbourne
2137513,Seaford (Vic.),Frankston,Mornington Peninsula,Greater Melbourne
2137514,Seaford (Vic.),Frankston,Mornington Peninsula,Greater Melbourne
2137515,Seaford (Vic.),Frankston,Mornington Peninsula,Greater Melbourne
2137516,Seaford (Vic.),Frankston,Mornington Peninsula,Greater Melbourne
2137517,Seaford (Vic.),Frankston,Mornington Peninsula,Greater Melbourne
2137518,Seaford (Vic.),Frankston,Mornington Peninsula,Greater Melbourne
2137519,Seaford (Vic.),Frankston,Mornington Peninsula,Greater Melbourne
2137520,Seaford (Vic.),Frankston,Mornington Peninsula,Greater Melbourne
2137521,Seaford (Vic.),Frankston,Mornington Peninsula,Greater Melbourne
2137522,Seaford (Vic.),Frankston,Mornington Peninsula,Greater Melbourne
2137523,Seaford (Vic.),Frankston,Mornington Peninsula,Greater Melbourne
2137524,Seaford (Vic.),Frankston,Mornington Peninsula,Greater Melbourne
2137525,Seaford (Vic.),Frankston,Mornington Peninsula,Greater Melbourne
2137526,Seaford (Vic.),Frankston,Mornington Peninsula,Greater Melbourne
2137527,Seaford (Vic.),Frankston,Mornington Peninsula,Greater Melbourne
2137528,Seaford (Vic.),Frankston,Mornington Peninsula,Greater Melbourne
2137529,Seaford (Vic.),Frankston,Mornington Peninsula,Greater Melbourne
2137530,Seaford (Vic.),Frankston,Mornington Peninsula,Greater Melbourne
2137531,Seaford (Vic.),Frankston,Mornington Peninsula,Greater Melbourne
2137532,Seaford (Vic.),Frankston,Mornington Peninsula,Greater Melbourne
2137533,Seaford (Vic.),Frankston,Mornington Peninsula,Greater Melbourne
2137534,Seaford (Vic.),Frankston,Mornington Peninsula,Greater Melbourne
2137535,Seaford (Vic.),Frankston,Mornington Peninsula,Greater Melbourne
2137536,Seaford (Vic.),Frankston,Mornington Peninsula,Greater Melbourne
2137537,Seaford (Vic.),Frankston,Mornington Peninsula,Greater Melbourne
2137538,Seaford (Vic.),Frankston,Mornington Peninsula,Greater Melbourne
2137539,Seaford (Vic.),Frankston,Mornington Peninsula,Greater Melbourne
2137540,Seaford (Vic.),Frankston,Mornington Peninsula,Greater Melbourne
2137541,Seaford (Vic.),Frankston,Mornington Peninsula,Greater Melbourne
2137601,Skye - Sandhurst,Frankston,Mornington Peninsula,Greater Melbourne
2137602,Skye - Sandhurst,Frankston,Mornington Peninsula,Greater Melbourne
2137603,Skye - Sandhurst,Frankston,Mornington Peninsula,Greater Melbourne
2137604,Skye - Sandhurst,Frankston,Mornington Peninsula,Greater Melbourne
2137605,Skye - Sandhurst,Frankston,Mornington Peninsula,Greater Melbourne
2137606,Skye - Sandhurst,Frankston,Mornington Peninsula,Greater Melbourne
2137607,Skye - Sandhurst,Frankston,Mornington Peninsula,Greater Melbourne
2137608,Skye - Sandhurst,Frankston,Mornington Peninsula,Greater Melbourne
2137609,Skye - Sandhurst,Frankston,Mornington Peninsula,Greater Melbourne
2137610,Skye - Sandhurst,Frankston,Mornington Peninsula,Greater Melbourne
2137611,Skye - Sandhurst,Frankston,Mornington Peninsula,Greater Melbourne
2137612,Skye - Sandhurst,Frankston,Mornington Peninsula,Greater Melbourne
2137613,Skye - Sandhurst,Frankston,Mornington Peninsula,Greater Melbourne
2137614,Skye - Sandhurst,Frankston,Mornington Peninsula,Greater Melbourne
2137615,Skye - Sandhurst,Frankston,Mornington Peninsula,Greater Melbourne
2137616,Skye - Sandhurst,Frankston,Mornington Peninsula,Greater Melbourne
2137617,Skye - Sandhurst,Frankston,Mornington Peninsula,Greater Melbourne
2137618,Skye - Sandhurst,Frankston,Mornington Peninsula,Greater Melbourne
2137619,Skye - Sandhurst,Frankston,Mornington Peninsula,Greater Melbourne
2137620,Skye - Sandhurst,Frankston,Mornington Peninsula,Greater Melbourne
2137701,Dromana,Mornington Peninsula,Mornington Peninsula,Greater Melbourne
2137702,Dromana,Mornington Peninsula,Mornington Peninsula,Greater Melbourne
2137703,Dromana,Mornington Peninsula,Mornington Peninsula,Greater Melbourne
2137704,Dromana,Mornington Peninsula,Mornington Peninsula,Greater Melbourne
2137705,Dromana,Mornington Peninsula,Mornington Peninsula,Greater Melbourne
2137706,Dromana,Mornington Peninsula,Mornington Peninsula,Greater Melbourne
2137707,Dromana,Mornington Peninsula,Mornington Peninsula,Greater Melbourne
2137708,Dromana,Mornington Peninsula,Mornington Peninsula,Greater Melbourne
2137709,Dromana,Mornington Peninsula,Mornington Peninsula,Greater Melbourne
2137710,Dromana,Mornington Peninsula,Mornington Peninsula,Greater Melbourne
2137711,Dromana,Mornington Peninsula,Mornington Peninsula,Greater Melbourne
2137712,Dromana,Mornington Peninsula,Mornington Peninsula,Greater Melbourne
2137713,Dromana,Mornington Peninsula,Mornington Peninsula,Greater Melbourne
2137714,Dromana,Mornington Peninsula,Mornington Peninsula,Greater Melbourne
2137715,Dromana,Mornington Peninsula,Mornington Peninsula,Greater Melbourne
2137716,Dromana,Mornington Peninsula,Mornington Peninsula,Greater Melbourne
2137717,Dromana,Mornington Peninsula,Mornington Peninsula,Greater Melbourne
2137718,Dromana,Mornington Peninsula,Mornington Peninsula,Greater Melbourne
2137719,Dromana,Mornington Peninsula,Mornington Peninsula,Greater Melbourne
2137720,Dromana,Mornington Peninsula,Mornington Peninsula,Greater Melbourne
2137721,Dromana,Mornington Peninsula,Mornington Peninsula,Greater Melbourne
2137722,Dromana,Mornington Peninsula,Mornington Peninsula,Greater Melbourne
2137723,Dromana,Mornington Peninsula,Mornington Peninsula,Greater Melbourne
2137724,Dromana,Mornington Peninsula,Mornington Peninsula,Greater Melbourne
2137725,Dromana,Mornington Peninsula,Mornington Peninsula,Greater Melbourne
2137801,Flinders,Mornington Peninsula,Mornington Peninsula,Greater Melbourne
2137802,Flinders,Mornington Peninsula,Mornington Peninsula,Greater Melbourne
2137803,Flinders,Mornington Peninsula,Mornington Peninsula,Greater Melbourne
2137804,Flinders,Mornington Peninsula,Mornington Peninsula,Greater Melbourne
2137805,Flinders,Mornington Peninsula,Mornington Peninsula,Greater Melbourne
2137806,Flinders,Mornington Peninsula,Mornington Peninsula,Greater Melbourne
2137807,Flinders,Mornington Peninsula,Mornington Peninsula,Greater Melbourne
2137808,Flinders,Mornington Peninsula,Mornington Peninsula,Greater Melbourne
2137809,Flinders,Mornington Peninsula,Mornington Peninsula,Greater Melbourne
2137810,Flinders,Mornington Peninsula,Mornington Peninsula,Greater Melbourne
2137811,Flinders,Mornington Peninsula,Mornington Peninsula,Greater Melbourne
2137812,Flinders,Mornington Peninsula,Mornington Peninsula,Greater Melbourne
2137813,Flinders,Mornington Peninsula,Mornington Peninsula,Greater Melbourne
2137814,Flinders,Mornington Peninsula,Mornington Peninsula,Greater Melbourne
2137815,Flinders,Mornington Peninsula,Mornington Peninsula,Greater Melbourne
2137816,Flinders,Mornington Peninsula,Mornington Peninsula,Greater Melbourne
2137817,Flinders,Mornington Peninsula,Mornington Peninsula,Greater Melbourne
2137818,Flinders,Mornington Peninsula,Mornington Peninsula,Greater Melbourne
2137901,Hastings - Somers,Mornington Peninsula,Mornington Peninsula,Greater Melbourne
2137902,Hastings - Somers,Mornington Peninsula,Mornington Peninsula,Greater Melbourne
2137903,Hastings - Somers,Mornington Peninsula,Mornington Peninsula,Greater Melbourne
2137904,Hastings - Somers,Mornington Peninsula,Mornington Peninsula,Greater Melbourne
2137905,Hastings - Somers,Mornington Peninsula,Mornington Peninsula,Greater Melbourne
2137906,Hastings - Somers,Mornington Peninsula,Mornington Peninsula,Greater Melbourne
2137907,Hastings - Somers,Mornington Peninsula,Mornington Peninsula,Greater Melbourne
2137908,Hastings - Somers,Mornington Peninsula,Mornington Peninsula,Greater Melbourne
2137909,Hastings - Somers,Mornington Peninsula,Mornington Peninsula,Greater Melbourne
2137910,Hastings - Somers,Mornington Peninsula,Mornington Peninsula,Greater Melbourne
2137911,Hastings - Somers,Mornington Peninsula,Mornington Peninsula,Greater Melbourne
2137912,Hastings - Somers,Mornington Peninsula,Mornington Peninsula,Greater Melbourne
2137913,Hastings - Somers,Mornington Peninsula,Mornington Peninsula,Greater Melbourne
2137914,Hastings - Somers,Mornington Peninsula,Mornington Peninsula,Greater Melbourne
2137915,Hastings - Somers,Mornington Peninsula,Mornington Peninsula,Greater Melbourne
2137916,Hastings - Somers,Mornington Peninsula,Mornington Peninsula,Greater Melbourne
2137917,Hastings - Somers,Mornington Peninsula,Mornington Peninsula,Greater Melbourne
2137918,Hastings - Somers,Mornington Peninsula,Mornington Peninsula,Greater Melbourne
2137919,Hastings - Somers,Mornington Peninsula,Mornington Peninsula,Greater Melbourne
2137920,Hastings - Somers,Mornington Peninsula,Mornington Peninsula,Greater Melbourne
2137921,Hastings - Somers,Mornington Peninsula,Mornington Peninsula,Greater Melbourne
2137922,Hastings - Somers,Mornington Peninsula,Mornington Peninsula,Greater Melbourne
2137923,Hastings - Somers,Mornington Peninsula,Mornington Peninsula,Greater Melbourne
2137924,Hastings - Somers,Mornington Peninsula,Mornington Peninsula,Greater Melbourne
2137925,Hastings - Somers,Mornington Peninsula,Mornington Peninsula,Greater Melbourne
2137926,Hastings - Somers,Mornington Peninsula,Mornington Peninsula,Greater Melbourne
2137927,Hastings - Somers,Mornington Peninsula,Mornington Peninsula,Greater Melbourne
2137928,Hastings - Somers,Mornington Peninsula,Mornington Peninsula,Greater Melbourne
2137929,Hastings - Somers,Mornington Peninsula,Mornington Peninsula,Greater Melbourne
2137930,Hastings - Somers,Mornington Peninsula,Mornington Peninsula,Greater Melbourne
2137931,Hastings - Somers,Mornington Peninsula,Mornington Peninsula,Greater Melbourne
2137932,Hastings - Somers,Mornington Peninsula,Mornington Peninsula,Greater Melbourne
2137933,Hastings - Somers,Mornington Peninsula,Mornington Peninsula,Greater Melbourne
2137934,Hastings - Somers,Mornington Peninsula,Mornington Peninsula,Greater Melbourne
2137935,Hastings - Somers,Mornington Peninsula,Mornington Peninsula,Greater Melbourne
2137936,Hastings - Somers,Mornington Peninsula,Mornington Peninsula,Greater Melbourne
2137937,Hastings - Somers,Mornington Peninsula,Mornington Peninsula,Greater Melbourne
2137938,Hastings - Somers,Mornington Peninsula,Mornington Peninsula,Greater Melbourne
2137939,Hastings - Somers,Mornington Peninsula,Mornington Peninsula,Greater Melbourne
2137940,Hastings - Somers,Mornington Peninsula,Mornington Peninsula,Greater Melbourne
2137941,Hastings - Somers,Mornington Peninsula,Mornington Peninsula,Greater Melbourne
2137942,Hastings - Somers,Mornington Peninsula,Mornington Peninsula,Greater Melbourne
2137943,Hastings - Somers,Mornington Peninsula,Mornington Peninsula,Greater Melbourne
2137944,Hastings - Somers,Mornington Peninsula,Mornington Peninsula,Greater Melbourne
2137945,Hastings - Somers,Mornington Peninsula,Mornington Peninsula,Greater Melbourne
2138001,Mornington,Mornington Peninsula,Mornington Peninsula,Greater Melbourne
2138002,Mornington,Mornington Peninsula,Mornington Peninsula,Greater Melbourne
2138003,Mornington,Mornington Peninsula,Mornington Peninsula,Greater Melbourne
2138004,Mornington,Mornington Peninsula,Mornington Peninsula,Greater Melbourne
2138005,Mornington,Mornington Peninsula,Mornington Peninsula,Greater Melbourne
2138006,Mornington,Mornington Peninsula,Mornington Peninsula,Greater Melbourne
2138007,Mornington,Mornington Peninsula,Mornington Peninsula,Greater Melbourne
2138008,Mornington,Mornington Peninsula,Mornington Peninsula,Greater Melbourne
2138009,Mornington,Mornington Peninsula,Mornington Peninsula,Greater Melbourne
2138010,Mornington,Mornington Peninsula,Mornington Peninsula,Greater Melbourne
2138011,Mornington,Mornington Peninsula,Mornington Peninsula,Greater Melbourne
2138012,Mornington,Mornington Peninsula,Mornington Peninsula,Greater Melbourne
2138013,Mornington,Mornington Peninsula,Mornington Peninsula,Greater Melbourne
2138014,Mornington,Mornington Peninsula,Mornington Peninsula,Greater Melbourne
2138015,Mornington,Mornington Peninsula,Mornington Peninsula,Greater Melbourne
2138016,Mornington,Mornington Peninsula,Mornington Peninsula,Greater Melbourne
2138017,Mornington,Mornington Peninsula,Mornington Peninsula,Greater Melbourne
2138018,Mornington,Mornington Peninsula,Mornington Peninsula,Greater Melbourne
2138019,Mornington,Mornington Peninsula,Mornington Peninsula,Greater Melbourne
2138020,Mornington,Mornington Peninsula,Mornington Peninsula,Greater Melbourne
2138021,Mornington,Mornington Peninsula,Mornington Peninsula,Greater Melbourne
2138022,Mornington,Mornington Peninsula,Mornington Peninsula,Greater Melbourne
2138023,Mornington,Mornington Peninsula,Mornington Peninsula,Greater Melbourne
2138024,Mornington,Mornington Peninsula,Mornington Peninsula,Greater Melbourne
2138025,Mornington,Mornington Peninsula,Mornington Peninsula,Greater Melbourne
2138026,Mornington,Mornington Peninsula,Mornington Peninsula,Greater Melbourne
2138027,Mornington,Mornington Peninsula,Mornington Peninsula,Greater Melbourne
2138028,Mornington,Mornington Peninsula,Mornington Peninsula,Greater Melbourne
2138029,Mornington,Mornington Peninsula,Mornington Peninsula,Greater Melbourne
2138030,Mornington,Mornington Peninsula,Mornington Peninsula,Greater Melbourne
2138031,Mornington,Mornington Peninsula,Mornington Peninsula,Greater Melbourne
2138032,Mornington,Mornington Peninsula,Mornington Peninsula,Greater Melbourne
2138033,Mornington,Mornington Peninsula,Mornington Peninsula,Greater Melbourne
2138034,Mornington,Mornington Peninsula,Mornington Peninsula,Greater Melbourne
2138035,Mornington,Mornington Peninsula,Mornington Peninsula,Greater Melbourne
2138036,Mornington,Mornington Peninsula,Mornington Peninsula,Greater Melbourne
2138037,Mornington,Mornington Peninsula,Mornington Peninsula,Greater Melbourne
2138038,Mornington,Mornington Peninsula,Mornington Peninsula,Greater Melbourne
2138039,Mornington,Mornington Peninsula,Mornington Peninsula,Greater Melbourne
2138040,Mornington,Mornington Peninsula,Mornington Peninsula,Greater Melbourne
2138041,Mornington,Mornington Peninsula,Mornington Peninsula,Greater Melbourne
2138042,Mornington,Mornington Peninsula,Mornington Peninsula,Greater Melbourne
2138043,Mornington,Mornington Peninsula,Mornington Peninsula,Greater Melbourne
2138044,Mornington,Mornington Peninsula,Mornington Peninsula,Greater Melbourne
2138045,Mornington,Mornington Peninsula,Mornington Peninsula,Greater Melbourne
2138046,Mornington,Mornington Peninsula,Mornington Peninsula,Greater Melbourne
2138047,Mornington,Mornington Peninsula,Mornington Peninsula,Greater Melbourne
2138048,Mornington,Mornington Peninsula,Mornington Peninsula,Greater Melbourne
2138049,Mornington,Mornington Peninsula,Mornington Peninsula,Greater Melbourne
2138050,Mornington,Mornington Peninsula,Mornington Peninsula,Greater Melbourne
2138051,Mornington,Mornington Peninsula,Mornington Peninsula,Greater Melbourne
2138052,Mornington,Mornington Peninsula,Mornington Peninsula,Greater Melbourne
2138053,Mornington,Mornington Peninsula,Mornington Peninsula,Greater Melbourne
2138054,Mornington,Mornington Peninsula,Mornington Peninsula,Greater Melbourne
2138055,Mornington,Mornington Peninsula,Mornington Peninsula,Greater Melbourne
2138056,Mornington,Mornington Peninsula,Mornington Peninsula,Greater Melbourne
2138057,Mornington,Mornington Peninsula,Mornington Peninsula,Greater Melbourne
2138058,Mornington,Mornington Peninsula,Mornington Peninsula,Greater Melbourne
2138059,Mornington,Mornington Peninsula,Mornington Peninsula,Greater Melbourne
2138101,Mount Eliza,Mornington Peninsula,Mornington Peninsula,Greater Melbourne
2138102,Mount Eliza,Mornington Peninsula,Mornington Peninsula,Greater Melbourne
2138103,Mount Eliza,Mornington Peninsula,Mornington Peninsula,Greater Melbourne
2138104,Mount Eliza,Mornington Peninsula,Mornington Peninsula,Greater Melbourne
2138105,Mount Eliza,Mornington Peninsula,Mornington Peninsula,Greater Melbourne
2138106,Mount Eliza,Mornington Peninsula,Mornington Peninsula,Greater Melbourne
2138107,Mount Eliza,Mornington Peninsula,Mornington Peninsula,Greater Melbourne
2138108,Mount Eliza,Mornington Peninsula,Mornington Peninsula,Greater Melbourne
2138109,Mount Eliza,Mornington Peninsula,Mornington Peninsula,Greater Melbourne
2138110,Mount Eliza,Mornington Peninsula,Mornington Peninsula,Greater Melbourne
2138111,Mount Eliza,Mornington Peninsula,Mornington Peninsula,Greater Melbourne
2138112,Mount Eliza,Mornington Peninsula,Mornington Peninsula,Greater Melbourne
2138113,Mount Eliza,Mornington Peninsula,Mornington Peninsula,Greater Melbourne
2138114,Mount Eliza,Mornington Peninsula,Mornington Peninsula,Greater Melbourne
2138115,Mount Eliza,Mornington Peninsula,Mornington Peninsula,Greater Melbourne
2138116,Mount Eliza,Mornington Peninsula,Mornington Peninsula,Greater Melbourne
2138117,Mount Eliza,Mornington Peninsula,Mornington Peninsula,Greater Melbourne
2138118,Mount Eliza,Mornington Peninsula,Mornington Peninsula,Greater Melbourne
2138119,Mount Eliza,Mornington Peninsula,Mornington Peninsula,Greater Melbourne
2138120,Mount Eliza,Mornington Peninsula,Mornington Peninsula,Greater Melbourne
2138121,Mount Eliza,Mornington Peninsula,Mornington Peninsula,Greater Melbourne
2138122,Mount Eliza,Mornington Peninsula,Mornington Peninsula,Greater Melbourne
2138123,Mount Eliza,Mornington Peninsula,Mornington Peninsula,Greater Melbourne
2138124,Mount Eliza,Mornington Peninsula,Mornington Peninsula,Greater Melbourne
2138125,Mount Eliza,Mornington Peninsula,Mornington Peninsula,Greater Melbourne
2138126,Mount Eliza,Mornington Peninsula,Mornington Peninsula,Greater Melbourne
2138127,Mount Eliza,Mornington Peninsula,Mornington Peninsula,Greater Melbourne
2138128,Mount Eliza,Mornington Peninsula,Mornington Peninsula,Greater Melbourne
2138129,Mount Eliza,Mornington Peninsula,Mornington Peninsula,Greater Melbourne
2138130,Mount Eliza,Mornington Peninsula,Mornington Peninsula,Greater Melbourne
2138131,Mount Eliza,Mornington Peninsula,Mornington Peninsula,Greater Melbourne
2138132,Mount Eliza,Mornington Peninsula,Mornington Peninsula,Greater Melbourne
2138133,Mount Eliza,Mornington Peninsula,Mornington Peninsula,Greater Melbourne
2138134,Mount Eliza,Mornington Peninsula,Mornington Peninsula,Greater Melbourne
2138135,Mount Eliza,Mornington Peninsula,Mornington Peninsula,Greater Melbourne
2138136,Mount Eliza,Mornington Peninsula,Mornington Peninsula,Greater Melbourne
2138137,Mount Eliza,Mornington Peninsula,Mornington Peninsula,Greater Melbourne
2138138,Mount Eliza,Mornington Peninsula,Mornington Peninsula,Greater Melbourne
2138139,Mount Eliza,Mornington Peninsula,Mornington Peninsula,Greater Melbourne
2138140,Mount Eliza,Mornington Peninsula,Mornington Peninsula,Greater Melbourne
2138141,Mount Eliza,Mornington Peninsula,Mornington Peninsula,Greater Melbourne
2138142,Mount Eliza,Mornington Peninsula,Mornington Peninsula,Greater Melbourne
2138143,Mount Eliza,Mornington Peninsula,Mornington Peninsula,Greater Melbourne
2138144,Mount Eliza,Mornington Peninsula,Mornington Peninsula,Greater Melbourne
2138201,Mount Martha,Mornington Peninsula,Mornington Peninsula,Greater Melbourne
2138202,Mount Martha,Mornington Peninsula,Mornington Peninsula,Greater Melbourne
2138203,Mount Martha,Mornington Peninsula,Mornington Peninsula,Greater Melbourne
2138204,Mount Martha,Mornington Peninsula,Mornington Peninsula,Greater Melbourne
2138205,Mount Martha,Mornington Peninsula,Mornington Peninsula,Greater Melbourne
2138206,Mount Martha,Mornington Peninsula,Mornington Peninsula,Greater Melbourne
2138207,Mount Martha,Mornington Peninsula,Mornington Peninsula,Greater Melbourne
2138208,Mount Martha,Mornington Peninsula,Mornington Peninsula,Greater Melbourne
2138209,Mount Martha,Mornington Peninsula,Mornington Peninsula,Greater Melbourne
2138210,Mount Martha,Mornington Peninsula,Mornington Peninsula,Greater Melbourne
2138211,Mount Martha,Mornington Peninsula,Mornington Peninsula,Greater Melbourne
2138212,Mount Martha,Mornington Peninsula,Mornington Peninsula,Greater Melbourne
2138213,Mount Martha,Mornington Peninsula,Mornington Peninsula,Greater Melbourne
2138214,Mount Martha,Mornington Peninsula,Mornington Peninsula,Greater Melbourne
2138215,Mount Martha,Mornington Peninsula,Mornington Peninsula,Greater Melbourne
2138216,Mount Martha,Mornington Peninsula,Mornington Peninsula,Greater Melbourne
2138217,Mount Martha,Mornington Peninsula,Mornington Peninsula,Greater Melbourne
2138218,Mount Martha,Mornington Peninsula,Mornington Peninsula,Greater Melbourne
2138219,Mount Martha,Mornington Peninsula,Mornington Peninsula,Greater Melbourne
2138220,Mount Martha,Mornington Peninsula,Mornington Peninsula,Greater Melbourne
2138221,Mount Martha,Mornington Peninsula,Mornington Peninsula,Greater Melbourne
2138222,Mount Martha,Mornington Peninsula,Mornington Peninsula,Greater Melbourne
2138223,Mount Martha,Mornington Peninsula,Mornington Peninsula,Greater Melbourne
2138224,Mount Martha,Mornington Peninsula,Mornington Peninsula,Greater Melbourne
2138225,Mount Martha,Mornington Peninsula,Mornington Peninsula,Greater Melbourne
2138226,Mount Martha,Mornington Peninsula,Mornington Peninsula,Greater Melbourne
2138227,Mount Martha,Mornington Peninsula,Mornington Peninsula,Greater Melbourne
2138228,Mount Martha,Mornington Peninsula,Mornington Peninsula,Greater Melbourne
2138229,Mount Martha,Mornington Peninsula,Mornington Peninsula,Greater Melbourne
2138230,Mount Martha,Mornington Peninsula,Mornington Peninsula,Greater Melbourne
2138231,Mount Martha,Mornington Peninsula,Mornington Peninsula,Greater Melbourne
2138232,Mount Martha,Mornington Peninsula,Mornington Peninsula,Greater Melbourne
2138233,Mount Martha,Mornington Peninsula,Mornington Peninsula,Greater Melbourne
2138234,Mount Martha,Mornington Peninsula,Mornington Peninsula,Greater Melbourne
2138235,Mount Martha,Mornington Peninsula,Mornington Peninsula,Greater Melbourne
2138236,Mount Martha,Mornington Peninsula,Mornington Peninsula,Greater Melbourne
2138237,Mount Martha,Mornington Peninsula,Mornington Peninsula,Greater Melbourne
2138238,Mount Martha,Mornington Peninsula,Mornington Peninsula,Greater Melbourne
2138239,Mount Martha,Mornington Peninsula,Mornington Peninsula,Greater Melbourne
2138240,Mount Martha,Mornington Peninsula,Mornington Peninsula,Greater Melbourne
2138301,Point Nepean,Mornington Peninsula,Mornington Peninsula,Greater Melbourne
2138302,Point Nepean,Mornington Peninsula,Mornington Peninsula,Greater Melbourne
2138303,Point Nepean,Mornington Peninsula,Mornington Peninsula,Greater Melbourne
2138304,Point Nepean,Mornington Peninsula,Mornington Peninsula,Greater Melbourne
2138305,Point Nepean,Mornington Peninsula,Mornington Peninsula,Greater Melbourne
2138306,Point Nepean,Mornington Peninsula,Mornington Peninsula,Greater Melbourne
2138307,Point Nepean,Mornington Peninsula,Mornington Peninsula,Greater Melbourne
2138308,Point Nepean,Mornington Peninsula,Mornington Peninsula,Greater Melbourne
2138309,Point Nepean,Mornington Peninsula,Mornington Peninsula,Greater Melbourne
2138310,Point Nepean,Mornington Peninsula,Mornington Peninsula,Greater Melbourne
2138311,Point Nepean,Mornington Peninsula,Mornington Peninsula,Greater Melbourne
2138312,Point Nepean,Mornington Peninsula,Mornington Peninsula,Greater Melbourne
2138313,Point Nepean,Mornington Peninsula,Mornington Peninsula,Greater Melbourne
2138314,Point Nepean,Mornington Peninsula,Mornington Peninsula,Greater Melbourne
2138315,Point Nepean,Mornington Peninsula,Mornington Peninsula,Greater Melbourne
2138316,Point Nepean,Mornington Peninsula,Mornington Peninsula,Greater Melbourne
2138317,Point Nepean,Mornington Peninsula,Mornington Peninsula,Greater Melbourne
2138318,Point Nepean,Mornington Peninsula,Mornington Peninsula,Greater Melbourne
2138319,Point Nepean,Mornington Peninsula,Mornington Peninsula,Greater Melbourne
2138320,Point Nepean,Mornington Peninsula,Mornington Peninsula,Greater Melbourne
2138321,Point Nepean,Mornington Peninsula,Mornington Peninsula,Greater Melbourne
2138322,Point Nepean,Mornington Peninsula,Mornington Peninsula,Greater Melbourne
2138323,Point Nepean,Mornington Peninsula,Mornington Peninsula,Greater Melbourne
2138324,Point Nepean,Mornington Peninsula,Mornington Peninsula,Greater Melbourne
2138325,Point Nepean,Mornington Peninsula,Mornington Peninsula,Greater Melbourne
2138326,Point Nepean,Mornington Peninsula,Mornington Peninsula,Greater Melbourne
2138327,Point Nepean,Mornington Peninsula,Mornington Peninsula,Greater Melbourne
2138328,Point Nepean,Mornington Peninsula,Mornington Peninsula,Greater Melbourne
2138329,Point Nepean,Mornington Peninsula,Mornington Peninsula,Greater Melbourne
2138330,Point Nepean,Mornington Peninsula,Mornington Peninsula,Greater Melbourne
2138331,Point Nepean,Mornington Peninsula,Mornington Peninsula,Greater Melbourne
2138332,Point Nepean,Mornington Peninsula,Mornington Peninsula,Greater Melbourne
2138333,Point Nepean,Mornington Peninsula,Mornington Peninsula,Greater Melbourne
2138334,Point Nepean,Mornington Peninsula,Mornington Peninsula,Greater Melbourne
2138335,Point Nepean,Mornington Peninsula,Mornington Peninsula,Greater Melbourne
2138336,Point Nepean,Mornington Peninsula,Mornington Peninsula,Greater Melbourne
2138337,Point Nepean,Mornington Peninsula,Mornington Peninsula,Greater Melbourne
2138338,Point Nepean,Mornington Peninsula,Mornington Peninsula,Greater Melbourne
2138339,Point Nepean,Mornington Peninsula,Mornington Peninsula,Greater Melbourne
2138340,Point Nepean,Mornington Peninsula,Mornington Peninsula,Greater Melbourne
2138341,Point Nepean,Mornington Peninsula,Mornington Peninsula,Greater Melbourne
2138342,Point Nepean,Mornington Peninsula,Mornington Peninsula,Greater Melbourne
2138343,Point Nepean,Mornington Peninsula,Mornington Peninsula,Greater Melbourne
2138344,Point Nepean,Mornington Peninsula,Mornington Peninsula,Greater Melbourne
2138401,Rosebud - McCrae,Mornington Peninsula,Mornington Peninsula,Greater Melbourne
2138402,Rosebud - McCrae,Mornington Peninsula,Mornington Peninsula,Greater Melbourne
2138403,Rosebud - McCrae,Mornington Peninsula,Mornington Peninsula,Greater Melbourne
2138404,Rosebud - McCrae,Mornington Peninsula,Mornington Peninsula,Greater Melbourne
2138405,Rosebud - McCrae,Mornington Peninsula,Mornington Peninsula,Greater Melbourne
2138406,Rosebud - McCrae,Mornington Peninsula,Mornington Peninsula,Greater Melbourne
2138407,Rosebud - McCrae,Mornington Peninsula,Mornington Peninsula,Greater Melbourne
2138408,Rosebud - McCrae,Mornington Peninsula,Mornington Peninsula,Greater Melbourne
2138409,Rosebud - McCrae,Mornington Peninsula,Mornington Peninsula,Greater Melbourne
2138410,Rosebud - McCrae,Mornington Peninsula,Mornington Peninsula,Greater Melbourne
2138411,Rosebud - McCrae,Mornington Peninsula,Mornington Peninsula,Greater Melbourne
2138412,Rosebud - McCrae,Mornington Peninsula,Mornington Peninsula,Greater Melbourne
2138413,Rosebud - McCrae,Mornington Peninsula,Mornington Peninsula,Greater Melbourne
2138414,Rosebud - McCrae,Mornington Peninsula,Mornington Peninsula,Greater Melbourne
2138415,Rosebud - McCrae,Mornington Peninsula,Mornington Peninsula,Greater Melbourne
2138416,Rosebud - McCrae,Mornington Peninsula,Mornington Peninsula,Greater Melbourne
2138417,Rosebud - McCrae,Mornington Peninsula,Mornington Peninsula,Greater Melbourne
2138418,Rosebud - McCrae,Mornington Peninsula,Mornington Peninsula,Greater Melbourne
2138419,Rosebud - McCrae,Mornington Peninsula,Mornington Peninsula,Greater Melbourne
2138420,Rosebud - McCrae,Mornington Peninsula,Mornington Peninsula,Greater Melbourne
2138421,Rosebud - McCrae,Mornington Peninsula,Mornington Peninsula,Greater Melbourne
2138422,Rosebud - McCrae,Mornington Peninsula,Mornington Peninsula,Greater Melbourne
2138423,Rosebud - McCrae,Mornington Peninsula,Mornington Peninsula,Greater Melbourne
2138424,Rosebud - McCrae,Mornington Peninsula,Mornington Peninsula,Greater Melbourne
2138425,Rosebud - McCrae,Mornington Peninsula,Mornington Peninsula,Greater Melbourne
2138426,Rosebud - McCrae,Mornington Peninsula,Mornington Peninsula,Greater Melbourne
2138427,Rosebud - McCrae,Mornington Peninsula,Mornington Peninsula,Greater Melbourne
2138428,Rosebud - McCrae,Mornington Peninsula,Mornington Peninsula,Greater Melbourne
2138429,Rosebud - McCrae,Mornington Peninsula,Mornington Peninsula,Greater Melbourne
2138430,Rosebud - McCrae,Mornington Peninsula,Mornington Peninsula,Greater Melbourne
2138431,Rosebud - McCrae,Mornington Peninsula,Mornington Peninsula,Greater Melbourne
2138432,Rosebud - McCrae,Mornington Peninsula,Mornington Peninsula,Greater Melbourne
2138433,Rosebud - McCrae,Mornington Peninsula,Mornington Peninsula,Greater Melbourne
2138434,Rosebud - McCrae,Mornington Peninsula,Mornington Peninsula,Greater Melbourne
2138435,Rosebud - McCrae,Mornington Peninsula,Mornington Peninsula,Greater Melbourne
2138436,Rosebud - McCrae,Mornington Peninsula,Mornington Peninsula,Greater Melbourne
2138437,Rosebud - McCrae,Mornington Peninsula,Mornington Peninsula,Greater Melbourne
2138438,Rosebud - McCrae,Mornington Peninsula,Mornington Peninsula,Greater Melbourne
2138439,Rosebud - McCrae,Mornington Peninsula,Mornington Peninsula,Greater Melbourne
2138440,Rosebud - McCrae,Mornington Peninsula,Mornington Peninsula,Greater Melbourne
2138441,Rosebud - McCrae,Mornington Peninsula,Mornington Peninsula,Greater Melbourne
2138442,Rosebud - McCrae,Mornington Peninsula,Mornington Peninsula,Greater Melbourne
2138443,Rosebud - McCrae,Mornington Peninsula,Mornington Peninsula,Greater Melbourne
2138444,Rosebud - McCrae,Mornington Peninsula,Mornington Peninsula,Greater Melbourne
2138445,Rosebud - McCrae,Mornington Peninsula,Mornington Peninsula,Greater Melbourne
2138446,Rosebud - McCrae,Mornington Peninsula,Mornington Peninsula,Greater Melbourne
2138447,Rosebud - McCrae,Mornington Peninsula,Mornington Peninsula,Greater Melbourne
2138448,Rosebud - McCrae,Mornington Peninsula,Mornington Peninsula,Greater Melbourne
2138449,Rosebud - McCrae,Mornington Peninsula,Mornington Peninsula,Greater Melbourne
2138450,Rosebud - McCrae,Mornington Peninsula,Mornington Peninsula,Greater Melbourne
2138501,Somerville,Mornington Peninsula,Mornington Peninsula,Greater Melbourne
2138502,Somerville,Mornington Peninsula,Mornington Peninsula,Greater Melbourne
2138503,Somerville,Mornington Peninsula,Mornington Peninsula,Greater Melbourne
2138504,Somerville,Mornington Peninsula,Mornington Peninsula,Greater Melbourne
2138505,Somerville,Mornington Peninsula,Mornington Peninsula,Greater Melbourne
2138506,Somerville,Mornington Peninsula,Mornington Peninsula,Greater Melbourne
2138507,Somerville,Mornington Peninsula,Mornington Peninsula,Greater Melbourne
2138508,Somerville,Mornington Peninsula,Mornington Peninsula,Greater Melbourne
2138509,Somerville,Mornington Peninsula,Mornington Peninsula,Greater Melbourne
2138510,Somerville,Mornington Peninsula,Mornington Peninsula,Greater Melbourne
2138511,Somerville,Mornington Peninsula,Mornington Peninsula,Greater Melbourne
2138512,Somerville,Mornington Peninsula,Mornington Peninsula,Greater Melbourne
2138513,Somerville,Mornington Peninsula,Mornington Peninsula,Greater Melbourne
2138514,Somerville,Mornington Peninsula,Mornington Peninsula,Greater Melbourne
2138515,Somerville,Mornington Peninsula,Mornington Peninsula,Greater Melbourne
2138516,Somerville,Mornington Peninsula,Mornington Peninsula,Greater Melbourne
2138517,Somerville,Mornington Peninsula,Mornington Peninsula,Greater Melbourne
2138518,Somerville,Mornington Peninsula,Mornington Peninsula,Greater Melbourne
2138519,Somerville,Mornington Peninsula,Mornington Peninsula,Greater Melbourne
2138520,Somerville,Mornington Peninsula,Mornington Peninsula,Greater Melbourne
2138521,Somerville,Mornington Peninsula,Mornington Peninsula,Greater Melbourne
2138522,Somerville,Mornington Peninsula,Mornington Peninsula,Greater Melbourne
2138523,Somerville,Mornington Peninsula,Mornington Peninsula,Greater Melbourne
2138524,Somerville,Mornington Peninsula,Mornington Peninsula,Greater Melbourne
2138525,Somerville,Mornington Peninsula,Mornington Peninsula,Greater Melbourne
2138526,Somerville,Mornington Peninsula,Mornington Peninsula,Greater Melbourne
2138527,Somerville,Mornington Peninsula,Mornington Peninsula,Greater Melbourne
2138528,Somerville,Mornington Peninsula,Mornington Peninsula,Greater Melbourne
2138529,Somerville,Mornington Peninsula,Mornington Peninsula,Greater Melbourne
2138530,Somerville,Mornington Peninsula,Mornington Peninsula,Greater Melbourne
2138531,Somerville,Mornington Peninsula,Mornington Peninsula,Greater Melbourne
2138532,Somerville,Mornington Peninsula,Mornington Peninsula,Greater Melbourne
2138533,Somerville,Mornington Peninsula,Mornington Peninsula,Greater Melbourne
2138534,Somerville,Mornington Peninsula,Mornington Peninsula,Greater Melbourne
2138535,Somerville,Mornington Peninsula,Mornington Peninsula,Greater Melbourne
2138536,Somerville,Mornington Peninsula,Mornington Peninsula,Greater Melbourne
2138537,Somerville,Mornington Peninsula,Mornington Peninsula,Greater Melbourne
2138538,Somerville,Mornington Peninsula,Mornington Peninsula,Greater Melbourne
2138539,Somerville,Mornington Peninsula,Mornington Peninsula,Greater Melbourne
2138540,Somerville,Mornington Peninsula,Mornington Peninsula,Greater Melbourne
2138541,Somerville,Mornington Peninsula,Mornington Peninsula,Greater Melbourne
2138542,Somerville,Mornington Peninsula,Mornington Peninsula,Greater Melbourne
2138543,Somerville,Mornington Peninsula,Mornington Peninsula,Greater Melbourne
2138544,Somerville,Mornington Peninsula,Mornington Peninsula,Greater Melbourne
2138545,Somerville,Mornington Peninsula,Mornington Peninsula,Greater Melbourne
2138546,Somerville,Mornington Peninsula,Mornington Peninsula,Greater Melbourne
2138547,Somerville,Mornington Peninsula,Mornington Peninsula,Greater Melbourne
2138601,Ararat,Grampians,North West,Rest of Vic.
2138602,Ararat,Grampians,North West,Rest of Vic.
2138603,Ararat,Grampians,North West,Rest of Vic.
2138604,Ararat,Grampians,North West,Rest of Vic.
2138605,Ararat,Grampians,North West,Rest of Vic.
2138606,Ararat,Grampians,North West,Rest of Vic.
2138607,Ararat,Grampians,North West,Rest of Vic.
2138608,Ararat,Grampians,North West,Rest of Vic.
2138609,Ararat,Grampians,North West,Rest of Vic.
2138610,Ararat,Grampians,North West,Rest of Vic.
2138611,Ararat,Grampians,North West,Rest of Vic.
2138612,Ararat,Grampians,North West,Rest of Vic.
2138613,Ararat,Grampians,North West,Rest of Vic.
2138614,Ararat,Grampians,North West,Rest of Vic.
2138615,Ararat,Grampians,North West,Rest of Vic.
2138616,Ararat,Grampians,North West,Rest of Vic.
2138617,Ararat,Grampians,North West,Rest of Vic.
2138618,Ararat,Grampians,North West,Rest of Vic.
2138619,Ararat,Grampians,North West,Rest of Vic.
2138620,Ararat,Grampians,North West,Rest of Vic.
2138621,Ararat,Grampians,North West,Rest of Vic.
2138622,Ararat,Grampians,North West,Rest of Vic.
2138623,Ararat,Grampians,North West,Rest of Vic.
2138624,Ararat,Grampians,North West,Rest of Vic.
2138701,Ararat Region,Grampians,North West,Rest of Vic.
2138702,Ararat Region,Grampians,North West,Rest of Vic.
2138703,Ararat Region,Grampians,North West,Rest of Vic.
2138704,Ararat Region,Grampians,North West,Rest of Vic.
2138705,Ararat Region,Grampians,North West,Rest of Vic.
2138706,Ararat Region,Grampians,North West,Rest of Vic.
2138707,Ararat Region,Grampians,North West,Rest of Vic.
2138708,Ararat Region,Grampians,North West,Rest of Vic.
2138709,Ararat Region,Grampians,North West,Rest of Vic.
2138710,Ararat Region,Grampians,North West,Rest of Vic.
2138801,Horsham,Grampians,North West,Rest of Vic.
2138802,Horsham,Grampians,North West,Rest of Vic.
2138803,Horsham,Grampians,North West,Rest of Vic.
2138804,Horsham,Grampians,North West,Rest of Vic.
2138805,Horsham,Grampians,North West,Rest of Vic.
2138806,Horsham,Grampians,North West,Rest of Vic.
2138807,Horsham,Grampians,North West,Rest of Vic.
2138808,Horsham,Grampians,North West,Rest of Vic.
2138809,Horsham,Grampians,North West,Rest of Vic.
2138810,Horsham,Grampians,North West,Rest of Vic.
2138811,Horsham,Grampians,North West,Rest of Vic.
2138812,Horsham,Grampians,North West,Rest of Vic.
2138813,Horsham,Grampians,North West,Rest of Vic.
2138814,Horsham,Grampians,North West,Rest of Vic.
2138815,Horsham,Grampians,North West,Rest of Vic.
2138816,Horsham,Grampians,North West,Rest of Vic.
2138817,Horsham,Grampians,North West,Rest of Vic.
2138818,Horsham,Grampians,North West,Rest of Vic.
2138819,Horsham,Grampians,North West,Rest of Vic.
2138820,Horsham,Grampians,North West,Rest of Vic.
2138821,Horsham,Grampians,North West,Rest of Vic.
2138822,Horsham,Grampians,North West,Rest of Vic.
2138823,Horsham,Grampians,North West,Rest of Vic.
2138824,Horsham,Grampians,North West,Rest of Vic.
2138825,Horsham,Grampians,North West,Rest of Vic.
2138826,Horsham,Grampians,North West,Rest of Vic.
2138827,Horsham,Grampians,North West,Rest of Vic.
2138828,Horsham,Grampians,North West,Rest of Vic.
2138829,Horsham,Grampians,North West,Rest of Vic.
2138830,Horsham,Grampians,North West,Rest of Vic.
2138831,Horsham,Grampians,North West,Rest of Vic.
2138832,Horsham,Grampians,North West,Rest of Vic.
2138833,Horsham,Grampians,North West,Rest of Vic.
2138834,Horsham,Grampians,North West,Rest of Vic.
2138835,Horsham,Grampians,North West,Rest of Vic.
2138836,Horsham,Grampians,North West,Rest of Vic.
2138837,Horsham,Grampians,North West,Rest of Vic.
2138901,Horsham Region,Grampians,North West,Rest of Vic.
2138902,Horsham Region,Grampians,North West,Rest of Vic.
2138903,Horsham Region,Grampians,North West,Rest of Vic.
2138904,Horsham Region,Grampians,North West,Rest of Vic.
2138905,Horsham Region,Grampians,North West,Rest of Vic.
2138906,Horsham Region,Grampians,North West,Rest of Vic.
2138907,Horsham Region,Grampians,North West,Rest of Vic.
2138908,Horsham Region,Grampians,North West,Rest of Vic.
2138909,Horsham Region,Grampians,North West,Rest of Vic.
2138910,Horsham Region,Grampians,North West,Rest of Vic.
2138911,Horsham Region,Grampians,North West,Rest of Vic.
2138912,Horsham Region,Grampians,North West,Rest of Vic.
2139001,Nhill Region,Grampians,North West,Rest of Vic.
2139002,Nhill Region,Grampians,North West,Rest of Vic.
2139003,Nhill Region,Grampians,North West,Rest of Vic.
2139004,Nhill Region,Grampians,North West,Rest of Vic.
2139005,Nhill Region,Grampians,North West,Rest of Vic.
2139006,Nhill Region,Grampians,North West,Rest of Vic.
2139007,Nhill Region,Grampians,North West,Rest of Vic.
2139008,Nhill Region,Grampians,North West,Rest of Vic.
2139009,Nhill Region,Grampians,North West,Rest of Vic.
2139010,Nhill Region,Grampians,North West,Rest of Vic.
2139011,Nhill Region,Grampians,North West,Rest of Vic.
2139012,Nhill Region,Grampians,North West,Rest of Vic.
2139013,Nhill Region,Grampians,North West,Rest of Vic.
2139014,Nhill Region,Grampians,North West,Rest of Vic.
2139015,Nhill Region,Grampians,North West,Rest of Vic.
2139016,Nhill Region,Grampians,North West,Rest of Vic.
2139017,Nhill Region,Grampians,North West,Rest of Vic.
2139018,Nhill Region,Grampians,North West,Rest of Vic.
2139019,Nhill Region,Grampians,North West,Rest of Vic.
2139020,Nhill Region,Grampians,North West,Rest of Vic.
2139021,Nhill Region,Grampians,North West,Rest of Vic.
2139022,Nhill Region,Grampians,North West,Rest of Vic.
2139023,Nhill Region,Grampians,North West,Rest of Vic.
2139024,Nhill Region,Grampians,North West,Rest of Vic.
2139025,Nhill Region,Grampians,North West,Rest of Vic.
2139026,Nhill Region,Grampians,North West,Rest of Vic.
2139027,Nhill Region,Grampians,North West,Rest of Vic.
2139028,Nhill Region,Grampians,North West,Rest of Vic.
2139029,Nhill Region,Grampians,North West,Rest of Vic.
2139030,Nhill Region,Grampians,North West,Rest of Vic.
2139101,St Arnaud,Grampians,North West,Rest of Vic.
2139102,St Arnaud,Grampians,North West,Rest of Vic.
2139103,St Arnaud,Grampians,North West,Rest of Vic.
2139104,St Arnaud,Grampians,North West,Rest of Vic.
2139105,St Arnaud,Grampians,North West,Rest of Vic.
2139106,St Arnaud,Grampians,North West,Rest of Vic.
2139107,St Arnaud,Grampians,North West,Rest of Vic.
2139108,St Arnaud,Grampians,North West,Rest of Vic.
2139109,St Arnaud,Grampians,North West,Rest of Vic.
2139110,St Arnaud,Grampians,North West,Rest of Vic.
2139201,Stawell,Grampians,North West,Rest of Vic.
2139202,Stawell,Grampians,North West,Rest of Vic.
2139203,Stawell,Grampians,North West,Rest of Vic.
2139204,Stawell,Grampians,North West,Rest of Vic.
2139205,Stawell,Grampians,North West,Rest of Vic.
2139206,Stawell,Grampians,North West,Rest of Vic.
2139207,Stawell,Grampians,North West,Rest of Vic.
2139208,Stawell,Grampians,North West,Rest of Vic.
2139209,Stawell,Grampians,North West,Rest of Vic.
2139210,Stawell,Grampians,North West,Rest of Vic.
2139211,Stawell,Grampians,North West,Rest of Vic.
2139212,Stawell,Grampians,North West,Rest of Vic.
2139213,Stawell,Grampians,North West,Rest of Vic.
2139214,Stawell,Grampians,North West,Rest of Vic.
2139215,Stawell,Grampians,North West,Rest of Vic.
2139216,Stawell,Grampians,North West,Rest of Vic.
2139217,Stawell,Grampians,North West,Rest of Vic.
2139218,Stawell,Grampians,North West,Rest of Vic.
2139219,Stawell,Grampians,North West,Rest of Vic.
2139220,Stawell,Grampians,North West,Rest of Vic.
2139221,Stawell,Grampians,North West,Rest of Vic.
2139222,Stawell,Grampians,North West,Rest of Vic.
2139223,Stawell,Grampians,North West,Rest of Vic.
2139224,Stawell,Grampians,North West,Rest of Vic.
2139225,Stawell,Grampians,North West,Rest of Vic.
2139226,Stawell,Grampians,North West,Rest of Vic.
2139301,West Wimmera,Grampians,North West,Rest of Vic.
2139302,West Wimmera,Grampians,North West,Rest of Vic.
2139303,West Wimmera,Grampians,North West,Rest of Vic.
2139304,West Wimmera,Grampians,North West,Rest of Vic.
2139305,West Wimmera,Grampians,North West,Rest of Vic.
2139306,West Wimmera,Grampians,North West,Rest of Vic.
2139307,West Wimmera,Grampians,North West,Rest of Vic.
2139308,West Wimmera,Grampians,North West,Rest of Vic.
2139309,West Wimmera,Grampians,North West,Rest of Vic.
2139310,West Wimmera,Grampians,North West,Rest of Vic.
2139401,Yarriambiack,Grampians,North West,Rest of Vic.
2139402,Yarriambiack,Grampians,North West,Rest of Vic.
2139403,Yarriambiack,Grampians,North West,Rest of Vic.
2139404,Yarriambiack,Grampians,North West,Rest of Vic.
2139405,Yarriambiack,Grampians,North West,Rest of Vic.
2139406,Yarriambiack,Grampians,North West,Rest of Vic.
2139407,Yarriambiack,Grampians,North West,Rest of Vic.
2139408,Yarriambiack,Grampians,North West,Rest of Vic.
2139409,Yarriambiack,Grampians,North West,Rest of Vic.
2139410,Yarriambiack,Grampians,North West,Rest of Vic.
2139411,Yarriambiack,Grampians,North West,Rest of Vic.
2139412,Yarriambiack,Grampians,North West,Rest of Vic.
2139413,Yarriambiack,Grampians,North West,Rest of Vic.
2139414,Yarriambiack,Grampians,North West,Rest of Vic.
2139415,Yarriambiack,Grampians,North West,Rest of Vic.
2139416,Yarriambiack,Grampians,North West,Rest of Vic.
2139417,Yarriambiack,Grampians,North West,Rest of Vic.
2139418,Yarriambiack,Grampians,North West,Rest of Vic.
2139419,Yarriambiack,Grampians,North West,Rest of Vic.
2139420,Yarriambiack,Grampians,North West,Rest of Vic.
2139421,Yarriambiack,Grampians,North West,Rest of Vic.
2139501,Irymple,Mildura,North West,Rest of Vic.
2139502,Irymple,Mildura,North West,Rest of Vic.
2139503,Irymple,Mildura,North West,Rest of Vic.
2139504,Irymple,Mildura,North West,Rest of Vic.
2139505,Irymple,Mildura,North West,Rest of Vic.
2139506,Irymple,Mildura,North West,Rest of Vic.
2139507,Irymple,Mildura,North West,Rest of Vic.
2139508,Irymple,Mildura,North West,Rest of Vic.
2139509,Irymple,Mildura,North West,Rest of Vic.
2139510,Irymple,Mildura,North West,Rest of Vic.
2139511,Irymple,Mildura,North West,Rest of Vic.
2139512,Irymple,Mildura,North West,Rest of Vic.
2139513,Irymple,Mildura,North West,Rest of Vic.
2139514,Irymple,Mildura,North West,Rest of Vic.
2139515,Irymple,Mildura,North West,Rest of Vic.
2139516,Irymple,Mildura,North West,Rest of Vic.
2139517,Irymple,Mildura,North West,Rest of Vic.
2139518,Irymple,Mildura,North West,Rest of Vic.
2139519,Irymple,Mildura,North West,Rest of Vic.
2139520,Irymple,Mildura,North West,Rest of Vic.
2139601,Merbein,Mildura,North West,Rest of Vic.
2139602,Merbein,Mildura,North West,Rest of Vic.
2139603,Merbein,Mildura,North West,Rest of Vic.
2139604,Merbein,Mildura,North West,Rest of Vic.
2139605,Merbein,Mildura,North West,Rest of Vic.
2139606,Merbein,Mildura,North West,Rest of Vic.
2139607,Merbein,Mildura,North West,Rest of Vic.
2139608,Merbein,Mildura,North West,Rest of Vic.
2139609,Merbein,Mildura,North West,Rest of Vic.
2139610,Merbein,Mildura,North West,Rest of Vic.
2139611,Merbein,Mildura,North West,Rest of Vic.
2139612,Merbein,Mildura,North West,Rest of Vic.
2139613,Merbein,Mildura,North West,Rest of Vic.
2139614,Merbein,Mildura,North West,Rest of Vic.
2139615,Merbein,Mildura,North West,Rest of Vic.
2139701,Mildura,Mildura,North West,Rest of Vic.
2139702,Mildura,Mildura,North West,Rest of Vic.
2139703,Mildura,Mildura,North West,Rest of Vic.
2139704,Mildura,Mildura,North West,Rest of Vic.
2139705,Mildura,Mildura,North West,Rest of Vic.
2139706,Mildura,Mildura,North West,Rest of Vic.
2139707,Mildura,Mildura,North West,Rest of Vic.
2139708,Mildura,Mildura,North West,Rest of Vic.
2139709,Mildura,Mildura,North West,Rest of Vic.
2139710,Mildura,Mildura,North West,Rest of Vic.
2139711,Mildura,Mildura,North West,Rest of Vic.
2139712,Mildura,Mildura,North West,Rest of Vic.
2139713,Mildura,Mildura,North West,Rest of Vic.
2139714,Mildura,Mildura,North West,Rest of Vic.
2139715,Mildura,Mildura,North West,Rest of Vic.
2139716,Mildura,Mildura,North West,Rest of Vic.
2139717,Mildura,Mildura,North West,Rest of Vic.
2139718,Mildura,Mildura,North West,Rest of Vic.
2139719,Mildura,Mildura,North West,Rest of Vic.
2139720,Mildura,Mildura,North West,Rest of Vic.
2139721,Mildura,Mildura,North West,Rest of Vic.
2139722,Mildura,Mildura,North West,Rest of Vic.
2139723,Mildura,Mildura,North West,Rest of Vic.
2139724,Mildura,Mildura,North West,Rest of Vic.
2139725,Mildura,Mildura,North West,Rest of Vic.
2139726,Mildura,Mildura,North West,Rest of Vic.
2139727,Mildura,Mildura,North West,Rest of Vic.
2139728,Mildura,Mildura,North West,Rest of Vic.
2139729,Mildura,Mildura,North West,Rest of Vic.
2139730,Mildura,Mildura,North West,Rest of Vic.
2139731,Mildura,Mildura,North West,Rest of Vic.
2139732,Mildura,Mildura,North West,Rest of Vic.
2139733,Mildura,Mildura,North West,Rest of Vic.
2139734,Mildura,Mildura,North West,Rest of Vic.
2139735,Mildura,Mildura,North West,Rest of Vic.
2139736,Mildura,Mildura,North West,Rest of Vic.
2139737,Mildura,Mildura,North West,Rest of Vic.
2139738,Mildura,Mildura,North West,Rest of Vic.
2139739,Mildura,Mildura,North West,Rest of Vic.
2139740,Mildura,Mildura,North West,Rest of Vic.
2139741,Mildura,Mildura,North West,Rest of Vic.
2139742,Mildura,Mildura,North West,Rest of Vic.
2139743,Mildura,Mildura,North West,Rest of Vic.
2139744,Mildura,Mildura,North West,Rest of Vic.
2139745,Mildura,Mildura,North West,Rest of Vic.
2139746,Mildura,Mildura,North West,Rest of Vic.
2139747,Mildura,Mildura,North West,Rest of Vic.
2139748,Mildura,Mildura,North West,Rest of Vic.
2139749,Mildura,Mildura,North West,Rest of Vic.
2139750,Mildura,Mildura,North West,Rest of Vic.
2139751,Mildura,Mildura,North West,Rest of Vic.
2139752,Mildura,Mildura,North West,Rest of Vic.
2139753,Mildura,Mildura,North West,Rest of Vic.
2139754,Mildura,Mildura,North West,Rest of Vic.
2139755,Mildura,Mildura,North West,Rest of Vic.
2139756,Mildura,Mildura,North West,Rest of Vic.
2139757,Mildura,Mildura,North West,Rest of Vic.
2139758,Mildura,Mildura,North West,Rest of Vic.
2139759,Mildura,Mildura,North West,Rest of Vic.
2139760,Mildura,Mildura,North West,Rest of Vic.
2139761,Mildura,Mildura,North West,Rest of Vic.
2139762,Mildura,Mildura,North West,Rest of Vic.
2139763,Mildura,Mildura,North West,Rest of Vic.
2139764,Mildura,Mildura,North West,Rest of Vic.
2139765,Mildura,Mildura,North West,Rest of Vic.
2139766,Mildura,Mildura,North West,Rest of Vic.
2139767,Mildura,Mildura,North West,Rest of Vic.
2139768,Mildura,Mildura,North West,Rest of Vic.
2139769,Mildura,Mildura,North West,Rest of Vic.
2139770,Mildura,Mildura,North West,Rest of Vic.
2139771,Mildura,Mildura,North West,Rest of Vic.
2139772,Mildura,Mildura,North West,Rest of Vic.
2139773,Mildura,Mildura,North West,Rest of Vic.
2139774,Mildura,Mildura,North West,Rest of Vic.
2139801,Mildura Region,Mildura,North West,Rest of Vic.
2139802,Mildura Region,Mildura,North West,Rest of Vic.
2139803,Mildura Region,Mildura,North West,Rest of Vic.
2139804,Mildura Region,Mildura,North West,Rest of Vic.
2139805,Mildura Region,Mildura,North West,Rest of Vic.
2139806,Mildura Region,Mildura,North West,Rest of Vic.
2139807,Mildura Region,Mildura,North West,Rest of Vic.
2139808,Mildura Region,Mildura,North West,Rest of Vic.
2139809,Mildura Region,Mildura,North West,Rest of Vic.
2139810,Mildura Region,Mildura,North West,Rest of Vic.
2139811,Mildura Region,Mildura,North West,Rest of Vic.
2139812,Mildura Region,Mildura,North West,Rest of Vic.
2139813,Mildura Region,Mildura,North West,Rest of Vic.
2139814,Mildura Region,Mildura,North West,Rest of Vic.
2139815,Mildura Region,Mildura,North West,Rest of Vic.
2139901,Red Cliffs,Mildura,North West,Rest of Vic.
2139902,Red Cliffs,Mildura,North West,Rest of Vic.
2139903,Red Cliffs,Mildura,North West,Rest of Vic.
2139904,Red Cliffs,Mildura,North West,Rest of Vic.
2139905,Red Cliffs,Mildura,North West,Rest of Vic.
2139906,Red Cliffs,Mildura,North West,Rest of Vic.
2139907,Red Cliffs,Mildura,North West,Rest of Vic.
2139908,Red Cliffs,Mildura,North West,Rest of Vic.
2139909,Red Cliffs,Mildura,North West,Rest of Vic.
2139910,Red Cliffs,Mildura,North West,Rest of Vic.
2139911,Red Cliffs,Mildura,North West,Rest of Vic.
2139912,Red Cliffs,Mildura,North West,Rest of Vic.
2139913,Red Cliffs,Mildura,North West,Rest of Vic.
2139914,Red Cliffs,Mildura,North West,Rest of Vic.
2139915,Red Cliffs,Mildura,North West,Rest of Vic.
2139916,Red Cliffs,Mildura,North West,Rest of Vic.
2139917,Red Cliffs,Mildura,North West,Rest of Vic.
2140001,Buloke,Murray River - Swan Hill,North West,Rest of Vic.
2140002,Buloke,Murray River - Swan Hill,North West,Rest of Vic.
2140003,Buloke,Murray River - Swan Hill,North West,Rest of Vic.
2140004,Buloke,Murray River - Swan Hill,North West,Rest of Vic.
2140005,Buloke,Murray River - Swan Hill,North West,Rest of Vic.
2140006,Buloke,Murray River - Swan Hill,North West,Rest of Vic.
2140007,Buloke,Murray River - Swan Hill,North West,Rest of Vic.
2140008,Buloke,Murray River - Swan Hill,North West,Rest of Vic.
2140009,Buloke,Murray River - Swan Hill,North West,Rest of Vic.
2140010,Buloke,Murray River - Swan Hill,North West,Rest of Vic.
2140011,Buloke,Murray River - Swan Hill,North West,Rest of Vic.
2140012,Buloke,Murray River - Swan Hill,North West,Rest of Vic.
2140013,Buloke,Murray River - Swan Hill,North West,Rest of Vic.
2140014,Buloke,Murray River - Swan Hill,North West,Rest of Vic.
2140015,Buloke,Murray River - Swan Hill,North West,Rest of Vic.
2140016,Buloke,Murray River - Swan Hill,North West,Rest of Vic.
2140017,Buloke,Murray River - Swan Hill,North West,Rest of Vic.
2140018,Buloke,Murray River - Swan Hill,North West,Rest of Vic.
2140019,Buloke,Murray River - Swan Hill,North West,Rest of Vic.
2140020,Buloke,Murray River - Swan Hill,North West,Rest of Vic.
2140021,Buloke,Murray River - Swan Hill,North West,Rest of Vic.
2140101,Gannawarra,Murray River - Swan Hill,North West,Rest of Vic.
2140102,Gannawarra,Murray River - Swan Hill,North West,Rest of Vic.
2140103,Gannawarra,Murray River - Swan Hill,North West,Rest of Vic.
2140104,Gannawarra,Murray River - Swan Hill,North West,Rest of Vic.
2140105,Gannawarra,Murray River - Swan Hill,North West,Rest of Vic.
2140106,Gannawarra,Murray River - Swan Hill,North West,Rest of Vic.
2140107,Gannawarra,Murray River - Swan Hill,North West,Rest of Vic.
2140108,Gannawarra,Murray River - Swan Hill,North West,Rest of Vic.
2140109,Gannawarra,Murray River - Swan Hill,North West,Rest of Vic.
2140110,Gannawarra,Murray River - Swan Hill,North West,Rest of Vic.
2140111,Gannawarra,Murray River - Swan Hill,North West,Rest of Vic.
2140112,Gannawarra,Murray River - Swan Hill,North West,Rest of Vic.
2140113,Gannawarra,Murray River - Swan Hill,North West,Rest of Vic.
2140114,Gannawarra,Murray River - Swan Hill,North West,Rest of Vic.
2140115,Gannawarra,Murray River - Swan Hill,North West,Rest of Vic.
2140116,Gannawarra,Murray River - Swan Hill,North West,Rest of Vic.
2140117,Gannawarra,Murray River - Swan Hill,North West,Rest of Vic.
2140118,Gannawarra,Murray River - Swan Hill,North West,Rest of Vic.
2140119,Gannawarra,Murray River - Swan Hill,North West,Rest of Vic.
2140120,Gannawarra,Murray River - Swan Hill,North West,Rest of Vic.
2140121,Gannawarra,Murray River - Swan Hill,North West,Rest of Vic.
2140122,Gannawarra,Murray River - Swan Hill,North West,Rest of Vic.
2140123,Gannawarra,Murray River - Swan Hill,North West,Rest of Vic.
2140201,Kerang,Murray River - Swan Hill,North West,Rest of Vic.
2140202,Kerang,Murray River - Swan Hill,North West,Rest of Vic.
2140203,Kerang,Murray River - Swan Hill,North West,Rest of Vic.
2140204,Kerang,Murray River - Swan Hill,North West,Rest of Vic.
2140205,Kerang,Murray River - Swan Hill,North West,Rest of Vic.
2140206,Kerang,Murray River - Swan Hill,North West,Rest of Vic.
2140207,Kerang,Murray River - Swan Hill,North West,Rest of Vic.
2140208,Kerang,Murray River - Swan Hill,North West,Rest of Vic.
2140209,Kerang,Murray River - Swan Hill,North West,Rest of Vic.
2140210,Kerang,Murray River - Swan Hill,North West,Rest of Vic.
2140211,Kerang,Murray River - Swan Hill,North West,Rest of Vic.
2140212,Kerang,Murray River - Swan Hill,North West,Rest of Vic.
2140213,Kerang,Murray River - Swan Hill,North West,Rest of Vic.
2140301,Robinvale,Murray River - Swan Hill,North West,Rest of Vic.
2140302,Robinvale,Murray River - Swan Hill,North West,Rest of Vic.
2140303,Robinvale,Murray River - Swan Hill,North West,Rest of Vic.
2140304,Robinvale,Murray River - Swan Hill,North West,Rest of Vic.
2140305,Robinvale,Murray River - Swan Hill,North West,Rest of Vic.
2140306,Robinvale,Murray River - Swan Hill,North West,Rest of Vic.
2140307,Robinvale,Murray River - Swan Hill,North West,Rest of Vic.
2140308,Robinvale,Murray River - Swan Hill,North West,Rest of Vic.
2140309,Robinvale,Murray River - Swan Hill,North West,Rest of Vic.
2140310,Robinvale,Murray River - Swan Hill,North West,Rest of Vic.
2140311,Robinvale,Murray River - Swan Hill,North West,Rest of Vic.
2140312,Robinvale,Murray River - Swan Hill,North West,Rest of Vic.
2140401,Swan Hill,Murray River - Swan Hill,North West,Rest of Vic.
2140402,Swan Hill,Murray River - Swan Hill,North West,Rest of Vic.
2140403,Swan Hill,Murray River - Swan Hill,North West,Rest of Vic.
2140404,Swan Hill,Murray River - Swan Hill,North West,Rest of Vic.
2140405,Swan Hill,Murray River - Swan Hill,North West,Rest of Vic.
2140406,Swan Hill,Murray River - Swan Hill,North West,Rest of Vic.
2140407,Swan Hill,Murray River - Swan Hill,North West,Rest of Vic.
2140408,Swan Hill,Murray River - Swan Hill,North West,Rest of Vic.
2140409,Swan Hill,Murray River - Swan Hill,North West,Rest of Vic.
2140410,Swan Hill,Murray River - Swan Hill,North West,Rest of Vic.
2140411,Swan Hill,Murray River - Swan Hill,North West,Rest of Vic.
2140412,Swan Hill,Murray River - Swan Hill,North West,Rest of Vic.
2140413,Swan Hill,Murray River - Swan Hill,North West,Rest of Vic.
2140414,Swan Hill,Murray River - Swan Hill,North West,Rest of Vic.
2140415,Swan Hill,Murray River - Swan Hill,North West,Rest of Vic.
2140416,Swan Hill,Murray River - Swan Hill,North West,Rest of Vic.
2140417,Swan Hill,Murray River - Swan Hill,North West,Rest of Vic.
2140418,Swan Hill,Murray River - Swan Hill,North West,Rest of Vic.
2140419,Swan Hill,Murray River - Swan Hill,North West,Rest of Vic.
2140420,Swan Hill,Murray River - Swan Hill,North West,Rest of Vic.
2140421,Swan Hill,Murray River - Swan Hill,North West,Rest of Vic.
2140422,Swan Hill,Murray River - Swan Hill,North West,Rest of Vic.
2140423,Swan Hill,Murray River - Swan Hill,North West,Rest of Vic.
2140424,Swan Hill,Murray River - Swan Hill,North West,Rest of Vic.
2140425,Swan Hill,Murray River - Swan Hill,North West,Rest of Vic.
2140426,Swan Hill,Murray River - Swan Hill,North West,Rest of Vic.
2140427,Swan Hill,Murray River - Swan Hill,North West,Rest of Vic.
2140501,Swan Hill Region,Murray River - Swan Hill,North West,Rest of Vic.
2140502,Swan Hill Region,Murray River - Swan Hill,North West,Rest of Vic.
2140503,Swan Hill Region,Murray River - Swan Hill,North West,Rest of Vic.
2140504,Swan Hill Region,Murray River - Swan Hill,North West,Rest of Vic.
2140505,Swan Hill Region,Murray River - Swan Hill,North West,Rest of Vic.
2140506,Swan Hill Region,Murray River - Swan Hill,North West,Rest of Vic.
2140507,Swan Hill Region,Murray River - Swan Hill,North West,Rest of Vic.
2140508,Swan Hill Region,Murray River - Swan Hill,North West,Rest of Vic.
2140509,Swan Hill Region,Murray River - Swan Hill,North West,Rest of Vic.
2140510,Swan Hill Region,Murray River - Swan Hill,North West,Rest of Vic.
2140511,Swan Hill Region,Murray River - Swan Hill,North West,Rest of Vic.
2140512,Swan Hill Region,Murray River - Swan Hill,North West,Rest of Vic.
2140513,Swan Hill Region,Murray River - Swan Hill,North West,Rest of Vic.
2140514,Swan Hill Region,Murray River - Swan Hill,North West,Rest of Vic.
2140515,Swan Hill Region,Murray River - Swan Hill,North West,Rest of Vic.
2140516,Swan Hill Region,Murray River - Swan Hill,North West,Rest of Vic.
2140517,Swan Hill Region,Murray River - Swan Hill,North West,Rest of Vic.
2140518,Swan Hill Region,Murray River - Swan Hill,North West,Rest of Vic.
2140519,Swan Hill Region,Murray River - Swan Hill,North West,Rest of Vic.
2140520,Swan Hill Region,Murray River - Swan Hill,North West,Rest of Vic.
2140521,Swan Hill Region,Murray River - Swan Hill,North West,Rest of Vic.
2140522,Swan Hill Region,Murray River - Swan Hill,North West,Rest of Vic.
2140523,Swan Hill Region,Murray River - Swan Hill,North West,Rest of Vic.
2140601,Echuca,Campaspe,Shepparton,Rest of Vic.
2140602,Echuca,Campaspe,Shepparton,Rest of Vic.
2140603,Echuca,Campaspe,Shepparton,Rest of Vic.
2140604,Echuca,Campaspe,Shepparton,Rest of Vic.
2140605,Echuca,Campaspe,Shepparton,Rest of Vic.
2140606,Echuca,Campaspe,Shepparton,Rest of Vic.
2140607,Echuca,Campaspe,Shepparton,Rest of Vic.
2140608,Echuca,Campaspe,Shepparton,Rest of Vic.
2140609,Echuca,Campaspe,Shepparton,Rest of Vic.
2140610,Echuca,Campaspe,Shepparton,Rest of Vic.
2140611,Echuca,Campaspe,Shepparton,Rest of Vic.
2140612,Echuca,Campaspe,Shepparton,Rest of Vic.
2140613,Echuca,Campaspe,Shepparton,Rest of Vic.
2140614,Echuca,Campaspe,Shepparton,Rest of Vic.
2140615,Echuca,Campaspe,Shepparton,Rest of Vic.
2140616,Echuca,Campaspe,Shepparton,Rest of Vic.
2140617,Echuca,Campaspe,Shepparton,Rest of Vic.
2140618,Echuca,Campaspe,Shepparton,Rest of Vic.
2140619,Echuca,Campaspe,Shepparton,Rest of Vic.
2140620,Echuca,Campaspe,Shepparton,Rest of Vic.
2140621,Echuca,Campaspe,Shepparton,Rest of Vic.
2140622,Echuca,Campaspe,Shepparton,Rest of Vic.
2140623,Echuca,Campaspe,Shepparton,Rest of Vic.
2140624,Echuca,Campaspe,Shepparton,Rest of Vic.
2140625,Echuca,Campaspe,Shepparton,Rest of Vic.
2140626,Echuca,Campaspe,Shepparton,Rest of Vic.
2140627,Echuca,Campaspe,Shepparton,Rest of Vic.
2140628,Echuca,Campaspe,Shepparton,Rest of Vic.
2140629,Echuca,Campaspe,Shepparton,Rest of Vic.
2140630,Echuca,Campaspe,Shepparton,Rest of Vic.
2140631,Echuca,Campaspe,Shepparton,Rest of Vic.
2140632,Echuca,Campaspe,Shepparton,Rest of Vic.
2140633,Echuca,Campaspe,Shepparton,Rest of Vic.
2140634,Echuca,Campaspe,Shepparton,Rest of Vic.
2140635,Echuca,Campaspe,Shepparton,Rest of Vic.
2140636,Echuca,Campaspe,Shepparton,Rest of Vic.
2140637,Echuca,Campaspe,Shepparton,Rest of Vic.
2140638,Echuca,Campaspe,Shepparton,Rest of Vic.
2140639,Echuca,Campaspe,Shepparton,Rest of Vic.
2140640,Echuca,Campaspe,Shepparton,Rest of Vic.
2140701,Kyabram,Campaspe,Shepparton,Rest of Vic.
2140702,Kyabram,Campaspe,Shepparton,Rest of Vic.
2140703,Kyabram,Campaspe,Shepparton,Rest of Vic.
2140704,Kyabram,Campaspe,Shepparton,Rest of Vic.
2140705,Kyabram,Campaspe,Shepparton,Rest of Vic.
2140706,Kyabram,Campaspe,Shepparton,Rest of Vic.
2140707,Kyabram,Campaspe,Shepparton,Rest of Vic.
2140708,Kyabram,Campaspe,Shepparton,Rest of Vic.
2140709,Kyabram,Campaspe,Shepparton,Rest of Vic.
2140710,Kyabram,Campaspe,Shepparton,Rest of Vic.
2140711,Kyabram,Campaspe,Shepparton,Rest of Vic.
2140712,Kyabram,Campaspe,Shepparton,Rest of Vic.
2140713,Kyabram,Campaspe,Shepparton,Rest of Vic.
2140714,Kyabram,Campaspe,Shepparton,Rest of Vic.
2140715,Kyabram,Campaspe,Shepparton,Rest of Vic.
2140716,Kyabram,Campaspe,Shepparton,Rest of Vic.
2140717,Kyabram,Campaspe,Shepparton,Rest of Vic.
2140718,Kyabram,Campaspe,Shepparton,Rest of Vic.
2140719,Kyabram,Campaspe,Shepparton,Rest of Vic.
2140720,Kyabram,Campaspe,Shepparton,Rest of Vic.
2140721,Kyabram,Campaspe,Shepparton,Rest of Vic.
2140722,Kyabram,Campaspe,Shepparton,Rest of Vic.
2140723,Kyabram,Campaspe,Shepparton,Rest of Vic.
2140724,Kyabram,Campaspe,Shepparton,Rest of Vic.
2140725,Kyabram,Campaspe,Shepparton,Rest of Vic.
2140726,Kyabram,Campaspe,Shepparton,Rest of Vic.
2140727,Kyabram,Campaspe,Shepparton,Rest of Vic.
2140728,Kyabram,Campaspe,Shepparton,Rest of Vic.
2140729,Kyabram,Campaspe,Shepparton,Rest of Vic.
2140730,Kyabram,Campaspe,Shepparton,Rest of Vic.
2140801,Lockington - Gunbower,Campaspe,Shepparton,Rest of Vic.
2140802,Lockington - Gunbower,Campaspe,Shepparton,Rest of Vic.
2140803,Lockington - Gunbower,Campaspe,Shepparton,Rest of Vic.
2140804,Lockington - Gunbower,Campaspe,Shepparton,Rest of Vic.
2140805,Lockington - Gunbower,Campaspe,Shepparton,Rest of Vic.
2140806,Lockington - Gunbower,Campaspe,Shepparton,Rest of Vic.
2140807,Lockington - Gunbower,Campaspe,Shepparton,Rest of Vic.
2140808,Lockington - Gunbower,Campaspe,Shepparton,Rest of Vic.
2140809,Lockington - Gunbower,Campaspe,Shepparton,Rest of Vic.
2140810,Lockington - Gunbower,Campaspe,Shepparton,Rest of Vic.
2140811,Lockington - Gunbower,Campaspe,Shepparton,Rest of Vic.
2140812,Lockington - Gunbower,Campaspe,Shepparton,Rest of Vic.
2140813,Lockington - Gunbower,Campaspe,Shepparton,Rest of Vic.
2140901,Rochester,Campaspe,Shepparton,Rest of Vic.
2140902,Rochester,Campaspe,Shepparton,Rest of Vic.
2140903,Rochester,Campaspe,Shepparton,Rest of Vic.
2140904,Rochester,Campaspe,Shepparton,Rest of Vic.
2140905,Rochester,Campaspe,Shepparton,Rest of Vic.
2140906,Rochester,Campaspe,Shepparton,Rest of Vic.
2140907,Rochester,Campaspe,Shepparton,Rest of Vic.
2140908,Rochester,Campaspe,Shepparton,Rest of Vic.
2140909,Rochester,Campaspe,Shepparton,Rest of Vic.
2140910,Rochester,Campaspe,Shepparton,Rest of Vic.
2140911,Rochester,Campaspe,Shepparton,Rest of Vic.
2141001,Rushworth,Campaspe,Shepparton,Rest of Vic.
2141002,Rushworth,Campaspe,Shepparton,Rest of Vic.
2141003,Rushworth,Campaspe,Shepparton,Rest of Vic.
2141004,Rushworth,Campaspe,Shepparton,Rest of Vic.
2141005,Rushworth,Campaspe,Shepparton,Rest of Vic.
2141006,Rushworth,Campaspe,Shepparton,Rest of Vic.
2141007,Rushworth,Campaspe,Shepparton,Rest of Vic.
2141008,Rushworth,Campaspe,Shepparton,Rest of Vic.
2141009,Rushworth,Campaspe,Shepparton,Rest of Vic.
2141010,Rushworth,Campaspe,Shepparton,Rest of Vic.
2141011,Rushworth,Campaspe,Shepparton,Rest of Vic.
2141012,Rushworth,Campaspe,Shepparton,Rest of Vic.
2141013,Rushworth,Campaspe,Shepparton,Rest of Vic.
2141014,Rushworth,Campaspe,Shepparton,Rest of Vic.
2141101,Cobram,Moira,Shepparton,Rest of Vic.
2141102,Cobram,Moira,Shepparton,Rest of Vic.
2141103,Cobram,Moira,Shepparton,Rest of Vic.
2141104,Cobram,Moira,Shepparton,Rest of Vic.
2141105,Cobram,Moira,Shepparton,Rest of Vic.
2141106,Cobram,Moira,Shepparton,Rest of Vic.
2141107,Cobram,Moira,Shepparton,Rest of Vic.
2141108,Cobram,Moira,Shepparton,Rest of Vic.
2141109,Cobram,Moira,Shepparton,Rest of Vic.
2141110,Cobram,Moira,Shepparton,Rest of Vic.
2141111,Cobram,Moira,Shepparton,Rest of Vic.
2141112,Cobram,Moira,Shepparton,Rest of Vic.
2141113,Cobram,Moira,Shepparton,Rest of Vic.
2141114,Cobram,Moira,Shepparton,Rest of Vic.
2141115,Cobram,Moira,Shepparton,Rest of Vic.
2141116,Cobram,Moira,Shepparton,Rest of Vic.
2141117,Cobram,Moira,Shepparton,Rest of Vic.
2141201,Moira,Moira,Shepparton,Rest of Vic.
2141202,Moira,Moira,Shepparton,Rest of Vic.
2141203,Moira,Moira,Shepparton,Rest of Vic.
2141204,Moira,Moira,Shepparton,Rest of Vic.
2141205,Moira,Moira,Shepparton,Rest of Vic.
2141206,Moira,Moira,Shepparton,Rest of Vic.
2141207,Moira,Moira,Shepparton,Rest of Vic.
2141208,Moira,Moira,Shepparton,Rest of Vic.
2141209,Moira,Moira,Shepparton,Rest of Vic.
2141301,Numurkah,Moira,Shepparton,Rest of Vic.
2141302,Numurkah,Moira,Shepparton,Rest of Vic.
2141303,Numurkah,Moira,Shepparton,Rest of Vic.
2141304,Numurkah,Moira,Shepparton,Rest of Vic.
2141305,Numurkah,Moira,Shepparton,Rest of Vic.
2141306,Numurkah,Moira,Shepparton,Rest of Vic.
2141307,Numurkah,Moira,Shepparton,Rest of Vic.
2141308,Numurkah,Moira,Shepparton,Rest of Vic.
2141309,Numurkah,Moira,Shepparton,Rest of Vic.
2141310,Numurkah,Moira,Shepparton,Rest of Vic.
2141311,Numurkah,Moira,Shepparton,Rest of Vic.
2141312,Numurkah,Moira,Shepparton,Rest of Vic.
2141313,Numurkah,Moira,Shepparton,Rest of Vic.
2141314,Numurkah,Moira,Shepparton,Rest of Vic.
2141315,Numurkah,Moira,Shepparton,Rest of Vic.
2141316,Numurkah,Moira,Shepparton,Rest of Vic.
2141317,Numurkah,Moira,Shepparton,Rest of Vic.
2141318,Numurkah,Moira,Shepparton,Rest of Vic.
2141319,Numurkah,Moira,Shepparton,Rest of Vic.
2141320,Numurkah,Moira,Shepparton,Rest of Vic.
2141321,Numurkah,Moira,Shepparton,Rest of Vic.
2141322,Numurkah,Moira,Shepparton,Rest of Vic.
2141323,Numurkah,Moira,Shepparton,Rest of Vic.
2141324,Numurkah,Moira,Shepparton,Rest of Vic.
2141325,Numurkah,Moira,Shepparton,Rest of Vic.
2141326,Numurkah,Moira,Shepparton,Rest of Vic.
2141327,Numurkah,Moira,Shepparton,Rest of Vic.
2141328,Numurkah,Moira,Shepparton,Rest of Vic.
2141329,Numurkah,Moira,Shepparton,Rest of Vic.
2141330,Numurkah,Moira,Shepparton,Rest of Vic.
2141331,Numurkah,Moira,Shepparton,Rest of Vic.
2141332,Numurkah,Moira,Shepparton,Rest of Vic.
2141333,Numurkah,Moira,Shepparton,Rest of Vic.
2141334,Numurkah,Moira,Shepparton,Rest of Vic.
2141335,Numurkah,Moira,Shepparton,Rest of Vic.
2141336,Numurkah,Moira,Shepparton,Rest of Vic.
2141337,Numurkah,Moira,Shepparton,Rest of Vic.
2141338,Numurkah,Moira,Shepparton,Rest of Vic.
2141401,Yarrawonga,Moira,Shepparton,Rest of Vic.
2141402,Yarrawonga,Moira,Shepparton,Rest of Vic.
2141403,Yarrawonga,Moira,Shepparton,Rest of Vic.
2141404,Yarrawonga,Moira,Shepparton,Rest of Vic.
2141405,Yarrawonga,Moira,Shepparton,Rest of Vic.
2141406,Yarrawonga,Moira,Shepparton,Rest of Vic.
2141407,Yarrawonga,Moira,Shepparton,Rest of Vic.
2141408,Yarrawonga,Moira,Shepparton,Rest of Vic.
2141409,Yarrawonga,Moira,Shepparton,Rest of Vic.
2141410,Yarrawonga,Moira,Shepparton,Rest of Vic.
2141411,Yarrawonga,Moira,Shepparton,Rest of Vic.
2141412,Yarrawonga,Moira,Shepparton,Rest of Vic.
2141413,Yarrawonga,Moira,Shepparton,Rest of Vic.
2141414,Yarrawonga,Moira,Shepparton,Rest of Vic.
2141415,Yarrawonga,Moira,Shepparton,Rest of Vic.
2141416,Yarrawonga,Moira,Shepparton,Rest of Vic.
2141417,Yarrawonga,Moira,Shepparton,Rest of Vic.
2141418,Yarrawonga,Moira,Shepparton,Rest of Vic.
2141501,Mooroopna,Shepparton,Shepparton,Rest of Vic.
2141502,Mooroopna,Shepparton,Shepparton,Rest of Vic.
2141503,Mooroopna,Shepparton,Shepparton,Rest of Vic.
2141504,Mooroopna,Shepparton,Shepparton,Rest of Vic.
2141505,Mooroopna,Shepparton,Shepparton,Rest of Vic.
2141506,Mooroopna,Shepparton,Shepparton,Rest of Vic.
2141507,Mooroopna,Shepparton,Shepparton,Rest of Vic.
2141508,Mooroopna,Shepparton,Shepparton,Rest of Vic.
2141509,Mooroopna,Shepparton,Shepparton,Rest of Vic.
2141510,Mooroopna,Shepparton,Shepparton,Rest of Vic.
2141511,Mooroopna,Shepparton,Shepparton,Rest of Vic.
2141512,Mooroopna,Shepparton,Shepparton,Rest of Vic.
2141513,Mooroopna,Shepparton,Shepparton,Rest of Vic.
2141514,Mooroopna,Shepparton,Shepparton,Rest of Vic.
2141515,Mooroopna,Shepparton,Shepparton,Rest of Vic.
2141516,Mooroopna,Shepparton,Shepparton,Rest of Vic.
2141517,Mooroopna,Shepparton,Shepparton,Rest of Vic.
2141518,Mooroopna,Shepparton,Shepparton,Rest of Vic.
2141519,Mooroopna,Shepparton,Shepparton,Rest of Vic.
2141520,Mooroopna,Shepparton,Shepparton,Rest of Vic.
2141601,Shepparton - North,Shepparton,Shepparton,Rest of Vic.
2141602,Shepparton - North,Shepparton,Shepparton,Rest of Vic.
2141603,Shepparton - North,Shepparton,Shepparton,Rest of Vic.
2141604,Shepparton - North,Shepparton,Shepparton,Rest of Vic.
2141605,Shepparton - North,Shepparton,Shepparton,Rest of Vic.
2141606,Shepparton - North,Shepparton,Shepparton,Rest of Vic.
2141607,Shepparton - North,Shepparton,Shepparton,Rest of Vic.
2141608,Shepparton - North,Shepparton,Shepparton,Rest of Vic.
2141609,Shepparton - North,Shepparton,Shepparton,Rest of Vic.
2141610,Shepparton - North,Shepparton,Shepparton,Rest of Vic.
2141611,Shepparton - North,Shepparton,Shepparton,Rest of Vic.
2141612,Shepparton - North,Shepparton,Shepparton,Rest of Vic.
2141613,Shepparton - North,Shepparton,Shepparton,Rest of Vic.
2141614,Shepparton - North,Shepparton,Shepparton,Rest of Vic.
2141615,Shepparton - North,Shepparton,Shepparton,Rest of Vic.
2141616,Shepparton - North,Shepparton,Shepparton,Rest of Vic.
2141617,Shepparton - North,Shepparton,Shepparton,Rest of Vic.
2141618,Shepparton - North,Shepparton,Shepparton,Rest of Vic.
2141619,Shepparton - North,Shepparton,Shepparton,Rest of Vic.
2141620,Shepparton - North,Shepparton,Shepparton,Rest of Vic.
2141621,Shepparton - North,Shepparton,Shepparton,Rest of Vic.
2141622,Shepparton - North,Shepparton,Shepparton,Rest of Vic.
2141623,Shepparton - North,Shepparton,Shepparton,Rest of Vic.
2141624,Shepparton - North,Shepparton,Shepparton,Rest of Vic.
2141625,Shepparton - North,Shepparton,Shepparton,Rest of Vic.
2141626,Shepparton - North,Shepparton,Shepparton,Rest of Vic.
2141627,Shepparton - North,Shepparton,Shepparton,Rest of Vic.
2141628,Shepparton - North,Shepparton,Shepparton,Rest of Vic.
2141629,Shepparton - North,Shepparton,Shepparton,Rest of Vic.
2141630,Shepparton - North,Shepparton,Shepparton,Rest of Vic.
2141631,Shepparton - North,Shepparton,Shepparton,Rest of Vic.
2141632,Shepparton - North,Shepparton,Shepparton,Rest of Vic.
2141633,Shepparton - North,Shepparton,Shepparton,Rest of Vic.
2141634,Shepparton - North,Shepparton,Shepparton,Rest of Vic.
2141635,Shepparton - North,Shepparton,Shepparton,Rest of Vic.
2141636,Shepparton - North,Shepparton,Shepparton,Rest of Vic.
2141637,Shepparton - North,Shepparton,Shepparton,Rest of Vic.
2141638,Shepparton - North,Shepparton,Shepparton,Rest of Vic.
2141639,Shepparton - North,Shepparton,Shepparton,Rest of Vic.
2141640,Shepparton - North,Shepparton,Shepparton,Rest of Vic.
2141641,Shepparton - North,Shepparton,Shepparton,Rest of Vic.
2141642,Shepparton - North,Shepparton,Shepparton,Rest of Vic.
2141643,Shepparton - North,Shepparton,Shepparton,Rest of Vic.
2141644,Shepparton - North,Shepparton,Shepparton,Rest of Vic.
2141701,Shepparton - South,Shepparton,Shepparton,Rest of Vic.
2141702,Shepparton - South,Shepparton,Shepparton,Rest of Vic.
2141703,Shepparton - South,Shepparton,Shepparton,Rest of Vic.
2141704,Shepparton - South,Shepparton,Shepparton,Rest of Vic.
2141705,Shepparton - South,Shepparton,Shepparton,Rest of Vic.
2141706,Shepparton - South,Shepparton,Shepparton,Rest of Vic.
2141707,Shepparton - South,Shepparton,Shepparton,Rest of Vic.
2141708,Shepparton - South,Shepparton,Shepparton,Rest of Vic.
2141709,Shepparton - South,Shepparton,Shepparton,Rest of Vic.
2141710,Shepparton - South,Shepparton,Shepparton,Rest of Vic.
2141711,Shepparton - South,Shepparton,Shepparton,Rest of Vic.
2141712,Shepparton - South,Shepparton,Shepparton,Rest of Vic.
2141713,Shepparton - South,Shepparton,Shepparton,Rest of Vic.
2141714,Shepparton - South,Shepparton,Shepparton,Rest of Vic.
2141715,Shepparton - South,Shepparton,Shepparton,Rest of Vic.
2141716,Shepparton - South,Shepparton,Shepparton,Rest of Vic.
2141717,Shepparton - South,Shepparton,Shepparton,Rest of Vic.
2141718,Shepparton - South,Shepparton,Shepparton,Rest of Vic.
2141719,Shepparton - South,Shepparton,Shepparton,Rest of Vic.
2141720,Shepparton - South,Shepparton,Shepparton,Rest of Vic.
2141721,Shepparton - South,Shepparton,Shepparton,Rest of Vic.
2141722,Shepparton - South,Shepparton,Shepparton,Rest of Vic.
2141723,Shepparton - South,Shepparton,Shepparton,Rest of Vic.
2141724,Shepparton - South,Shepparton,Shepparton,Rest of Vic.
2141725,Shepparton - South,Shepparton,Shepparton,Rest of Vic.
2141726,Shepparton - South,Shepparton,Shepparton,Rest of Vic.
2141727,Shepparton - South,Shepparton,Shepparton,Rest of Vic.
2141728,Shepparton - South,Shepparton,Shepparton,Rest of Vic.
2141729,Shepparton - South,Shepparton,Shepparton,Rest of Vic.
2141730,Shepparton - South,Shepparton,Shepparton,Rest of Vic.
2141731,Shepparton - South,Shepparton,Shepparton,Rest of Vic.
2141732,Shepparton - South,Shepparton,Shepparton,Rest of Vic.
2141733,Shepparton - South,Shepparton,Shepparton,Rest of Vic.
2141734,Shepparton - South,Shepparton,Shepparton,Rest of Vic.
2141735,Shepparton - South,Shepparton,Shepparton,Rest of Vic.
2141736,Shepparton - South,Shepparton,Shepparton,Rest of Vic.
2141737,Shepparton - South,Shepparton,Shepparton,Rest of Vic.
2141738,Shepparton - South,Shepparton,Shepparton,Rest of Vic.
2141739,Shepparton - South,Shepparton,Shepparton,Rest of Vic.
2141740,Shepparton - South,Shepparton,Shepparton,Rest of Vic.
2141741,Shepparton - South,Shepparton,Shepparton,Rest of Vic.
2141742,Shepparton - South,Shepparton,Shepparton,Rest of Vic.
2141743,Shepparton - South,Shepparton,Shepparton,Rest of Vic.
2141744,Shepparton - South,Shepparton,Shepparton,Rest of Vic.
2141745,Shepparton - South,Shepparton,Shepparton,Rest of Vic.
2141746,Shepparton - South,Shepparton,Shepparton,Rest of Vic.
2141747,Shepparton - South,Shepparton,Shepparton,Rest of Vic.
2141748,Shepparton - South,Shepparton,Shepparton,Rest of Vic.
2141749,Shepparton - South,Shepparton,Shepparton,Rest of Vic.
2141750,Shepparton - South,Shepparton,Shepparton,Rest of Vic.
2141751,Shepparton - South,Shepparton,Shepparton,Rest of Vic.
2141801,Shepparton Region - East,Shepparton,Shepparton,Rest of Vic.
2141802,Shepparton Region - East,Shepparton,Shepparton,Rest of Vic.
2141803,Shepparton Region - East,Shepparton,Shepparton,Rest of Vic.
2141804,Shepparton Region - East,Shepparton,Shepparton,Rest of Vic.
2141805,Shepparton Region - East,Shepparton,Shepparton,Rest of Vic.
2141806,Shepparton Region - East,Shepparton,Shepparton,Rest of Vic.
2141807,Shepparton Region - East,Shepparton,Shepparton,Rest of Vic.
2141808,Shepparton Region - East,Shepparton,Shepparton,Rest of Vic.
2141809,Shepparton Region - East,Shepparton,Shepparton,Rest of Vic.
2141810,Shepparton Region - East,Shepparton,Shepparton,Rest of Vic.
2141811,Shepparton Region - East,Shepparton,Shepparton,Rest of Vic.
2141812,Shepparton Region - East,Shepparton,Shepparton,Rest of Vic.
2141813,Shepparton Region - East,Shepparton,Shepparton,Rest of Vic.
2141901,Shepparton Region - West,Shepparton,Shepparton,Rest of Vic.
2141902,Shepparton Region - West,Shepparton,Shepparton,Rest of Vic.
2141903,Shepparton Region - West,Shepparton,Shepparton,Rest of Vic.
2141904,Shepparton Region - West,Shepparton,Shepparton,Rest of Vic.
2141905,Shepparton Region - West,Shepparton,Shepparton,Rest of Vic.
2141906,Shepparton Region - West,Shepparton,Shepparton,Rest of Vic.
2141907,Shepparton Region - West,Shepparton,Shepparton,Rest of Vic.
2141908,Shepparton Region - West,Shepparton,Shepparton,Rest of Vic.
2141909,Shepparton Region - West,Shepparton,Shepparton,Rest of Vic.
2141910,Shepparton Region - West,Shepparton,Shepparton,Rest of Vic.
2141911,Shepparton Region - West,Shepparton,Shepparton,Rest of Vic.
2141912,Shepparton Region - West,Shepparton,Shepparton,Rest of Vic.
2141913,Shepparton Region - West,Shepparton,Shepparton,Rest of Vic.
2141914,Shepparton Region - West,Shepparton,Shepparton,Rest of Vic.
2141915,Shepparton Region - West,Shepparton,Shepparton,Rest of Vic.
2141916,Shepparton Region - West,Shepparton,Shepparton,Rest of Vic.
2141917,Shepparton Region - West,Shepparton,Shepparton,Rest of Vic.
2141918,Shepparton Region - West,Shepparton,Shepparton,Rest of Vic.
2141919,Shepparton Region - West,Shepparton,Shepparton,Rest of Vic.
2141920,Shepparton Region - West,Shepparton,Shepparton,Rest of Vic.
2141921,Shepparton Region - West,Shepparton,Shepparton,Rest of Vic.
2141922,Shepparton Region - West,Shepparton,Shepparton,Rest of Vic.
2141923,Shepparton Region - West,Shepparton,Shepparton,Rest of Vic.
2141924,Shepparton Region - West,Shepparton,Shepparton,Rest of Vic.
2141925,Shepparton Region - West,Shepparton,Shepparton,Rest of Vic.
2141926,Shepparton Region - West,Shepparton,Shepparton,Rest of Vic.
2141927,Shepparton Region - West,Shepparton,Shepparton,Rest of Vic.
2141928,Shepparton Region - West,Shepparton,Shepparton,Rest of Vic.
2141929,Shepparton Region - West,Shepparton,Shepparton,Rest of Vic.
2142001,Glenelg (Vic.),Glenelg - Southern Grampians,Warrnambool and South West,Rest of Vic.
2142002,Glenelg (Vic.),Glenelg - Southern Grampians,Warrnambool and South West,Rest of Vic.
2142003,Glenelg (Vic.),Glenelg - Southern Grampians,Warrnambool and South West,Rest of Vic.
2142004,Glenelg (Vic.),Glenelg - Southern Grampians,Warrnambool and South West,Rest of Vic.
2142005,Glenelg (Vic.),Glenelg - Southern Grampians,Warrnambool and South West,Rest of Vic.
2142006,Glenelg (Vic.),Glenelg - Southern Grampians,Warrnambool and South West,Rest of Vic.
2142007,Glenelg (Vic.),Glenelg - Southern Grampians,Warrnambool and South West,Rest of Vic.
2142008,Glenelg (Vic.),Glenelg - Southern Grampians,Warrnambool and South West,Rest of Vic.
2142009,Glenelg (Vic.),Glenelg - Southern Grampians,Warrnambool and South West,Rest of Vic.
2142010,Glenelg (Vic.),Glenelg - Southern Grampians,Warrnambool and South West,Rest of Vic.
2142011,Glenelg (Vic.),Glenelg - Southern Grampians,Warrnambool and South West,Rest of Vic.
2142012,Glenelg (Vic.),Glenelg - Southern Grampians,Warrnambool and South West,Rest of Vic.
2142013,Glenelg (Vic.),Glenelg - Southern Grampians,Warrnambool and South West,Rest of Vic.
2142014,Glenelg (Vic.),Glenelg - Southern Grampians,Warrnambool and South West,Rest of Vic.
2142015,Glenelg (Vic.),Glenelg - Southern Grampians,Warrnambool and South West,Rest of Vic.
2142016,Glenelg (Vic.),Glenelg - Southern Grampians,Warrnambool and South West,Rest of Vic.
2142017,Glenelg (Vic.),Glenelg - Southern Grampians,Warrnambool and South West,Rest of Vic.
2142018,Glenelg (Vic.),Glenelg - Southern Grampians,Warrnambool and South West,Rest of Vic.
2142019,Glenelg (Vic.),Glenelg - Southern Grampians,Warrnambool and South West,Rest of Vic.
2142020,Glenelg (Vic.),Glenelg - Southern Grampians,Warrnambool and South West,Rest of Vic.
2142021,Glenelg (Vic.),Glenelg - Southern Grampians,Warrnambool and South West,Rest of Vic.
2142022,Glenelg (Vic.),Glenelg - Southern Grampians,Warrnambool and South West,Rest of Vic.
2142023,Glenelg (Vic.),Glenelg - Southern Grampians,Warrnambool and South West,Rest of Vic.
2142024,Glenelg (Vic.),Glenelg - Southern Grampians,Warrnambool and South West,Rest of Vic.
2142025,Glenelg (Vic.),Glenelg - Southern Grampians,Warrnambool and South West,Rest of Vic.
2142026,Glenelg (Vic.),Glenelg - Southern Grampians,Warrnambool and South West,Rest of Vic.
2142027,Glenelg (Vic.),Glenelg - Southern Grampians,Warrnambool and South West,Rest of Vic.
2142028,Glenelg (Vic.),Glenelg - Southern Grampians,Warrnambool and South West,Rest of Vic.
2142029,Glenelg (Vic.),Glenelg - Southern Grampians,Warrnambool and South West,Rest of Vic.
2142030,Glenelg (Vic.),Glenelg - Southern Grampians,Warrnambool and South West,Rest of Vic.
2142031,Glenelg (Vic.),Glenelg - Southern Grampians,Warrnambool and South West,Rest of Vic.
2142101,Hamilton (Vic.),Glenelg - Southern Grampians,Warrnambool and South West,Rest of Vic.
2142102,Hamilton (Vic.),Glenelg - Southern Grampians,Warrnambool and South West,Rest of Vic.
2142103,Hamilton (Vic.),Glenelg - Southern Grampians,Warrnambool and South West,Rest of Vic.
2142104,Hamilton (Vic.),Glenelg - Southern Grampians,Warrnambool and South West,Rest of Vic.
2142105,Hamilton (Vic.),Glenelg - Southern Grampians,Warrnambool and South West,Rest of Vic.
2142106,Hamilton (Vic.),Glenelg - Southern Grampians,Warrnambool and South West,Rest of Vic.
2142107,Hamilton (Vic.),Glenelg - Southern Grampians,Warrnambool and South West,Rest of Vic.
2142108,Hamilton (Vic.),Glenelg - Southern Grampians,Warrnambool and South West,Rest of Vic.
2142109,Hamilton (Vic.),Glenelg - Southern Grampians,Warrnambool and South West,Rest of Vic.
2142110,Hamilton (Vic.),Glenelg - Southern Grampians,Warrnambool and South West,Rest of Vic.
2142111,Hamilton (Vic.),Glenelg - Southern Grampians,Warrnambool and South West,Rest of Vic.
2142112,Hamilton (Vic.),Glenelg - Southern Grampians,Warrnambool and South West,Rest of Vic.
2142113,Hamilton (Vic.),Glenelg - Southern Grampians,Warrnambool and South West,Rest of Vic.
2142114,Hamilton (Vic.),Glenelg - Southern Grampians,Warrnambool and South West,Rest of Vic.
2142115,Hamilton (Vic.),Glenelg - Southern Grampians,Warrnambool and South West,Rest of Vic.
2142116,Hamilton (Vic.),Glenelg - Southern Grampians,Warrnambool and South West,Rest of Vic.
2142117,Hamilton (Vic.),Glenelg - Southern Grampians,Warrnambool and South West,Rest of Vic.
2142118,Hamilton (Vic.),Glenelg - Southern Grampians,Warrnambool and South West,Rest of Vic.
2142119,Hamilton (Vic.),Glenelg - Southern Grampians,Warrnambool and South West,Rest of Vic.
2142120,Hamilton (Vic.),Glenelg - Southern Grampians,Warrnambool and South West,Rest of Vic.
2142121,Hamilton (Vic.),Glenelg - Southern Grampians,Warrnambool and South West,Rest of Vic.
2142122,Hamilton (Vic.),Glenelg - Southern Grampians,Warrnambool and South West,Rest of Vic.
2142123,Hamilton (Vic.),Glenelg - Southern Grampians,Warrnambool and South West,Rest of Vic.
2142124,Hamilton (Vic.),Glenelg - Southern Grampians,Warrnambool and South West,Rest of Vic.
2142125,Hamilton (Vic.),Glenelg - Southern Grampians,Warrnambool and South West,Rest of Vic.
2142126,Hamilton (Vic.),Glenelg - Southern Grampians,Warrnambool and South West,Rest of Vic.
2142127,Hamilton (Vic.),Glenelg - Southern Grampians,Warrnambool and South West,Rest of Vic.
2142128,Hamilton (Vic.),Glenelg - Southern Grampians,Warrnambool and South West,Rest of Vic.
2142201,Portland,Glenelg - Southern Grampians,Warrnambool and South West,Rest of Vic.
2142202,Portland,Glenelg - Southern Grampians,Warrnambool and South West,Rest of Vic.
2142203,Portland,Glenelg - Southern Grampians,Warrnambool and South West,Rest of Vic.
2142204,Portland,Glenelg - Southern Grampians,Warrnambool and South West,Rest of Vic.
2142205,Portland,Glenelg - Southern Grampians,Warrnambool and South West,Rest of Vic.
2142206,Portland,Glenelg - Southern Grampians,Warrnambool and South West,Rest of Vic.
2142207,Portland,Glenelg - Southern Grampians,Warrnambool and South West,Rest of Vic.
2142208,Portland,Glenelg - Southern Grampians,Warrnambool and South West,Rest of Vic.
2142209,Portland,Glenelg - Southern Grampians,Warrnambool and South West,Rest of Vic.
2142210,Portland,Glenelg - Southern Grampians,Warrnambool and South West,Rest of Vic.
2142211,Portland,Glenelg - Southern Grampians,Warrnambool and South West,Rest of Vic.
2142212,Portland,Glenelg - Southern Grampians,Warrnambool and South West,Rest of Vic.
2142213,Portland,Glenelg - Southern Grampians,Warrnambool and South West,Rest of Vic.
2142214,Portland,Glenelg - Southern Grampians,Warrnambool and South West,Rest of Vic.
2142215,Portland,Glenelg - Southern Grampians,Warrnambool and South West,Rest of Vic.
2142216,Portland,Glenelg - Southern Grampians,Warrnambool and South West,Rest of Vic.
2142217,Portland,Glenelg - Southern Grampians,Warrnambool and South West,Rest of Vic.
2142218,Portland,Glenelg - Southern Grampians,Warrnambool and South West,Rest of Vic.
2142219,Portland,Glenelg - Southern Grampians,Warrnambool and South West,Rest of Vic.
2142220,Portland,Glenelg - Southern Grampians,Warrnambool and South West,Rest of Vic.
2142221,Portland,Glenelg - Southern Grampians,Warrnambool and South West,Rest of Vic.
2142222,Portland,Glenelg - Southern Grampians,Warrnambool and South West,Rest of Vic.
2142223,Portland,Glenelg - Southern Grampians,Warrnambool and South West,Rest of Vic.
2142224,Portland,Glenelg - Southern Grampians,Warrnambool and South West,Rest of Vic.
2142225,Portland,Glenelg - Southern Grampians,Warrnambool and South West,Rest of Vic.
2142226,Portland,Glenelg - Southern Grampians,Warrnambool and South West,Rest of Vic.
2142227,Portland,Glenelg - Southern Grampians,Warrnambool and South West,Rest of Vic.
2142228,Portland,Glenelg - Southern Grampians,Warrnambool and South West,Rest of Vic.
2142229,Portland,Glenelg - Southern Grampians,Warrnambool and South West,Rest of Vic.
2142230,Portland,Glenelg - Southern Grampians,Warrnambool and South West,Rest of Vic.
2142231,Portland,Glenelg - Southern Grampians,Warrnambool and South West,Rest of Vic.
2142232,Portland,Glenelg - Southern Grampians,Warrnambool and South West,Rest of Vic.
2142301,Southern Grampians,Glenelg - Southern Grampians,Warrnambool and South West,Rest of Vic.
2142302,Southern Grampians,Glenelg - Southern Grampians,Warrnambool and South West,Rest of Vic.
2142303,Southern Grampians,Glenelg - Southern Grampians,Warrnambool and South West,Rest of Vic.
2142304,Southern Grampians,Glenelg - Southern Grampians,Warrnambool and South West,Rest of Vic.
2142305,Southern Grampians,Glenelg - Southern Grampians,Warrnambool and South West,Rest of Vic.
2142306,Southern Grampians,Glenelg - Southern Grampians,Warrnambool and South West,Rest of Vic.
2142307,Southern Grampians,Glenelg - Southern Grampians,Warrnambool and South West,Rest of Vic.
2142308,Southern Grampians,Glenelg - Southern Grampians,Warrnambool and South West,Rest of Vic.
2142309,Southern Grampians,Glenelg - Southern Grampians,Warrnambool and South West,Rest of Vic.
2142310,Southern Grampians,Glenelg - Southern Grampians,Warrnambool and South West,Rest of Vic.
2142311,Southern Grampians,Glenelg - Southern Grampians,Warrnambool and South West,Rest of Vic.
2142312,Southern Grampians,Glenelg - Southern Grampians,Warrnambool and South West,Rest of Vic.
2142313,Southern Grampians,Glenelg - Southern Grampians,Warrnambool and South West,Rest of Vic.
2142314,Southern Grampians,Glenelg - Southern Grampians,Warrnambool and South West,Rest of Vic.
2142315,Southern Grampians,Glenelg - Southern Grampians,Warrnambool and South West,Rest of Vic.
2142316,Southern Grampians,Glenelg - Southern Grampians,Warrnambool and South West,Rest of Vic.
2142317,Southern Grampians,Glenelg - Southern Grampians,Warrnambool and South West,Rest of Vic.
2142318,Southern Grampians,Glenelg - Southern Grampians,Warrnambool and South West,Rest of Vic.
2142319,Southern Grampians,Glenelg - Southern Grampians,Warrnambool and South West,Rest of Vic.
2142320,Southern Grampians,Glenelg - Southern Grampians,Warrnambool and South West,Rest of Vic.
2142321,Southern Grampians,Glenelg - Southern Grampians,Warrnambool and South West,Rest of Vic.
2142322,Southern Grampians,Glenelg - Southern Grampians,Warrnambool and South West,Rest of Vic.
2142401,Camperdown,Warrnambool - Otway Ranges,Warrnambool and South West,Rest of Vic.
2142402,Camperdown,Warrnambool - Otway Ranges,Warrnambool and South West,Rest of Vic.
2142403,Camperdown,Warrnambool - Otway Ranges,Warrnambool and South West,Rest of Vic.
2142404,Camperdown,Warrnambool - Otway Ranges,Warrnambool and South West,Rest of Vic.
2142405,Camperdown,Warrnambool - Otway Ranges,Warrnambool and South West,Rest of Vic.
2142406,Camperdown,Warrnambool - Otway Ranges,Warrnambool and South West,Rest of Vic.
2142407,Camperdown,Warrnambool - Otway Ranges,Warrnambool and South West,Rest of Vic.
2142408,Camperdown,Warrnambool - Otway Ranges,Warrnambool and South West,Rest of Vic.
2142409,Camperdown,Warrnambool - Otway Ranges,Warrnambool and South West,Rest of Vic.
2142410,Camperdown,Warrnambool - Otway Ranges,Warrnambool and South West,Rest of Vic.
2142411,Camperdown,Warrnambool - Otway Ranges,Warrnambool and South West,Rest of Vic.
2142501,Colac,Warrnambool - Otway Ranges,Warrnambool and South West,Rest of Vic.
2142502,Colac,Warrnambool - Otway Ranges,Warrnambool and South West,Rest of Vic.
2142503,Colac,Warrnambool - Otway Ranges,Warrnambool and South West,Rest of Vic.
2142504,Colac,Warrnambool - Otway Ranges,Warrnambool and South West,Rest of Vic.
2142505,Colac,Warrnambool - Otway Ranges,Warrnambool and South West,Rest of Vic.
2142506,Colac,Warrnambool - Otway Ranges,Warrnambool and South West,Rest of Vic.
2142507,Colac,Warrnambool - Otway Ranges,Warrnambool and South West,Rest of Vic.
2142508,Colac,Warrnambool - Otway Ranges,Warrnambool and South West,Rest of Vic.
2142509,Colac,Warrnambool - Otway Ranges,Warrnambool and South West,Rest of Vic.
2142510,Colac,Warrnambool - Otway Ranges,Warrnambool and South West,Rest of Vic.
2142511,Colac,Warrnambool - Otway Ranges,Warrnambool and South West,Rest of Vic.
2142512,Colac,Warrnambool - Otway Ranges,Warrnambool and South West,Rest of Vic.
2142513,Colac,Warrnambool - Otway Ranges,Warrnambool and South West,Rest of Vic.
2142514,Colac,Warrnambool - Otway Ranges,Warrnambool and South West,Rest of Vic.
2142515,Colac,Warrnambool - Otway Ranges,Warrnambool and South West,Rest of Vic.
2142516,Colac,Warrnambool - Otway Ranges,Warrnambool and South West,Rest of Vic.
2142517,Colac,Warrnambool - Otway Ranges,Warrnambool and South West,Rest of Vic.
2142518,Colac,Warrnambool - Otway Ranges,Warrnambool and South West,Rest of Vic.
2142519,Colac,Warrnambool - Otway Ranges,Warrnambool and South West,Rest of Vic.
2142520,Colac,Warrnambool - Otway Ranges,Warrnambool and South West,Rest of Vic.
2142521,Colac,Warrnambool - Otway Ranges,Warrnambool and South West,Rest of Vic.
2142522,Colac,Warrnambool - Otway Ranges,Warrnambool and South West,Rest of Vic.
2142523,Colac,Warrnambool - Otway Ranges,Warrnambool and South West,Rest of Vic.
2142524,Colac,Warrnambool - Otway Ranges,Warrnambool and South West,Rest of Vic.
2142525,Colac,Warrnambool - Otway Ranges,Warrnambool and South West,Rest of Vic.
2142526,Colac,Warrnambool - Otway Ranges,Warrnambool and South West,Rest of Vic.
2142527,Colac,Warrnambool - Otway Ranges,Warrnambool and South West,Rest of Vic.
2142528,Colac,Warrnambool - Otway Ranges,Warrnambool and South West,Rest of Vic.
2142529,Colac,Warrnambool - Otway Ranges,Warrnambool and South West,Rest of Vic.
2142530,Colac,Warrnambool - Otway Ranges,Warrnambool and South West,Rest of Vic.
2142531,Colac,Warrnambool - Otway Ranges,Warrnambool and South West,Rest of Vic.
2142601,Colac Region,Warrnambool - Otway Ranges,Warrnambool and South West,Rest of Vic.
2142602,Colac Region,Warrnambool - Otway Ranges,Warrnambool and South West,Rest of Vic.
2142603,Colac Region,Warrnambool - Otway Ranges,Warrnambool and South West,Rest of Vic.
2142604,Colac Region,Warrnambool - Otway Ranges,Warrnambool and South West,Rest of Vic.
2142605,Colac Region,Warrnambool - Otway Ranges,Warrnambool and South West,Rest of Vic.
2142606,Colac Region,Warrnambool - Otway Ranges,Warrnambool and South West,Rest of Vic.
2142607,Colac Region,Warrnambool - Otway Ranges,Warrnambool and South West,Rest of Vic.
2142608,Colac Region,Warrnambool - Otway Ranges,Warrnambool and South West,Rest of Vic.
2142609,Colac Region,Warrnambool - Otway Ranges,Warrnambool and South West,Rest of Vic.
2142610,Colac Region,Warrnambool - Otway Ranges,Warrnambool and South West,Rest of Vic.
2142611,Colac Region,Warrnambool - Otway Ranges,Warrnambool and South West,Rest of Vic.
2142612,Colac Region,Warrnambool - Otway Ranges,Warrnambool and South West,Rest of Vic.
2142613,Colac Region,Warrnambool - Otway Ranges,Warrnambool and South West,Rest of Vic.
2142614,Colac Region,Warrnambool - Otway Ranges,Warrnambool and South West,Rest of Vic.
2142615,Colac Region,Warrnambool - Otway Ranges,Warrnambool and South West,Rest of Vic.
2142616,Colac Region,Warrnambool - Otway Ranges,Warrnambool and South West,Rest of Vic.
2142617,Colac Region,Warrnambool - Otway Ranges,Warrnambool and South West,Rest of Vic.
2142701,Corangamite - North,Warrnambool - Otway Ranges,Warrnambool and South West,Rest of Vic.
2142702,Corangamite - North,Warrnambool - Otway Ranges,Warrnambool and South West,Rest of Vic.
2142703,Corangamite - North,Warrnambool - Otway Ranges,Warrnambool and South West,Rest of Vic.
2142704,Corangamite - North,Warrnambool - Otway Ranges,Warrnambool and South West,Rest of Vic.
2142705,Corangamite - North,Warrnambool - Otway Ranges,Warrnambool and South West,Rest of Vic.
2142706,Corangamite - North,Warrnambool - Otway Ranges,Warrnambool and South West,Rest of Vic.
2142707,Corangamite - North,Warrnambool - Otway Ranges,Warrnambool and South West,Rest of Vic.
2142708,Corangamite - North,Warrnambool - Otway Ranges,Warrnambool and South West,Rest of Vic.
2142709,Corangamite - North,Warrnambool - Otway Ranges,Warrnambool and South West,Rest of Vic.
2142710,Corangamite - North,Warrnambool - Otway Ranges,Warrnambool and South West,Rest of Vic.
2142711,Corangamite - North,Warrnambool - Otway Ranges,Warrnambool and South West,Rest of Vic.
2142712,Corangamite - North,Warrnambool - Otway Ranges,Warrnambool and South West,Rest of Vic.
2142713,Corangamite - North,Warrnambool - Otway Ranges,Warrnambool and South West,Rest of Vic.
2142714,Corangamite - North,Warrnambool - Otway Ranges,Warrnambool and South West,Rest of Vic.
2142715,Corangamite - North,Warrnambool - Otway Ranges,Warrnambool and South West,Rest of Vic.
2142716,Corangamite - North,Warrnambool - Otway Ranges,Warrnambool and South West,Rest of Vic.
2142717,Corangamite - North,Warrnambool - Otway Ranges,Warrnambool and South West,Rest of Vic.
2142718,Corangamite - North,Warrnambool - Otway Ranges,Warrnambool and South West,Rest of Vic.
2142801,Corangamite - South,Warrnambool - Otway Ranges,Warrnambool and South West,Rest of Vic.
2142802,Corangamite - South,Warrnambool - Otway Ranges,Warrnambool and South West,Rest of Vic.
2142803,Corangamite - South,Warrnambool - Otway Ranges,Warrnambool and South West,Rest of Vic.
2142804,Corangamite - South,Warrnambool - Otway Ranges,Warrnambool and South West,Rest of Vic.
2142805,Corangamite - South,Warrnambool - Otway Ranges,Warrnambool and South West,Rest of Vic.
2142806,Corangamite - South,Warrnambool - Otway Ranges,Warrnambool and South West,Rest of Vic.
2142807,Corangamite - South,Warrnambool - Otway Ranges,Warrnambool and South West,Rest of Vic.
2142808,Corangamite - South,Warrnambool - Otway Ranges,Warrnambool and South West,Rest of Vic.
2142809,Corangamite - South,Warrnambool - Otway Ranges,Warrnambool and South West,Rest of Vic.
2142810,Corangamite - South,Warrnambool - Otway Ranges,Warrnambool and South West,Rest of Vic.
2142811,Corangamite - South,Warrnambool - Otway Ranges,Warrnambool and South West,Rest of Vic.
2142812,Corangamite - South,Warrnambool - Otway Ranges,Warrnambool and South West,Rest of Vic.
2142813,Corangamite - South,Warrnambool - Otway Ranges,Warrnambool and South West,Rest of Vic.
2142814,Corangamite - South,Warrnambool - Otway Ranges,Warrnambool and South West,Rest of Vic.
2142815,Corangamite - South,Warrnambool - Otway Ranges,Warrnambool and South West,Rest of Vic.
2142816,Corangamite - South,Warrnambool - Otway Ranges,Warrnambool and South West,Rest of Vic.
2142817,Corangamite - South,Warrnambool - Otway Ranges,Warrnambool and South West,Rest of Vic.
2142818,Corangamite - South,Warrnambool - Otway Ranges,Warrnambool and South West,Rest of Vic.
2142819,Corangamite - South,Warrnambool - Otway Ranges,Warrnambool and South West,Rest of Vic.
2142820,Corangamite - South,Warrnambool - Otway Ranges,Warrnambool and South West,Rest of Vic.
2142821,Corangamite - South,Warrnambool - Otway Ranges,Warrnambool and South West,Rest of Vic.
2142822,Corangamite - South,Warrnambool - Otway Ranges,Warrnambool and South West,Rest of Vic.
2142823,Corangamite - South,Warrnambool - Otway Ranges,Warrnambool and South West,Rest of Vic.
2142824,Corangamite - South,Warrnambool - Otway Ranges,Warrnambool and South West,Rest of Vic.
2142825,Corangamite - South,Warrnambool - Otway Ranges,Warrnambool and South West,Rest of Vic.
2142826,Corangamite - South,Warrnambool - Otway Ranges,Warrnambool and South West,Rest of Vic.
2142901,Moyne - East,Warrnambool - Otway Ranges,Warrnambool and South West,Rest of Vic.
2142902,Moyne - East,Warrnambool - Otway Ranges,Warrnambool and South West,Rest of Vic.
2142903,Moyne - East,Warrnambool - Otway Ranges,Warrnambool and South West,Rest of Vic.
2142904,Moyne - East,Warrnambool - Otway Ranges,Warrnambool and South West,Rest of Vic.
2142905,Moyne - East,Warrnambool - Otway Ranges,Warrnambool and South West,Rest of Vic.
2142906,Moyne - East,Warrnambool - Otway Ranges,Warrnambool and South West,Rest of Vic.
2142907,Moyne - East,Warrnambool - Otway Ranges,Warrnambool and South West,Rest of Vic.
2142908,Moyne - East,Warrnambool - Otway Ranges,Warrnambool and South West,Rest of Vic.
2142909,Moyne - East,Warrnambool - Otway Ranges,Warrnambool and South West,Rest of Vic.
2142910,Moyne - East,Warrnambool - Otway Ranges,Warrnambool and South West,Rest of Vic.
2142911,Moyne - East,Warrnambool - Otway Ranges,Warrnambool and South West,Rest of Vic.
2142912,Moyne - East,Warrnambool - Otway Ranges,Warrnambool and South West,Rest of Vic.
2142913,Moyne - East,Warrnambool - Otway Ranges,Warrnambool and South West,Rest of Vic.
2142914,Moyne - East,Warrnambool - Otway Ranges,Warrnambool and South West,Rest of Vic.
2142915,Moyne - East,Warrnambool - Otway Ranges,Warrnambool and South West,Rest of Vic.
2142916,Moyne - East,Warrnambool - Otway Ranges,Warrnambool and South West,Rest of Vic.
2142917,Moyne - East,Warrnambool - Otway Ranges,Warrnambool and South West,Rest of Vic.
2142918,Moyne - East,Warrnambool - Otway Ranges,Warrnambool and South West,Rest of Vic.
2142919,Moyne - East,Warrnambool - Otway Ranges,Warrnambool and South West,Rest of Vic.
2142920,Moyne - East,Warrnambool - Otway Ranges,Warrnambool and South West,Rest of Vic.
2142921,Moyne - East,Warrnambool - Otway Ranges,Warrnambool and South West,Rest of Vic.
2142922,Moyne - East,Warrnambool - Otway Ranges,Warrnambool and South West,Rest of Vic.
2142923,Moyne - East,Warrnambool - Otway Ranges,Warrnambool and South West,Rest of Vic.
2142924,Moyne - East,Warrnambool - Otway Ranges,Warrnambool and South West,Rest of Vic.
2143001,Moyne - West,Warrnambool - Otway Ranges,Warrnambool and South West,Rest of Vic.
2143002,Moyne - West,Warrnambool - Otway Ranges,Warrnambool and South West,Rest of Vic.
2143003,Moyne - West,Warrnambool - Otway Ranges,Warrnambool and South West,Rest of Vic.
2143004,Moyne - West,Warrnambool - Otway Ranges,Warrnambool and South West,Rest of Vic.
2143005,Moyne - West,Warrnambool - Otway Ranges,Warrnambool and South West,Rest of Vic.
2143006,Moyne - West,Warrnambool - Otway Ranges,Warrnambool and South West,Rest of Vic.
2143007,Moyne - West,Warrnambool - Otway Ranges,Warrnambool and South West,Rest of Vic.
2143008,Moyne - West,Warrnambool - Otway Ranges,Warrnambool and South West,Rest of Vic.
2143009,Moyne - West,Warrnambool - Otway Ranges,Warrnambool and South West,Rest of Vic.
2143010,Moyne - West,Warrnambool - Otway Ranges,Warrnambool and South West,Rest of Vic.
2143011,Moyne - West,Warrnambool - Otway Ranges,Warrnambool and South West,Rest of Vic.
2143012,Moyne - West,Warrnambool - Otway Ranges,Warrnambool and South West,Rest of Vic.
2143013,Moyne - West,Warrnambool - Otway Ranges,Warrnambool and South West,Rest of Vic.
2143014,Moyne - West,Warrnambool - Otway Ranges,Warrnambool and South West,Rest of Vic.
2143015,Moyne - West,Warrnambool - Otway Ranges,Warrnambool and South West,Rest of Vic.
2143016,Moyne - West,Warrnambool - Otway Ranges,Warrnambool and South West,Rest of Vic.
2143017,Moyne - West,Warrnambool - Otway Ranges,Warrnambool and South West,Rest of Vic.
2143018,Moyne - West,Warrnambool - Otway Ranges,Warrnambool and South West,Rest of Vic.
2143019,Moyne - West,Warrnambool - Otway Ranges,Warrnambool and South West,Rest of Vic.
2143020,Moyne - West,Warrnambool - Otway Ranges,Warrnambool and South West,Rest of Vic.
2143021,Moyne - West,Warrnambool - Otway Ranges,Warrnambool and South West,Rest of Vic.
2143022,Moyne - West,Warrnambool - Otway Ranges,Warrnambool and South West,Rest of Vic.
2143023,Moyne - West,Warrnambool - Otway Ranges,Warrnambool and South West,Rest of Vic.
2143024,Moyne - West,Warrnambool - Otway Ranges,Warrnambool and South West,Rest of Vic.
2143025,Moyne - West,Warrnambool - Otway Ranges,Warrnambool and South West,Rest of Vic.
2143026,Moyne - West,Warrnambool - Otway Ranges,Warrnambool and South West,Rest of Vic.
2143027,Moyne - West,Warrnambool - Otway Ranges,Warrnambool and South West,Rest of Vic.
2143028,Moyne - West,Warrnambool - Otway Ranges,Warrnambool and South West,Rest of Vic.
2143101,Otway,Warrnambool - Otway Ranges,Warrnambool and South West,Rest of Vic.
2143102,Otway,Warrnambool - Otway Ranges,Warrnambool and South West,Rest of Vic.
2143103,Otway,Warrnambool - Otway Ranges,Warrnambool and South West,Rest of Vic.
2143104,Otway,Warrnambool - Otway Ranges,Warrnambool and South West,Rest of Vic.
2143105,Otway,Warrnambool - Otway Ranges,Warrnambool and South West,Rest of Vic.
2143106,Otway,Warrnambool - Otway Ranges,Warrnambool and South West,Rest of Vic.
2143107,Otway,Warrnambool - Otway Ranges,Warrnambool and South West,Rest of Vic.
2143108,Otway,Warrnambool - Otway Ranges,Warrnambool and South West,Rest of Vic.
2143109,Otway,Warrnambool - Otway Ranges,Warrnambool and South West,Rest of Vic.
2143110,Otway,Warrnambool - Otway Ranges,Warrnambool and South West,Rest of Vic.
2143201,Warrnambool - North,Warrnambool - Otway Ranges,Warrnambool and South West,Rest of Vic.
2143202,Warrnambool - North,Warrnambool - Otway Ranges,Warrnambool and South West,Rest of Vic.
2143203,Warrnambool - North,Warrnambool - Otway Ranges,Warrnambool and South West,Rest of Vic.
2143204,Warrnambool - North,Warrnambool - Otway Ranges,Warrnambool and South West,Rest of Vic.
2143205,Warrnambool - North,Warrnambool - Otway Ranges,Warrnambool and South West,Rest of Vic.
2143206,Warrnambool - North,Warrnambool - Otway Ranges,Warrnambool and South West,Rest of Vic.
2143207,Warrnambool - North,Warrnambool - Otway Ranges,Warrnambool and South West,Rest of Vic.
2143208,Warrnambool - North,Warrnambool - Otway Ranges,Warrnambool and South West,Rest of Vic.
2143209,Warrnambool - North,Warrnambool - Otway Ranges,Warrnambool and South West,Rest of Vic.
2143210,Warrnambool - North,Warrnambool - Otway Ranges,Warrnambool and South West,Rest of Vic.
2143211,Warrnambool - North,Warrnambool - Otway Ranges,Warrnambool and South West,Rest of Vic.
2143212,Warrnambool - North,Warrnambool - Otway Ranges,Warrnambool and South West,Rest of Vic.
2143213,Warrnambool - North,Warrnambool - Otway Ranges,Warrnambool and South West,Rest of Vic.
2143214,Warrnambool - North,Warrnambool - Otway Ranges,Warrnambool and South West,Rest of Vic.
2143215,Warrnambool - North,Warrnambool - Otway Ranges,Warrnambool and South West,Rest of Vic.
2143216,Warrnambool - North,Warrnambool - Otway Ranges,Warrnambool and South West,Rest of Vic.
2143217,Warrnambool - North,Warrnambool - Otway Ranges,Warrnambool and South West,Rest of Vic.
2143218,Warrnambool - North,Warrnambool - Otway Ranges,Warrnambool and South West,Rest of Vic.
2143219,Warrnambool - North,Warrnambool - Otway Ranges,Warrnambool and South West,Rest of Vic.
2143220,Warrnambool - North,Warrnambool - Otway Ranges,Warrnambool and South West,Rest of Vic.
2143221,Warrnambool - North,Warrnambool - Otway Ranges,Warrnambool and South West,Rest of Vic.
2143222,Warrnambool - North,Warrnambool - Otway Ranges,Warrnambool and South West,Rest of Vic.
2143223,Warrnambool - North,Warrnambool - Otway Ranges,Warrnambool and South West,Rest of Vic.
2143224,Warrnambool - North,Warrnambool - Otway Ranges,Warrnambool and South West,Rest of Vic.
2143225,Warrnambool - North,Warrnambool - Otway Ranges,Warrnambool and South West,Rest of Vic.
2143226,Warrnambool - North,Warrnambool - Otway Ranges,Warrnambool and South West,Rest of Vic.
2143227,Warrnambool - North,Warrnambool - Otway Ranges,Warrnambool and South West,Rest of Vic.
2143228,Warrnambool - North,Warrnambool - Otway Ranges,Warrnambool and South West,Rest of Vic.
2143229,Warrnambool - North,Warrnambool - Otway Ranges,Warrnambool and South West,Rest of Vic.
2143230,Warrnambool - North,Warrnambool - Otway Ranges,Warrnambool and South West,Rest of Vic.
2143231,Warrnambool - North,Warrnambool - Otway Ranges,Warrnambool and South West,Rest of Vic.
2143232,Warrnambool - North,Warrnambool - Otway Ranges,Warrnambool and South West,Rest of Vic.
2143233,Warrnambool - North,Warrnambool - Otway Ranges,Warrnambool and South West,Rest of Vic.
2143234,Warrnambool - North,Warrnambool - Otway Ranges,Warrnambool and South West,Rest of Vic.
2143235,Warrnambool - North,Warrnambool - Otway Ranges,Warrnambool and South West,Rest of Vic.
2143236,Warrnambool - North,Warrnambool - Otway Ranges,Warrnambool and South West,Rest of Vic.
2143237,Warrnambool - North,Warrnambool - Otway Ranges,Warrnambool and South West,Rest of Vic.
2143238,Warrnambool - North,Warrnambool - Otway Ranges,Warrnambool and South West,Rest of Vic.
2143239,Warrnambool - North,Warrnambool - Otway Ranges,Warrnambool and South West,Rest of Vic.
2143240,Warrnambool - North,Warrnambool - Otway Ranges,Warrnambool and South West,Rest of Vic.
2143241,Warrnambool - North,Warrnambool - Otway Ranges,Warrnambool and South West,Rest of Vic.
2143242,Warrnambool - North,Warrnambool - Otway Ranges,Warrnambool and South West,Rest of Vic.
2143243,Warrnambool - North,Warrnambool - Otway Ranges,Warrnambool and South West,Rest of Vic.
2143244,Warrnambool - North,Warrnambool - Otway Ranges,Warrnambool and South West,Rest of Vic.
2143245,Warrnambool - North,Warrnambool - Otway Ranges,Warrnambool and South West,Rest of Vic.
2143246,Warrnambool - North,Warrnambool - Otway Ranges,Warrnambool and South West,Rest of Vic.
2143247,Warrnambool - North,Warrnambool - Otway Ranges,Warrnambool and South West,Rest of Vic.
2143248,Warrnambool - North,Warrnambool - Otway Ranges,Warrnambool and South West,Rest of Vic.
2143249,Warrnambool - North,Warrnambool - Otway Ranges,Warrnambool and South West,Rest of Vic.
2143250,Warrnambool - North,Warrnambool - Otway Ranges,Warrnambool and South West,Rest of Vic.
2143251,Warrnambool - North,Warrnambool - Otway Ranges,Warrnambool and South West,Rest of Vic.
2143301,Warrnambool - South,Warrnambool - Otway Ranges,Warrnambool and South West,Rest of Vic.
2143302,Warrnambool - South,Warrnambool - Otway Ranges,Warrnambool and South West,Rest of Vic.
2143303,Warrnambool - South,Warrnambool - Otway Ranges,Warrnambool and South West,Rest of Vic.
2143304,Warrnambool - South,Warrnambool - Otway Ranges,Warrnambool and South West,Rest of Vic.
2143305,Warrnambool - South,Warrnambool - Otway Ranges,Warrnambool and South West,Rest of Vic.
2143306,Warrnambool - South,Warrnambool - Otway Ranges,Warrnambool and South West,Rest of Vic.
2143307,Warrnambool - South,Warrnambool - Otway Ranges,Warrnambool and South West,Rest of Vic.
2143308,Warrnambool - South,Warrnambool - Otway Ranges,Warrnambool and South West,Rest of Vic.
2143309,Warrnambool - South,Warrnambool - Otway Ranges,Warrnambool and South West,Rest of Vic.
2143310,Warrnambool - South,Warrnambool - Otway Ranges,Warrnambool and South West,Rest of Vic.
2143311,Warrnambool - South,Warrnambool - Otway Ranges,Warrnambool and South West,Rest of Vic.
2143312,Warrnambool - South,Warrnambool - Otway Ranges,Warrnambool and South West,Rest of Vic.
2143313,Warrnambool - South,Warrnambool - Otway Ranges,Warrnambool and South West,Rest of Vic.
2143314,Warrnambool - South,Warrnambool - Otway Ranges,Warrnambool and South West,Rest of Vic.
2143315,Warrnambool - South,Warrnambool - Otway Ranges,Warrnambool and South West,Rest of Vic.
2143316,Warrnambool - South,Warrnambool - Otway Ranges,Warrnambool and South West,Rest of Vic.
2143317,Warrnambool - South,Warrnambool - Otway Ranges,Warrnambool and South West,Rest of Vic.
2143318,Warrnambool - South,Warrnambool - Otway Ranges,Warrnambool and South West,Rest of Vic.
2143319,Warrnambool - South,Warrnambool - Otway Ranges,Warrnambool and South West,Rest of Vic.
2143320,Warrnambool - South,Warrnambool - Otway Ranges,Warrnambool and South West,Rest of Vic.
2143321,Warrnambool - South,Warrnambool - Otway Ranges,Warrnambool and South West,Rest of Vic.
2143322,Warrnambool - South,Warrnambool - Otway Ranges,Warrnambool and South West,Rest of Vic.
2143323,Warrnambool - South,Warrnambool - Otway Ranges,Warrnambool and South West,Rest of Vic.
2143324,Warrnambool - South,Warrnambool - Otway Ranges,Warrnambool and South West,Rest of Vic.
2143325,Warrnambool - South,Warrnambool - Otway Ranges,Warrnambool and South West,Rest of Vic.
2143326,Warrnambool - South,Warrnambool - Otway Ranges,Warrnambool and South West,Rest of Vic.
2143327,Warrnambool - South,Warrnambool - Otway Ranges,Warrnambool and South West,Rest of Vic.
2143328,Warrnambool - South,Warrnambool - Otway Ranges,Warrnambool and South West,Rest of Vic.
2143329,Warrnambool - South,Warrnambool - Otway Ranges,Warrnambool and South West,Rest of Vic.
2143330,Warrnambool - South,Warrnambool - Otway Ranges,Warrnambool and South West,Rest of Vic.
2143331,Warrnambool - South,Warrnambool - Otway Ranges,Warrnambool and South West,Rest of Vic.
2143332,Warrnambool - South,Warrnambool - Otway Ranges,Warrnambool and South West,Rest of Vic.
2143333,Warrnambool - South,Warrnambool - Otway Ranges,Warrnambool and South West,Rest of Vic.
2143334,Warrnambool - South,Warrnambool - Otway Ranges,Warrnambool and South West,Rest of Vic.
2979991,Migratory - Offshore - Shipping (Vic.),Migratory - Offshore - Shipping (Vic.),Migratory - Offshore - Shipping (Vic.),Migratory - Offshore - Shipping (Vic.)
2979992,Migratory - Offshore - Shipping (Vic.),Migratory - Offshore - Shipping (Vic.),Migratory - Offshore - Shipping (Vic.),Migratory - Offshore - Shipping (Vic.)
2979993,Migratory - Offshore - Shipping (Vic.),Migratory - Offshore - Shipping (Vic.),Migratory - Offshore - Shipping (Vic.),Migratory - Offshore - Shipping (Vic.)
2949999,No usual address (Vic.),Special Purpose Codes SA3 (Vic.),Special Purpose Codes SA4 (Vic.),No usual address (Vic.)
