area_code,area_level,as_at,persons,estimate_type,sa2_code,sa2_name,sa3_name,sa4_name,gccsa_name
21105,SA2,2005-06-30,21384,Final,1105,Brunswick,Brunswick - Coburg,MELBOURNE - INNER,GREATER MELBOURNE
21105,SA2,2006-06-30,21655,Final,1105,Brunswick,Brunswick - Coburg,MELBOURNE - INNER,GREATER MELBOURNE
21105,SA2,2007-06-30,22144,Final,1105,Brunswick,Brunswick - Coburg,MELBOURNE - INNER,GREATER MELBOURNE
21105,SA2,2008-06-30,22641,Final,1105,Brunswick,Brunswick - Coburg,MELBOURNE - INNER,GREATER MELBOURNE
21105,SA2,2009-06-30,23110,Final,1105,Brunswick,Brunswick - Coburg,MELBOURNE - INNER,GREATER MELBOURNE
21105,SA2,2010-06-30,23546,Final,1105,Brunswick,Brunswick - Coburg,MELBOURNE - INNER,GREATER MELBOURNE
21105,SA2,2011-06-30,23987,Final,1105,Brunswick,Brunswick - Coburg,MELBOURNE - INNER,GREATER MELBOURNE
21105,SA2,2012-06-30,24490,Revised,1105,Brunswick,Brunswick - Coburg,MELBOURNE - INNER,GREATER MELBOURNE
21105,SA2,2013-06-30,25092,Revised,1105,Brunswick,Brunswick - Coburg,MELBOURNE - INNER,GREATER MELBOURNE
21105,SA2,2014-06-30,25733,Revised,1105,Brunswick,Brunswick - Coburg,MELBOURNE - INNER,GREATER MELBOURNE
21105,SA2,2015-06-30,26240,Preliminary,1105,Brunswick,Brunswick - Coburg,MELBOURNE - INNER,GREATER MELBOURNE
21106,SA2,2005-06-30,7658,Final,1106,Brunswick East,Brunswick - Coburg,MELBOURNE - INNER,GREATER MELBOURNE
21106,SA2,2006-06-30,7803,Final,1106,Brunswick East,Brunswick - Coburg,MELBOURNE - INNER,GREATER MELBOURNE
21106,SA2,2007-06-30,8058,Final,1106,Brunswick East,Brunswick - Coburg,MELBOURNE - INNER,GREATER MELBOURNE
21106,SA2,2008-06-30,8313,Final,1106,Brunswick East,Brunswick - Coburg,MELBOURNE - INNER,GREATER MELBOURNE
21106,SA2,2009-06-30,8586,Final,1106,Brunswick East,Brunswick - Coburg,MELBOURNE - INNER,GREATER MELBOURNE
21106,SA2,2010-06-30,8789,Final,1106,Brunswick East,Brunswick - Coburg,MELBOURNE - INNER,GREATER MELBOURNE
21106,SA2,2011-06-30,8966,Final,1106,Brunswick East,Brunswick - Coburg,MELBOURNE - INNER,GREATER MELBOURNE
21106,SA2,2012-06-30,9132,Revised,1106,Brunswick East,Brunswick - Coburg,MELBOURNE - INNER,GREATER MELBOURNE
21106,SA2,2013-06-30,9916,Revised,1106,Brunswick East,Brunswick - Coburg,MELBOURNE - INNER,GREATER MELBOURNE
21106,SA2,2014-06-30,10212,Revised,1106,Brunswick East,Brunswick - Coburg,MELBOURNE - INNER,GREATER MELBOURNE
21106,SA2,2015-06-30,10801,Preliminary,1106,Brunswick East,Brunswick - Coburg,MELBOURNE - INNER,GREATER MELBOURNE
21107,SA2,2005-06-30,12609,Final,1107,Brunswick West,Brunswick - Coburg,MELBOURNE - INNER,GREATER MELBOURNE
21107,SA2,2006-06-30,12746,Final,1107,Brunswick West,Brunswick - Coburg,MELBOURNE - INNER,GREATER MELBOURNE
21107,SA2,2007-06-30,12946,Final,1107,Brunswick West,Brunswick - Coburg,MELBOURNE - INNER,GREATER MELBOURNE
21107,SA2,2008-06-30,13232,Final,1107,Brunswick West,Brunswick - Coburg,MELBOURNE - INNER,GREATER MELBOURNE
21107,SA2,2009-06-30,13580,Final,1107,Brunswick West,Brunswick - Coburg,MELBOURNE - INNER,GREATER MELBOURNE
21107,SA2,2010-06-30,13741,Final,1107,Brunswick West,Brunswick - Coburg,MELBOURNE - INNER,GREATER MELBOURNE
21107,SA2,2011-06-30,13864,Final,1107,Brunswick West,Brunswick - Coburg,MELBOURNE - INNER,GREATER MELBOURNE
21107,SA2,2012-06-30,14008,Revised,1107,Brunswick West,Brunswick - Coburg,MELBOURNE - INNER,GREATER MELBOURNE
21107,SA2,2013-06-30,14141,Revised,1107,Brunswick West,Brunswick - Coburg,MELBOURNE - INNER,GREATER MELBOURNE
21107,SA2,2014-06-30,14391,Revised,1107,Brunswick West,Brunswick - Coburg,MELBOURNE - INNER,GREATER MELBOURNE
21107,SA2,2015-06-30,14590,Preliminary,1107,Brunswick West,Brunswick - Coburg,MELBOURNE - INNER,GREATER MELBOURNE
21108,SA2,2005-06-30,23998,Final,1108,Coburg,Brunswick - Coburg,MELBOURNE - INNER,GREATER MELBOURNE
21108,SA2,2006-06-30,24353,Final,1108,Coburg,Brunswick - Coburg,MELBOURNE - INNER,GREATER MELBOURNE
21108,SA2,2007-06-30,24772,Final,1108,Coburg,Brunswick - Coburg,MELBOURNE - INNER,GREATER MELBOURNE
21108,SA2,2008-06-30,25319,Final,1108,Coburg,Brunswick - Coburg,MELBOURNE - INNER,GREATER MELBOURNE
21108,SA2,2009-06-30,25841,Final,1108,Coburg,Brunswick - Coburg,MELBOURNE - INNER,GREATER MELBOURNE
21108,SA2,2010-06-30,26015,Final,1108,Coburg,Brunswick - Coburg,MELBOURNE - INNER,GREATER MELBOURNE
21108,SA2,2011-06-30,26234,Final,1108,Coburg,Brunswick - Coburg,MELBOURNE - INNER,GREATER MELBOURNE
21108,SA2,2012-06-30,26609,Revised,1108,Coburg,Brunswick - Coburg,MELBOURNE - INNER,GREATER MELBOURNE
21108,SA2,2013-06-30,26966,Revised,1108,Coburg,Brunswick - Coburg,MELBOURNE - INNER,GREATER MELBOURNE
21108,SA2,2014-06-30,27328,Revised,1108,Coburg,Brunswick - Coburg,MELBOURNE - INNER,GREATER MELBOURNE
21108,SA2,2015-06-30,27668,Preliminary,1108,Coburg,Brunswick - Coburg,MELBOURNE - INNER,GREATER MELBOURNE
21109,SA2,2005-06-30,9070,Final,1109,Pascoe Vale South,Brunswick - Coburg,MELBOURNE - INNER,GREATER MELBOURNE
21109,SA2,2006-06-30,9206,Final,1109,Pascoe Vale South,Brunswick - Coburg,MELBOURNE - INNER,GREATER MELBOURNE
21109,SA2,2007-06-30,9318,Final,1109,Pascoe Vale South,Brunswick - Coburg,MELBOURNE - INNER,GREATER MELBOURNE
21109,SA2,2008-06-30,9445,Final,1109,Pascoe Vale South,Brunswick - Coburg,MELBOURNE - INNER,GREATER MELBOURNE
21109,SA2,2009-06-30,9678,Final,1109,Pascoe Vale South,Brunswick - Coburg,MELBOURNE - INNER,GREATER MELBOURNE
21109,SA2,2010-06-30,9810,Final,1109,Pascoe Vale South,Brunswick - Coburg,MELBOURNE - INNER,GREATER MELBOURNE
21109,SA2,2011-06-30,9860,Final,1109,Pascoe Vale South,Brunswick - Coburg,MELBOURNE - INNER,GREATER MELBOURNE
21109,SA2,2012-06-30,9958,Revised,1109,Pascoe Vale South,Brunswick - Coburg,MELBOURNE - INNER,GREATER MELBOURNE
21109,SA2,2013-06-30,10046,Revised,1109,Pascoe Vale South,Brunswick - Coburg,MELBOURNE - INNER,GREATER MELBOURNE
21109,SA2,2014-06-30,10107,Revised,1109,Pascoe Vale South,Brunswick - Coburg,MELBOURNE - INNER,GREATER MELBOURNE
21109,SA2,2015-06-30,10224,Preliminary,1109,Pascoe Vale South,Brunswick - Coburg,MELBOURNE - INNER,GREATER MELBOURNE
21110,SA2,2005-06-30,8032,Final,1110,Alphington - Fairfield,Darebin - South,MELBOURNE - INNER,GREATER MELBOURNE
21110,SA2,2006-06-30,8105,Final,1110,Alphington - Fairfield,Darebin - South,MELBOURNE - INNER,GREATER MELBOURNE
21110,SA2,2007-06-30,8189,Final,1110,Alphington - Fairfield,Darebin - South,MELBOURNE - INNER,GREATER MELBOURNE
21110,SA2,2008-06-30,8270,Final,1110,Alphington - Fairfield,Darebin - South,MELBOURNE - INNER,GREATER MELBOURNE
21110,SA2,2009-06-30,8377,Final,1110,Alphington - Fairfield,Darebin - South,MELBOURNE - INNER,GREATER MELBOURNE
21110,SA2,2010-06-30,8506,Final,1110,Alphington - Fairfield,Darebin - South,MELBOURNE - INNER,GREATER MELBOURNE
21110,SA2,2011-06-30,8561,Final,1110,Alphington - Fairfield,Darebin - South,MELBOURNE - INNER,GREATER MELBOURNE
21110,SA2,2012-06-30,8677,Revised,1110,Alphington - Fairfield,Darebin - South,MELBOURNE - INNER,GREATER MELBOURNE
21110,SA2,2013-06-30,8706,Revised,1110,Alphington - Fairfield,Darebin - South,MELBOURNE - INNER,GREATER MELBOURNE
21110,SA2,2014-06-30,8769,Revised,1110,Alphington - Fairfield,Darebin - South,MELBOURNE - INNER,GREATER MELBOURNE
21110,SA2,2015-06-30,8969,Preliminary,1110,Alphington - Fairfield,Darebin - South,MELBOURNE - INNER,GREATER MELBOURNE
21111,SA2,2005-06-30,21817,Final,1111,Northcote,Darebin - South,MELBOURNE - INNER,GREATER MELBOURNE
21111,SA2,2006-06-30,22220,Final,1111,Northcote,Darebin - South,MELBOURNE - INNER,GREATER MELBOURNE
21111,SA2,2007-06-30,22726,Final,1111,Northcote,Darebin - South,MELBOURNE - INNER,GREATER MELBOURNE
21111,SA2,2008-06-30,23282,Final,1111,Northcote,Darebin - South,MELBOURNE - INNER,GREATER MELBOURNE
21111,SA2,2009-06-30,23821,Final,1111,Northcote,Darebin - South,MELBOURNE - INNER,GREATER MELBOURNE
21111,SA2,2010-06-30,24070,Final,1111,Northcote,Darebin - South,MELBOURNE - INNER,GREATER MELBOURNE
21111,SA2,2011-06-30,24152,Final,1111,Northcote,Darebin - South,MELBOURNE - INNER,GREATER MELBOURNE
21111,SA2,2012-06-30,24359,Revised,1111,Northcote,Darebin - South,MELBOURNE - INNER,GREATER MELBOURNE
21111,SA2,2013-06-30,24951,Revised,1111,Northcote,Darebin - South,MELBOURNE - INNER,GREATER MELBOURNE
21111,SA2,2014-06-30,25520,Revised,1111,Northcote,Darebin - South,MELBOURNE - INNER,GREATER MELBOURNE
21111,SA2,2015-06-30,25930,Preliminary,1111,Northcote,Darebin - South,MELBOURNE - INNER,GREATER MELBOURNE
21112,SA2,2005-06-30,17193,Final,1112,Thornbury,Darebin - South,MELBOURNE - INNER,GREATER MELBOURNE
21112,SA2,2006-06-30,17368,Final,1112,Thornbury,Darebin - South,MELBOURNE - INNER,GREATER MELBOURNE
21112,SA2,2007-06-30,17622,Final,1112,Thornbury,Darebin - South,MELBOURNE - INNER,GREATER MELBOURNE
21112,SA2,2008-06-30,17880,Final,1112,Thornbury,Darebin - South,MELBOURNE - INNER,GREATER MELBOURNE
21112,SA2,2009-06-30,18064,Final,1112,Thornbury,Darebin - South,MELBOURNE - INNER,GREATER MELBOURNE
21112,SA2,2010-06-30,18177,Final,1112,Thornbury,Darebin - South,MELBOURNE - INNER,GREATER MELBOURNE
21112,SA2,2011-06-30,18258,Final,1112,Thornbury,Darebin - South,MELBOURNE - INNER,GREATER MELBOURNE
21112,SA2,2012-06-30,18489,Revised,1112,Thornbury,Darebin - South,MELBOURNE - INNER,GREATER MELBOURNE
21112,SA2,2013-06-30,18834,Revised,1112,Thornbury,Darebin - South,MELBOURNE - INNER,GREATER MELBOURNE
21112,SA2,2014-06-30,18997,Revised,1112,Thornbury,Darebin - South,MELBOURNE - INNER,GREATER MELBOURNE
21112,SA2,2015-06-30,19306,Preliminary,1112,Thornbury,Darebin - South,MELBOURNE - INNER,GREATER MELBOURNE
21113,SA2,2005-06-30,12782,Final,1113,Ascot Vale,Essendon,MELBOURNE - INNER,GREATER MELBOURNE
21113,SA2,2006-06-30,12890,Final,1113,Ascot Vale,Essendon,MELBOURNE - INNER,GREATER MELBOURNE
21113,SA2,2007-06-30,13275,Final,1113,Ascot Vale,Essendon,MELBOURNE - INNER,GREATER MELBOURNE
21113,SA2,2008-06-30,13671,Final,1113,Ascot Vale,Essendon,MELBOURNE - INNER,GREATER MELBOURNE
21113,SA2,2009-06-30,13914,Final,1113,Ascot Vale,Essendon,MELBOURNE - INNER,GREATER MELBOURNE
21113,SA2,2010-06-30,14012,Final,1113,Ascot Vale,Essendon,MELBOURNE - INNER,GREATER MELBOURNE
21113,SA2,2011-06-30,14135,Final,1113,Ascot Vale,Essendon,MELBOURNE - INNER,GREATER MELBOURNE
21113,SA2,2012-06-30,14405,Revised,1113,Ascot Vale,Essendon,MELBOURNE - INNER,GREATER MELBOURNE
21113,SA2,2013-06-30,14528,Revised,1113,Ascot Vale,Essendon,MELBOURNE - INNER,GREATER MELBOURNE
21113,SA2,2014-06-30,14936,Revised,1113,Ascot Vale,Essendon,MELBOURNE - INNER,GREATER MELBOURNE
21113,SA2,2015-06-30,15325,Preliminary,1113,Ascot Vale,Essendon,MELBOURNE - INNER,GREATER MELBOURNE
21114,SA2,2005-06-30,24167,Final,1114,Essendon - Aberfeldie,Essendon,MELBOURNE - INNER,GREATER MELBOURNE
21114,SA2,2006-06-30,24395,Final,1114,Essendon - Aberfeldie,Essendon,MELBOURNE - INNER,GREATER MELBOURNE
21114,SA2,2007-06-30,24583,Final,1114,Essendon - Aberfeldie,Essendon,MELBOURNE - INNER,GREATER MELBOURNE
21114,SA2,2008-06-30,24854,Final,1114,Essendon - Aberfeldie,Essendon,MELBOURNE - INNER,GREATER MELBOURNE
21114,SA2,2009-06-30,25262,Final,1114,Essendon - Aberfeldie,Essendon,MELBOURNE - INNER,GREATER MELBOURNE
21114,SA2,2010-06-30,25575,Final,1114,Essendon - Aberfeldie,Essendon,MELBOURNE - INNER,GREATER MELBOURNE
21114,SA2,2011-06-30,25845,Final,1114,Essendon - Aberfeldie,Essendon,MELBOURNE - INNER,GREATER MELBOURNE
21114,SA2,2012-06-30,26020,Revised,1114,Essendon - Aberfeldie,Essendon,MELBOURNE - INNER,GREATER MELBOURNE
21114,SA2,2013-06-30,26323,Revised,1114,Essendon - Aberfeldie,Essendon,MELBOURNE - INNER,GREATER MELBOURNE
21114,SA2,2014-06-30,27010,Revised,1114,Essendon - Aberfeldie,Essendon,MELBOURNE - INNER,GREATER MELBOURNE
21114,SA2,2015-06-30,27649,Preliminary,1114,Essendon - Aberfeldie,Essendon,MELBOURNE - INNER,GREATER MELBOURNE
21115,SA2,2005-06-30,8240,Final,1115,Flemington,Essendon,MELBOURNE - INNER,GREATER MELBOURNE
21115,SA2,2006-06-30,8410,Final,1115,Flemington,Essendon,MELBOURNE - INNER,GREATER MELBOURNE
21115,SA2,2007-06-30,8661,Final,1115,Flemington,Essendon,MELBOURNE - INNER,GREATER MELBOURNE
21115,SA2,2008-06-30,8841,Final,1115,Flemington,Essendon,MELBOURNE - INNER,GREATER MELBOURNE
21115,SA2,2009-06-30,9030,Final,1115,Flemington,Essendon,MELBOURNE - INNER,GREATER MELBOURNE
21115,SA2,2010-06-30,9261,Final,1115,Flemington,Essendon,MELBOURNE - INNER,GREATER MELBOURNE
21115,SA2,2011-06-30,9547,Final,1115,Flemington,Essendon,MELBOURNE - INNER,GREATER MELBOURNE
21115,SA2,2012-06-30,9654,Revised,1115,Flemington,Essendon,MELBOURNE - INNER,GREATER MELBOURNE
21115,SA2,2013-06-30,9791,Revised,1115,Flemington,Essendon,MELBOURNE - INNER,GREATER MELBOURNE
21115,SA2,2014-06-30,9900,Revised,1115,Flemington,Essendon,MELBOURNE - INNER,GREATER MELBOURNE
21115,SA2,2015-06-30,9994,Preliminary,1115,Flemington,Essendon,MELBOURNE - INNER,GREATER MELBOURNE
21116,SA2,2005-06-30,12971,Final,1116,Moonee Ponds,Essendon,MELBOURNE - INNER,GREATER MELBOURNE
21116,SA2,2006-06-30,13123,Final,1116,Moonee Ponds,Essendon,MELBOURNE - INNER,GREATER MELBOURNE
21116,SA2,2007-06-30,13287,Final,1116,Moonee Ponds,Essendon,MELBOURNE - INNER,GREATER MELBOURNE
21116,SA2,2008-06-30,13618,Final,1116,Moonee Ponds,Essendon,MELBOURNE - INNER,GREATER MELBOURNE
21116,SA2,2009-06-30,14014,Final,1116,Moonee Ponds,Essendon,MELBOURNE - INNER,GREATER MELBOURNE
21116,SA2,2010-06-30,14164,Final,1116,Moonee Ponds,Essendon,MELBOURNE - INNER,GREATER MELBOURNE
21116,SA2,2011-06-30,14168,Final,1116,Moonee Ponds,Essendon,MELBOURNE - INNER,GREATER MELBOURNE
21116,SA2,2012-06-30,14397,Revised,1116,Moonee Ponds,Essendon,MELBOURNE - INNER,GREATER MELBOURNE
21116,SA2,2013-06-30,14582,Revised,1116,Moonee Ponds,Essendon,MELBOURNE - INNER,GREATER MELBOURNE
21116,SA2,2014-06-30,14705,Revised,1116,Moonee Ponds,Essendon,MELBOURNE - INNER,GREATER MELBOURNE
21116,SA2,2015-06-30,14784,Preliminary,1116,Moonee Ponds,Essendon,MELBOURNE - INNER,GREATER MELBOURNE
21117,SA2,2005-06-30,11924,Final,1117,Carlton,Melbourne City,MELBOURNE - INNER,GREATER MELBOURNE
21117,SA2,2006-06-30,12737,Final,1117,Carlton,Melbourne City,MELBOURNE - INNER,GREATER MELBOURNE
21117,SA2,2007-06-30,13509,Final,1117,Carlton,Melbourne City,MELBOURNE - INNER,GREATER MELBOURNE
21117,SA2,2008-06-30,14133,Final,1117,Carlton,Melbourne City,MELBOURNE - INNER,GREATER MELBOURNE
21117,SA2,2009-06-30,14687,Final,1117,Carlton,Melbourne City,MELBOURNE - INNER,GREATER MELBOURNE
21117,SA2,2010-06-30,14926,Final,1117,Carlton,Melbourne City,MELBOURNE - INNER,GREATER MELBOURNE
21117,SA2,2011-06-30,15122,Final,1117,Carlton,Melbourne City,MELBOURNE - INNER,GREATER MELBOURNE
21117,SA2,2012-06-30,15377,Revised,1117,Carlton,Melbourne City,MELBOURNE - INNER,GREATER MELBOURNE
21117,SA2,2013-06-30,16299,Revised,1117,Carlton,Melbourne City,MELBOURNE - INNER,GREATER MELBOURNE
21117,SA2,2014-06-30,17243,Revised,1117,Carlton,Melbourne City,MELBOURNE - INNER,GREATER MELBOURNE
21117,SA2,2015-06-30,17788,Preliminary,1117,Carlton,Melbourne City,MELBOURNE - INNER,GREATER MELBOURNE
21118,SA2,2005-06-30,3779,Final,1118,Docklands,Melbourne City,MELBOURNE - INNER,GREATER MELBOURNE
21118,SA2,2006-06-30,4152,Final,1118,Docklands,Melbourne City,MELBOURNE - INNER,GREATER MELBOURNE
21118,SA2,2007-06-30,4592,Final,1118,Docklands,Melbourne City,MELBOURNE - INNER,GREATER MELBOURNE
21118,SA2,2008-06-30,5040,Final,1118,Docklands,Melbourne City,MELBOURNE - INNER,GREATER MELBOURNE
21118,SA2,2009-06-30,5402,Final,1118,Docklands,Melbourne City,MELBOURNE - INNER,GREATER MELBOURNE
21118,SA2,2010-06-30,5780,Final,1118,Docklands,Melbourne City,MELBOURNE - INNER,GREATER MELBOURNE
21118,SA2,2011-06-30,6196,Final,1118,Docklands,Melbourne City,MELBOURNE - INNER,GREATER MELBOURNE
21118,SA2,2012-06-30,6447,Revised,1118,Docklands,Melbourne City,MELBOURNE - INNER,GREATER MELBOURNE
21118,SA2,2013-06-30,7425,Revised,1118,Docklands,Melbourne City,MELBOURNE - INNER,GREATER MELBOURNE
21118,SA2,2014-06-30,8157,Revised,1118,Docklands,Melbourne City,MELBOURNE - INNER,GREATER MELBOURNE
21118,SA2,2015-06-30,8871,Preliminary,1118,Docklands,Melbourne City,MELBOURNE - INNER,GREATER MELBOURNE
21119,SA2,2005-06-30,4495,Final,1119,East Melbourne,Melbourne City,MELBOURNE - INNER,GREATER MELBOURNE
21119,SA2,2006-06-30,4555,Final,1119,East Melbourne,Melbourne City,MELBOURNE - INNER,GREATER MELBOURNE
21119,SA2,2007-06-30,4806,Final,1119,East Melbourne,Melbourne City,MELBOURNE - INNER,GREATER MELBOURNE
21119,SA2,2008-06-30,5055,Final,1119,East Melbourne,Melbourne City,MELBOURNE - INNER,GREATER MELBOURNE
21119,SA2,2009-06-30,5202,Final,1119,East Melbourne,Melbourne City,MELBOURNE - INNER,GREATER MELBOURNE
21119,SA2,2010-06-30,5272,Final,1119,East Melbourne,Melbourne City,MELBOURNE - INNER,GREATER MELBOURNE
21119,SA2,2011-06-30,5238,Final,1119,East Melbourne,Melbourne City,MELBOURNE - INNER,GREATER MELBOURNE
21119,SA2,2012-06-30,5273,Revised,1119,East Melbourne,Melbourne City,MELBOURNE - INNER,GREATER MELBOURNE
21119,SA2,2013-06-30,5348,Revised,1119,East Melbourne,Melbourne City,MELBOURNE - INNER,GREATER MELBOURNE
21119,SA2,2014-06-30,5379,Revised,1119,East Melbourne,Melbourne City,MELBOURNE - INNER,GREATER MELBOURNE
21119,SA2,2015-06-30,5410,Preliminary,1119,East Melbourne,Melbourne City,MELBOURNE - INNER,GREATER MELBOURNE
21120,SA2,2005-06-30,56,Final,1120,Flemington Racecourse,Melbourne City,MELBOURNE - INNER,GREATER MELBOURNE
21120,SA2,2006-06-30,63,Final,1120,Flemington Racecourse,Melbourne City,MELBOURNE - INNER,GREATER MELBOURNE
21120,SA2,2007-06-30,68,Final,1120,Flemington Racecourse,Melbourne City,MELBOURNE - INNER,GREATER MELBOURNE
21120,SA2,2008-06-30,73,Final,1120,Flemington Racecourse,Melbourne City,MELBOURNE - INNER,GREATER MELBOURNE
21120,SA2,2009-06-30,79,Final,1120,Flemington Racecourse,Melbourne City,MELBOURNE - INNER,GREATER MELBOURNE
21120,SA2,2010-06-30,83,Final,1120,Flemington Racecourse,Melbourne City,MELBOURNE - INNER,GREATER MELBOURNE
21120,SA2,2011-06-30,86,Final,1120,Flemington Racecourse,Melbourne City,MELBOURNE - INNER,GREATER MELBOURNE
21120,SA2,2012-06-30,86,Revised,1120,Flemington Racecourse,Melbourne City,MELBOURNE - INNER,GREATER MELBOURNE
21120,SA2,2013-06-30,86,Revised,1120,Flemington Racecourse,Melbourne City,MELBOURNE - INNER,GREATER MELBOURNE
21120,SA2,2014-06-30,86,Revised,1120,Flemington Racecourse,Melbourne City,MELBOURNE - INNER,GREATER MELBOURNE
21120,SA2,2015-06-30,86,Preliminary,1120,Flemington Racecourse,Melbourne City,MELBOURNE - INNER,GREATER MELBOURNE
21121,SA2,2005-06-30,8830,Final,1121,Kensington,Melbourne City,MELBOURNE - INNER,GREATER MELBOURNE
21121,SA2,2006-06-30,9013,Final,1121,Kensington,Melbourne City,MELBOURNE - INNER,GREATER MELBOURNE
21121,SA2,2007-06-30,9481,Final,1121,Kensington,Melbourne City,MELBOURNE - INNER,GREATER MELBOURNE
21121,SA2,2008-06-30,9828,Final,1121,Kensington,Melbourne City,MELBOURNE - INNER,GREATER MELBOURNE
21121,SA2,2009-06-30,10158,Final,1121,Kensington,Melbourne City,MELBOURNE - INNER,GREATER MELBOURNE
21121,SA2,2010-06-30,10230,Final,1121,Kensington,Melbourne City,MELBOURNE - INNER,GREATER MELBOURNE
21121,SA2,2011-06-30,10259,Final,1121,Kensington,Melbourne City,MELBOURNE - INNER,GREATER MELBOURNE
21121,SA2,2012-06-30,10456,Revised,1121,Kensington,Melbourne City,MELBOURNE - INNER,GREATER MELBOURNE
21121,SA2,2013-06-30,10592,Revised,1121,Kensington,Melbourne City,MELBOURNE - INNER,GREATER MELBOURNE
21121,SA2,2014-06-30,10821,Revised,1121,Kensington,Melbourne City,MELBOURNE - INNER,GREATER MELBOURNE
21121,SA2,2015-06-30,11002,Preliminary,1121,Kensington,Melbourne City,MELBOURNE - INNER,GREATER MELBOURNE
21122,SA2,2005-06-30,14292,Final,1122,Melbourne,Melbourne City,MELBOURNE - INNER,GREATER MELBOURNE
21122,SA2,2006-06-30,15249,Final,1122,Melbourne,Melbourne City,MELBOURNE - INNER,GREATER MELBOURNE
21122,SA2,2007-06-30,16225,Final,1122,Melbourne,Melbourne City,MELBOURNE - INNER,GREATER MELBOURNE
21122,SA2,2008-06-30,17325,Final,1122,Melbourne,Melbourne City,MELBOURNE - INNER,GREATER MELBOURNE
21122,SA2,2009-06-30,18751,Final,1122,Melbourne,Melbourne City,MELBOURNE - INNER,GREATER MELBOURNE
21122,SA2,2010-06-30,20382,Final,1122,Melbourne,Melbourne City,MELBOURNE - INNER,GREATER MELBOURNE
21122,SA2,2011-06-30,21815,Final,1122,Melbourne,Melbourne City,MELBOURNE - INNER,GREATER MELBOURNE
21122,SA2,2012-06-30,23899,Revised,1122,Melbourne,Melbourne City,MELBOURNE - INNER,GREATER MELBOURNE
21122,SA2,2013-06-30,29293,Revised,1122,Melbourne,Melbourne City,MELBOURNE - INNER,GREATER MELBOURNE
21122,SA2,2014-06-30,30868,Revised,1122,Melbourne,Melbourne City,MELBOURNE - INNER,GREATER MELBOURNE
21122,SA2,2015-06-30,33433,Preliminary,1122,Melbourne,Melbourne City,MELBOURNE - INNER,GREATER MELBOURNE
21123,SA2,2005-06-30,13278,Final,1123,North Melbourne,Melbourne City,MELBOURNE - INNER,GREATER MELBOURNE
21123,SA2,2006-06-30,13714,Final,1123,North Melbourne,Melbourne City,MELBOURNE - INNER,GREATER MELBOURNE
21123,SA2,2007-06-30,14277,Final,1123,North Melbourne,Melbourne City,MELBOURNE - INNER,GREATER MELBOURNE
21123,SA2,2008-06-30,14812,Final,1123,North Melbourne,Melbourne City,MELBOURNE - INNER,GREATER MELBOURNE
21123,SA2,2009-06-30,15409,Final,1123,North Melbourne,Melbourne City,MELBOURNE - INNER,GREATER MELBOURNE
21123,SA2,2010-06-30,15875,Final,1123,North Melbourne,Melbourne City,MELBOURNE - INNER,GREATER MELBOURNE
21123,SA2,2011-06-30,16361,Final,1123,North Melbourne,Melbourne City,MELBOURNE - INNER,GREATER MELBOURNE
21123,SA2,2012-06-30,17145,Revised,1123,North Melbourne,Melbourne City,MELBOURNE - INNER,GREATER MELBOURNE
21123,SA2,2013-06-30,18092,Revised,1123,North Melbourne,Melbourne City,MELBOURNE - INNER,GREATER MELBOURNE
21123,SA2,2014-06-30,18842,Revised,1123,North Melbourne,Melbourne City,MELBOURNE - INNER,GREATER MELBOURNE
21123,SA2,2015-06-30,19893,Preliminary,1123,North Melbourne,Melbourne City,MELBOURNE - INNER,GREATER MELBOURNE
21124,SA2,2005-06-30,5157,Final,1124,Parkville,Melbourne City,MELBOURNE - INNER,GREATER MELBOURNE
21124,SA2,2006-06-30,5270,Final,1124,Parkville,Melbourne City,MELBOURNE - INNER,GREATER MELBOURNE
21124,SA2,2007-06-30,5649,Final,1124,Parkville,Melbourne City,MELBOURNE - INNER,GREATER MELBOURNE
21124,SA2,2008-06-30,6000,Final,1124,Parkville,Melbourne City,MELBOURNE - INNER,GREATER MELBOURNE
21124,SA2,2009-06-30,6331,Final,1124,Parkville,Melbourne City,MELBOURNE - INNER,GREATER MELBOURNE
21124,SA2,2010-06-30,6482,Final,1124,Parkville,Melbourne City,MELBOURNE - INNER,GREATER MELBOURNE
21124,SA2,2011-06-30,6551,Final,1124,Parkville,Melbourne City,MELBOURNE - INNER,GREATER MELBOURNE
21124,SA2,2012-06-30,6696,Revised,1124,Parkville,Melbourne City,MELBOURNE - INNER,GREATER MELBOURNE
21124,SA2,2013-06-30,7018,Revised,1124,Parkville,Melbourne City,MELBOURNE - INNER,GREATER MELBOURNE
21124,SA2,2014-06-30,7219,Revised,1124,Parkville,Melbourne City,MELBOURNE - INNER,GREATER MELBOURNE
21124,SA2,2015-06-30,7372,Preliminary,1124,Parkville,Melbourne City,MELBOURNE - INNER,GREATER MELBOURNE
21125,SA2,2005-06-30,5289,Final,1125,South Yarra - West,Melbourne City,MELBOURNE - INNER,GREATER MELBOURNE
21125,SA2,2006-06-30,5538,Final,1125,South Yarra - West,Melbourne City,MELBOURNE - INNER,GREATER MELBOURNE
21125,SA2,2007-06-30,5837,Final,1125,South Yarra - West,Melbourne City,MELBOURNE - INNER,GREATER MELBOURNE
21125,SA2,2008-06-30,6118,Final,1125,South Yarra - West,Melbourne City,MELBOURNE - INNER,GREATER MELBOURNE
21125,SA2,2009-06-30,6380,Final,1125,South Yarra - West,Melbourne City,MELBOURNE - INNER,GREATER MELBOURNE
21125,SA2,2010-06-30,6418,Final,1125,South Yarra - West,Melbourne City,MELBOURNE - INNER,GREATER MELBOURNE
21125,SA2,2011-06-30,6426,Final,1125,South Yarra - West,Melbourne City,MELBOURNE - INNER,GREATER MELBOURNE
21125,SA2,2012-06-30,6447,Revised,1125,South Yarra - West,Melbourne City,MELBOURNE - INNER,GREATER MELBOURNE
21125,SA2,2013-06-30,6539,Revised,1125,South Yarra - West,Melbourne City,MELBOURNE - INNER,GREATER MELBOURNE
21125,SA2,2014-06-30,6685,Revised,1125,South Yarra - West,Melbourne City,MELBOURNE - INNER,GREATER MELBOURNE
21125,SA2,2015-06-30,6916,Preliminary,1125,South Yarra - West,Melbourne City,MELBOURNE - INNER,GREATER MELBOURNE
21126,SA2,2005-06-30,9097,Final,1126,Southbank,Melbourne City,MELBOURNE - INNER,GREATER MELBOURNE
21126,SA2,2006-06-30,9863,Final,1126,Southbank,Melbourne City,MELBOURNE - INNER,GREATER MELBOURNE
21126,SA2,2007-06-30,10697,Final,1126,Southbank,Melbourne City,MELBOURNE - INNER,GREATER MELBOURNE
21126,SA2,2008-06-30,11408,Final,1126,Southbank,Melbourne City,MELBOURNE - INNER,GREATER MELBOURNE
21126,SA2,2009-06-30,11931,Final,1126,Southbank,Melbourne City,MELBOURNE - INNER,GREATER MELBOURNE
21126,SA2,2010-06-30,12130,Final,1126,Southbank,Melbourne City,MELBOURNE - INNER,GREATER MELBOURNE
21126,SA2,2011-06-30,12174,Final,1126,Southbank,Melbourne City,MELBOURNE - INNER,GREATER MELBOURNE
21126,SA2,2012-06-30,13576,Revised,1126,Southbank,Melbourne City,MELBOURNE - INNER,GREATER MELBOURNE
21126,SA2,2013-06-30,15621,Revised,1126,Southbank,Melbourne City,MELBOURNE - INNER,GREATER MELBOURNE
21126,SA2,2014-06-30,16850,Revised,1126,Southbank,Melbourne City,MELBOURNE - INNER,GREATER MELBOURNE
21126,SA2,2015-06-30,18192,Preliminary,1126,Southbank,Melbourne City,MELBOURNE - INNER,GREATER MELBOURNE
21127,SA2,2005-06-30,0,Final,1127,West Melbourne,Melbourne City,MELBOURNE - INNER,GREATER MELBOURNE
21127,SA2,2006-06-30,0,Final,1127,West Melbourne,Melbourne City,MELBOURNE - INNER,GREATER MELBOURNE
21127,SA2,2007-06-30,0,Final,1127,West Melbourne,Melbourne City,MELBOURNE - INNER,GREATER MELBOURNE
21127,SA2,2008-06-30,0,Final,1127,West Melbourne,Melbourne City,MELBOURNE - INNER,GREATER MELBOURNE
21127,SA2,2009-06-30,0,Final,1127,West Melbourne,Melbourne City,MELBOURNE - INNER,GREATER MELBOURNE
21127,SA2,2010-06-30,0,Final,1127,West Melbourne,Melbourne City,MELBOURNE - INNER,GREATER MELBOURNE
21127,SA2,2011-06-30,0,Final,1127,West Melbourne,Melbourne City,MELBOURNE - INNER,GREATER MELBOURNE
21127,SA2,2012-06-30,0,Revised,1127,West Melbourne,Melbourne City,MELBOURNE - INNER,GREATER MELBOURNE
21127,SA2,2013-06-30,0,Revised,1127,West Melbourne,Melbourne City,MELBOURNE - INNER,GREATER MELBOURNE
21127,SA2,2014-06-30,0,Revised,1127,West Melbourne,Melbourne City,MELBOURNE - INNER,GREATER MELBOURNE
21127,SA2,2015-06-30,0,Preliminary,1127,West Melbourne,Melbourne City,MELBOURNE - INNER,GREATER MELBOURNE
21128,SA2,2005-06-30,13269,Final,1128,Albert Park,Port Phillip,MELBOURNE - INNER,GREATER MELBOURNE
21128,SA2,2006-06-30,13550,Final,1128,Albert Park,Port Phillip,MELBOURNE - INNER,GREATER MELBOURNE
21128,SA2,2007-06-30,13731,Final,1128,Albert Park,Port Phillip,MELBOURNE - INNER,GREATER MELBOURNE
21128,SA2,2008-06-30,13928,Final,1128,Albert Park,Port Phillip,MELBOURNE - INNER,GREATER MELBOURNE
21128,SA2,2009-06-30,14245,Final,1128,Albert Park,Port Phillip,MELBOURNE - INNER,GREATER MELBOURNE
21128,SA2,2010-06-30,14595,Final,1128,Albert Park,Port Phillip,MELBOURNE - INNER,GREATER MELBOURNE
21128,SA2,2011-06-30,15009,Final,1128,Albert Park,Port Phillip,MELBOURNE - INNER,GREATER MELBOURNE
21128,SA2,2012-06-30,15167,Revised,1128,Albert Park,Port Phillip,MELBOURNE - INNER,GREATER MELBOURNE
21128,SA2,2013-06-30,15327,Revised,1128,Albert Park,Port Phillip,MELBOURNE - INNER,GREATER MELBOURNE
21128,SA2,2014-06-30,15869,Revised,1128,Albert Park,Port Phillip,MELBOURNE - INNER,GREATER MELBOURNE
21128,SA2,2015-06-30,16442,Preliminary,1128,Albert Park,Port Phillip,MELBOURNE - INNER,GREATER MELBOURNE
21129,SA2,2005-06-30,14216,Final,1129,Elwood,Port Phillip,MELBOURNE - INNER,GREATER MELBOURNE
21129,SA2,2006-06-30,14477,Final,1129,Elwood,Port Phillip,MELBOURNE - INNER,GREATER MELBOURNE
21129,SA2,2007-06-30,14790,Final,1129,Elwood,Port Phillip,MELBOURNE - INNER,GREATER MELBOURNE
21129,SA2,2008-06-30,15076,Final,1129,Elwood,Port Phillip,MELBOURNE - INNER,GREATER MELBOURNE
21129,SA2,2009-06-30,15425,Final,1129,Elwood,Port Phillip,MELBOURNE - INNER,GREATER MELBOURNE
21129,SA2,2010-06-30,15552,Final,1129,Elwood,Port Phillip,MELBOURNE - INNER,GREATER MELBOURNE
21129,SA2,2011-06-30,15666,Final,1129,Elwood,Port Phillip,MELBOURNE - INNER,GREATER MELBOURNE
21129,SA2,2012-06-30,15904,Revised,1129,Elwood,Port Phillip,MELBOURNE - INNER,GREATER MELBOURNE
21129,SA2,2013-06-30,16079,Revised,1129,Elwood,Port Phillip,MELBOURNE - INNER,GREATER MELBOURNE
21129,SA2,2014-06-30,16344,Revised,1129,Elwood,Port Phillip,MELBOURNE - INNER,GREATER MELBOURNE
21129,SA2,2015-06-30,16487,Preliminary,1129,Elwood,Port Phillip,MELBOURNE - INNER,GREATER MELBOURNE
21130,SA2,2005-06-30,13543,Final,1130,Port Melbourne,Port Phillip,MELBOURNE - INNER,GREATER MELBOURNE
21130,SA2,2006-06-30,14049,Final,1130,Port Melbourne,Port Phillip,MELBOURNE - INNER,GREATER MELBOURNE
21130,SA2,2007-06-30,14577,Final,1130,Port Melbourne,Port Phillip,MELBOURNE - INNER,GREATER MELBOURNE
21130,SA2,2008-06-30,14958,Final,1130,Port Melbourne,Port Phillip,MELBOURNE - INNER,GREATER MELBOURNE
21130,SA2,2009-06-30,15315,Final,1130,Port Melbourne,Port Phillip,MELBOURNE - INNER,GREATER MELBOURNE
21130,SA2,2010-06-30,15363,Final,1130,Port Melbourne,Port Phillip,MELBOURNE - INNER,GREATER MELBOURNE
21130,SA2,2011-06-30,15413,Final,1130,Port Melbourne,Port Phillip,MELBOURNE - INNER,GREATER MELBOURNE
21130,SA2,2012-06-30,15995,Revised,1130,Port Melbourne,Port Phillip,MELBOURNE - INNER,GREATER MELBOURNE
21130,SA2,2013-06-30,16554,Revised,1130,Port Melbourne,Port Phillip,MELBOURNE - INNER,GREATER MELBOURNE
21130,SA2,2014-06-30,16760,Revised,1130,Port Melbourne,Port Phillip,MELBOURNE - INNER,GREATER MELBOURNE
21130,SA2,2015-06-30,16967,Preliminary,1130,Port Melbourne,Port Phillip,MELBOURNE - INNER,GREATER MELBOURNE
21131,SA2,2005-06-30,9,Final,1131,Port Melbourne Industrial,Port Phillip,MELBOURNE - INNER,GREATER MELBOURNE
21131,SA2,2006-06-30,9,Final,1131,Port Melbourne Industrial,Port Phillip,MELBOURNE - INNER,GREATER MELBOURNE
21131,SA2,2007-06-30,10,Final,1131,Port Melbourne Industrial,Port Phillip,MELBOURNE - INNER,GREATER MELBOURNE
21131,SA2,2008-06-30,11,Final,1131,Port Melbourne Industrial,Port Phillip,MELBOURNE - INNER,GREATER MELBOURNE
21131,SA2,2009-06-30,13,Final,1131,Port Melbourne Industrial,Port Phillip,MELBOURNE - INNER,GREATER MELBOURNE
21131,SA2,2010-06-30,14,Final,1131,Port Melbourne Industrial,Port Phillip,MELBOURNE - INNER,GREATER MELBOURNE
21131,SA2,2011-06-30,15,Final,1131,Port Melbourne Industrial,Port Phillip,MELBOURNE - INNER,GREATER MELBOURNE
21131,SA2,2012-06-30,15,Revised,1131,Port Melbourne Industrial,Port Phillip,MELBOURNE - INNER,GREATER MELBOURNE
21131,SA2,2013-06-30,15,Revised,1131,Port Melbourne Industrial,Port Phillip,MELBOURNE - INNER,GREATER MELBOURNE
21131,SA2,2014-06-30,15,Revised,1131,Port Melbourne Industrial,Port Phillip,MELBOURNE - INNER,GREATER MELBOURNE
21131,SA2,2015-06-30,15,Preliminary,1131,Port Melbourne Industrial,Port Phillip,MELBOURNE - INNER,GREATER MELBOURNE
21132,SA2,2005-06-30,9532,Final,1132,South Melbourne,Port Phillip,MELBOURNE - INNER,GREATER MELBOURNE
21132,SA2,2006-06-30,9719,Final,1132,South Melbourne,Port Phillip,MELBOURNE - INNER,GREATER MELBOURNE
21132,SA2,2007-06-30,9963,Final,1132,South Melbourne,Port Phillip,MELBOURNE - INNER,GREATER MELBOURNE
21132,SA2,2008-06-30,10126,Final,1132,South Melbourne,Port Phillip,MELBOURNE - INNER,GREATER MELBOURNE
21132,SA2,2009-06-30,10343,Final,1132,South Melbourne,Port Phillip,MELBOURNE - INNER,GREATER MELBOURNE
21132,SA2,2010-06-30,10400,Final,1132,South Melbourne,Port Phillip,MELBOURNE - INNER,GREATER MELBOURNE
21132,SA2,2011-06-30,10396,Final,1132,South Melbourne,Port Phillip,MELBOURNE - INNER,GREATER MELBOURNE
21132,SA2,2012-06-30,11243,Revised,1132,South Melbourne,Port Phillip,MELBOURNE - INNER,GREATER MELBOURNE
21132,SA2,2013-06-30,11688,Revised,1132,South Melbourne,Port Phillip,MELBOURNE - INNER,GREATER MELBOURNE
21132,SA2,2014-06-30,12227,Revised,1132,South Melbourne,Port Phillip,MELBOURNE - INNER,GREATER MELBOURNE
21132,SA2,2015-06-30,12660,Preliminary,1132,South Melbourne,Port Phillip,MELBOURNE - INNER,GREATER MELBOURNE
21133,SA2,2005-06-30,21537,Final,1133,St Kilda,Port Phillip,MELBOURNE - INNER,GREATER MELBOURNE
21133,SA2,2006-06-30,21990,Final,1133,St Kilda,Port Phillip,MELBOURNE - INNER,GREATER MELBOURNE
21133,SA2,2007-06-30,22471,Final,1133,St Kilda,Port Phillip,MELBOURNE - INNER,GREATER MELBOURNE
21133,SA2,2008-06-30,22918,Final,1133,St Kilda,Port Phillip,MELBOURNE - INNER,GREATER MELBOURNE
21133,SA2,2009-06-30,23451,Final,1133,St Kilda,Port Phillip,MELBOURNE - INNER,GREATER MELBOURNE
21133,SA2,2010-06-30,23798,Final,1133,St Kilda,Port Phillip,MELBOURNE - INNER,GREATER MELBOURNE
21133,SA2,2011-06-30,24091,Final,1133,St Kilda,Port Phillip,MELBOURNE - INNER,GREATER MELBOURNE
21133,SA2,2012-06-30,25307,Revised,1133,St Kilda,Port Phillip,MELBOURNE - INNER,GREATER MELBOURNE
21133,SA2,2013-06-30,25814,Revised,1133,St Kilda,Port Phillip,MELBOURNE - INNER,GREATER MELBOURNE
21133,SA2,2014-06-30,26383,Revised,1133,St Kilda,Port Phillip,MELBOURNE - INNER,GREATER MELBOURNE
21133,SA2,2015-06-30,27174,Preliminary,1133,St Kilda,Port Phillip,MELBOURNE - INNER,GREATER MELBOURNE
21134,SA2,2005-06-30,15725,Final,1134,St Kilda East,Port Phillip,MELBOURNE - INNER,GREATER MELBOURNE
21134,SA2,2006-06-30,15847,Final,1134,St Kilda East,Port Phillip,MELBOURNE - INNER,GREATER MELBOURNE
21134,SA2,2007-06-30,15948,Final,1134,St Kilda East,Port Phillip,MELBOURNE - INNER,GREATER MELBOURNE
21134,SA2,2008-06-30,16157,Final,1134,St Kilda East,Port Phillip,MELBOURNE - INNER,GREATER MELBOURNE
21134,SA2,2009-06-30,16480,Final,1134,St Kilda East,Port Phillip,MELBOURNE - INNER,GREATER MELBOURNE
21134,SA2,2010-06-30,16653,Final,1134,St Kilda East,Port Phillip,MELBOURNE - INNER,GREATER MELBOURNE
21134,SA2,2011-06-30,16686,Final,1134,St Kilda East,Port Phillip,MELBOURNE - INNER,GREATER MELBOURNE
21134,SA2,2012-06-30,16778,Revised,1134,St Kilda East,Port Phillip,MELBOURNE - INNER,GREATER MELBOURNE
21134,SA2,2013-06-30,16934,Revised,1134,St Kilda East,Port Phillip,MELBOURNE - INNER,GREATER MELBOURNE
21134,SA2,2014-06-30,17230,Revised,1134,St Kilda East,Port Phillip,MELBOURNE - INNER,GREATER MELBOURNE
21134,SA2,2015-06-30,17397,Preliminary,1134,St Kilda East,Port Phillip,MELBOURNE - INNER,GREATER MELBOURNE
21135,SA2,2005-06-30,8783,Final,1135,Armadale,Stonnington - West,MELBOURNE - INNER,GREATER MELBOURNE
21135,SA2,2006-06-30,8863,Final,1135,Armadale,Stonnington - West,MELBOURNE - INNER,GREATER MELBOURNE
21135,SA2,2007-06-30,8990,Final,1135,Armadale,Stonnington - West,MELBOURNE - INNER,GREATER MELBOURNE
21135,SA2,2008-06-30,9148,Final,1135,Armadale,Stonnington - West,MELBOURNE - INNER,GREATER MELBOURNE
21135,SA2,2009-06-30,9260,Final,1135,Armadale,Stonnington - West,MELBOURNE - INNER,GREATER MELBOURNE
21135,SA2,2010-06-30,9318,Final,1135,Armadale,Stonnington - West,MELBOURNE - INNER,GREATER MELBOURNE
21135,SA2,2011-06-30,9301,Final,1135,Armadale,Stonnington - West,MELBOURNE - INNER,GREATER MELBOURNE
21135,SA2,2012-06-30,9363,Revised,1135,Armadale,Stonnington - West,MELBOURNE - INNER,GREATER MELBOURNE
21135,SA2,2013-06-30,9446,Revised,1135,Armadale,Stonnington - West,MELBOURNE - INNER,GREATER MELBOURNE
21135,SA2,2014-06-30,9583,Revised,1135,Armadale,Stonnington - West,MELBOURNE - INNER,GREATER MELBOURNE
21135,SA2,2015-06-30,9769,Preliminary,1135,Armadale,Stonnington - West,MELBOURNE - INNER,GREATER MELBOURNE
21136,SA2,2005-06-30,17358,Final,1136,Prahran - Windsor,Stonnington - West,MELBOURNE - INNER,GREATER MELBOURNE
21136,SA2,2006-06-30,17594,Final,1136,Prahran - Windsor,Stonnington - West,MELBOURNE - INNER,GREATER MELBOURNE
21136,SA2,2007-06-30,17921,Final,1136,Prahran - Windsor,Stonnington - West,MELBOURNE - INNER,GREATER MELBOURNE
21136,SA2,2008-06-30,18299,Final,1136,Prahran - Windsor,Stonnington - West,MELBOURNE - INNER,GREATER MELBOURNE
21136,SA2,2009-06-30,18583,Final,1136,Prahran - Windsor,Stonnington - West,MELBOURNE - INNER,GREATER MELBOURNE
21136,SA2,2010-06-30,18695,Final,1136,Prahran - Windsor,Stonnington - West,MELBOURNE - INNER,GREATER MELBOURNE
21136,SA2,2011-06-30,18738,Final,1136,Prahran - Windsor,Stonnington - West,MELBOURNE - INNER,GREATER MELBOURNE
21136,SA2,2012-06-30,19531,Revised,1136,Prahran - Windsor,Stonnington - West,MELBOURNE - INNER,GREATER MELBOURNE
21136,SA2,2013-06-30,20031,Revised,1136,Prahran - Windsor,Stonnington - West,MELBOURNE - INNER,GREATER MELBOURNE
21136,SA2,2014-06-30,20726,Revised,1136,Prahran - Windsor,Stonnington - West,MELBOURNE - INNER,GREATER MELBOURNE
21136,SA2,2015-06-30,20943,Preliminary,1136,Prahran - Windsor,Stonnington - West,MELBOURNE - INNER,GREATER MELBOURNE
21137,SA2,2005-06-30,14110,Final,1137,South Yarra - East,Stonnington - West,MELBOURNE - INNER,GREATER MELBOURNE
21137,SA2,2006-06-30,14406,Final,1137,South Yarra - East,Stonnington - West,MELBOURNE - INNER,GREATER MELBOURNE
21137,SA2,2007-06-30,14572,Final,1137,South Yarra - East,Stonnington - West,MELBOURNE - INNER,GREATER MELBOURNE
21137,SA2,2008-06-30,14860,Final,1137,South Yarra - East,Stonnington - West,MELBOURNE - INNER,GREATER MELBOURNE
21137,SA2,2009-06-30,15292,Final,1137,South Yarra - East,Stonnington - West,MELBOURNE - INNER,GREATER MELBOURNE
21137,SA2,2010-06-30,15566,Final,1137,South Yarra - East,Stonnington - West,MELBOURNE - INNER,GREATER MELBOURNE
21137,SA2,2011-06-30,15778,Final,1137,South Yarra - East,Stonnington - West,MELBOURNE - INNER,GREATER MELBOURNE
21137,SA2,2012-06-30,16688,Revised,1137,South Yarra - East,Stonnington - West,MELBOURNE - INNER,GREATER MELBOURNE
21137,SA2,2013-06-30,17527,Revised,1137,South Yarra - East,Stonnington - West,MELBOURNE - INNER,GREATER MELBOURNE
21137,SA2,2014-06-30,18927,Revised,1137,South Yarra - East,Stonnington - West,MELBOURNE - INNER,GREATER MELBOURNE
21137,SA2,2015-06-30,19981,Preliminary,1137,South Yarra - East,Stonnington - West,MELBOURNE - INNER,GREATER MELBOURNE
21138,SA2,2005-06-30,13672,Final,1138,Toorak,Stonnington - West,MELBOURNE - INNER,GREATER MELBOURNE
21138,SA2,2006-06-30,13765,Final,1138,Toorak,Stonnington - West,MELBOURNE - INNER,GREATER MELBOURNE
21138,SA2,2007-06-30,13861,Final,1138,Toorak,Stonnington - West,MELBOURNE - INNER,GREATER MELBOURNE
21138,SA2,2008-06-30,13956,Final,1138,Toorak,Stonnington - West,MELBOURNE - INNER,GREATER MELBOURNE
21138,SA2,2009-06-30,13979,Final,1138,Toorak,Stonnington - West,MELBOURNE - INNER,GREATER MELBOURNE
21138,SA2,2010-06-30,13939,Final,1138,Toorak,Stonnington - West,MELBOURNE - INNER,GREATER MELBOURNE
21138,SA2,2011-06-30,13768,Final,1138,Toorak,Stonnington - West,MELBOURNE - INNER,GREATER MELBOURNE
21138,SA2,2012-06-30,13816,Revised,1138,Toorak,Stonnington - West,MELBOURNE - INNER,GREATER MELBOURNE
21138,SA2,2013-06-30,13879,Revised,1138,Toorak,Stonnington - West,MELBOURNE - INNER,GREATER MELBOURNE
21138,SA2,2014-06-30,13944,Revised,1138,Toorak,Stonnington - West,MELBOURNE - INNER,GREATER MELBOURNE
21138,SA2,2015-06-30,14086,Preliminary,1138,Toorak,Stonnington - West,MELBOURNE - INNER,GREATER MELBOURNE
21139,SA2,2005-06-30,4498,Final,1139,Abbotsford,Yarra,MELBOURNE - INNER,GREATER MELBOURNE
21139,SA2,2006-06-30,4537,Final,1139,Abbotsford,Yarra,MELBOURNE - INNER,GREATER MELBOURNE
21139,SA2,2007-06-30,4638,Final,1139,Abbotsford,Yarra,MELBOURNE - INNER,GREATER MELBOURNE
21139,SA2,2008-06-30,4727,Final,1139,Abbotsford,Yarra,MELBOURNE - INNER,GREATER MELBOURNE
21139,SA2,2009-06-30,4833,Final,1139,Abbotsford,Yarra,MELBOURNE - INNER,GREATER MELBOURNE
21139,SA2,2010-06-30,5029,Final,1139,Abbotsford,Yarra,MELBOURNE - INNER,GREATER MELBOURNE
21139,SA2,2011-06-30,5213,Final,1139,Abbotsford,Yarra,MELBOURNE - INNER,GREATER MELBOURNE
21139,SA2,2012-06-30,5413,Revised,1139,Abbotsford,Yarra,MELBOURNE - INNER,GREATER MELBOURNE
21139,SA2,2013-06-30,6475,Revised,1139,Abbotsford,Yarra,MELBOURNE - INNER,GREATER MELBOURNE
21139,SA2,2014-06-30,7020,Revised,1139,Abbotsford,Yarra,MELBOURNE - INNER,GREATER MELBOURNE
21139,SA2,2015-06-30,7553,Preliminary,1139,Abbotsford,Yarra,MELBOURNE - INNER,GREATER MELBOURNE
21140,SA2,2005-06-30,8525,Final,1140,Carlton North - Princes Hill,Yarra,MELBOURNE - INNER,GREATER MELBOURNE
21140,SA2,2006-06-30,8586,Final,1140,Carlton North - Princes Hill,Yarra,MELBOURNE - INNER,GREATER MELBOURNE
21140,SA2,2007-06-30,8692,Final,1140,Carlton North - Princes Hill,Yarra,MELBOURNE - INNER,GREATER MELBOURNE
21140,SA2,2008-06-30,8747,Final,1140,Carlton North - Princes Hill,Yarra,MELBOURNE - INNER,GREATER MELBOURNE
21140,SA2,2009-06-30,8761,Final,1140,Carlton North - Princes Hill,Yarra,MELBOURNE - INNER,GREATER MELBOURNE
21140,SA2,2010-06-30,8801,Final,1140,Carlton North - Princes Hill,Yarra,MELBOURNE - INNER,GREATER MELBOURNE
21140,SA2,2011-06-30,8786,Final,1140,Carlton North - Princes Hill,Yarra,MELBOURNE - INNER,GREATER MELBOURNE
21140,SA2,2012-06-30,8820,Revised,1140,Carlton North - Princes Hill,Yarra,MELBOURNE - INNER,GREATER MELBOURNE
21140,SA2,2013-06-30,8882,Revised,1140,Carlton North - Princes Hill,Yarra,MELBOURNE - INNER,GREATER MELBOURNE
21140,SA2,2014-06-30,8969,Revised,1140,Carlton North - Princes Hill,Yarra,MELBOURNE - INNER,GREATER MELBOURNE
21140,SA2,2015-06-30,9090,Preliminary,1140,Carlton North - Princes Hill,Yarra,MELBOURNE - INNER,GREATER MELBOURNE
21141,SA2,2005-06-30,5653,Final,1141,Collingwood,Yarra,MELBOURNE - INNER,GREATER MELBOURNE
21141,SA2,2006-06-30,5761,Final,1141,Collingwood,Yarra,MELBOURNE - INNER,GREATER MELBOURNE
21141,SA2,2007-06-30,5939,Final,1141,Collingwood,Yarra,MELBOURNE - INNER,GREATER MELBOURNE
21141,SA2,2008-06-30,6185,Final,1141,Collingwood,Yarra,MELBOURNE - INNER,GREATER MELBOURNE
21141,SA2,2009-06-30,6454,Final,1141,Collingwood,Yarra,MELBOURNE - INNER,GREATER MELBOURNE
21141,SA2,2010-06-30,6684,Final,1141,Collingwood,Yarra,MELBOURNE - INNER,GREATER MELBOURNE
21141,SA2,2011-06-30,6867,Final,1141,Collingwood,Yarra,MELBOURNE - INNER,GREATER MELBOURNE
21141,SA2,2012-06-30,7124,Revised,1141,Collingwood,Yarra,MELBOURNE - INNER,GREATER MELBOURNE
21141,SA2,2013-06-30,7253,Revised,1141,Collingwood,Yarra,MELBOURNE - INNER,GREATER MELBOURNE
21141,SA2,2014-06-30,7767,Revised,1141,Collingwood,Yarra,MELBOURNE - INNER,GREATER MELBOURNE
21141,SA2,2015-06-30,8435,Preliminary,1141,Collingwood,Yarra,MELBOURNE - INNER,GREATER MELBOURNE
21142,SA2,2005-06-30,8961,Final,1142,Fitzroy,Yarra,MELBOURNE - INNER,GREATER MELBOURNE
21142,SA2,2006-06-30,9241,Final,1142,Fitzroy,Yarra,MELBOURNE - INNER,GREATER MELBOURNE
21142,SA2,2007-06-30,9596,Final,1142,Fitzroy,Yarra,MELBOURNE - INNER,GREATER MELBOURNE
21142,SA2,2008-06-30,9857,Final,1142,Fitzroy,Yarra,MELBOURNE - INNER,GREATER MELBOURNE
21142,SA2,2009-06-30,10050,Final,1142,Fitzroy,Yarra,MELBOURNE - INNER,GREATER MELBOURNE
21142,SA2,2010-06-30,10238,Final,1142,Fitzroy,Yarra,MELBOURNE - INNER,GREATER MELBOURNE
21142,SA2,2011-06-30,10214,Final,1142,Fitzroy,Yarra,MELBOURNE - INNER,GREATER MELBOURNE
21142,SA2,2012-06-30,10563,Revised,1142,Fitzroy,Yarra,MELBOURNE - INNER,GREATER MELBOURNE
21142,SA2,2013-06-30,10815,Revised,1142,Fitzroy,Yarra,MELBOURNE - INNER,GREATER MELBOURNE
21142,SA2,2014-06-30,11052,Revised,1142,Fitzroy,Yarra,MELBOURNE - INNER,GREATER MELBOURNE
21142,SA2,2015-06-30,11386,Preliminary,1142,Fitzroy,Yarra,MELBOURNE - INNER,GREATER MELBOURNE
21143,SA2,2005-06-30,11486,Final,1143,Fitzroy North,Yarra,MELBOURNE - INNER,GREATER MELBOURNE
21143,SA2,2006-06-30,11606,Final,1143,Fitzroy North,Yarra,MELBOURNE - INNER,GREATER MELBOURNE
21143,SA2,2007-06-30,11725,Final,1143,Fitzroy North,Yarra,MELBOURNE - INNER,GREATER MELBOURNE
21143,SA2,2008-06-30,11937,Final,1143,Fitzroy North,Yarra,MELBOURNE - INNER,GREATER MELBOURNE
21143,SA2,2009-06-30,12104,Final,1143,Fitzroy North,Yarra,MELBOURNE - INNER,GREATER MELBOURNE
21143,SA2,2010-06-30,12163,Final,1143,Fitzroy North,Yarra,MELBOURNE - INNER,GREATER MELBOURNE
21143,SA2,2011-06-30,12143,Final,1143,Fitzroy North,Yarra,MELBOURNE - INNER,GREATER MELBOURNE
21143,SA2,2012-06-30,12351,Revised,1143,Fitzroy North,Yarra,MELBOURNE - INNER,GREATER MELBOURNE
21143,SA2,2013-06-30,12445,Revised,1143,Fitzroy North,Yarra,MELBOURNE - INNER,GREATER MELBOURNE
21143,SA2,2014-06-30,12703,Revised,1143,Fitzroy North,Yarra,MELBOURNE - INNER,GREATER MELBOURNE
21143,SA2,2015-06-30,13000,Preliminary,1143,Fitzroy North,Yarra,MELBOURNE - INNER,GREATER MELBOURNE
21144,SA2,2005-06-30,25510,Final,1144,Richmond (Vic.),Yarra,MELBOURNE - INNER,GREATER MELBOURNE
21144,SA2,2006-06-30,25883,Final,1144,Richmond (Vic.),Yarra,MELBOURNE - INNER,GREATER MELBOURNE
21144,SA2,2007-06-30,26313,Final,1144,Richmond (Vic.),Yarra,MELBOURNE - INNER,GREATER MELBOURNE
21144,SA2,2008-06-30,26774,Final,1144,Richmond (Vic.),Yarra,MELBOURNE - INNER,GREATER MELBOURNE
21144,SA2,2009-06-30,27312,Final,1144,Richmond (Vic.),Yarra,MELBOURNE - INNER,GREATER MELBOURNE
21144,SA2,2010-06-30,27583,Final,1144,Richmond (Vic.),Yarra,MELBOURNE - INNER,GREATER MELBOURNE
21144,SA2,2011-06-30,27841,Final,1144,Richmond (Vic.),Yarra,MELBOURNE - INNER,GREATER MELBOURNE
21144,SA2,2012-06-30,28738,Revised,1144,Richmond (Vic.),Yarra,MELBOURNE - INNER,GREATER MELBOURNE
21144,SA2,2013-06-30,29532,Revised,1144,Richmond (Vic.),Yarra,MELBOURNE - INNER,GREATER MELBOURNE
21144,SA2,2014-06-30,30530,Revised,1144,Richmond (Vic.),Yarra,MELBOURNE - INNER,GREATER MELBOURNE
21144,SA2,2015-06-30,31253,Preliminary,1144,Richmond (Vic.),Yarra,MELBOURNE - INNER,GREATER MELBOURNE
21145,SA2,2005-06-30,7909,Final,1145,Yarra - North,Yarra,MELBOURNE - INNER,GREATER MELBOURNE
21145,SA2,2006-06-30,8034,Final,1145,Yarra - North,Yarra,MELBOURNE - INNER,GREATER MELBOURNE
21145,SA2,2007-06-30,8225,Final,1145,Yarra - North,Yarra,MELBOURNE - INNER,GREATER MELBOURNE
21145,SA2,2008-06-30,8372,Final,1145,Yarra - North,Yarra,MELBOURNE - INNER,GREATER MELBOURNE
21145,SA2,2009-06-30,8519,Final,1145,Yarra - North,Yarra,MELBOURNE - INNER,GREATER MELBOURNE
21145,SA2,2010-06-30,8595,Final,1145,Yarra - North,Yarra,MELBOURNE - INNER,GREATER MELBOURNE
21145,SA2,2011-06-30,8621,Final,1145,Yarra - North,Yarra,MELBOURNE - INNER,GREATER MELBOURNE
21145,SA2,2012-06-30,8761,Revised,1145,Yarra - North,Yarra,MELBOURNE - INNER,GREATER MELBOURNE
21145,SA2,2013-06-30,8892,Revised,1145,Yarra - North,Yarra,MELBOURNE - INNER,GREATER MELBOURNE
21145,SA2,2014-06-30,9117,Revised,1145,Yarra - North,Yarra,MELBOURNE - INNER,GREATER MELBOURNE
21145,SA2,2015-06-30,9228,Preliminary,1145,Yarra - North,Yarra,MELBOURNE - INNER,GREATER MELBOURNE
21146,SA2,2005-06-30,7325,Final,1146,Ashburton (Vic.),Boroondara,MELBOURNE - INNER EAST,GREATER MELBOURNE
21146,SA2,2006-06-30,7344,Final,1146,Ashburton (Vic.),Boroondara,MELBOURNE - INNER EAST,GREATER MELBOURNE
21146,SA2,2007-06-30,7538,Final,1146,Ashburton (Vic.),Boroondara,MELBOURNE - INNER EAST,GREATER MELBOURNE
21146,SA2,2008-06-30,7679,Final,1146,Ashburton (Vic.),Boroondara,MELBOURNE - INNER EAST,GREATER MELBOURNE
21146,SA2,2009-06-30,7798,Final,1146,Ashburton (Vic.),Boroondara,MELBOURNE - INNER EAST,GREATER MELBOURNE
21146,SA2,2010-06-30,7900,Final,1146,Ashburton (Vic.),Boroondara,MELBOURNE - INNER EAST,GREATER MELBOURNE
21146,SA2,2011-06-30,7940,Final,1146,Ashburton (Vic.),Boroondara,MELBOURNE - INNER EAST,GREATER MELBOURNE
21146,SA2,2012-06-30,8070,Revised,1146,Ashburton (Vic.),Boroondara,MELBOURNE - INNER EAST,GREATER MELBOURNE
21146,SA2,2013-06-30,8154,Revised,1146,Ashburton (Vic.),Boroondara,MELBOURNE - INNER EAST,GREATER MELBOURNE
21146,SA2,2014-06-30,8255,Revised,1146,Ashburton (Vic.),Boroondara,MELBOURNE - INNER EAST,GREATER MELBOURNE
21146,SA2,2015-06-30,8353,Preliminary,1146,Ashburton (Vic.),Boroondara,MELBOURNE - INNER EAST,GREATER MELBOURNE
21147,SA2,2005-06-30,15694,Final,1147,Balwyn,Boroondara,MELBOURNE - INNER EAST,GREATER MELBOURNE
21147,SA2,2006-06-30,15879,Final,1147,Balwyn,Boroondara,MELBOURNE - INNER EAST,GREATER MELBOURNE
21147,SA2,2007-06-30,15988,Final,1147,Balwyn,Boroondara,MELBOURNE - INNER EAST,GREATER MELBOURNE
21147,SA2,2008-06-30,16084,Final,1147,Balwyn,Boroondara,MELBOURNE - INNER EAST,GREATER MELBOURNE
21147,SA2,2009-06-30,16187,Final,1147,Balwyn,Boroondara,MELBOURNE - INNER EAST,GREATER MELBOURNE
21147,SA2,2010-06-30,16272,Final,1147,Balwyn,Boroondara,MELBOURNE - INNER EAST,GREATER MELBOURNE
21147,SA2,2011-06-30,16314,Final,1147,Balwyn,Boroondara,MELBOURNE - INNER EAST,GREATER MELBOURNE
21147,SA2,2012-06-30,16384,Revised,1147,Balwyn,Boroondara,MELBOURNE - INNER EAST,GREATER MELBOURNE
21147,SA2,2013-06-30,16506,Revised,1147,Balwyn,Boroondara,MELBOURNE - INNER EAST,GREATER MELBOURNE
21147,SA2,2014-06-30,16687,Revised,1147,Balwyn,Boroondara,MELBOURNE - INNER EAST,GREATER MELBOURNE
21147,SA2,2015-06-30,16848,Preliminary,1147,Balwyn,Boroondara,MELBOURNE - INNER EAST,GREATER MELBOURNE
21148,SA2,2005-06-30,20289,Final,1148,Balwyn North,Boroondara,MELBOURNE - INNER EAST,GREATER MELBOURNE
21148,SA2,2006-06-30,20412,Final,1148,Balwyn North,Boroondara,MELBOURNE - INNER EAST,GREATER MELBOURNE
21148,SA2,2007-06-30,20532,Final,1148,Balwyn North,Boroondara,MELBOURNE - INNER EAST,GREATER MELBOURNE
21148,SA2,2008-06-30,20657,Final,1148,Balwyn North,Boroondara,MELBOURNE - INNER EAST,GREATER MELBOURNE
21148,SA2,2009-06-30,20753,Final,1148,Balwyn North,Boroondara,MELBOURNE - INNER EAST,GREATER MELBOURNE
21148,SA2,2010-06-30,20815,Final,1148,Balwyn North,Boroondara,MELBOURNE - INNER EAST,GREATER MELBOURNE
21148,SA2,2011-06-30,20850,Final,1148,Balwyn North,Boroondara,MELBOURNE - INNER EAST,GREATER MELBOURNE
21148,SA2,2012-06-30,21017,Revised,1148,Balwyn North,Boroondara,MELBOURNE - INNER EAST,GREATER MELBOURNE
21148,SA2,2013-06-30,21182,Revised,1148,Balwyn North,Boroondara,MELBOURNE - INNER EAST,GREATER MELBOURNE
21148,SA2,2014-06-30,21328,Revised,1148,Balwyn North,Boroondara,MELBOURNE - INNER EAST,GREATER MELBOURNE
21148,SA2,2015-06-30,21314,Preliminary,1148,Balwyn North,Boroondara,MELBOURNE - INNER EAST,GREATER MELBOURNE
21149,SA2,2005-06-30,20202,Final,1149,Camberwell,Boroondara,MELBOURNE - INNER EAST,GREATER MELBOURNE
21149,SA2,2006-06-30,20218,Final,1149,Camberwell,Boroondara,MELBOURNE - INNER EAST,GREATER MELBOURNE
21149,SA2,2007-06-30,20339,Final,1149,Camberwell,Boroondara,MELBOURNE - INNER EAST,GREATER MELBOURNE
21149,SA2,2008-06-30,20479,Final,1149,Camberwell,Boroondara,MELBOURNE - INNER EAST,GREATER MELBOURNE
21149,SA2,2009-06-30,20701,Final,1149,Camberwell,Boroondara,MELBOURNE - INNER EAST,GREATER MELBOURNE
21149,SA2,2010-06-30,20822,Final,1149,Camberwell,Boroondara,MELBOURNE - INNER EAST,GREATER MELBOURNE
21149,SA2,2011-06-30,20918,Final,1149,Camberwell,Boroondara,MELBOURNE - INNER EAST,GREATER MELBOURNE
21149,SA2,2012-06-30,21087,Revised,1149,Camberwell,Boroondara,MELBOURNE - INNER EAST,GREATER MELBOURNE
21149,SA2,2013-06-30,21259,Revised,1149,Camberwell,Boroondara,MELBOURNE - INNER EAST,GREATER MELBOURNE
21149,SA2,2014-06-30,21569,Revised,1149,Camberwell,Boroondara,MELBOURNE - INNER EAST,GREATER MELBOURNE
21149,SA2,2015-06-30,22024,Preliminary,1149,Camberwell,Boroondara,MELBOURNE - INNER EAST,GREATER MELBOURNE
21150,SA2,2005-06-30,15467,Final,1150,Glen Iris - East,Boroondara,MELBOURNE - INNER EAST,GREATER MELBOURNE
21150,SA2,2006-06-30,15567,Final,1150,Glen Iris - East,Boroondara,MELBOURNE - INNER EAST,GREATER MELBOURNE
21150,SA2,2007-06-30,15804,Final,1150,Glen Iris - East,Boroondara,MELBOURNE - INNER EAST,GREATER MELBOURNE
21150,SA2,2008-06-30,16167,Final,1150,Glen Iris - East,Boroondara,MELBOURNE - INNER EAST,GREATER MELBOURNE
21150,SA2,2009-06-30,16420,Final,1150,Glen Iris - East,Boroondara,MELBOURNE - INNER EAST,GREATER MELBOURNE
21150,SA2,2010-06-30,16543,Final,1150,Glen Iris - East,Boroondara,MELBOURNE - INNER EAST,GREATER MELBOURNE
21150,SA2,2011-06-30,16569,Final,1150,Glen Iris - East,Boroondara,MELBOURNE - INNER EAST,GREATER MELBOURNE
21150,SA2,2012-06-30,16829,Revised,1150,Glen Iris - East,Boroondara,MELBOURNE - INNER EAST,GREATER MELBOURNE
21150,SA2,2013-06-30,16996,Revised,1150,Glen Iris - East,Boroondara,MELBOURNE - INNER EAST,GREATER MELBOURNE
21150,SA2,2014-06-30,17049,Revised,1150,Glen Iris - East,Boroondara,MELBOURNE - INNER EAST,GREATER MELBOURNE
21150,SA2,2015-06-30,17101,Preliminary,1150,Glen Iris - East,Boroondara,MELBOURNE - INNER EAST,GREATER MELBOURNE
21151,SA2,2005-06-30,20326,Final,1151,Hawthorn,Boroondara,MELBOURNE - INNER EAST,GREATER MELBOURNE
21151,SA2,2006-06-30,20531,Final,1151,Hawthorn,Boroondara,MELBOURNE - INNER EAST,GREATER MELBOURNE
21151,SA2,2007-06-30,20863,Final,1151,Hawthorn,Boroondara,MELBOURNE - INNER EAST,GREATER MELBOURNE
21151,SA2,2008-06-30,21091,Final,1151,Hawthorn,Boroondara,MELBOURNE - INNER EAST,GREATER MELBOURNE
21151,SA2,2009-06-30,21470,Final,1151,Hawthorn,Boroondara,MELBOURNE - INNER EAST,GREATER MELBOURNE
21151,SA2,2010-06-30,21721,Final,1151,Hawthorn,Boroondara,MELBOURNE - INNER EAST,GREATER MELBOURNE
21151,SA2,2011-06-30,22013,Final,1151,Hawthorn,Boroondara,MELBOURNE - INNER EAST,GREATER MELBOURNE
21151,SA2,2012-06-30,22315,Revised,1151,Hawthorn,Boroondara,MELBOURNE - INNER EAST,GREATER MELBOURNE
21151,SA2,2013-06-30,23157,Revised,1151,Hawthorn,Boroondara,MELBOURNE - INNER EAST,GREATER MELBOURNE
21151,SA2,2014-06-30,23510,Revised,1151,Hawthorn,Boroondara,MELBOURNE - INNER EAST,GREATER MELBOURNE
21151,SA2,2015-06-30,24019,Preliminary,1151,Hawthorn,Boroondara,MELBOURNE - INNER EAST,GREATER MELBOURNE
21152,SA2,2005-06-30,13505,Final,1152,Hawthorn East,Boroondara,MELBOURNE - INNER EAST,GREATER MELBOURNE
21152,SA2,2006-06-30,13626,Final,1152,Hawthorn East,Boroondara,MELBOURNE - INNER EAST,GREATER MELBOURNE
21152,SA2,2007-06-30,13835,Final,1152,Hawthorn East,Boroondara,MELBOURNE - INNER EAST,GREATER MELBOURNE
21152,SA2,2008-06-30,14022,Final,1152,Hawthorn East,Boroondara,MELBOURNE - INNER EAST,GREATER MELBOURNE
21152,SA2,2009-06-30,14241,Final,1152,Hawthorn East,Boroondara,MELBOURNE - INNER EAST,GREATER MELBOURNE
21152,SA2,2010-06-30,14369,Final,1152,Hawthorn East,Boroondara,MELBOURNE - INNER EAST,GREATER MELBOURNE
21152,SA2,2011-06-30,14417,Final,1152,Hawthorn East,Boroondara,MELBOURNE - INNER EAST,GREATER MELBOURNE
21152,SA2,2012-06-30,14519,Revised,1152,Hawthorn East,Boroondara,MELBOURNE - INNER EAST,GREATER MELBOURNE
21152,SA2,2013-06-30,14604,Revised,1152,Hawthorn East,Boroondara,MELBOURNE - INNER EAST,GREATER MELBOURNE
21152,SA2,2014-06-30,15034,Revised,1152,Hawthorn East,Boroondara,MELBOURNE - INNER EAST,GREATER MELBOURNE
21152,SA2,2015-06-30,15795,Preliminary,1152,Hawthorn East,Boroondara,MELBOURNE - INNER EAST,GREATER MELBOURNE
21153,SA2,2005-06-30,23596,Final,1153,Kew,Boroondara,MELBOURNE - INNER EAST,GREATER MELBOURNE
21153,SA2,2006-06-30,23583,Final,1153,Kew,Boroondara,MELBOURNE - INNER EAST,GREATER MELBOURNE
21153,SA2,2007-06-30,23790,Final,1153,Kew,Boroondara,MELBOURNE - INNER EAST,GREATER MELBOURNE
21153,SA2,2008-06-30,24371,Final,1153,Kew,Boroondara,MELBOURNE - INNER EAST,GREATER MELBOURNE
21153,SA2,2009-06-30,24660,Final,1153,Kew,Boroondara,MELBOURNE - INNER EAST,GREATER MELBOURNE
21153,SA2,2010-06-30,24757,Final,1153,Kew,Boroondara,MELBOURNE - INNER EAST,GREATER MELBOURNE
21153,SA2,2011-06-30,24856,Final,1153,Kew,Boroondara,MELBOURNE - INNER EAST,GREATER MELBOURNE
21153,SA2,2012-06-30,25065,Revised,1153,Kew,Boroondara,MELBOURNE - INNER EAST,GREATER MELBOURNE
21153,SA2,2013-06-30,25234,Revised,1153,Kew,Boroondara,MELBOURNE - INNER EAST,GREATER MELBOURNE
21153,SA2,2014-06-30,25785,Revised,1153,Kew,Boroondara,MELBOURNE - INNER EAST,GREATER MELBOURNE
21153,SA2,2015-06-30,25997,Preliminary,1153,Kew,Boroondara,MELBOURNE - INNER EAST,GREATER MELBOURNE
21154,SA2,2005-06-30,6201,Final,1154,Kew East,Boroondara,MELBOURNE - INNER EAST,GREATER MELBOURNE
21154,SA2,2006-06-30,6239,Final,1154,Kew East,Boroondara,MELBOURNE - INNER EAST,GREATER MELBOURNE
21154,SA2,2007-06-30,6305,Final,1154,Kew East,Boroondara,MELBOURNE - INNER EAST,GREATER MELBOURNE
21154,SA2,2008-06-30,6407,Final,1154,Kew East,Boroondara,MELBOURNE - INNER EAST,GREATER MELBOURNE
21154,SA2,2009-06-30,6484,Final,1154,Kew East,Boroondara,MELBOURNE - INNER EAST,GREATER MELBOURNE
21154,SA2,2010-06-30,6519,Final,1154,Kew East,Boroondara,MELBOURNE - INNER EAST,GREATER MELBOURNE
21154,SA2,2011-06-30,6552,Final,1154,Kew East,Boroondara,MELBOURNE - INNER EAST,GREATER MELBOURNE
21154,SA2,2012-06-30,6536,Revised,1154,Kew East,Boroondara,MELBOURNE - INNER EAST,GREATER MELBOURNE
21154,SA2,2013-06-30,6553,Revised,1154,Kew East,Boroondara,MELBOURNE - INNER EAST,GREATER MELBOURNE
21154,SA2,2014-06-30,6588,Revised,1154,Kew East,Boroondara,MELBOURNE - INNER EAST,GREATER MELBOURNE
21154,SA2,2015-06-30,6595,Preliminary,1154,Kew East,Boroondara,MELBOURNE - INNER EAST,GREATER MELBOURNE
21155,SA2,2005-06-30,16122,Final,1155,Surrey Hills (West) - Canterbury,Boroondara,MELBOURNE - INNER EAST,GREATER MELBOURNE
21155,SA2,2006-06-30,16206,Final,1155,Surrey Hills (West) - Canterbury,Boroondara,MELBOURNE - INNER EAST,GREATER MELBOURNE
21155,SA2,2007-06-30,16314,Final,1155,Surrey Hills (West) - Canterbury,Boroondara,MELBOURNE - INNER EAST,GREATER MELBOURNE
21155,SA2,2008-06-30,16451,Final,1155,Surrey Hills (West) - Canterbury,Boroondara,MELBOURNE - INNER EAST,GREATER MELBOURNE
21155,SA2,2009-06-30,16570,Final,1155,Surrey Hills (West) - Canterbury,Boroondara,MELBOURNE - INNER EAST,GREATER MELBOURNE
21155,SA2,2010-06-30,16608,Final,1155,Surrey Hills (West) - Canterbury,Boroondara,MELBOURNE - INNER EAST,GREATER MELBOURNE
21155,SA2,2011-06-30,16633,Final,1155,Surrey Hills (West) - Canterbury,Boroondara,MELBOURNE - INNER EAST,GREATER MELBOURNE
21155,SA2,2012-06-30,16636,Revised,1155,Surrey Hills (West) - Canterbury,Boroondara,MELBOURNE - INNER EAST,GREATER MELBOURNE
21155,SA2,2013-06-30,16737,Revised,1155,Surrey Hills (West) - Canterbury,Boroondara,MELBOURNE - INNER EAST,GREATER MELBOURNE
21155,SA2,2014-06-30,16746,Revised,1155,Surrey Hills (West) - Canterbury,Boroondara,MELBOURNE - INNER EAST,GREATER MELBOURNE
21155,SA2,2015-06-30,16741,Preliminary,1155,Surrey Hills (West) - Canterbury,Boroondara,MELBOURNE - INNER EAST,GREATER MELBOURNE
21156,SA2,2005-06-30,10920,Final,1156,Bulleen,Manningham - West,MELBOURNE - INNER EAST,GREATER MELBOURNE
21156,SA2,2006-06-30,10867,Final,1156,Bulleen,Manningham - West,MELBOURNE - INNER EAST,GREATER MELBOURNE
21156,SA2,2007-06-30,11013,Final,1156,Bulleen,Manningham - West,MELBOURNE - INNER EAST,GREATER MELBOURNE
21156,SA2,2008-06-30,11136,Final,1156,Bulleen,Manningham - West,MELBOURNE - INNER EAST,GREATER MELBOURNE
21156,SA2,2009-06-30,11290,Final,1156,Bulleen,Manningham - West,MELBOURNE - INNER EAST,GREATER MELBOURNE
21156,SA2,2010-06-30,11350,Final,1156,Bulleen,Manningham - West,MELBOURNE - INNER EAST,GREATER MELBOURNE
21156,SA2,2011-06-30,11376,Final,1156,Bulleen,Manningham - West,MELBOURNE - INNER EAST,GREATER MELBOURNE
21156,SA2,2012-06-30,11405,Revised,1156,Bulleen,Manningham - West,MELBOURNE - INNER EAST,GREATER MELBOURNE
21156,SA2,2013-06-30,11423,Revised,1156,Bulleen,Manningham - West,MELBOURNE - INNER EAST,GREATER MELBOURNE
21156,SA2,2014-06-30,11550,Revised,1156,Bulleen,Manningham - West,MELBOURNE - INNER EAST,GREATER MELBOURNE
21156,SA2,2015-06-30,11701,Preliminary,1156,Bulleen,Manningham - West,MELBOURNE - INNER EAST,GREATER MELBOURNE
21157,SA2,2005-06-30,18562,Final,1157,Doncaster,Manningham - West,MELBOURNE - INNER EAST,GREATER MELBOURNE
21157,SA2,2006-06-30,18599,Final,1157,Doncaster,Manningham - West,MELBOURNE - INNER EAST,GREATER MELBOURNE
21157,SA2,2007-06-30,18717,Final,1157,Doncaster,Manningham - West,MELBOURNE - INNER EAST,GREATER MELBOURNE
21157,SA2,2008-06-30,18834,Final,1157,Doncaster,Manningham - West,MELBOURNE - INNER EAST,GREATER MELBOURNE
21157,SA2,2009-06-30,19015,Final,1157,Doncaster,Manningham - West,MELBOURNE - INNER EAST,GREATER MELBOURNE
21157,SA2,2010-06-30,19131,Final,1157,Doncaster,Manningham - West,MELBOURNE - INNER EAST,GREATER MELBOURNE
21157,SA2,2011-06-30,19343,Final,1157,Doncaster,Manningham - West,MELBOURNE - INNER EAST,GREATER MELBOURNE
21157,SA2,2012-06-30,19478,Revised,1157,Doncaster,Manningham - West,MELBOURNE - INNER EAST,GREATER MELBOURNE
21157,SA2,2013-06-30,19727,Revised,1157,Doncaster,Manningham - West,MELBOURNE - INNER EAST,GREATER MELBOURNE
21157,SA2,2014-06-30,20013,Revised,1157,Doncaster,Manningham - West,MELBOURNE - INNER EAST,GREATER MELBOURNE
21157,SA2,2015-06-30,20287,Preliminary,1157,Doncaster,Manningham - West,MELBOURNE - INNER EAST,GREATER MELBOURNE
21158,SA2,2005-06-30,27330,Final,1158,Doncaster East,Manningham - West,MELBOURNE - INNER EAST,GREATER MELBOURNE
21158,SA2,2006-06-30,27439,Final,1158,Doncaster East,Manningham - West,MELBOURNE - INNER EAST,GREATER MELBOURNE
21158,SA2,2007-06-30,27743,Final,1158,Doncaster East,Manningham - West,MELBOURNE - INNER EAST,GREATER MELBOURNE
21158,SA2,2008-06-30,28056,Final,1158,Doncaster East,Manningham - West,MELBOURNE - INNER EAST,GREATER MELBOURNE
21158,SA2,2009-06-30,28270,Final,1158,Doncaster East,Manningham - West,MELBOURNE - INNER EAST,GREATER MELBOURNE
21158,SA2,2010-06-30,28317,Final,1158,Doncaster East,Manningham - West,MELBOURNE - INNER EAST,GREATER MELBOURNE
21158,SA2,2011-06-30,28356,Final,1158,Doncaster East,Manningham - West,MELBOURNE - INNER EAST,GREATER MELBOURNE
21158,SA2,2012-06-30,28536,Revised,1158,Doncaster East,Manningham - West,MELBOURNE - INNER EAST,GREATER MELBOURNE
21158,SA2,2013-06-30,28609,Revised,1158,Doncaster East,Manningham - West,MELBOURNE - INNER EAST,GREATER MELBOURNE
21158,SA2,2014-06-30,29136,Revised,1158,Doncaster East,Manningham - West,MELBOURNE - INNER EAST,GREATER MELBOURNE
21158,SA2,2015-06-30,29415,Preliminary,1158,Doncaster East,Manningham - West,MELBOURNE - INNER EAST,GREATER MELBOURNE
21159,SA2,2005-06-30,17178,Final,1159,Templestowe,Manningham - West,MELBOURNE - INNER EAST,GREATER MELBOURNE
21159,SA2,2006-06-30,17208,Final,1159,Templestowe,Manningham - West,MELBOURNE - INNER EAST,GREATER MELBOURNE
21159,SA2,2007-06-30,17267,Final,1159,Templestowe,Manningham - West,MELBOURNE - INNER EAST,GREATER MELBOURNE
21159,SA2,2008-06-30,17314,Final,1159,Templestowe,Manningham - West,MELBOURNE - INNER EAST,GREATER MELBOURNE
21159,SA2,2009-06-30,17376,Final,1159,Templestowe,Manningham - West,MELBOURNE - INNER EAST,GREATER MELBOURNE
21159,SA2,2010-06-30,17371,Final,1159,Templestowe,Manningham - West,MELBOURNE - INNER EAST,GREATER MELBOURNE
21159,SA2,2011-06-30,17344,Final,1159,Templestowe,Manningham - West,MELBOURNE - INNER EAST,GREATER MELBOURNE
21159,SA2,2012-06-30,17346,Revised,1159,Templestowe,Manningham - West,MELBOURNE - INNER EAST,GREATER MELBOURNE
21159,SA2,2013-06-30,17278,Revised,1159,Templestowe,Manningham - West,MELBOURNE - INNER EAST,GREATER MELBOURNE
21159,SA2,2014-06-30,17257,Revised,1159,Templestowe,Manningham - West,MELBOURNE - INNER EAST,GREATER MELBOURNE
21159,SA2,2015-06-30,17261,Preliminary,1159,Templestowe,Manningham - West,MELBOURNE - INNER EAST,GREATER MELBOURNE
21160,SA2,2005-06-30,13460,Final,1160,Templestowe Lower,Manningham - West,MELBOURNE - INNER EAST,GREATER MELBOURNE
21160,SA2,2006-06-30,13505,Final,1160,Templestowe Lower,Manningham - West,MELBOURNE - INNER EAST,GREATER MELBOURNE
21160,SA2,2007-06-30,13590,Final,1160,Templestowe Lower,Manningham - West,MELBOURNE - INNER EAST,GREATER MELBOURNE
21160,SA2,2008-06-30,13687,Final,1160,Templestowe Lower,Manningham - West,MELBOURNE - INNER EAST,GREATER MELBOURNE
21160,SA2,2009-06-30,13781,Final,1160,Templestowe Lower,Manningham - West,MELBOURNE - INNER EAST,GREATER MELBOURNE
21160,SA2,2010-06-30,13816,Final,1160,Templestowe Lower,Manningham - West,MELBOURNE - INNER EAST,GREATER MELBOURNE
21160,SA2,2011-06-30,13792,Final,1160,Templestowe Lower,Manningham - West,MELBOURNE - INNER EAST,GREATER MELBOURNE
21160,SA2,2012-06-30,13817,Revised,1160,Templestowe Lower,Manningham - West,MELBOURNE - INNER EAST,GREATER MELBOURNE
21160,SA2,2013-06-30,13895,Revised,1160,Templestowe Lower,Manningham - West,MELBOURNE - INNER EAST,GREATER MELBOURNE
21160,SA2,2014-06-30,13955,Revised,1160,Templestowe Lower,Manningham - West,MELBOURNE - INNER EAST,GREATER MELBOURNE
21160,SA2,2015-06-30,14266,Preliminary,1160,Templestowe Lower,Manningham - West,MELBOURNE - INNER EAST,GREATER MELBOURNE
21161,SA2,2005-06-30,19210,Final,1161,Blackburn,Whitehorse - West,MELBOURNE - INNER EAST,GREATER MELBOURNE
21161,SA2,2006-06-30,19317,Final,1161,Blackburn,Whitehorse - West,MELBOURNE - INNER EAST,GREATER MELBOURNE
21161,SA2,2007-06-30,19534,Final,1161,Blackburn,Whitehorse - West,MELBOURNE - INNER EAST,GREATER MELBOURNE
21161,SA2,2008-06-30,19999,Final,1161,Blackburn,Whitehorse - West,MELBOURNE - INNER EAST,GREATER MELBOURNE
21161,SA2,2009-06-30,20332,Final,1161,Blackburn,Whitehorse - West,MELBOURNE - INNER EAST,GREATER MELBOURNE
21161,SA2,2010-06-30,20490,Final,1161,Blackburn,Whitehorse - West,MELBOURNE - INNER EAST,GREATER MELBOURNE
21161,SA2,2011-06-30,20635,Final,1161,Blackburn,Whitehorse - West,MELBOURNE - INNER EAST,GREATER MELBOURNE
21161,SA2,2012-06-30,20849,Revised,1161,Blackburn,Whitehorse - West,MELBOURNE - INNER EAST,GREATER MELBOURNE
21161,SA2,2013-06-30,21137,Revised,1161,Blackburn,Whitehorse - West,MELBOURNE - INNER EAST,GREATER MELBOURNE
21161,SA2,2014-06-30,21290,Revised,1161,Blackburn,Whitehorse - West,MELBOURNE - INNER EAST,GREATER MELBOURNE
21161,SA2,2015-06-30,21677,Preliminary,1161,Blackburn,Whitehorse - West,MELBOURNE - INNER EAST,GREATER MELBOURNE
21162,SA2,2005-06-30,10530,Final,1162,Blackburn South,Whitehorse - West,MELBOURNE - INNER EAST,GREATER MELBOURNE
21162,SA2,2006-06-30,10588,Final,1162,Blackburn South,Whitehorse - West,MELBOURNE - INNER EAST,GREATER MELBOURNE
21162,SA2,2007-06-30,10668,Final,1162,Blackburn South,Whitehorse - West,MELBOURNE - INNER EAST,GREATER MELBOURNE
21162,SA2,2008-06-30,10760,Final,1162,Blackburn South,Whitehorse - West,MELBOURNE - INNER EAST,GREATER MELBOURNE
21162,SA2,2009-06-30,10873,Final,1162,Blackburn South,Whitehorse - West,MELBOURNE - INNER EAST,GREATER MELBOURNE
21162,SA2,2010-06-30,10958,Final,1162,Blackburn South,Whitehorse - West,MELBOURNE - INNER EAST,GREATER MELBOURNE
21162,SA2,2011-06-30,10975,Final,1162,Blackburn South,Whitehorse - West,MELBOURNE - INNER EAST,GREATER MELBOURNE
21162,SA2,2012-06-30,10985,Revised,1162,Blackburn South,Whitehorse - West,MELBOURNE - INNER EAST,GREATER MELBOURNE
21162,SA2,2013-06-30,11071,Revised,1162,Blackburn South,Whitehorse - West,MELBOURNE - INNER EAST,GREATER MELBOURNE
21162,SA2,2014-06-30,11166,Revised,1162,Blackburn South,Whitehorse - West,MELBOURNE - INNER EAST,GREATER MELBOURNE
21162,SA2,2015-06-30,11204,Preliminary,1162,Blackburn South,Whitehorse - West,MELBOURNE - INNER EAST,GREATER MELBOURNE
21163,SA2,2005-06-30,16109,Final,1163,Box Hill,Whitehorse - West,MELBOURNE - INNER EAST,GREATER MELBOURNE
21163,SA2,2006-06-30,16476,Final,1163,Box Hill,Whitehorse - West,MELBOURNE - INNER EAST,GREATER MELBOURNE
21163,SA2,2007-06-30,17012,Final,1163,Box Hill,Whitehorse - West,MELBOURNE - INNER EAST,GREATER MELBOURNE
21163,SA2,2008-06-30,17414,Final,1163,Box Hill,Whitehorse - West,MELBOURNE - INNER EAST,GREATER MELBOURNE
21163,SA2,2009-06-30,17965,Final,1163,Box Hill,Whitehorse - West,MELBOURNE - INNER EAST,GREATER MELBOURNE
21163,SA2,2010-06-30,18218,Final,1163,Box Hill,Whitehorse - West,MELBOURNE - INNER EAST,GREATER MELBOURNE
21163,SA2,2011-06-30,18240,Final,1163,Box Hill,Whitehorse - West,MELBOURNE - INNER EAST,GREATER MELBOURNE
21163,SA2,2012-06-30,18635,Revised,1163,Box Hill,Whitehorse - West,MELBOURNE - INNER EAST,GREATER MELBOURNE
21163,SA2,2013-06-30,19088,Revised,1163,Box Hill,Whitehorse - West,MELBOURNE - INNER EAST,GREATER MELBOURNE
21163,SA2,2014-06-30,19484,Revised,1163,Box Hill,Whitehorse - West,MELBOURNE - INNER EAST,GREATER MELBOURNE
21163,SA2,2015-06-30,19859,Preliminary,1163,Box Hill,Whitehorse - West,MELBOURNE - INNER EAST,GREATER MELBOURNE
21164,SA2,2005-06-30,16038,Final,1164,Box Hill North,Whitehorse - West,MELBOURNE - INNER EAST,GREATER MELBOURNE
21164,SA2,2006-06-30,16224,Final,1164,Box Hill North,Whitehorse - West,MELBOURNE - INNER EAST,GREATER MELBOURNE
21164,SA2,2007-06-30,16447,Final,1164,Box Hill North,Whitehorse - West,MELBOURNE - INNER EAST,GREATER MELBOURNE
21164,SA2,2008-06-30,16699,Final,1164,Box Hill North,Whitehorse - West,MELBOURNE - INNER EAST,GREATER MELBOURNE
21164,SA2,2009-06-30,16973,Final,1164,Box Hill North,Whitehorse - West,MELBOURNE - INNER EAST,GREATER MELBOURNE
21164,SA2,2010-06-30,17051,Final,1164,Box Hill North,Whitehorse - West,MELBOURNE - INNER EAST,GREATER MELBOURNE
21164,SA2,2011-06-30,17036,Final,1164,Box Hill North,Whitehorse - West,MELBOURNE - INNER EAST,GREATER MELBOURNE
21164,SA2,2012-06-30,17216,Revised,1164,Box Hill North,Whitehorse - West,MELBOURNE - INNER EAST,GREATER MELBOURNE
21164,SA2,2013-06-30,17488,Revised,1164,Box Hill North,Whitehorse - West,MELBOURNE - INNER EAST,GREATER MELBOURNE
21164,SA2,2014-06-30,17942,Revised,1164,Box Hill North,Whitehorse - West,MELBOURNE - INNER EAST,GREATER MELBOURNE
21164,SA2,2015-06-30,18092,Preliminary,1164,Box Hill North,Whitehorse - West,MELBOURNE - INNER EAST,GREATER MELBOURNE
21165,SA2,2005-06-30,10048,Final,1165,Burwood,Whitehorse - West,MELBOURNE - INNER EAST,GREATER MELBOURNE
21165,SA2,2006-06-30,10227,Final,1165,Burwood,Whitehorse - West,MELBOURNE - INNER EAST,GREATER MELBOURNE
21165,SA2,2007-06-30,10363,Final,1165,Burwood,Whitehorse - West,MELBOURNE - INNER EAST,GREATER MELBOURNE
21165,SA2,2008-06-30,10650,Final,1165,Burwood,Whitehorse - West,MELBOURNE - INNER EAST,GREATER MELBOURNE
21165,SA2,2009-06-30,10936,Final,1165,Burwood,Whitehorse - West,MELBOURNE - INNER EAST,GREATER MELBOURNE
21165,SA2,2010-06-30,11150,Final,1165,Burwood,Whitehorse - West,MELBOURNE - INNER EAST,GREATER MELBOURNE
21165,SA2,2011-06-30,11327,Final,1165,Burwood,Whitehorse - West,MELBOURNE - INNER EAST,GREATER MELBOURNE
21165,SA2,2012-06-30,11488,Revised,1165,Burwood,Whitehorse - West,MELBOURNE - INNER EAST,GREATER MELBOURNE
21165,SA2,2013-06-30,11690,Revised,1165,Burwood,Whitehorse - West,MELBOURNE - INNER EAST,GREATER MELBOURNE
21165,SA2,2014-06-30,11947,Revised,1165,Burwood,Whitehorse - West,MELBOURNE - INNER EAST,GREATER MELBOURNE
21165,SA2,2015-06-30,12131,Preliminary,1165,Burwood,Whitehorse - West,MELBOURNE - INNER EAST,GREATER MELBOURNE
21166,SA2,2005-06-30,10183,Final,1166,Burwood East,Whitehorse - West,MELBOURNE - INNER EAST,GREATER MELBOURNE
21166,SA2,2006-06-30,10239,Final,1166,Burwood East,Whitehorse - West,MELBOURNE - INNER EAST,GREATER MELBOURNE
21166,SA2,2007-06-30,10312,Final,1166,Burwood East,Whitehorse - West,MELBOURNE - INNER EAST,GREATER MELBOURNE
21166,SA2,2008-06-30,10408,Final,1166,Burwood East,Whitehorse - West,MELBOURNE - INNER EAST,GREATER MELBOURNE
21166,SA2,2009-06-30,10525,Final,1166,Burwood East,Whitehorse - West,MELBOURNE - INNER EAST,GREATER MELBOURNE
21166,SA2,2010-06-30,10572,Final,1166,Burwood East,Whitehorse - West,MELBOURNE - INNER EAST,GREATER MELBOURNE
21166,SA2,2011-06-30,10614,Final,1166,Burwood East,Whitehorse - West,MELBOURNE - INNER EAST,GREATER MELBOURNE
21166,SA2,2012-06-30,10640,Revised,1166,Burwood East,Whitehorse - West,MELBOURNE - INNER EAST,GREATER MELBOURNE
21166,SA2,2013-06-30,10682,Revised,1166,Burwood East,Whitehorse - West,MELBOURNE - INNER EAST,GREATER MELBOURNE
21166,SA2,2014-06-30,10700,Revised,1166,Burwood East,Whitehorse - West,MELBOURNE - INNER EAST,GREATER MELBOURNE
21166,SA2,2015-06-30,10723,Preliminary,1166,Burwood East,Whitehorse - West,MELBOURNE - INNER EAST,GREATER MELBOURNE
21167,SA2,2005-06-30,9522,Final,1167,Surrey Hills (East) - Mont Albert,Whitehorse - West,MELBOURNE - INNER EAST,GREATER MELBOURNE
21167,SA2,2006-06-30,9643,Final,1167,Surrey Hills (East) - Mont Albert,Whitehorse - West,MELBOURNE - INNER EAST,GREATER MELBOURNE
21167,SA2,2007-06-30,9832,Final,1167,Surrey Hills (East) - Mont Albert,Whitehorse - West,MELBOURNE - INNER EAST,GREATER MELBOURNE
21167,SA2,2008-06-30,10014,Final,1167,Surrey Hills (East) - Mont Albert,Whitehorse - West,MELBOURNE - INNER EAST,GREATER MELBOURNE
21167,SA2,2009-06-30,10150,Final,1167,Surrey Hills (East) - Mont Albert,Whitehorse - West,MELBOURNE - INNER EAST,GREATER MELBOURNE
21167,SA2,2010-06-30,10207,Final,1167,Surrey Hills (East) - Mont Albert,Whitehorse - West,MELBOURNE - INNER EAST,GREATER MELBOURNE
21167,SA2,2011-06-30,10145,Final,1167,Surrey Hills (East) - Mont Albert,Whitehorse - West,MELBOURNE - INNER EAST,GREATER MELBOURNE
21167,SA2,2012-06-30,10117,Revised,1167,Surrey Hills (East) - Mont Albert,Whitehorse - West,MELBOURNE - INNER EAST,GREATER MELBOURNE
21167,SA2,2013-06-30,10231,Revised,1167,Surrey Hills (East) - Mont Albert,Whitehorse - West,MELBOURNE - INNER EAST,GREATER MELBOURNE
21167,SA2,2014-06-30,10299,Revised,1167,Surrey Hills (East) - Mont Albert,Whitehorse - West,MELBOURNE - INNER EAST,GREATER MELBOURNE
21167,SA2,2015-06-30,10391,Preliminary,1167,Surrey Hills (East) - Mont Albert,Whitehorse - West,MELBOURNE - INNER EAST,GREATER MELBOURNE
21168,SA2,2005-06-30,12721,Final,1168,Beaumaris,Bayside,MELBOURNE - INNER SOUTH,GREATER MELBOURNE
21168,SA2,2006-06-30,12767,Final,1168,Beaumaris,Bayside,MELBOURNE - INNER SOUTH,GREATER MELBOURNE
21168,SA2,2007-06-30,12877,Final,1168,Beaumaris,Bayside,MELBOURNE - INNER SOUTH,GREATER MELBOURNE
21168,SA2,2008-06-30,13123,Final,1168,Beaumaris,Bayside,MELBOURNE - INNER SOUTH,GREATER MELBOURNE
21168,SA2,2009-06-30,13264,Final,1168,Beaumaris,Bayside,MELBOURNE - INNER SOUTH,GREATER MELBOURNE
21168,SA2,2010-06-30,13351,Final,1168,Beaumaris,Bayside,MELBOURNE - INNER SOUTH,GREATER MELBOURNE
21168,SA2,2011-06-30,13375,Final,1168,Beaumaris,Bayside,MELBOURNE - INNER SOUTH,GREATER MELBOURNE
21168,SA2,2012-06-30,13428,Revised,1168,Beaumaris,Bayside,MELBOURNE - INNER SOUTH,GREATER MELBOURNE
21168,SA2,2013-06-30,13539,Revised,1168,Beaumaris,Bayside,MELBOURNE - INNER SOUTH,GREATER MELBOURNE
21168,SA2,2014-06-30,13702,Revised,1168,Beaumaris,Bayside,MELBOURNE - INNER SOUTH,GREATER MELBOURNE
21168,SA2,2015-06-30,13863,Preliminary,1168,Beaumaris,Bayside,MELBOURNE - INNER SOUTH,GREATER MELBOURNE
21169,SA2,2005-06-30,21244,Final,1169,Brighton (Vic.),Bayside,MELBOURNE - INNER SOUTH,GREATER MELBOURNE
21169,SA2,2006-06-30,21360,Final,1169,Brighton (Vic.),Bayside,MELBOURNE - INNER SOUTH,GREATER MELBOURNE
21169,SA2,2007-06-30,21669,Final,1169,Brighton (Vic.),Bayside,MELBOURNE - INNER SOUTH,GREATER MELBOURNE
21169,SA2,2008-06-30,21940,Final,1169,Brighton (Vic.),Bayside,MELBOURNE - INNER SOUTH,GREATER MELBOURNE
21169,SA2,2009-06-30,22264,Final,1169,Brighton (Vic.),Bayside,MELBOURNE - INNER SOUTH,GREATER MELBOURNE
21169,SA2,2010-06-30,22441,Final,1169,Brighton (Vic.),Bayside,MELBOURNE - INNER SOUTH,GREATER MELBOURNE
21169,SA2,2011-06-30,22526,Final,1169,Brighton (Vic.),Bayside,MELBOURNE - INNER SOUTH,GREATER MELBOURNE
21169,SA2,2012-06-30,22608,Revised,1169,Brighton (Vic.),Bayside,MELBOURNE - INNER SOUTH,GREATER MELBOURNE
21169,SA2,2013-06-30,22895,Revised,1169,Brighton (Vic.),Bayside,MELBOURNE - INNER SOUTH,GREATER MELBOURNE
21169,SA2,2014-06-30,23341,Revised,1169,Brighton (Vic.),Bayside,MELBOURNE - INNER SOUTH,GREATER MELBOURNE
21169,SA2,2015-06-30,23794,Preliminary,1169,Brighton (Vic.),Bayside,MELBOURNE - INNER SOUTH,GREATER MELBOURNE
21170,SA2,2005-06-30,15011,Final,1170,Brighton East,Bayside,MELBOURNE - INNER SOUTH,GREATER MELBOURNE
21170,SA2,2006-06-30,15265,Final,1170,Brighton East,Bayside,MELBOURNE - INNER SOUTH,GREATER MELBOURNE
21170,SA2,2007-06-30,15460,Final,1170,Brighton East,Bayside,MELBOURNE - INNER SOUTH,GREATER MELBOURNE
21170,SA2,2008-06-30,15739,Final,1170,Brighton East,Bayside,MELBOURNE - INNER SOUTH,GREATER MELBOURNE
21170,SA2,2009-06-30,15958,Final,1170,Brighton East,Bayside,MELBOURNE - INNER SOUTH,GREATER MELBOURNE
21170,SA2,2010-06-30,16060,Final,1170,Brighton East,Bayside,MELBOURNE - INNER SOUTH,GREATER MELBOURNE
21170,SA2,2011-06-30,16087,Final,1170,Brighton East,Bayside,MELBOURNE - INNER SOUTH,GREATER MELBOURNE
21170,SA2,2012-06-30,16294,Revised,1170,Brighton East,Bayside,MELBOURNE - INNER SOUTH,GREATER MELBOURNE
21170,SA2,2013-06-30,16532,Revised,1170,Brighton East,Bayside,MELBOURNE - INNER SOUTH,GREATER MELBOURNE
21170,SA2,2014-06-30,16751,Revised,1170,Brighton East,Bayside,MELBOURNE - INNER SOUTH,GREATER MELBOURNE
21170,SA2,2015-06-30,16871,Preliminary,1170,Brighton East,Bayside,MELBOURNE - INNER SOUTH,GREATER MELBOURNE
21171,SA2,2005-06-30,9750,Final,1171,Cheltenham - Highett (West),Bayside,MELBOURNE - INNER SOUTH,GREATER MELBOURNE
21171,SA2,2006-06-30,9837,Final,1171,Cheltenham - Highett (West),Bayside,MELBOURNE - INNER SOUTH,GREATER MELBOURNE
21171,SA2,2007-06-30,10008,Final,1171,Cheltenham - Highett (West),Bayside,MELBOURNE - INNER SOUTH,GREATER MELBOURNE
21171,SA2,2008-06-30,10228,Final,1171,Cheltenham - Highett (West),Bayside,MELBOURNE - INNER SOUTH,GREATER MELBOURNE
21171,SA2,2009-06-30,10431,Final,1171,Cheltenham - Highett (West),Bayside,MELBOURNE - INNER SOUTH,GREATER MELBOURNE
21171,SA2,2010-06-30,10523,Final,1171,Cheltenham - Highett (West),Bayside,MELBOURNE - INNER SOUTH,GREATER MELBOURNE
21171,SA2,2011-06-30,10544,Final,1171,Cheltenham - Highett (West),Bayside,MELBOURNE - INNER SOUTH,GREATER MELBOURNE
21171,SA2,2012-06-30,10732,Revised,1171,Cheltenham - Highett (West),Bayside,MELBOURNE - INNER SOUTH,GREATER MELBOURNE
21171,SA2,2013-06-30,10887,Revised,1171,Cheltenham - Highett (West),Bayside,MELBOURNE - INNER SOUTH,GREATER MELBOURNE
21171,SA2,2014-06-30,11163,Revised,1171,Cheltenham - Highett (West),Bayside,MELBOURNE - INNER SOUTH,GREATER MELBOURNE
21171,SA2,2015-06-30,11367,Preliminary,1171,Cheltenham - Highett (West),Bayside,MELBOURNE - INNER SOUTH,GREATER MELBOURNE
21172,SA2,2005-06-30,16326,Final,1172,Hampton,Bayside,MELBOURNE - INNER SOUTH,GREATER MELBOURNE
21172,SA2,2006-06-30,16568,Final,1172,Hampton,Bayside,MELBOURNE - INNER SOUTH,GREATER MELBOURNE
21172,SA2,2007-06-30,16790,Final,1172,Hampton,Bayside,MELBOURNE - INNER SOUTH,GREATER MELBOURNE
21172,SA2,2008-06-30,17042,Final,1172,Hampton,Bayside,MELBOURNE - INNER SOUTH,GREATER MELBOURNE
21172,SA2,2009-06-30,17302,Final,1172,Hampton,Bayside,MELBOURNE - INNER SOUTH,GREATER MELBOURNE
21172,SA2,2010-06-30,17471,Final,1172,Hampton,Bayside,MELBOURNE - INNER SOUTH,GREATER MELBOURNE
21172,SA2,2011-06-30,17699,Final,1172,Hampton,Bayside,MELBOURNE - INNER SOUTH,GREATER MELBOURNE
21172,SA2,2012-06-30,17880,Revised,1172,Hampton,Bayside,MELBOURNE - INNER SOUTH,GREATER MELBOURNE
21172,SA2,2013-06-30,18076,Revised,1172,Hampton,Bayside,MELBOURNE - INNER SOUTH,GREATER MELBOURNE
21172,SA2,2014-06-30,18292,Revised,1172,Hampton,Bayside,MELBOURNE - INNER SOUTH,GREATER MELBOURNE
21172,SA2,2015-06-30,18450,Preliminary,1172,Hampton,Bayside,MELBOURNE - INNER SOUTH,GREATER MELBOURNE
21173,SA2,2005-06-30,14821,Final,1173,Sandringham - Black Rock,Bayside,MELBOURNE - INNER SOUTH,GREATER MELBOURNE
21173,SA2,2006-06-30,15010,Final,1173,Sandringham - Black Rock,Bayside,MELBOURNE - INNER SOUTH,GREATER MELBOURNE
21173,SA2,2007-06-30,15237,Final,1173,Sandringham - Black Rock,Bayside,MELBOURNE - INNER SOUTH,GREATER MELBOURNE
21173,SA2,2008-06-30,15463,Final,1173,Sandringham - Black Rock,Bayside,MELBOURNE - INNER SOUTH,GREATER MELBOURNE
21173,SA2,2009-06-30,15631,Final,1173,Sandringham - Black Rock,Bayside,MELBOURNE - INNER SOUTH,GREATER MELBOURNE
21173,SA2,2010-06-30,15748,Final,1173,Sandringham - Black Rock,Bayside,MELBOURNE - INNER SOUTH,GREATER MELBOURNE
21173,SA2,2011-06-30,15888,Final,1173,Sandringham - Black Rock,Bayside,MELBOURNE - INNER SOUTH,GREATER MELBOURNE
21173,SA2,2012-06-30,16050,Revised,1173,Sandringham - Black Rock,Bayside,MELBOURNE - INNER SOUTH,GREATER MELBOURNE
21173,SA2,2013-06-30,16341,Revised,1173,Sandringham - Black Rock,Bayside,MELBOURNE - INNER SOUTH,GREATER MELBOURNE
21173,SA2,2014-06-30,16665,Revised,1173,Sandringham - Black Rock,Bayside,MELBOURNE - INNER SOUTH,GREATER MELBOURNE
21173,SA2,2015-06-30,16976,Preliminary,1173,Sandringham - Black Rock,Bayside,MELBOURNE - INNER SOUTH,GREATER MELBOURNE
21174,SA2,2005-06-30,20072,Final,1174,Bentleigh - McKinnon,Glen Eira,MELBOURNE - INNER SOUTH,GREATER MELBOURNE
21174,SA2,2006-06-30,20409,Final,1174,Bentleigh - McKinnon,Glen Eira,MELBOURNE - INNER SOUTH,GREATER MELBOURNE
21174,SA2,2007-06-30,20784,Final,1174,Bentleigh - McKinnon,Glen Eira,MELBOURNE - INNER SOUTH,GREATER MELBOURNE
21174,SA2,2008-06-30,21203,Final,1174,Bentleigh - McKinnon,Glen Eira,MELBOURNE - INNER SOUTH,GREATER MELBOURNE
21174,SA2,2009-06-30,21612,Final,1174,Bentleigh - McKinnon,Glen Eira,MELBOURNE - INNER SOUTH,GREATER MELBOURNE
21174,SA2,2010-06-30,21819,Final,1174,Bentleigh - McKinnon,Glen Eira,MELBOURNE - INNER SOUTH,GREATER MELBOURNE
21174,SA2,2011-06-30,21951,Final,1174,Bentleigh - McKinnon,Glen Eira,MELBOURNE - INNER SOUTH,GREATER MELBOURNE
21174,SA2,2012-06-30,22382,Revised,1174,Bentleigh - McKinnon,Glen Eira,MELBOURNE - INNER SOUTH,GREATER MELBOURNE
21174,SA2,2013-06-30,22739,Revised,1174,Bentleigh - McKinnon,Glen Eira,MELBOURNE - INNER SOUTH,GREATER MELBOURNE
21174,SA2,2014-06-30,23052,Revised,1174,Bentleigh - McKinnon,Glen Eira,MELBOURNE - INNER SOUTH,GREATER MELBOURNE
21174,SA2,2015-06-30,23255,Preliminary,1174,Bentleigh - McKinnon,Glen Eira,MELBOURNE - INNER SOUTH,GREATER MELBOURNE
21175,SA2,2005-06-30,25009,Final,1175,Bentleigh East,Glen Eira,MELBOURNE - INNER SOUTH,GREATER MELBOURNE
21175,SA2,2006-06-30,25281,Final,1175,Bentleigh East,Glen Eira,MELBOURNE - INNER SOUTH,GREATER MELBOURNE
21175,SA2,2007-06-30,25592,Final,1175,Bentleigh East,Glen Eira,MELBOURNE - INNER SOUTH,GREATER MELBOURNE
21175,SA2,2008-06-30,26152,Final,1175,Bentleigh East,Glen Eira,MELBOURNE - INNER SOUTH,GREATER MELBOURNE
21175,SA2,2009-06-30,26706,Final,1175,Bentleigh East,Glen Eira,MELBOURNE - INNER SOUTH,GREATER MELBOURNE
21175,SA2,2010-06-30,26918,Final,1175,Bentleigh East,Glen Eira,MELBOURNE - INNER SOUTH,GREATER MELBOURNE
21175,SA2,2011-06-30,26982,Final,1175,Bentleigh East,Glen Eira,MELBOURNE - INNER SOUTH,GREATER MELBOURNE
21175,SA2,2012-06-30,27456,Revised,1175,Bentleigh East,Glen Eira,MELBOURNE - INNER SOUTH,GREATER MELBOURNE
21175,SA2,2013-06-30,27872,Revised,1175,Bentleigh East,Glen Eira,MELBOURNE - INNER SOUTH,GREATER MELBOURNE
21175,SA2,2014-06-30,28559,Revised,1175,Bentleigh East,Glen Eira,MELBOURNE - INNER SOUTH,GREATER MELBOURNE
21175,SA2,2015-06-30,29159,Preliminary,1175,Bentleigh East,Glen Eira,MELBOURNE - INNER SOUTH,GREATER MELBOURNE
21176,SA2,2005-06-30,15477,Final,1176,Carnegie,Glen Eira,MELBOURNE - INNER SOUTH,GREATER MELBOURNE
21176,SA2,2006-06-30,15659,Final,1176,Carnegie,Glen Eira,MELBOURNE - INNER SOUTH,GREATER MELBOURNE
21176,SA2,2007-06-30,16003,Final,1176,Carnegie,Glen Eira,MELBOURNE - INNER SOUTH,GREATER MELBOURNE
21176,SA2,2008-06-30,16289,Final,1176,Carnegie,Glen Eira,MELBOURNE - INNER SOUTH,GREATER MELBOURNE
21176,SA2,2009-06-30,16742,Final,1176,Carnegie,Glen Eira,MELBOURNE - INNER SOUTH,GREATER MELBOURNE
21176,SA2,2010-06-30,16915,Final,1176,Carnegie,Glen Eira,MELBOURNE - INNER SOUTH,GREATER MELBOURNE
21176,SA2,2011-06-30,17047,Final,1176,Carnegie,Glen Eira,MELBOURNE - INNER SOUTH,GREATER MELBOURNE
21176,SA2,2012-06-30,17323,Revised,1176,Carnegie,Glen Eira,MELBOURNE - INNER SOUTH,GREATER MELBOURNE
21176,SA2,2013-06-30,17679,Revised,1176,Carnegie,Glen Eira,MELBOURNE - INNER SOUTH,GREATER MELBOURNE
21176,SA2,2014-06-30,18059,Revised,1176,Carnegie,Glen Eira,MELBOURNE - INNER SOUTH,GREATER MELBOURNE
21176,SA2,2015-06-30,18478,Preliminary,1176,Carnegie,Glen Eira,MELBOURNE - INNER SOUTH,GREATER MELBOURNE
21177,SA2,2005-06-30,19463,Final,1177,Caulfield - North,Glen Eira,MELBOURNE - INNER SOUTH,GREATER MELBOURNE
21177,SA2,2006-06-30,19698,Final,1177,Caulfield - North,Glen Eira,MELBOURNE - INNER SOUTH,GREATER MELBOURNE
21177,SA2,2007-06-30,19875,Final,1177,Caulfield - North,Glen Eira,MELBOURNE - INNER SOUTH,GREATER MELBOURNE
21177,SA2,2008-06-30,20101,Final,1177,Caulfield - North,Glen Eira,MELBOURNE - INNER SOUTH,GREATER MELBOURNE
21177,SA2,2009-06-30,20385,Final,1177,Caulfield - North,Glen Eira,MELBOURNE - INNER SOUTH,GREATER MELBOURNE
21177,SA2,2010-06-30,20583,Final,1177,Caulfield - North,Glen Eira,MELBOURNE - INNER SOUTH,GREATER MELBOURNE
21177,SA2,2011-06-30,20703,Final,1177,Caulfield - North,Glen Eira,MELBOURNE - INNER SOUTH,GREATER MELBOURNE
21177,SA2,2012-06-30,20975,Revised,1177,Caulfield - North,Glen Eira,MELBOURNE - INNER SOUTH,GREATER MELBOURNE
21177,SA2,2013-06-30,21359,Revised,1177,Caulfield - North,Glen Eira,MELBOURNE - INNER SOUTH,GREATER MELBOURNE
21177,SA2,2014-06-30,21748,Revised,1177,Caulfield - North,Glen Eira,MELBOURNE - INNER SOUTH,GREATER MELBOURNE
21177,SA2,2015-06-30,22117,Preliminary,1177,Caulfield - North,Glen Eira,MELBOURNE - INNER SOUTH,GREATER MELBOURNE
21178,SA2,2005-06-30,16262,Final,1178,Caulfield - South,Glen Eira,MELBOURNE - INNER SOUTH,GREATER MELBOURNE
21178,SA2,2006-06-30,16508,Final,1178,Caulfield - South,Glen Eira,MELBOURNE - INNER SOUTH,GREATER MELBOURNE
21178,SA2,2007-06-30,16599,Final,1178,Caulfield - South,Glen Eira,MELBOURNE - INNER SOUTH,GREATER MELBOURNE
21178,SA2,2008-06-30,16859,Final,1178,Caulfield - South,Glen Eira,MELBOURNE - INNER SOUTH,GREATER MELBOURNE
21178,SA2,2009-06-30,17098,Final,1178,Caulfield - South,Glen Eira,MELBOURNE - INNER SOUTH,GREATER MELBOURNE
21178,SA2,2010-06-30,17177,Final,1178,Caulfield - South,Glen Eira,MELBOURNE - INNER SOUTH,GREATER MELBOURNE
21178,SA2,2011-06-30,17227,Final,1178,Caulfield - South,Glen Eira,MELBOURNE - INNER SOUTH,GREATER MELBOURNE
21178,SA2,2012-06-30,17461,Revised,1178,Caulfield - South,Glen Eira,MELBOURNE - INNER SOUTH,GREATER MELBOURNE
21178,SA2,2013-06-30,17688,Revised,1178,Caulfield - South,Glen Eira,MELBOURNE - INNER SOUTH,GREATER MELBOURNE
21178,SA2,2014-06-30,18010,Revised,1178,Caulfield - South,Glen Eira,MELBOURNE - INNER SOUTH,GREATER MELBOURNE
21178,SA2,2015-06-30,18259,Preliminary,1178,Caulfield - South,Glen Eira,MELBOURNE - INNER SOUTH,GREATER MELBOURNE
21179,SA2,2005-06-30,10527,Final,1179,Elsternwick,Glen Eira,MELBOURNE - INNER SOUTH,GREATER MELBOURNE
21179,SA2,2006-06-30,10668,Final,1179,Elsternwick,Glen Eira,MELBOURNE - INNER SOUTH,GREATER MELBOURNE
21179,SA2,2007-06-30,10878,Final,1179,Elsternwick,Glen Eira,MELBOURNE - INNER SOUTH,GREATER MELBOURNE
21179,SA2,2008-06-30,11031,Final,1179,Elsternwick,Glen Eira,MELBOURNE - INNER SOUTH,GREATER MELBOURNE
21179,SA2,2009-06-30,11199,Final,1179,Elsternwick,Glen Eira,MELBOURNE - INNER SOUTH,GREATER MELBOURNE
21179,SA2,2010-06-30,11278,Final,1179,Elsternwick,Glen Eira,MELBOURNE - INNER SOUTH,GREATER MELBOURNE
21179,SA2,2011-06-30,11292,Final,1179,Elsternwick,Glen Eira,MELBOURNE - INNER SOUTH,GREATER MELBOURNE
21179,SA2,2012-06-30,11339,Revised,1179,Elsternwick,Glen Eira,MELBOURNE - INNER SOUTH,GREATER MELBOURNE
21179,SA2,2013-06-30,11445,Revised,1179,Elsternwick,Glen Eira,MELBOURNE - INNER SOUTH,GREATER MELBOURNE
21179,SA2,2014-06-30,11648,Revised,1179,Elsternwick,Glen Eira,MELBOURNE - INNER SOUTH,GREATER MELBOURNE
21179,SA2,2015-06-30,11813,Preliminary,1179,Elsternwick,Glen Eira,MELBOURNE - INNER SOUTH,GREATER MELBOURNE
21180,SA2,2005-06-30,6636,Final,1180,Hughesdale,Glen Eira,MELBOURNE - INNER SOUTH,GREATER MELBOURNE
21180,SA2,2006-06-30,6764,Final,1180,Hughesdale,Glen Eira,MELBOURNE - INNER SOUTH,GREATER MELBOURNE
21180,SA2,2007-06-30,7045,Final,1180,Hughesdale,Glen Eira,MELBOURNE - INNER SOUTH,GREATER MELBOURNE
21180,SA2,2008-06-30,7253,Final,1180,Hughesdale,Glen Eira,MELBOURNE - INNER SOUTH,GREATER MELBOURNE
21180,SA2,2009-06-30,7465,Final,1180,Hughesdale,Glen Eira,MELBOURNE - INNER SOUTH,GREATER MELBOURNE
21180,SA2,2010-06-30,7485,Final,1180,Hughesdale,Glen Eira,MELBOURNE - INNER SOUTH,GREATER MELBOURNE
21180,SA2,2011-06-30,7384,Final,1180,Hughesdale,Glen Eira,MELBOURNE - INNER SOUTH,GREATER MELBOURNE
21180,SA2,2012-06-30,7523,Revised,1180,Hughesdale,Glen Eira,MELBOURNE - INNER SOUTH,GREATER MELBOURNE
21180,SA2,2013-06-30,7634,Revised,1180,Hughesdale,Glen Eira,MELBOURNE - INNER SOUTH,GREATER MELBOURNE
21180,SA2,2014-06-30,7732,Revised,1180,Hughesdale,Glen Eira,MELBOURNE - INNER SOUTH,GREATER MELBOURNE
21180,SA2,2015-06-30,7855,Preliminary,1180,Hughesdale,Glen Eira,MELBOURNE - INNER SOUTH,GREATER MELBOURNE
21181,SA2,2005-06-30,8387,Final,1181,Murrumbeena,Glen Eira,MELBOURNE - INNER SOUTH,GREATER MELBOURNE
21181,SA2,2006-06-30,8548,Final,1181,Murrumbeena,Glen Eira,MELBOURNE - INNER SOUTH,GREATER MELBOURNE
21181,SA2,2007-06-30,8744,Final,1181,Murrumbeena,Glen Eira,MELBOURNE - INNER SOUTH,GREATER MELBOURNE
21181,SA2,2008-06-30,8896,Final,1181,Murrumbeena,Glen Eira,MELBOURNE - INNER SOUTH,GREATER MELBOURNE
21181,SA2,2009-06-30,8977,Final,1181,Murrumbeena,Glen Eira,MELBOURNE - INNER SOUTH,GREATER MELBOURNE
21181,SA2,2010-06-30,8990,Final,1181,Murrumbeena,Glen Eira,MELBOURNE - INNER SOUTH,GREATER MELBOURNE
21181,SA2,2011-06-30,8983,Final,1181,Murrumbeena,Glen Eira,MELBOURNE - INNER SOUTH,GREATER MELBOURNE
21181,SA2,2012-06-30,9124,Revised,1181,Murrumbeena,Glen Eira,MELBOURNE - INNER SOUTH,GREATER MELBOURNE
21181,SA2,2013-06-30,9244,Revised,1181,Murrumbeena,Glen Eira,MELBOURNE - INNER SOUTH,GREATER MELBOURNE
21181,SA2,2014-06-30,9404,Revised,1181,Murrumbeena,Glen Eira,MELBOURNE - INNER SOUTH,GREATER MELBOURNE
21181,SA2,2015-06-30,9581,Preliminary,1181,Murrumbeena,Glen Eira,MELBOURNE - INNER SOUTH,GREATER MELBOURNE
21182,SA2,2005-06-30,11288,Final,1182,Ormond - Glen Huntly,Glen Eira,MELBOURNE - INNER SOUTH,GREATER MELBOURNE
21182,SA2,2006-06-30,11703,Final,1182,Ormond - Glen Huntly,Glen Eira,MELBOURNE - INNER SOUTH,GREATER MELBOURNE
21182,SA2,2007-06-30,12049,Final,1182,Ormond - Glen Huntly,Glen Eira,MELBOURNE - INNER SOUTH,GREATER MELBOURNE
21182,SA2,2008-06-30,12369,Final,1182,Ormond - Glen Huntly,Glen Eira,MELBOURNE - INNER SOUTH,GREATER MELBOURNE
21182,SA2,2009-06-30,12695,Final,1182,Ormond - Glen Huntly,Glen Eira,MELBOURNE - INNER SOUTH,GREATER MELBOURNE
21182,SA2,2010-06-30,12835,Final,1182,Ormond - Glen Huntly,Glen Eira,MELBOURNE - INNER SOUTH,GREATER MELBOURNE
21182,SA2,2011-06-30,12967,Final,1182,Ormond - Glen Huntly,Glen Eira,MELBOURNE - INNER SOUTH,GREATER MELBOURNE
21182,SA2,2012-06-30,13182,Revised,1182,Ormond - Glen Huntly,Glen Eira,MELBOURNE - INNER SOUTH,GREATER MELBOURNE
21182,SA2,2013-06-30,13353,Revised,1182,Ormond - Glen Huntly,Glen Eira,MELBOURNE - INNER SOUTH,GREATER MELBOURNE
21182,SA2,2014-06-30,13529,Revised,1182,Ormond - Glen Huntly,Glen Eira,MELBOURNE - INNER SOUTH,GREATER MELBOURNE
21182,SA2,2015-06-30,13641,Preliminary,1182,Ormond - Glen Huntly,Glen Eira,MELBOURNE - INNER SOUTH,GREATER MELBOURNE
21183,SA2,2005-06-30,6971,Final,1183,Aspendale Gardens - Waterways,Kingston,MELBOURNE - INNER SOUTH,GREATER MELBOURNE
21183,SA2,2006-06-30,7365,Final,1183,Aspendale Gardens - Waterways,Kingston,MELBOURNE - INNER SOUTH,GREATER MELBOURNE
21183,SA2,2007-06-30,7857,Final,1183,Aspendale Gardens - Waterways,Kingston,MELBOURNE - INNER SOUTH,GREATER MELBOURNE
21183,SA2,2008-06-30,8269,Final,1183,Aspendale Gardens - Waterways,Kingston,MELBOURNE - INNER SOUTH,GREATER MELBOURNE
21183,SA2,2009-06-30,8818,Final,1183,Aspendale Gardens - Waterways,Kingston,MELBOURNE - INNER SOUTH,GREATER MELBOURNE
21183,SA2,2010-06-30,8987,Final,1183,Aspendale Gardens - Waterways,Kingston,MELBOURNE - INNER SOUTH,GREATER MELBOURNE
21183,SA2,2011-06-30,9109,Final,1183,Aspendale Gardens - Waterways,Kingston,MELBOURNE - INNER SOUTH,GREATER MELBOURNE
21183,SA2,2012-06-30,9236,Revised,1183,Aspendale Gardens - Waterways,Kingston,MELBOURNE - INNER SOUTH,GREATER MELBOURNE
21183,SA2,2013-06-30,9318,Revised,1183,Aspendale Gardens - Waterways,Kingston,MELBOURNE - INNER SOUTH,GREATER MELBOURNE
21183,SA2,2014-06-30,9418,Revised,1183,Aspendale Gardens - Waterways,Kingston,MELBOURNE - INNER SOUTH,GREATER MELBOURNE
21183,SA2,2015-06-30,9428,Preliminary,1183,Aspendale Gardens - Waterways,Kingston,MELBOURNE - INNER SOUTH,GREATER MELBOURNE
21184,SA2,2005-06-30,14,Final,1184,Braeside,Kingston,MELBOURNE - INNER SOUTH,GREATER MELBOURNE
21184,SA2,2006-06-30,14,Final,1184,Braeside,Kingston,MELBOURNE - INNER SOUTH,GREATER MELBOURNE
21184,SA2,2007-06-30,15,Final,1184,Braeside,Kingston,MELBOURNE - INNER SOUTH,GREATER MELBOURNE
21184,SA2,2008-06-30,16,Final,1184,Braeside,Kingston,MELBOURNE - INNER SOUTH,GREATER MELBOURNE
21184,SA2,2009-06-30,18,Final,1184,Braeside,Kingston,MELBOURNE - INNER SOUTH,GREATER MELBOURNE
21184,SA2,2010-06-30,19,Final,1184,Braeside,Kingston,MELBOURNE - INNER SOUTH,GREATER MELBOURNE
21184,SA2,2011-06-30,20,Final,1184,Braeside,Kingston,MELBOURNE - INNER SOUTH,GREATER MELBOURNE
21184,SA2,2012-06-30,20,Revised,1184,Braeside,Kingston,MELBOURNE - INNER SOUTH,GREATER MELBOURNE
21184,SA2,2013-06-30,20,Revised,1184,Braeside,Kingston,MELBOURNE - INNER SOUTH,GREATER MELBOURNE
21184,SA2,2014-06-30,20,Revised,1184,Braeside,Kingston,MELBOURNE - INNER SOUTH,GREATER MELBOURNE
21184,SA2,2015-06-30,20,Preliminary,1184,Braeside,Kingston,MELBOURNE - INNER SOUTH,GREATER MELBOURNE
21185,SA2,2005-06-30,10808,Final,1185,Carrum - Patterson Lakes,Kingston,MELBOURNE - INNER SOUTH,GREATER MELBOURNE
21185,SA2,2006-06-30,10864,Final,1185,Carrum - Patterson Lakes,Kingston,MELBOURNE - INNER SOUTH,GREATER MELBOURNE
21185,SA2,2007-06-30,11020,Final,1185,Carrum - Patterson Lakes,Kingston,MELBOURNE - INNER SOUTH,GREATER MELBOURNE
21185,SA2,2008-06-30,11382,Final,1185,Carrum - Patterson Lakes,Kingston,MELBOURNE - INNER SOUTH,GREATER MELBOURNE
21185,SA2,2009-06-30,11623,Final,1185,Carrum - Patterson Lakes,Kingston,MELBOURNE - INNER SOUTH,GREATER MELBOURNE
21185,SA2,2010-06-30,11700,Final,1185,Carrum - Patterson Lakes,Kingston,MELBOURNE - INNER SOUTH,GREATER MELBOURNE
21185,SA2,2011-06-30,11664,Final,1185,Carrum - Patterson Lakes,Kingston,MELBOURNE - INNER SOUTH,GREATER MELBOURNE
21185,SA2,2012-06-30,11605,Revised,1185,Carrum - Patterson Lakes,Kingston,MELBOURNE - INNER SOUTH,GREATER MELBOURNE
21185,SA2,2013-06-30,11634,Revised,1185,Carrum - Patterson Lakes,Kingston,MELBOURNE - INNER SOUTH,GREATER MELBOURNE
21185,SA2,2014-06-30,11719,Revised,1185,Carrum - Patterson Lakes,Kingston,MELBOURNE - INNER SOUTH,GREATER MELBOURNE
21185,SA2,2015-06-30,11695,Preliminary,1185,Carrum - Patterson Lakes,Kingston,MELBOURNE - INNER SOUTH,GREATER MELBOURNE
21186,SA2,2005-06-30,11849,Final,1186,Chelsea - Bonbeach,Kingston,MELBOURNE - INNER SOUTH,GREATER MELBOURNE
21186,SA2,2006-06-30,11970,Final,1186,Chelsea - Bonbeach,Kingston,MELBOURNE - INNER SOUTH,GREATER MELBOURNE
21186,SA2,2007-06-30,12268,Final,1186,Chelsea - Bonbeach,Kingston,MELBOURNE - INNER SOUTH,GREATER MELBOURNE
21186,SA2,2008-06-30,12580,Final,1186,Chelsea - Bonbeach,Kingston,MELBOURNE - INNER SOUTH,GREATER MELBOURNE
21186,SA2,2009-06-30,13030,Final,1186,Chelsea - Bonbeach,Kingston,MELBOURNE - INNER SOUTH,GREATER MELBOURNE
21186,SA2,2010-06-30,13277,Final,1186,Chelsea - Bonbeach,Kingston,MELBOURNE - INNER SOUTH,GREATER MELBOURNE
21186,SA2,2011-06-30,13441,Final,1186,Chelsea - Bonbeach,Kingston,MELBOURNE - INNER SOUTH,GREATER MELBOURNE
21186,SA2,2012-06-30,13636,Revised,1186,Chelsea - Bonbeach,Kingston,MELBOURNE - INNER SOUTH,GREATER MELBOURNE
21186,SA2,2013-06-30,13823,Revised,1186,Chelsea - Bonbeach,Kingston,MELBOURNE - INNER SOUTH,GREATER MELBOURNE
21186,SA2,2014-06-30,13913,Revised,1186,Chelsea - Bonbeach,Kingston,MELBOURNE - INNER SOUTH,GREATER MELBOURNE
21186,SA2,2015-06-30,14214,Preliminary,1186,Chelsea - Bonbeach,Kingston,MELBOURNE - INNER SOUTH,GREATER MELBOURNE
21187,SA2,2005-06-30,5297,Final,1187,Chelsea Heights,Kingston,MELBOURNE - INNER SOUTH,GREATER MELBOURNE
21187,SA2,2006-06-30,5248,Final,1187,Chelsea Heights,Kingston,MELBOURNE - INNER SOUTH,GREATER MELBOURNE
21187,SA2,2007-06-30,5263,Final,1187,Chelsea Heights,Kingston,MELBOURNE - INNER SOUTH,GREATER MELBOURNE
21187,SA2,2008-06-30,5299,Final,1187,Chelsea Heights,Kingston,MELBOURNE - INNER SOUTH,GREATER MELBOURNE
21187,SA2,2009-06-30,5333,Final,1187,Chelsea Heights,Kingston,MELBOURNE - INNER SOUTH,GREATER MELBOURNE
21187,SA2,2010-06-30,5349,Final,1187,Chelsea Heights,Kingston,MELBOURNE - INNER SOUTH,GREATER MELBOURNE
21187,SA2,2011-06-30,5329,Final,1187,Chelsea Heights,Kingston,MELBOURNE - INNER SOUTH,GREATER MELBOURNE
21187,SA2,2012-06-30,5352,Revised,1187,Chelsea Heights,Kingston,MELBOURNE - INNER SOUTH,GREATER MELBOURNE
21187,SA2,2013-06-30,5378,Revised,1187,Chelsea Heights,Kingston,MELBOURNE - INNER SOUTH,GREATER MELBOURNE
21187,SA2,2014-06-30,5425,Revised,1187,Chelsea Heights,Kingston,MELBOURNE - INNER SOUTH,GREATER MELBOURNE
21187,SA2,2015-06-30,5442,Preliminary,1187,Chelsea Heights,Kingston,MELBOURNE - INNER SOUTH,GREATER MELBOURNE
21188,SA2,2005-06-30,19817,Final,1188,Cheltenham - Highett (East),Kingston,MELBOURNE - INNER SOUTH,GREATER MELBOURNE
21188,SA2,2006-06-30,19969,Final,1188,Cheltenham - Highett (East),Kingston,MELBOURNE - INNER SOUTH,GREATER MELBOURNE
21188,SA2,2007-06-30,20271,Final,1188,Cheltenham - Highett (East),Kingston,MELBOURNE - INNER SOUTH,GREATER MELBOURNE
21188,SA2,2008-06-30,20425,Final,1188,Cheltenham - Highett (East),Kingston,MELBOURNE - INNER SOUTH,GREATER MELBOURNE
21188,SA2,2009-06-30,20898,Final,1188,Cheltenham - Highett (East),Kingston,MELBOURNE - INNER SOUTH,GREATER MELBOURNE
21188,SA2,2010-06-30,21083,Final,1188,Cheltenham - Highett (East),Kingston,MELBOURNE - INNER SOUTH,GREATER MELBOURNE
21188,SA2,2011-06-30,21192,Final,1188,Cheltenham - Highett (East),Kingston,MELBOURNE - INNER SOUTH,GREATER MELBOURNE
21188,SA2,2012-06-30,21437,Revised,1188,Cheltenham - Highett (East),Kingston,MELBOURNE - INNER SOUTH,GREATER MELBOURNE
21188,SA2,2013-06-30,21950,Revised,1188,Cheltenham - Highett (East),Kingston,MELBOURNE - INNER SOUTH,GREATER MELBOURNE
21188,SA2,2014-06-30,22327,Revised,1188,Cheltenham - Highett (East),Kingston,MELBOURNE - INNER SOUTH,GREATER MELBOURNE
21188,SA2,2015-06-30,22665,Preliminary,1188,Cheltenham - Highett (East),Kingston,MELBOURNE - INNER SOUTH,GREATER MELBOURNE
21189,SA2,2005-06-30,11627,Final,1189,Edithvale - Aspendale,Kingston,MELBOURNE - INNER SOUTH,GREATER MELBOURNE
21189,SA2,2006-06-30,11669,Final,1189,Edithvale - Aspendale,Kingston,MELBOURNE - INNER SOUTH,GREATER MELBOURNE
21189,SA2,2007-06-30,11803,Final,1189,Edithvale - Aspendale,Kingston,MELBOURNE - INNER SOUTH,GREATER MELBOURNE
21189,SA2,2008-06-30,11984,Final,1189,Edithvale - Aspendale,Kingston,MELBOURNE - INNER SOUTH,GREATER MELBOURNE
21189,SA2,2009-06-30,12223,Final,1189,Edithvale - Aspendale,Kingston,MELBOURNE - INNER SOUTH,GREATER MELBOURNE
21189,SA2,2010-06-30,12365,Final,1189,Edithvale - Aspendale,Kingston,MELBOURNE - INNER SOUTH,GREATER MELBOURNE
21189,SA2,2011-06-30,12488,Final,1189,Edithvale - Aspendale,Kingston,MELBOURNE - INNER SOUTH,GREATER MELBOURNE
21189,SA2,2012-06-30,12633,Revised,1189,Edithvale - Aspendale,Kingston,MELBOURNE - INNER SOUTH,GREATER MELBOURNE
21189,SA2,2013-06-30,12755,Revised,1189,Edithvale - Aspendale,Kingston,MELBOURNE - INNER SOUTH,GREATER MELBOURNE
21189,SA2,2014-06-30,12823,Revised,1189,Edithvale - Aspendale,Kingston,MELBOURNE - INNER SOUTH,GREATER MELBOURNE
21189,SA2,2015-06-30,13096,Preliminary,1189,Edithvale - Aspendale,Kingston,MELBOURNE - INNER SOUTH,GREATER MELBOURNE
21190,SA2,2005-06-30,11524,Final,1190,Mentone,Kingston,MELBOURNE - INNER SOUTH,GREATER MELBOURNE
21190,SA2,2006-06-30,11571,Final,1190,Mentone,Kingston,MELBOURNE - INNER SOUTH,GREATER MELBOURNE
21190,SA2,2007-06-30,11682,Final,1190,Mentone,Kingston,MELBOURNE - INNER SOUTH,GREATER MELBOURNE
21190,SA2,2008-06-30,11728,Final,1190,Mentone,Kingston,MELBOURNE - INNER SOUTH,GREATER MELBOURNE
21190,SA2,2009-06-30,11936,Final,1190,Mentone,Kingston,MELBOURNE - INNER SOUTH,GREATER MELBOURNE
21190,SA2,2010-06-30,12046,Final,1190,Mentone,Kingston,MELBOURNE - INNER SOUTH,GREATER MELBOURNE
21190,SA2,2011-06-30,12224,Final,1190,Mentone,Kingston,MELBOURNE - INNER SOUTH,GREATER MELBOURNE
21190,SA2,2012-06-30,12548,Revised,1190,Mentone,Kingston,MELBOURNE - INNER SOUTH,GREATER MELBOURNE
21190,SA2,2013-06-30,12713,Revised,1190,Mentone,Kingston,MELBOURNE - INNER SOUTH,GREATER MELBOURNE
21190,SA2,2014-06-30,12957,Revised,1190,Mentone,Kingston,MELBOURNE - INNER SOUTH,GREATER MELBOURNE
21190,SA2,2015-06-30,13222,Preliminary,1190,Mentone,Kingston,MELBOURNE - INNER SOUTH,GREATER MELBOURNE
21191,SA2,2005-06-30,7707,Final,1191,Moorabbin - Heatherton,Kingston,MELBOURNE - INNER SOUTH,GREATER MELBOURNE
21191,SA2,2006-06-30,7925,Final,1191,Moorabbin - Heatherton,Kingston,MELBOURNE - INNER SOUTH,GREATER MELBOURNE
21191,SA2,2007-06-30,8113,Final,1191,Moorabbin - Heatherton,Kingston,MELBOURNE - INNER SOUTH,GREATER MELBOURNE
21191,SA2,2008-06-30,8164,Final,1191,Moorabbin - Heatherton,Kingston,MELBOURNE - INNER SOUTH,GREATER MELBOURNE
21191,SA2,2009-06-30,8262,Final,1191,Moorabbin - Heatherton,Kingston,MELBOURNE - INNER SOUTH,GREATER MELBOURNE
21191,SA2,2010-06-30,8283,Final,1191,Moorabbin - Heatherton,Kingston,MELBOURNE - INNER SOUTH,GREATER MELBOURNE
21191,SA2,2011-06-30,8368,Final,1191,Moorabbin - Heatherton,Kingston,MELBOURNE - INNER SOUTH,GREATER MELBOURNE
21191,SA2,2012-06-30,8461,Revised,1191,Moorabbin - Heatherton,Kingston,MELBOURNE - INNER SOUTH,GREATER MELBOURNE
21191,SA2,2013-06-30,8550,Revised,1191,Moorabbin - Heatherton,Kingston,MELBOURNE - INNER SOUTH,GREATER MELBOURNE
21191,SA2,2014-06-30,8683,Revised,1191,Moorabbin - Heatherton,Kingston,MELBOURNE - INNER SOUTH,GREATER MELBOURNE
21191,SA2,2015-06-30,8939,Preliminary,1191,Moorabbin - Heatherton,Kingston,MELBOURNE - INNER SOUTH,GREATER MELBOURNE
21192,SA2,2005-06-30,0,Final,1192,Moorabbin Airport,Kingston,MELBOURNE - INNER SOUTH,GREATER MELBOURNE
21192,SA2,2006-06-30,0,Final,1192,Moorabbin Airport,Kingston,MELBOURNE - INNER SOUTH,GREATER MELBOURNE
21192,SA2,2007-06-30,0,Final,1192,Moorabbin Airport,Kingston,MELBOURNE - INNER SOUTH,GREATER MELBOURNE
21192,SA2,2008-06-30,0,Final,1192,Moorabbin Airport,Kingston,MELBOURNE - INNER SOUTH,GREATER MELBOURNE
21192,SA2,2009-06-30,0,Final,1192,Moorabbin Airport,Kingston,MELBOURNE - INNER SOUTH,GREATER MELBOURNE
21192,SA2,2010-06-30,0,Final,1192,Moorabbin Airport,Kingston,MELBOURNE - INNER SOUTH,GREATER MELBOURNE
21192,SA2,2011-06-30,0,Final,1192,Moorabbin Airport,Kingston,MELBOURNE - INNER SOUTH,GREATER MELBOURNE
21192,SA2,2012-06-30,0,Revised,1192,Moorabbin Airport,Kingston,MELBOURNE - INNER SOUTH,GREATER MELBOURNE
21192,SA2,2013-06-30,0,Revised,1192,Moorabbin Airport,Kingston,MELBOURNE - INNER SOUTH,GREATER MELBOURNE
21192,SA2,2014-06-30,0,Revised,1192,Moorabbin Airport,Kingston,MELBOURNE - INNER SOUTH,GREATER MELBOURNE
21192,SA2,2015-06-30,0,Preliminary,1192,Moorabbin Airport,Kingston,MELBOURNE - INNER SOUTH,GREATER MELBOURNE
21193,SA2,2005-06-30,17788,Final,1193,Mordialloc - Parkdale,Kingston,MELBOURNE - INNER SOUTH,GREATER MELBOURNE
21193,SA2,2006-06-30,18126,Final,1193,Mordialloc - Parkdale,Kingston,MELBOURNE - INNER SOUTH,GREATER MELBOURNE
21193,SA2,2007-06-30,18466,Final,1193,Mordialloc - Parkdale,Kingston,MELBOURNE - INNER SOUTH,GREATER MELBOURNE
21193,SA2,2008-06-30,18836,Final,1193,Mordialloc - Parkdale,Kingston,MELBOURNE - INNER SOUTH,GREATER MELBOURNE
21193,SA2,2009-06-30,19297,Final,1193,Mordialloc - Parkdale,Kingston,MELBOURNE - INNER SOUTH,GREATER MELBOURNE
21193,SA2,2010-06-30,19437,Final,1193,Mordialloc - Parkdale,Kingston,MELBOURNE - INNER SOUTH,GREATER MELBOURNE
21193,SA2,2011-06-30,19448,Final,1193,Mordialloc - Parkdale,Kingston,MELBOURNE - INNER SOUTH,GREATER MELBOURNE
21193,SA2,2012-06-30,19749,Revised,1193,Mordialloc - Parkdale,Kingston,MELBOURNE - INNER SOUTH,GREATER MELBOURNE
21193,SA2,2013-06-30,19901,Revised,1193,Mordialloc - Parkdale,Kingston,MELBOURNE - INNER SOUTH,GREATER MELBOURNE
21193,SA2,2014-06-30,20065,Revised,1193,Mordialloc - Parkdale,Kingston,MELBOURNE - INNER SOUTH,GREATER MELBOURNE
21193,SA2,2015-06-30,20178,Preliminary,1193,Mordialloc - Parkdale,Kingston,MELBOURNE - INNER SOUTH,GREATER MELBOURNE
21194,SA2,2005-06-30,18966,Final,1194,Malvern - Glen Iris,Stonnington - East,MELBOURNE - INNER SOUTH,GREATER MELBOURNE
21194,SA2,2006-06-30,19120,Final,1194,Malvern - Glen Iris,Stonnington - East,MELBOURNE - INNER SOUTH,GREATER MELBOURNE
21194,SA2,2007-06-30,19276,Final,1194,Malvern - Glen Iris,Stonnington - East,MELBOURNE - INNER SOUTH,GREATER MELBOURNE
21194,SA2,2008-06-30,19730,Final,1194,Malvern - Glen Iris,Stonnington - East,MELBOURNE - INNER SOUTH,GREATER MELBOURNE
21194,SA2,2009-06-30,20108,Final,1194,Malvern - Glen Iris,Stonnington - East,MELBOURNE - INNER SOUTH,GREATER MELBOURNE
21194,SA2,2010-06-30,20235,Final,1194,Malvern - Glen Iris,Stonnington - East,MELBOURNE - INNER SOUTH,GREATER MELBOURNE
21194,SA2,2011-06-30,20279,Final,1194,Malvern - Glen Iris,Stonnington - East,MELBOURNE - INNER SOUTH,GREATER MELBOURNE
21194,SA2,2012-06-30,20581,Revised,1194,Malvern - Glen Iris,Stonnington - East,MELBOURNE - INNER SOUTH,GREATER MELBOURNE
21194,SA2,2013-06-30,20846,Revised,1194,Malvern - Glen Iris,Stonnington - East,MELBOURNE - INNER SOUTH,GREATER MELBOURNE
21194,SA2,2014-06-30,21086,Revised,1194,Malvern - Glen Iris,Stonnington - East,MELBOURNE - INNER SOUTH,GREATER MELBOURNE
21194,SA2,2015-06-30,21291,Preliminary,1194,Malvern - Glen Iris,Stonnington - East,MELBOURNE - INNER SOUTH,GREATER MELBOURNE
21195,SA2,2005-06-30,20004,Final,1195,Malvern East,Stonnington - East,MELBOURNE - INNER SOUTH,GREATER MELBOURNE
21195,SA2,2006-06-30,20308,Final,1195,Malvern East,Stonnington - East,MELBOURNE - INNER SOUTH,GREATER MELBOURNE
21195,SA2,2007-06-30,20608,Final,1195,Malvern East,Stonnington - East,MELBOURNE - INNER SOUTH,GREATER MELBOURNE
21195,SA2,2008-06-30,20848,Final,1195,Malvern East,Stonnington - East,MELBOURNE - INNER SOUTH,GREATER MELBOURNE
21195,SA2,2009-06-30,20964,Final,1195,Malvern East,Stonnington - East,MELBOURNE - INNER SOUTH,GREATER MELBOURNE
21195,SA2,2010-06-30,20975,Final,1195,Malvern East,Stonnington - East,MELBOURNE - INNER SOUTH,GREATER MELBOURNE
21195,SA2,2011-06-30,20989,Final,1195,Malvern East,Stonnington - East,MELBOURNE - INNER SOUTH,GREATER MELBOURNE
21195,SA2,2012-06-30,21208,Revised,1195,Malvern East,Stonnington - East,MELBOURNE - INNER SOUTH,GREATER MELBOURNE
21195,SA2,2013-06-30,21356,Revised,1195,Malvern East,Stonnington - East,MELBOURNE - INNER SOUTH,GREATER MELBOURNE
21195,SA2,2014-06-30,21680,Revised,1195,Malvern East,Stonnington - East,MELBOURNE - INNER SOUTH,GREATER MELBOURNE
21195,SA2,2015-06-30,21871,Preliminary,1195,Malvern East,Stonnington - East,MELBOURNE - INNER SOUTH,GREATER MELBOURNE
21196,SA2,2005-06-30,9193,Final,1196,Bundoora - East,Banyule,MELBOURNE - NORTH EAST,GREATER MELBOURNE
21196,SA2,2006-06-30,9325,Final,1196,Bundoora - East,Banyule,MELBOURNE - NORTH EAST,GREATER MELBOURNE
21196,SA2,2007-06-30,9447,Final,1196,Bundoora - East,Banyule,MELBOURNE - NORTH EAST,GREATER MELBOURNE
21196,SA2,2008-06-30,9636,Final,1196,Bundoora - East,Banyule,MELBOURNE - NORTH EAST,GREATER MELBOURNE
21196,SA2,2009-06-30,9836,Final,1196,Bundoora - East,Banyule,MELBOURNE - NORTH EAST,GREATER MELBOURNE
21196,SA2,2010-06-30,9906,Final,1196,Bundoora - East,Banyule,MELBOURNE - NORTH EAST,GREATER MELBOURNE
21196,SA2,2011-06-30,9888,Final,1196,Bundoora - East,Banyule,MELBOURNE - NORTH EAST,GREATER MELBOURNE
21196,SA2,2012-06-30,9920,Revised,1196,Bundoora - East,Banyule,MELBOURNE - NORTH EAST,GREATER MELBOURNE
21196,SA2,2013-06-30,9908,Revised,1196,Bundoora - East,Banyule,MELBOURNE - NORTH EAST,GREATER MELBOURNE
21196,SA2,2014-06-30,9848,Revised,1196,Bundoora - East,Banyule,MELBOURNE - NORTH EAST,GREATER MELBOURNE
21196,SA2,2015-06-30,9876,Preliminary,1196,Bundoora - East,Banyule,MELBOURNE - NORTH EAST,GREATER MELBOURNE
21197,SA2,2005-06-30,20656,Final,1197,Greensborough,Banyule,MELBOURNE - NORTH EAST,GREATER MELBOURNE
21197,SA2,2006-06-30,20717,Final,1197,Greensborough,Banyule,MELBOURNE - NORTH EAST,GREATER MELBOURNE
21197,SA2,2007-06-30,20828,Final,1197,Greensborough,Banyule,MELBOURNE - NORTH EAST,GREATER MELBOURNE
21197,SA2,2008-06-30,20909,Final,1197,Greensborough,Banyule,MELBOURNE - NORTH EAST,GREATER MELBOURNE
21197,SA2,2009-06-30,20963,Final,1197,Greensborough,Banyule,MELBOURNE - NORTH EAST,GREATER MELBOURNE
21197,SA2,2010-06-30,20995,Final,1197,Greensborough,Banyule,MELBOURNE - NORTH EAST,GREATER MELBOURNE
21197,SA2,2011-06-30,20987,Final,1197,Greensborough,Banyule,MELBOURNE - NORTH EAST,GREATER MELBOURNE
21197,SA2,2012-06-30,20940,Revised,1197,Greensborough,Banyule,MELBOURNE - NORTH EAST,GREATER MELBOURNE
21197,SA2,2013-06-30,21002,Revised,1197,Greensborough,Banyule,MELBOURNE - NORTH EAST,GREATER MELBOURNE
21197,SA2,2014-06-30,21085,Revised,1197,Greensborough,Banyule,MELBOURNE - NORTH EAST,GREATER MELBOURNE
21197,SA2,2015-06-30,21152,Preliminary,1197,Greensborough,Banyule,MELBOURNE - NORTH EAST,GREATER MELBOURNE
21198,SA2,2005-06-30,12922,Final,1198,Heidelberg - Rosanna,Banyule,MELBOURNE - NORTH EAST,GREATER MELBOURNE
21198,SA2,2006-06-30,13063,Final,1198,Heidelberg - Rosanna,Banyule,MELBOURNE - NORTH EAST,GREATER MELBOURNE
21198,SA2,2007-06-30,13388,Final,1198,Heidelberg - Rosanna,Banyule,MELBOURNE - NORTH EAST,GREATER MELBOURNE
21198,SA2,2008-06-30,13544,Final,1198,Heidelberg - Rosanna,Banyule,MELBOURNE - NORTH EAST,GREATER MELBOURNE
21198,SA2,2009-06-30,13935,Final,1198,Heidelberg - Rosanna,Banyule,MELBOURNE - NORTH EAST,GREATER MELBOURNE
21198,SA2,2010-06-30,14098,Final,1198,Heidelberg - Rosanna,Banyule,MELBOURNE - NORTH EAST,GREATER MELBOURNE
21198,SA2,2011-06-30,14215,Final,1198,Heidelberg - Rosanna,Banyule,MELBOURNE - NORTH EAST,GREATER MELBOURNE
21198,SA2,2012-06-30,14501,Revised,1198,Heidelberg - Rosanna,Banyule,MELBOURNE - NORTH EAST,GREATER MELBOURNE
21198,SA2,2013-06-30,14731,Revised,1198,Heidelberg - Rosanna,Banyule,MELBOURNE - NORTH EAST,GREATER MELBOURNE
21198,SA2,2014-06-30,14985,Revised,1198,Heidelberg - Rosanna,Banyule,MELBOURNE - NORTH EAST,GREATER MELBOURNE
21198,SA2,2015-06-30,15110,Preliminary,1198,Heidelberg - Rosanna,Banyule,MELBOURNE - NORTH EAST,GREATER MELBOURNE
21199,SA2,2005-06-30,13224,Final,1199,Heidelberg West,Banyule,MELBOURNE - NORTH EAST,GREATER MELBOURNE
21199,SA2,2006-06-30,13271,Final,1199,Heidelberg West,Banyule,MELBOURNE - NORTH EAST,GREATER MELBOURNE
21199,SA2,2007-06-30,13385,Final,1199,Heidelberg West,Banyule,MELBOURNE - NORTH EAST,GREATER MELBOURNE
21199,SA2,2008-06-30,13480,Final,1199,Heidelberg West,Banyule,MELBOURNE - NORTH EAST,GREATER MELBOURNE
21199,SA2,2009-06-30,13694,Final,1199,Heidelberg West,Banyule,MELBOURNE - NORTH EAST,GREATER MELBOURNE
21199,SA2,2010-06-30,13798,Final,1199,Heidelberg West,Banyule,MELBOURNE - NORTH EAST,GREATER MELBOURNE
21199,SA2,2011-06-30,13984,Final,1199,Heidelberg West,Banyule,MELBOURNE - NORTH EAST,GREATER MELBOURNE
21199,SA2,2012-06-30,14207,Revised,1199,Heidelberg West,Banyule,MELBOURNE - NORTH EAST,GREATER MELBOURNE
21199,SA2,2013-06-30,14474,Revised,1199,Heidelberg West,Banyule,MELBOURNE - NORTH EAST,GREATER MELBOURNE
21199,SA2,2014-06-30,14826,Revised,1199,Heidelberg West,Banyule,MELBOURNE - NORTH EAST,GREATER MELBOURNE
21199,SA2,2015-06-30,15098,Preliminary,1199,Heidelberg West,Banyule,MELBOURNE - NORTH EAST,GREATER MELBOURNE
21200,SA2,2005-06-30,10545,Final,1200,Ivanhoe,Banyule,MELBOURNE - NORTH EAST,GREATER MELBOURNE
21200,SA2,2006-06-30,10713,Final,1200,Ivanhoe,Banyule,MELBOURNE - NORTH EAST,GREATER MELBOURNE
21200,SA2,2007-06-30,10947,Final,1200,Ivanhoe,Banyule,MELBOURNE - NORTH EAST,GREATER MELBOURNE
21200,SA2,2008-06-30,11275,Final,1200,Ivanhoe,Banyule,MELBOURNE - NORTH EAST,GREATER MELBOURNE
21200,SA2,2009-06-30,11516,Final,1200,Ivanhoe,Banyule,MELBOURNE - NORTH EAST,GREATER MELBOURNE
21200,SA2,2010-06-30,11587,Final,1200,Ivanhoe,Banyule,MELBOURNE - NORTH EAST,GREATER MELBOURNE
21200,SA2,2011-06-30,11608,Final,1200,Ivanhoe,Banyule,MELBOURNE - NORTH EAST,GREATER MELBOURNE
21200,SA2,2012-06-30,11731,Revised,1200,Ivanhoe,Banyule,MELBOURNE - NORTH EAST,GREATER MELBOURNE
21200,SA2,2013-06-30,11800,Revised,1200,Ivanhoe,Banyule,MELBOURNE - NORTH EAST,GREATER MELBOURNE
21200,SA2,2014-06-30,11902,Revised,1200,Ivanhoe,Banyule,MELBOURNE - NORTH EAST,GREATER MELBOURNE
21200,SA2,2015-06-30,12064,Preliminary,1200,Ivanhoe,Banyule,MELBOURNE - NORTH EAST,GREATER MELBOURNE
21201,SA2,2005-06-30,7747,Final,1201,Ivanhoe East - Eaglemont,Banyule,MELBOURNE - NORTH EAST,GREATER MELBOURNE
21201,SA2,2006-06-30,7884,Final,1201,Ivanhoe East - Eaglemont,Banyule,MELBOURNE - NORTH EAST,GREATER MELBOURNE
21201,SA2,2007-06-30,7923,Final,1201,Ivanhoe East - Eaglemont,Banyule,MELBOURNE - NORTH EAST,GREATER MELBOURNE
21201,SA2,2008-06-30,7968,Final,1201,Ivanhoe East - Eaglemont,Banyule,MELBOURNE - NORTH EAST,GREATER MELBOURNE
21201,SA2,2009-06-30,7999,Final,1201,Ivanhoe East - Eaglemont,Banyule,MELBOURNE - NORTH EAST,GREATER MELBOURNE
21201,SA2,2010-06-30,8032,Final,1201,Ivanhoe East - Eaglemont,Banyule,MELBOURNE - NORTH EAST,GREATER MELBOURNE
21201,SA2,2011-06-30,8041,Final,1201,Ivanhoe East - Eaglemont,Banyule,MELBOURNE - NORTH EAST,GREATER MELBOURNE
21201,SA2,2012-06-30,8126,Revised,1201,Ivanhoe East - Eaglemont,Banyule,MELBOURNE - NORTH EAST,GREATER MELBOURNE
21201,SA2,2013-06-30,8177,Revised,1201,Ivanhoe East - Eaglemont,Banyule,MELBOURNE - NORTH EAST,GREATER MELBOURNE
21201,SA2,2014-06-30,8257,Revised,1201,Ivanhoe East - Eaglemont,Banyule,MELBOURNE - NORTH EAST,GREATER MELBOURNE
21201,SA2,2015-06-30,8236,Preliminary,1201,Ivanhoe East - Eaglemont,Banyule,MELBOURNE - NORTH EAST,GREATER MELBOURNE
21202,SA2,2005-06-30,15651,Final,1202,Montmorency - Briar Hill,Banyule,MELBOURNE - NORTH EAST,GREATER MELBOURNE
21202,SA2,2006-06-30,15668,Final,1202,Montmorency - Briar Hill,Banyule,MELBOURNE - NORTH EAST,GREATER MELBOURNE
21202,SA2,2007-06-30,15769,Final,1202,Montmorency - Briar Hill,Banyule,MELBOURNE - NORTH EAST,GREATER MELBOURNE
21202,SA2,2008-06-30,15863,Final,1202,Montmorency - Briar Hill,Banyule,MELBOURNE - NORTH EAST,GREATER MELBOURNE
21202,SA2,2009-06-30,16110,Final,1202,Montmorency - Briar Hill,Banyule,MELBOURNE - NORTH EAST,GREATER MELBOURNE
21202,SA2,2010-06-30,16182,Final,1202,Montmorency - Briar Hill,Banyule,MELBOURNE - NORTH EAST,GREATER MELBOURNE
21202,SA2,2011-06-30,16165,Final,1202,Montmorency - Briar Hill,Banyule,MELBOURNE - NORTH EAST,GREATER MELBOURNE
21202,SA2,2012-06-30,16115,Revised,1202,Montmorency - Briar Hill,Banyule,MELBOURNE - NORTH EAST,GREATER MELBOURNE
21202,SA2,2013-06-30,16106,Revised,1202,Montmorency - Briar Hill,Banyule,MELBOURNE - NORTH EAST,GREATER MELBOURNE
21202,SA2,2014-06-30,16246,Revised,1202,Montmorency - Briar Hill,Banyule,MELBOURNE - NORTH EAST,GREATER MELBOURNE
21202,SA2,2015-06-30,16422,Preliminary,1202,Montmorency - Briar Hill,Banyule,MELBOURNE - NORTH EAST,GREATER MELBOURNE
21203,SA2,2005-06-30,18134,Final,1203,Viewbank - Yallambie,Banyule,MELBOURNE - NORTH EAST,GREATER MELBOURNE
21203,SA2,2006-06-30,18286,Final,1203,Viewbank - Yallambie,Banyule,MELBOURNE - NORTH EAST,GREATER MELBOURNE
21203,SA2,2007-06-30,18501,Final,1203,Viewbank - Yallambie,Banyule,MELBOURNE - NORTH EAST,GREATER MELBOURNE
21203,SA2,2008-06-30,18642,Final,1203,Viewbank - Yallambie,Banyule,MELBOURNE - NORTH EAST,GREATER MELBOURNE
21203,SA2,2009-06-30,18885,Final,1203,Viewbank - Yallambie,Banyule,MELBOURNE - NORTH EAST,GREATER MELBOURNE
21203,SA2,2010-06-30,18874,Final,1203,Viewbank - Yallambie,Banyule,MELBOURNE - NORTH EAST,GREATER MELBOURNE
21203,SA2,2011-06-30,18775,Final,1203,Viewbank - Yallambie,Banyule,MELBOURNE - NORTH EAST,GREATER MELBOURNE
21203,SA2,2012-06-30,18752,Revised,1203,Viewbank - Yallambie,Banyule,MELBOURNE - NORTH EAST,GREATER MELBOURNE
21203,SA2,2013-06-30,18814,Revised,1203,Viewbank - Yallambie,Banyule,MELBOURNE - NORTH EAST,GREATER MELBOURNE
21203,SA2,2014-06-30,18935,Revised,1203,Viewbank - Yallambie,Banyule,MELBOURNE - NORTH EAST,GREATER MELBOURNE
21203,SA2,2015-06-30,18883,Preliminary,1203,Viewbank - Yallambie,Banyule,MELBOURNE - NORTH EAST,GREATER MELBOURNE
21204,SA2,2005-06-30,9077,Final,1204,Watsonia,Banyule,MELBOURNE - NORTH EAST,GREATER MELBOURNE
21204,SA2,2006-06-30,9036,Final,1204,Watsonia,Banyule,MELBOURNE - NORTH EAST,GREATER MELBOURNE
21204,SA2,2007-06-30,9174,Final,1204,Watsonia,Banyule,MELBOURNE - NORTH EAST,GREATER MELBOURNE
21204,SA2,2008-06-30,9263,Final,1204,Watsonia,Banyule,MELBOURNE - NORTH EAST,GREATER MELBOURNE
21204,SA2,2009-06-30,9310,Final,1204,Watsonia,Banyule,MELBOURNE - NORTH EAST,GREATER MELBOURNE
21204,SA2,2010-06-30,9308,Final,1204,Watsonia,Banyule,MELBOURNE - NORTH EAST,GREATER MELBOURNE
21204,SA2,2011-06-30,9320,Final,1204,Watsonia,Banyule,MELBOURNE - NORTH EAST,GREATER MELBOURNE
21204,SA2,2012-06-30,9308,Revised,1204,Watsonia,Banyule,MELBOURNE - NORTH EAST,GREATER MELBOURNE
21204,SA2,2013-06-30,9338,Revised,1204,Watsonia,Banyule,MELBOURNE - NORTH EAST,GREATER MELBOURNE
21204,SA2,2014-06-30,9367,Revised,1204,Watsonia,Banyule,MELBOURNE - NORTH EAST,GREATER MELBOURNE
21204,SA2,2015-06-30,9391,Preliminary,1204,Watsonia,Banyule,MELBOURNE - NORTH EAST,GREATER MELBOURNE
21205,SA2,2005-06-30,7986,Final,1205,Kingsbury,Darebin - North,MELBOURNE - NORTH EAST,GREATER MELBOURNE
21205,SA2,2006-06-30,8561,Final,1205,Kingsbury,Darebin - North,MELBOURNE - NORTH EAST,GREATER MELBOURNE
21205,SA2,2007-06-30,9323,Final,1205,Kingsbury,Darebin - North,MELBOURNE - NORTH EAST,GREATER MELBOURNE
21205,SA2,2008-06-30,9858,Final,1205,Kingsbury,Darebin - North,MELBOURNE - NORTH EAST,GREATER MELBOURNE
21205,SA2,2009-06-30,10419,Final,1205,Kingsbury,Darebin - North,MELBOURNE - NORTH EAST,GREATER MELBOURNE
21205,SA2,2010-06-30,10649,Final,1205,Kingsbury,Darebin - North,MELBOURNE - NORTH EAST,GREATER MELBOURNE
21205,SA2,2011-06-30,10821,Final,1205,Kingsbury,Darebin - North,MELBOURNE - NORTH EAST,GREATER MELBOURNE
21205,SA2,2012-06-30,11028,Revised,1205,Kingsbury,Darebin - North,MELBOURNE - NORTH EAST,GREATER MELBOURNE
21205,SA2,2013-06-30,11187,Revised,1205,Kingsbury,Darebin - North,MELBOURNE - NORTH EAST,GREATER MELBOURNE
21205,SA2,2014-06-30,11281,Revised,1205,Kingsbury,Darebin - North,MELBOURNE - NORTH EAST,GREATER MELBOURNE
21205,SA2,2015-06-30,11456,Preliminary,1205,Kingsbury,Darebin - North,MELBOURNE - NORTH EAST,GREATER MELBOURNE
21206,SA2,2005-06-30,28418,Final,1206,Preston,Darebin - North,MELBOURNE - NORTH EAST,GREATER MELBOURNE
21206,SA2,2006-06-30,28716,Final,1206,Preston,Darebin - North,MELBOURNE - NORTH EAST,GREATER MELBOURNE
21206,SA2,2007-06-30,29150,Final,1206,Preston,Darebin - North,MELBOURNE - NORTH EAST,GREATER MELBOURNE
21206,SA2,2008-06-30,29834,Final,1206,Preston,Darebin - North,MELBOURNE - NORTH EAST,GREATER MELBOURNE
21206,SA2,2009-06-30,30502,Final,1206,Preston,Darebin - North,MELBOURNE - NORTH EAST,GREATER MELBOURNE
21206,SA2,2010-06-30,30888,Final,1206,Preston,Darebin - North,MELBOURNE - NORTH EAST,GREATER MELBOURNE
21206,SA2,2011-06-30,31400,Final,1206,Preston,Darebin - North,MELBOURNE - NORTH EAST,GREATER MELBOURNE
21206,SA2,2012-06-30,31697,Revised,1206,Preston,Darebin - North,MELBOURNE - NORTH EAST,GREATER MELBOURNE
21206,SA2,2013-06-30,32053,Revised,1206,Preston,Darebin - North,MELBOURNE - NORTH EAST,GREATER MELBOURNE
21206,SA2,2014-06-30,32629,Revised,1206,Preston,Darebin - North,MELBOURNE - NORTH EAST,GREATER MELBOURNE
21206,SA2,2015-06-30,33328,Preliminary,1206,Preston,Darebin - North,MELBOURNE - NORTH EAST,GREATER MELBOURNE
21207,SA2,2005-06-30,24318,Final,1207,Reservoir - East,Darebin - North,MELBOURNE - NORTH EAST,GREATER MELBOURNE
21207,SA2,2006-06-30,24666,Final,1207,Reservoir - East,Darebin - North,MELBOURNE - NORTH EAST,GREATER MELBOURNE
21207,SA2,2007-06-30,24909,Final,1207,Reservoir - East,Darebin - North,MELBOURNE - NORTH EAST,GREATER MELBOURNE
21207,SA2,2008-06-30,25115,Final,1207,Reservoir - East,Darebin - North,MELBOURNE - NORTH EAST,GREATER MELBOURNE
21207,SA2,2009-06-30,25479,Final,1207,Reservoir - East,Darebin - North,MELBOURNE - NORTH EAST,GREATER MELBOURNE
21207,SA2,2010-06-30,25662,Final,1207,Reservoir - East,Darebin - North,MELBOURNE - NORTH EAST,GREATER MELBOURNE
21207,SA2,2011-06-30,25781,Final,1207,Reservoir - East,Darebin - North,MELBOURNE - NORTH EAST,GREATER MELBOURNE
21207,SA2,2012-06-30,26253,Revised,1207,Reservoir - East,Darebin - North,MELBOURNE - NORTH EAST,GREATER MELBOURNE
21207,SA2,2013-06-30,26580,Revised,1207,Reservoir - East,Darebin - North,MELBOURNE - NORTH EAST,GREATER MELBOURNE
21207,SA2,2014-06-30,26961,Revised,1207,Reservoir - East,Darebin - North,MELBOURNE - NORTH EAST,GREATER MELBOURNE
21207,SA2,2015-06-30,27213,Preliminary,1207,Reservoir - East,Darebin - North,MELBOURNE - NORTH EAST,GREATER MELBOURNE
21208,SA2,2005-06-30,22534,Final,1208,Reservoir - West,Darebin - North,MELBOURNE - NORTH EAST,GREATER MELBOURNE
21208,SA2,2006-06-30,22663,Final,1208,Reservoir - West,Darebin - North,MELBOURNE - NORTH EAST,GREATER MELBOURNE
21208,SA2,2007-06-30,22829,Final,1208,Reservoir - West,Darebin - North,MELBOURNE - NORTH EAST,GREATER MELBOURNE
21208,SA2,2008-06-30,23286,Final,1208,Reservoir - West,Darebin - North,MELBOURNE - NORTH EAST,GREATER MELBOURNE
21208,SA2,2009-06-30,23627,Final,1208,Reservoir - West,Darebin - North,MELBOURNE - NORTH EAST,GREATER MELBOURNE
21208,SA2,2010-06-30,23828,Final,1208,Reservoir - West,Darebin - North,MELBOURNE - NORTH EAST,GREATER MELBOURNE
21208,SA2,2011-06-30,23969,Final,1208,Reservoir - West,Darebin - North,MELBOURNE - NORTH EAST,GREATER MELBOURNE
21208,SA2,2012-06-30,24138,Revised,1208,Reservoir - West,Darebin - North,MELBOURNE - NORTH EAST,GREATER MELBOURNE
21208,SA2,2013-06-30,24339,Revised,1208,Reservoir - West,Darebin - North,MELBOURNE - NORTH EAST,GREATER MELBOURNE
21208,SA2,2014-06-30,24518,Revised,1208,Reservoir - West,Darebin - North,MELBOURNE - NORTH EAST,GREATER MELBOURNE
21208,SA2,2015-06-30,24679,Preliminary,1208,Reservoir - West,Darebin - North,MELBOURNE - NORTH EAST,GREATER MELBOURNE
21209,SA2,2005-06-30,24051,Final,1209,Eltham,Nillumbik - Kinglake,MELBOURNE - NORTH EAST,GREATER MELBOURNE
21209,SA2,2006-06-30,23965,Final,1209,Eltham,Nillumbik - Kinglake,MELBOURNE - NORTH EAST,GREATER MELBOURNE
21209,SA2,2007-06-30,23898,Final,1209,Eltham,Nillumbik - Kinglake,MELBOURNE - NORTH EAST,GREATER MELBOURNE
21209,SA2,2008-06-30,23863,Final,1209,Eltham,Nillumbik - Kinglake,MELBOURNE - NORTH EAST,GREATER MELBOURNE
21209,SA2,2009-06-30,23865,Final,1209,Eltham,Nillumbik - Kinglake,MELBOURNE - NORTH EAST,GREATER MELBOURNE
21209,SA2,2010-06-30,23791,Final,1209,Eltham,Nillumbik - Kinglake,MELBOURNE - NORTH EAST,GREATER MELBOURNE
21209,SA2,2011-06-30,23651,Final,1209,Eltham,Nillumbik - Kinglake,MELBOURNE - NORTH EAST,GREATER MELBOURNE
21209,SA2,2012-06-30,23603,Revised,1209,Eltham,Nillumbik - Kinglake,MELBOURNE - NORTH EAST,GREATER MELBOURNE
21209,SA2,2013-06-30,23574,Revised,1209,Eltham,Nillumbik - Kinglake,MELBOURNE - NORTH EAST,GREATER MELBOURNE
21209,SA2,2014-06-30,23664,Revised,1209,Eltham,Nillumbik - Kinglake,MELBOURNE - NORTH EAST,GREATER MELBOURNE
21209,SA2,2015-06-30,23411,Preliminary,1209,Eltham,Nillumbik - Kinglake,MELBOURNE - NORTH EAST,GREATER MELBOURNE
21210,SA2,2005-06-30,3656,Final,1210,Hurstbridge,Nillumbik - Kinglake,MELBOURNE - NORTH EAST,GREATER MELBOURNE
21210,SA2,2006-06-30,3665,Final,1210,Hurstbridge,Nillumbik - Kinglake,MELBOURNE - NORTH EAST,GREATER MELBOURNE
21210,SA2,2007-06-30,3662,Final,1210,Hurstbridge,Nillumbik - Kinglake,MELBOURNE - NORTH EAST,GREATER MELBOURNE
21210,SA2,2008-06-30,3697,Final,1210,Hurstbridge,Nillumbik - Kinglake,MELBOURNE - NORTH EAST,GREATER MELBOURNE
21210,SA2,2009-06-30,3675,Final,1210,Hurstbridge,Nillumbik - Kinglake,MELBOURNE - NORTH EAST,GREATER MELBOURNE
21210,SA2,2010-06-30,3668,Final,1210,Hurstbridge,Nillumbik - Kinglake,MELBOURNE - NORTH EAST,GREATER MELBOURNE
21210,SA2,2011-06-30,3660,Final,1210,Hurstbridge,Nillumbik - Kinglake,MELBOURNE - NORTH EAST,GREATER MELBOURNE
21210,SA2,2012-06-30,3626,Revised,1210,Hurstbridge,Nillumbik - Kinglake,MELBOURNE - NORTH EAST,GREATER MELBOURNE
21210,SA2,2013-06-30,3600,Revised,1210,Hurstbridge,Nillumbik - Kinglake,MELBOURNE - NORTH EAST,GREATER MELBOURNE
21210,SA2,2014-06-30,3563,Revised,1210,Hurstbridge,Nillumbik - Kinglake,MELBOURNE - NORTH EAST,GREATER MELBOURNE
21210,SA2,2015-06-30,3554,Preliminary,1210,Hurstbridge,Nillumbik - Kinglake,MELBOURNE - NORTH EAST,GREATER MELBOURNE
21211,SA2,2005-06-30,3927,Final,1211,Kinglake,Nillumbik - Kinglake,MELBOURNE - NORTH EAST,GREATER MELBOURNE
21211,SA2,2006-06-30,4032,Final,1211,Kinglake,Nillumbik - Kinglake,MELBOURNE - NORTH EAST,GREATER MELBOURNE
21211,SA2,2007-06-30,4023,Final,1211,Kinglake,Nillumbik - Kinglake,MELBOURNE - NORTH EAST,GREATER MELBOURNE
21211,SA2,2008-06-30,4064,Final,1211,Kinglake,Nillumbik - Kinglake,MELBOURNE - NORTH EAST,GREATER MELBOURNE
21211,SA2,2009-06-30,3567,Final,1211,Kinglake,Nillumbik - Kinglake,MELBOURNE - NORTH EAST,GREATER MELBOURNE
21211,SA2,2010-06-30,3626,Final,1211,Kinglake,Nillumbik - Kinglake,MELBOURNE - NORTH EAST,GREATER MELBOURNE
21211,SA2,2011-06-30,3671,Final,1211,Kinglake,Nillumbik - Kinglake,MELBOURNE - NORTH EAST,GREATER MELBOURNE
21211,SA2,2012-06-30,3746,Revised,1211,Kinglake,Nillumbik - Kinglake,MELBOURNE - NORTH EAST,GREATER MELBOURNE
21211,SA2,2013-06-30,3796,Revised,1211,Kinglake,Nillumbik - Kinglake,MELBOURNE - NORTH EAST,GREATER MELBOURNE
21211,SA2,2014-06-30,3838,Revised,1211,Kinglake,Nillumbik - Kinglake,MELBOURNE - NORTH EAST,GREATER MELBOURNE
21211,SA2,2015-06-30,3924,Preliminary,1211,Kinglake,Nillumbik - Kinglake,MELBOURNE - NORTH EAST,GREATER MELBOURNE
21212,SA2,2005-06-30,5286,Final,1212,Panton Hill - St Andrews,Nillumbik - Kinglake,MELBOURNE - NORTH EAST,GREATER MELBOURNE
21212,SA2,2006-06-30,5374,Final,1212,Panton Hill - St Andrews,Nillumbik - Kinglake,MELBOURNE - NORTH EAST,GREATER MELBOURNE
21212,SA2,2007-06-30,5365,Final,1212,Panton Hill - St Andrews,Nillumbik - Kinglake,MELBOURNE - NORTH EAST,GREATER MELBOURNE
21212,SA2,2008-06-30,5357,Final,1212,Panton Hill - St Andrews,Nillumbik - Kinglake,MELBOURNE - NORTH EAST,GREATER MELBOURNE
21212,SA2,2009-06-30,5329,Final,1212,Panton Hill - St Andrews,Nillumbik - Kinglake,MELBOURNE - NORTH EAST,GREATER MELBOURNE
21212,SA2,2010-06-30,5274,Final,1212,Panton Hill - St Andrews,Nillumbik - Kinglake,MELBOURNE - NORTH EAST,GREATER MELBOURNE
21212,SA2,2011-06-30,5227,Final,1212,Panton Hill - St Andrews,Nillumbik - Kinglake,MELBOURNE - NORTH EAST,GREATER MELBOURNE
21212,SA2,2012-06-30,5216,Revised,1212,Panton Hill - St Andrews,Nillumbik - Kinglake,MELBOURNE - NORTH EAST,GREATER MELBOURNE
21212,SA2,2013-06-30,5216,Revised,1212,Panton Hill - St Andrews,Nillumbik - Kinglake,MELBOURNE - NORTH EAST,GREATER MELBOURNE
21212,SA2,2014-06-30,5205,Revised,1212,Panton Hill - St Andrews,Nillumbik - Kinglake,MELBOURNE - NORTH EAST,GREATER MELBOURNE
21212,SA2,2015-06-30,5232,Preliminary,1212,Panton Hill - St Andrews,Nillumbik - Kinglake,MELBOURNE - NORTH EAST,GREATER MELBOURNE
21213,SA2,2005-06-30,8476,Final,1213,Plenty - Yarrambat,Nillumbik - Kinglake,MELBOURNE - NORTH EAST,GREATER MELBOURNE
21213,SA2,2006-06-30,8722,Final,1213,Plenty - Yarrambat,Nillumbik - Kinglake,MELBOURNE - NORTH EAST,GREATER MELBOURNE
21213,SA2,2007-06-30,8828,Final,1213,Plenty - Yarrambat,Nillumbik - Kinglake,MELBOURNE - NORTH EAST,GREATER MELBOURNE
21213,SA2,2008-06-30,9047,Final,1213,Plenty - Yarrambat,Nillumbik - Kinglake,MELBOURNE - NORTH EAST,GREATER MELBOURNE
21213,SA2,2009-06-30,9266,Final,1213,Plenty - Yarrambat,Nillumbik - Kinglake,MELBOURNE - NORTH EAST,GREATER MELBOURNE
21213,SA2,2010-06-30,9344,Final,1213,Plenty - Yarrambat,Nillumbik - Kinglake,MELBOURNE - NORTH EAST,GREATER MELBOURNE
21213,SA2,2011-06-30,9401,Final,1213,Plenty - Yarrambat,Nillumbik - Kinglake,MELBOURNE - NORTH EAST,GREATER MELBOURNE
21213,SA2,2012-06-30,9514,Revised,1213,Plenty - Yarrambat,Nillumbik - Kinglake,MELBOURNE - NORTH EAST,GREATER MELBOURNE
21213,SA2,2013-06-30,9492,Revised,1213,Plenty - Yarrambat,Nillumbik - Kinglake,MELBOURNE - NORTH EAST,GREATER MELBOURNE
21213,SA2,2014-06-30,9615,Revised,1213,Plenty - Yarrambat,Nillumbik - Kinglake,MELBOURNE - NORTH EAST,GREATER MELBOURNE
21213,SA2,2015-06-30,9591,Preliminary,1213,Plenty - Yarrambat,Nillumbik - Kinglake,MELBOURNE - NORTH EAST,GREATER MELBOURNE
21214,SA2,2005-06-30,6846,Final,1214,Research - North Warrandyte,Nillumbik - Kinglake,MELBOURNE - NORTH EAST,GREATER MELBOURNE
21214,SA2,2006-06-30,6843,Final,1214,Research - North Warrandyte,Nillumbik - Kinglake,MELBOURNE - NORTH EAST,GREATER MELBOURNE
21214,SA2,2007-06-30,6838,Final,1214,Research - North Warrandyte,Nillumbik - Kinglake,MELBOURNE - NORTH EAST,GREATER MELBOURNE
21214,SA2,2008-06-30,6852,Final,1214,Research - North Warrandyte,Nillumbik - Kinglake,MELBOURNE - NORTH EAST,GREATER MELBOURNE
21214,SA2,2009-06-30,6867,Final,1214,Research - North Warrandyte,Nillumbik - Kinglake,MELBOURNE - NORTH EAST,GREATER MELBOURNE
21214,SA2,2010-06-30,6859,Final,1214,Research - North Warrandyte,Nillumbik - Kinglake,MELBOURNE - NORTH EAST,GREATER MELBOURNE
21214,SA2,2011-06-30,6846,Final,1214,Research - North Warrandyte,Nillumbik - Kinglake,MELBOURNE - NORTH EAST,GREATER MELBOURNE
21214,SA2,2012-06-30,6859,Revised,1214,Research - North Warrandyte,Nillumbik - Kinglake,MELBOURNE - NORTH EAST,GREATER MELBOURNE
21214,SA2,2013-06-30,6833,Revised,1214,Research - North Warrandyte,Nillumbik - Kinglake,MELBOURNE - NORTH EAST,GREATER MELBOURNE
21214,SA2,2014-06-30,6813,Revised,1214,Research - North Warrandyte,Nillumbik - Kinglake,MELBOURNE - NORTH EAST,GREATER MELBOURNE
21214,SA2,2015-06-30,6820,Preliminary,1214,Research - North Warrandyte,Nillumbik - Kinglake,MELBOURNE - NORTH EAST,GREATER MELBOURNE
21215,SA2,2005-06-30,12787,Final,1215,Wattle Glen - Diamond Creek,Nillumbik - Kinglake,MELBOURNE - NORTH EAST,GREATER MELBOURNE
21215,SA2,2006-06-30,12946,Final,1215,Wattle Glen - Diamond Creek,Nillumbik - Kinglake,MELBOURNE - NORTH EAST,GREATER MELBOURNE
21215,SA2,2007-06-30,13267,Final,1215,Wattle Glen - Diamond Creek,Nillumbik - Kinglake,MELBOURNE - NORTH EAST,GREATER MELBOURNE
21215,SA2,2008-06-30,13551,Final,1215,Wattle Glen - Diamond Creek,Nillumbik - Kinglake,MELBOURNE - NORTH EAST,GREATER MELBOURNE
21215,SA2,2009-06-30,13783,Final,1215,Wattle Glen - Diamond Creek,Nillumbik - Kinglake,MELBOURNE - NORTH EAST,GREATER MELBOURNE
21215,SA2,2010-06-30,13902,Final,1215,Wattle Glen - Diamond Creek,Nillumbik - Kinglake,MELBOURNE - NORTH EAST,GREATER MELBOURNE
21215,SA2,2011-06-30,13931,Final,1215,Wattle Glen - Diamond Creek,Nillumbik - Kinglake,MELBOURNE - NORTH EAST,GREATER MELBOURNE
21215,SA2,2012-06-30,13933,Revised,1215,Wattle Glen - Diamond Creek,Nillumbik - Kinglake,MELBOURNE - NORTH EAST,GREATER MELBOURNE
21215,SA2,2013-06-30,13945,Revised,1215,Wattle Glen - Diamond Creek,Nillumbik - Kinglake,MELBOURNE - NORTH EAST,GREATER MELBOURNE
21215,SA2,2014-06-30,13989,Revised,1215,Wattle Glen - Diamond Creek,Nillumbik - Kinglake,MELBOURNE - NORTH EAST,GREATER MELBOURNE
21215,SA2,2015-06-30,13994,Preliminary,1215,Wattle Glen - Diamond Creek,Nillumbik - Kinglake,MELBOURNE - NORTH EAST,GREATER MELBOURNE
21216,SA2,2005-06-30,4265,Final,1216,Bundoora - North,Whittlesea - Wallan,MELBOURNE - NORTH EAST,GREATER MELBOURNE
21216,SA2,2006-06-30,4643,Final,1216,Bundoora - North,Whittlesea - Wallan,MELBOURNE - NORTH EAST,GREATER MELBOURNE
21216,SA2,2007-06-30,4860,Final,1216,Bundoora - North,Whittlesea - Wallan,MELBOURNE - NORTH EAST,GREATER MELBOURNE
21216,SA2,2008-06-30,5048,Final,1216,Bundoora - North,Whittlesea - Wallan,MELBOURNE - NORTH EAST,GREATER MELBOURNE
21216,SA2,2009-06-30,5302,Final,1216,Bundoora - North,Whittlesea - Wallan,MELBOURNE - NORTH EAST,GREATER MELBOURNE
21216,SA2,2010-06-30,5496,Final,1216,Bundoora - North,Whittlesea - Wallan,MELBOURNE - NORTH EAST,GREATER MELBOURNE
21216,SA2,2011-06-30,5642,Final,1216,Bundoora - North,Whittlesea - Wallan,MELBOURNE - NORTH EAST,GREATER MELBOURNE
21216,SA2,2012-06-30,5870,Revised,1216,Bundoora - North,Whittlesea - Wallan,MELBOURNE - NORTH EAST,GREATER MELBOURNE
21216,SA2,2013-06-30,6156,Revised,1216,Bundoora - North,Whittlesea - Wallan,MELBOURNE - NORTH EAST,GREATER MELBOURNE
21216,SA2,2014-06-30,6477,Revised,1216,Bundoora - North,Whittlesea - Wallan,MELBOURNE - NORTH EAST,GREATER MELBOURNE
21216,SA2,2015-06-30,6859,Preliminary,1216,Bundoora - North,Whittlesea - Wallan,MELBOURNE - NORTH EAST,GREATER MELBOURNE
21217,SA2,2005-06-30,6638,Final,1217,Bundoora - West,Whittlesea - Wallan,MELBOURNE - NORTH EAST,GREATER MELBOURNE
21217,SA2,2006-06-30,6583,Final,1217,Bundoora - West,Whittlesea - Wallan,MELBOURNE - NORTH EAST,GREATER MELBOURNE
21217,SA2,2007-06-30,6527,Final,1217,Bundoora - West,Whittlesea - Wallan,MELBOURNE - NORTH EAST,GREATER MELBOURNE
21217,SA2,2008-06-30,6503,Final,1217,Bundoora - West,Whittlesea - Wallan,MELBOURNE - NORTH EAST,GREATER MELBOURNE
21217,SA2,2009-06-30,6479,Final,1217,Bundoora - West,Whittlesea - Wallan,MELBOURNE - NORTH EAST,GREATER MELBOURNE
21217,SA2,2010-06-30,6477,Final,1217,Bundoora - West,Whittlesea - Wallan,MELBOURNE - NORTH EAST,GREATER MELBOURNE
21217,SA2,2011-06-30,6503,Final,1217,Bundoora - West,Whittlesea - Wallan,MELBOURNE - NORTH EAST,GREATER MELBOURNE
21217,SA2,2012-06-30,6505,Revised,1217,Bundoora - West,Whittlesea - Wallan,MELBOURNE - NORTH EAST,GREATER MELBOURNE
21217,SA2,2013-06-30,6541,Revised,1217,Bundoora - West,Whittlesea - Wallan,MELBOURNE - NORTH EAST,GREATER MELBOURNE
21217,SA2,2014-06-30,6492,Revised,1217,Bundoora - West,Whittlesea - Wallan,MELBOURNE - NORTH EAST,GREATER MELBOURNE
21217,SA2,2015-06-30,6491,Preliminary,1217,Bundoora - West,Whittlesea - Wallan,MELBOURNE - NORTH EAST,GREATER MELBOURNE
21218,SA2,2005-06-30,19868,Final,1218,Epping,Whittlesea - Wallan,MELBOURNE - NORTH EAST,GREATER MELBOURNE
21218,SA2,2006-06-30,20121,Final,1218,Epping,Whittlesea - Wallan,MELBOURNE - NORTH EAST,GREATER MELBOURNE
21218,SA2,2007-06-30,21238,Final,1218,Epping,Whittlesea - Wallan,MELBOURNE - NORTH EAST,GREATER MELBOURNE
21218,SA2,2008-06-30,22530,Final,1218,Epping,Whittlesea - Wallan,MELBOURNE - NORTH EAST,GREATER MELBOURNE
21218,SA2,2009-06-30,23986,Final,1218,Epping,Whittlesea - Wallan,MELBOURNE - NORTH EAST,GREATER MELBOURNE
21218,SA2,2010-06-30,24968,Final,1218,Epping,Whittlesea - Wallan,MELBOURNE - NORTH EAST,GREATER MELBOURNE
21218,SA2,2011-06-30,27888,Final,1218,Epping,Whittlesea - Wallan,MELBOURNE - NORTH EAST,GREATER MELBOURNE
21218,SA2,2012-06-30,30402,Revised,1218,Epping,Whittlesea - Wallan,MELBOURNE - NORTH EAST,GREATER MELBOURNE
21218,SA2,2013-06-30,33146,Revised,1218,Epping,Whittlesea - Wallan,MELBOURNE - NORTH EAST,GREATER MELBOURNE
21218,SA2,2014-06-30,35648,Revised,1218,Epping,Whittlesea - Wallan,MELBOURNE - NORTH EAST,GREATER MELBOURNE
21218,SA2,2015-06-30,38964,Preliminary,1218,Epping,Whittlesea - Wallan,MELBOURNE - NORTH EAST,GREATER MELBOURNE
21219,SA2,2005-06-30,20349,Final,1219,Lalor,Whittlesea - Wallan,MELBOURNE - NORTH EAST,GREATER MELBOURNE
21219,SA2,2006-06-30,20172,Final,1219,Lalor,Whittlesea - Wallan,MELBOURNE - NORTH EAST,GREATER MELBOURNE
21219,SA2,2007-06-30,20182,Final,1219,Lalor,Whittlesea - Wallan,MELBOURNE - NORTH EAST,GREATER MELBOURNE
21219,SA2,2008-06-30,20345,Final,1219,Lalor,Whittlesea - Wallan,MELBOURNE - NORTH EAST,GREATER MELBOURNE
21219,SA2,2009-06-30,20527,Final,1219,Lalor,Whittlesea - Wallan,MELBOURNE - NORTH EAST,GREATER MELBOURNE
21219,SA2,2010-06-30,20677,Final,1219,Lalor,Whittlesea - Wallan,MELBOURNE - NORTH EAST,GREATER MELBOURNE
21219,SA2,2011-06-30,20782,Final,1219,Lalor,Whittlesea - Wallan,MELBOURNE - NORTH EAST,GREATER MELBOURNE
21219,SA2,2012-06-30,21291,Revised,1219,Lalor,Whittlesea - Wallan,MELBOURNE - NORTH EAST,GREATER MELBOURNE
21219,SA2,2013-06-30,21959,Revised,1219,Lalor,Whittlesea - Wallan,MELBOURNE - NORTH EAST,GREATER MELBOURNE
21219,SA2,2014-06-30,22548,Revised,1219,Lalor,Whittlesea - Wallan,MELBOURNE - NORTH EAST,GREATER MELBOURNE
21219,SA2,2015-06-30,23184,Preliminary,1219,Lalor,Whittlesea - Wallan,MELBOURNE - NORTH EAST,GREATER MELBOURNE
21220,SA2,2005-06-30,19053,Final,1220,Mill Park - North,Whittlesea - Wallan,MELBOURNE - NORTH EAST,GREATER MELBOURNE
21220,SA2,2006-06-30,19275,Final,1220,Mill Park - North,Whittlesea - Wallan,MELBOURNE - NORTH EAST,GREATER MELBOURNE
21220,SA2,2007-06-30,19303,Final,1220,Mill Park - North,Whittlesea - Wallan,MELBOURNE - NORTH EAST,GREATER MELBOURNE
21220,SA2,2008-06-30,19360,Final,1220,Mill Park - North,Whittlesea - Wallan,MELBOURNE - NORTH EAST,GREATER MELBOURNE
21220,SA2,2009-06-30,19398,Final,1220,Mill Park - North,Whittlesea - Wallan,MELBOURNE - NORTH EAST,GREATER MELBOURNE
21220,SA2,2010-06-30,19219,Final,1220,Mill Park - North,Whittlesea - Wallan,MELBOURNE - NORTH EAST,GREATER MELBOURNE
21220,SA2,2011-06-30,19046,Final,1220,Mill Park - North,Whittlesea - Wallan,MELBOURNE - NORTH EAST,GREATER MELBOURNE
21220,SA2,2012-06-30,18774,Revised,1220,Mill Park - North,Whittlesea - Wallan,MELBOURNE - NORTH EAST,GREATER MELBOURNE
21220,SA2,2013-06-30,18565,Revised,1220,Mill Park - North,Whittlesea - Wallan,MELBOURNE - NORTH EAST,GREATER MELBOURNE
21220,SA2,2014-06-30,18661,Revised,1220,Mill Park - North,Whittlesea - Wallan,MELBOURNE - NORTH EAST,GREATER MELBOURNE
21220,SA2,2015-06-30,18573,Preliminary,1220,Mill Park - North,Whittlesea - Wallan,MELBOURNE - NORTH EAST,GREATER MELBOURNE
21221,SA2,2005-06-30,13384,Final,1221,Mill Park - South,Whittlesea - Wallan,MELBOURNE - NORTH EAST,GREATER MELBOURNE
21221,SA2,2006-06-30,13408,Final,1221,Mill Park - South,Whittlesea - Wallan,MELBOURNE - NORTH EAST,GREATER MELBOURNE
21221,SA2,2007-06-30,13355,Final,1221,Mill Park - South,Whittlesea - Wallan,MELBOURNE - NORTH EAST,GREATER MELBOURNE
21221,SA2,2008-06-30,13276,Final,1221,Mill Park - South,Whittlesea - Wallan,MELBOURNE - NORTH EAST,GREATER MELBOURNE
21221,SA2,2009-06-30,13205,Final,1221,Mill Park - South,Whittlesea - Wallan,MELBOURNE - NORTH EAST,GREATER MELBOURNE
21221,SA2,2010-06-30,12960,Final,1221,Mill Park - South,Whittlesea - Wallan,MELBOURNE - NORTH EAST,GREATER MELBOURNE
21221,SA2,2011-06-30,12810,Final,1221,Mill Park - South,Whittlesea - Wallan,MELBOURNE - NORTH EAST,GREATER MELBOURNE
21221,SA2,2012-06-30,12629,Revised,1221,Mill Park - South,Whittlesea - Wallan,MELBOURNE - NORTH EAST,GREATER MELBOURNE
21221,SA2,2013-06-30,12431,Revised,1221,Mill Park - South,Whittlesea - Wallan,MELBOURNE - NORTH EAST,GREATER MELBOURNE
21221,SA2,2014-06-30,12293,Revised,1221,Mill Park - South,Whittlesea - Wallan,MELBOURNE - NORTH EAST,GREATER MELBOURNE
21221,SA2,2015-06-30,12157,Preliminary,1221,Mill Park - South,Whittlesea - Wallan,MELBOURNE - NORTH EAST,GREATER MELBOURNE
21222,SA2,2005-06-30,14066,Final,1222,South Morang,Whittlesea - Wallan,MELBOURNE - NORTH EAST,GREATER MELBOURNE
21222,SA2,2006-06-30,16089,Final,1222,South Morang,Whittlesea - Wallan,MELBOURNE - NORTH EAST,GREATER MELBOURNE
21222,SA2,2007-06-30,19276,Final,1222,South Morang,Whittlesea - Wallan,MELBOURNE - NORTH EAST,GREATER MELBOURNE
21222,SA2,2008-06-30,22982,Final,1222,South Morang,Whittlesea - Wallan,MELBOURNE - NORTH EAST,GREATER MELBOURNE
21222,SA2,2009-06-30,27880,Final,1222,South Morang,Whittlesea - Wallan,MELBOURNE - NORTH EAST,GREATER MELBOURNE
21222,SA2,2010-06-30,34005,Final,1222,South Morang,Whittlesea - Wallan,MELBOURNE - NORTH EAST,GREATER MELBOURNE
21222,SA2,2011-06-30,39119,Final,1222,South Morang,Whittlesea - Wallan,MELBOURNE - NORTH EAST,GREATER MELBOURNE
21222,SA2,2012-06-30,45284,Revised,1222,South Morang,Whittlesea - Wallan,MELBOURNE - NORTH EAST,GREATER MELBOURNE
21222,SA2,2013-06-30,50921,Revised,1222,South Morang,Whittlesea - Wallan,MELBOURNE - NORTH EAST,GREATER MELBOURNE
21222,SA2,2014-06-30,55150,Revised,1222,South Morang,Whittlesea - Wallan,MELBOURNE - NORTH EAST,GREATER MELBOURNE
21222,SA2,2015-06-30,59314,Preliminary,1222,South Morang,Whittlesea - Wallan,MELBOURNE - NORTH EAST,GREATER MELBOURNE
21223,SA2,2005-06-30,21570,Final,1223,Thomastown,Whittlesea - Wallan,MELBOURNE - NORTH EAST,GREATER MELBOURNE
21223,SA2,2006-06-30,21422,Final,1223,Thomastown,Whittlesea - Wallan,MELBOURNE - NORTH EAST,GREATER MELBOURNE
21223,SA2,2007-06-30,21328,Final,1223,Thomastown,Whittlesea - Wallan,MELBOURNE - NORTH EAST,GREATER MELBOURNE
21223,SA2,2008-06-30,21398,Final,1223,Thomastown,Whittlesea - Wallan,MELBOURNE - NORTH EAST,GREATER MELBOURNE
21223,SA2,2009-06-30,21512,Final,1223,Thomastown,Whittlesea - Wallan,MELBOURNE - NORTH EAST,GREATER MELBOURNE
21223,SA2,2010-06-30,21526,Final,1223,Thomastown,Whittlesea - Wallan,MELBOURNE - NORTH EAST,GREATER MELBOURNE
21223,SA2,2011-06-30,21430,Final,1223,Thomastown,Whittlesea - Wallan,MELBOURNE - NORTH EAST,GREATER MELBOURNE
21223,SA2,2012-06-30,21396,Revised,1223,Thomastown,Whittlesea - Wallan,MELBOURNE - NORTH EAST,GREATER MELBOURNE
21223,SA2,2013-06-30,21360,Revised,1223,Thomastown,Whittlesea - Wallan,MELBOURNE - NORTH EAST,GREATER MELBOURNE
21223,SA2,2014-06-30,21398,Revised,1223,Thomastown,Whittlesea - Wallan,MELBOURNE - NORTH EAST,GREATER MELBOURNE
21223,SA2,2015-06-30,21441,Preliminary,1223,Thomastown,Whittlesea - Wallan,MELBOURNE - NORTH EAST,GREATER MELBOURNE
21224,SA2,2005-06-30,10044,Final,1224,Wallan,Whittlesea - Wallan,MELBOURNE - NORTH EAST,GREATER MELBOURNE
21224,SA2,2006-06-30,10330,Final,1224,Wallan,Whittlesea - Wallan,MELBOURNE - NORTH EAST,GREATER MELBOURNE
21224,SA2,2007-06-30,10586,Final,1224,Wallan,Whittlesea - Wallan,MELBOURNE - NORTH EAST,GREATER MELBOURNE
21224,SA2,2008-06-30,10938,Final,1224,Wallan,Whittlesea - Wallan,MELBOURNE - NORTH EAST,GREATER MELBOURNE
21224,SA2,2009-06-30,11268,Final,1224,Wallan,Whittlesea - Wallan,MELBOURNE - NORTH EAST,GREATER MELBOURNE
21224,SA2,2010-06-30,11643,Final,1224,Wallan,Whittlesea - Wallan,MELBOURNE - NORTH EAST,GREATER MELBOURNE
21224,SA2,2011-06-30,12189,Final,1224,Wallan,Whittlesea - Wallan,MELBOURNE - NORTH EAST,GREATER MELBOURNE
21224,SA2,2012-06-30,12965,Revised,1224,Wallan,Whittlesea - Wallan,MELBOURNE - NORTH EAST,GREATER MELBOURNE
21224,SA2,2013-06-30,13803,Revised,1224,Wallan,Whittlesea - Wallan,MELBOURNE - NORTH EAST,GREATER MELBOURNE
21224,SA2,2014-06-30,14486,Revised,1224,Wallan,Whittlesea - Wallan,MELBOURNE - NORTH EAST,GREATER MELBOURNE
21224,SA2,2015-06-30,15176,Preliminary,1224,Wallan,Whittlesea - Wallan,MELBOURNE - NORTH EAST,GREATER MELBOURNE
21225,SA2,2005-06-30,6700,Final,1225,Whittlesea,Whittlesea - Wallan,MELBOURNE - NORTH EAST,GREATER MELBOURNE
21225,SA2,2006-06-30,6778,Final,1225,Whittlesea,Whittlesea - Wallan,MELBOURNE - NORTH EAST,GREATER MELBOURNE
21225,SA2,2007-06-30,6869,Final,1225,Whittlesea,Whittlesea - Wallan,MELBOURNE - NORTH EAST,GREATER MELBOURNE
21225,SA2,2008-06-30,7004,Final,1225,Whittlesea,Whittlesea - Wallan,MELBOURNE - NORTH EAST,GREATER MELBOURNE
21225,SA2,2009-06-30,7156,Final,1225,Whittlesea,Whittlesea - Wallan,MELBOURNE - NORTH EAST,GREATER MELBOURNE
21225,SA2,2010-06-30,7381,Final,1225,Whittlesea,Whittlesea - Wallan,MELBOURNE - NORTH EAST,GREATER MELBOURNE
21225,SA2,2011-06-30,7580,Final,1225,Whittlesea,Whittlesea - Wallan,MELBOURNE - NORTH EAST,GREATER MELBOURNE
21225,SA2,2012-06-30,7804,Revised,1225,Whittlesea,Whittlesea - Wallan,MELBOURNE - NORTH EAST,GREATER MELBOURNE
21225,SA2,2013-06-30,8001,Revised,1225,Whittlesea,Whittlesea - Wallan,MELBOURNE - NORTH EAST,GREATER MELBOURNE
21225,SA2,2014-06-30,8176,Revised,1225,Whittlesea,Whittlesea - Wallan,MELBOURNE - NORTH EAST,GREATER MELBOURNE
21225,SA2,2015-06-30,8414,Preliminary,1225,Whittlesea,Whittlesea - Wallan,MELBOURNE - NORTH EAST,GREATER MELBOURNE
21226,SA2,2005-06-30,6870,Final,1226,Airport West,Keilor,MELBOURNE - NORTH WEST,GREATER MELBOURNE
21226,SA2,2006-06-30,6878,Final,1226,Airport West,Keilor,MELBOURNE - NORTH WEST,GREATER MELBOURNE
21226,SA2,2007-06-30,6920,Final,1226,Airport West,Keilor,MELBOURNE - NORTH WEST,GREATER MELBOURNE
21226,SA2,2008-06-30,6983,Final,1226,Airport West,Keilor,MELBOURNE - NORTH WEST,GREATER MELBOURNE
21226,SA2,2009-06-30,7067,Final,1226,Airport West,Keilor,MELBOURNE - NORTH WEST,GREATER MELBOURNE
21226,SA2,2010-06-30,7175,Final,1226,Airport West,Keilor,MELBOURNE - NORTH WEST,GREATER MELBOURNE
21226,SA2,2011-06-30,7234,Final,1226,Airport West,Keilor,MELBOURNE - NORTH WEST,GREATER MELBOURNE
21226,SA2,2012-06-30,7342,Revised,1226,Airport West,Keilor,MELBOURNE - NORTH WEST,GREATER MELBOURNE
21226,SA2,2013-06-30,7467,Revised,1226,Airport West,Keilor,MELBOURNE - NORTH WEST,GREATER MELBOURNE
21226,SA2,2014-06-30,7643,Revised,1226,Airport West,Keilor,MELBOURNE - NORTH WEST,GREATER MELBOURNE
21226,SA2,2015-06-30,7869,Preliminary,1226,Airport West,Keilor,MELBOURNE - NORTH WEST,GREATER MELBOURNE
21227,SA2,2005-06-30,0,Final,1227,Essendon Airport,Keilor,MELBOURNE - NORTH WEST,GREATER MELBOURNE
21227,SA2,2006-06-30,0,Final,1227,Essendon Airport,Keilor,MELBOURNE - NORTH WEST,GREATER MELBOURNE
21227,SA2,2007-06-30,0,Final,1227,Essendon Airport,Keilor,MELBOURNE - NORTH WEST,GREATER MELBOURNE
21227,SA2,2008-06-30,0,Final,1227,Essendon Airport,Keilor,MELBOURNE - NORTH WEST,GREATER MELBOURNE
21227,SA2,2009-06-30,0,Final,1227,Essendon Airport,Keilor,MELBOURNE - NORTH WEST,GREATER MELBOURNE
21227,SA2,2010-06-30,0,Final,1227,Essendon Airport,Keilor,MELBOURNE - NORTH WEST,GREATER MELBOURNE
21227,SA2,2011-06-30,0,Final,1227,Essendon Airport,Keilor,MELBOURNE - NORTH WEST,GREATER MELBOURNE
21227,SA2,2012-06-30,0,Revised,1227,Essendon Airport,Keilor,MELBOURNE - NORTH WEST,GREATER MELBOURNE
21227,SA2,2013-06-30,0,Revised,1227,Essendon Airport,Keilor,MELBOURNE - NORTH WEST,GREATER MELBOURNE
21227,SA2,2014-06-30,0,Revised,1227,Essendon Airport,Keilor,MELBOURNE - NORTH WEST,GREATER MELBOURNE
21227,SA2,2015-06-30,0,Preliminary,1227,Essendon Airport,Keilor,MELBOURNE - NORTH WEST,GREATER MELBOURNE
21228,SA2,2005-06-30,9000,Final,1228,Keilor,Keilor,MELBOURNE - NORTH WEST,GREATER MELBOURNE
21228,SA2,2006-06-30,8937,Final,1228,Keilor,Keilor,MELBOURNE - NORTH WEST,GREATER MELBOURNE
21228,SA2,2007-06-30,8836,Final,1228,Keilor,Keilor,MELBOURNE - NORTH WEST,GREATER MELBOURNE
21228,SA2,2008-06-30,8800,Final,1228,Keilor,Keilor,MELBOURNE - NORTH WEST,GREATER MELBOURNE
21228,SA2,2009-06-30,8767,Final,1228,Keilor,Keilor,MELBOURNE - NORTH WEST,GREATER MELBOURNE
21228,SA2,2010-06-30,8678,Final,1228,Keilor,Keilor,MELBOURNE - NORTH WEST,GREATER MELBOURNE
21228,SA2,2011-06-30,8634,Final,1228,Keilor,Keilor,MELBOURNE - NORTH WEST,GREATER MELBOURNE
21228,SA2,2012-06-30,8578,Revised,1228,Keilor,Keilor,MELBOURNE - NORTH WEST,GREATER MELBOURNE
21228,SA2,2013-06-30,8602,Revised,1228,Keilor,Keilor,MELBOURNE - NORTH WEST,GREATER MELBOURNE
21228,SA2,2014-06-30,8638,Revised,1228,Keilor,Keilor,MELBOURNE - NORTH WEST,GREATER MELBOURNE
21228,SA2,2015-06-30,8673,Preliminary,1228,Keilor,Keilor,MELBOURNE - NORTH WEST,GREATER MELBOURNE
21229,SA2,2005-06-30,24954,Final,1229,Keilor East,Keilor,MELBOURNE - NORTH WEST,GREATER MELBOURNE
21229,SA2,2006-06-30,24945,Final,1229,Keilor East,Keilor,MELBOURNE - NORTH WEST,GREATER MELBOURNE
21229,SA2,2007-06-30,25026,Final,1229,Keilor East,Keilor,MELBOURNE - NORTH WEST,GREATER MELBOURNE
21229,SA2,2008-06-30,25146,Final,1229,Keilor East,Keilor,MELBOURNE - NORTH WEST,GREATER MELBOURNE
21229,SA2,2009-06-30,25269,Final,1229,Keilor East,Keilor,MELBOURNE - NORTH WEST,GREATER MELBOURNE
21229,SA2,2010-06-30,25344,Final,1229,Keilor East,Keilor,MELBOURNE - NORTH WEST,GREATER MELBOURNE
21229,SA2,2011-06-30,25394,Final,1229,Keilor East,Keilor,MELBOURNE - NORTH WEST,GREATER MELBOURNE
21229,SA2,2012-06-30,25669,Revised,1229,Keilor East,Keilor,MELBOURNE - NORTH WEST,GREATER MELBOURNE
21229,SA2,2013-06-30,26021,Revised,1229,Keilor East,Keilor,MELBOURNE - NORTH WEST,GREATER MELBOURNE
21229,SA2,2014-06-30,26550,Revised,1229,Keilor East,Keilor,MELBOURNE - NORTH WEST,GREATER MELBOURNE
21229,SA2,2015-06-30,27073,Preliminary,1229,Keilor East,Keilor,MELBOURNE - NORTH WEST,GREATER MELBOURNE
21230,SA2,2005-06-30,6005,Final,1230,Niddrie - Essendon West,Keilor,MELBOURNE - NORTH WEST,GREATER MELBOURNE
21230,SA2,2006-06-30,6089,Final,1230,Niddrie - Essendon West,Keilor,MELBOURNE - NORTH WEST,GREATER MELBOURNE
21230,SA2,2007-06-30,6153,Final,1230,Niddrie - Essendon West,Keilor,MELBOURNE - NORTH WEST,GREATER MELBOURNE
21230,SA2,2008-06-30,6280,Final,1230,Niddrie - Essendon West,Keilor,MELBOURNE - NORTH WEST,GREATER MELBOURNE
21230,SA2,2009-06-30,6350,Final,1230,Niddrie - Essendon West,Keilor,MELBOURNE - NORTH WEST,GREATER MELBOURNE
21230,SA2,2010-06-30,6458,Final,1230,Niddrie - Essendon West,Keilor,MELBOURNE - NORTH WEST,GREATER MELBOURNE
21230,SA2,2011-06-30,6472,Final,1230,Niddrie - Essendon West,Keilor,MELBOURNE - NORTH WEST,GREATER MELBOURNE
21230,SA2,2012-06-30,6593,Revised,1230,Niddrie - Essendon West,Keilor,MELBOURNE - NORTH WEST,GREATER MELBOURNE
21230,SA2,2013-06-30,6737,Revised,1230,Niddrie - Essendon West,Keilor,MELBOURNE - NORTH WEST,GREATER MELBOURNE
21230,SA2,2014-06-30,6894,Revised,1230,Niddrie - Essendon West,Keilor,MELBOURNE - NORTH WEST,GREATER MELBOURNE
21230,SA2,2015-06-30,7060,Preliminary,1230,Niddrie - Essendon West,Keilor,MELBOURNE - NORTH WEST,GREATER MELBOURNE
21231,SA2,2005-06-30,8907,Final,1231,Strathmore,Keilor,MELBOURNE - NORTH WEST,GREATER MELBOURNE
21231,SA2,2006-06-30,8987,Final,1231,Strathmore,Keilor,MELBOURNE - NORTH WEST,GREATER MELBOURNE
21231,SA2,2007-06-30,9036,Final,1231,Strathmore,Keilor,MELBOURNE - NORTH WEST,GREATER MELBOURNE
21231,SA2,2008-06-30,9169,Final,1231,Strathmore,Keilor,MELBOURNE - NORTH WEST,GREATER MELBOURNE
21231,SA2,2009-06-30,9378,Final,1231,Strathmore,Keilor,MELBOURNE - NORTH WEST,GREATER MELBOURNE
21231,SA2,2010-06-30,9419,Final,1231,Strathmore,Keilor,MELBOURNE - NORTH WEST,GREATER MELBOURNE
21231,SA2,2011-06-30,9397,Final,1231,Strathmore,Keilor,MELBOURNE - NORTH WEST,GREATER MELBOURNE
21231,SA2,2012-06-30,9430,Revised,1231,Strathmore,Keilor,MELBOURNE - NORTH WEST,GREATER MELBOURNE
21231,SA2,2013-06-30,9528,Revised,1231,Strathmore,Keilor,MELBOURNE - NORTH WEST,GREATER MELBOURNE
21231,SA2,2014-06-30,9657,Revised,1231,Strathmore,Keilor,MELBOURNE - NORTH WEST,GREATER MELBOURNE
21231,SA2,2015-06-30,9827,Preliminary,1231,Strathmore,Keilor,MELBOURNE - NORTH WEST,GREATER MELBOURNE
21232,SA2,2005-06-30,9710,Final,1232,Gisborne,Macedon Ranges,MELBOURNE - NORTH WEST,GREATER MELBOURNE
21232,SA2,2006-06-30,9823,Final,1232,Gisborne,Macedon Ranges,MELBOURNE - NORTH WEST,GREATER MELBOURNE
21232,SA2,2007-06-30,10031,Final,1232,Gisborne,Macedon Ranges,MELBOURNE - NORTH WEST,GREATER MELBOURNE
21232,SA2,2008-06-30,10364,Final,1232,Gisborne,Macedon Ranges,MELBOURNE - NORTH WEST,GREATER MELBOURNE
21232,SA2,2009-06-30,10769,Final,1232,Gisborne,Macedon Ranges,MELBOURNE - NORTH WEST,GREATER MELBOURNE
21232,SA2,2010-06-30,11055,Final,1232,Gisborne,Macedon Ranges,MELBOURNE - NORTH WEST,GREATER MELBOURNE
21232,SA2,2011-06-30,11380,Final,1232,Gisborne,Macedon Ranges,MELBOURNE - NORTH WEST,GREATER MELBOURNE
21232,SA2,2012-06-30,11717,Revised,1232,Gisborne,Macedon Ranges,MELBOURNE - NORTH WEST,GREATER MELBOURNE
21232,SA2,2013-06-30,11950,Revised,1232,Gisborne,Macedon Ranges,MELBOURNE - NORTH WEST,GREATER MELBOURNE
21232,SA2,2014-06-30,12157,Revised,1232,Gisborne,Macedon Ranges,MELBOURNE - NORTH WEST,GREATER MELBOURNE
21232,SA2,2015-06-30,12576,Preliminary,1232,Gisborne,Macedon Ranges,MELBOURNE - NORTH WEST,GREATER MELBOURNE
21233,SA2,2005-06-30,3452,Final,1233,Macedon,Macedon Ranges,MELBOURNE - NORTH WEST,GREATER MELBOURNE
21233,SA2,2006-06-30,3459,Final,1233,Macedon,Macedon Ranges,MELBOURNE - NORTH WEST,GREATER MELBOURNE
21233,SA2,2007-06-30,3432,Final,1233,Macedon,Macedon Ranges,MELBOURNE - NORTH WEST,GREATER MELBOURNE
21233,SA2,2008-06-30,3391,Final,1233,Macedon,Macedon Ranges,MELBOURNE - NORTH WEST,GREATER MELBOURNE
21233,SA2,2009-06-30,3374,Final,1233,Macedon,Macedon Ranges,MELBOURNE - NORTH WEST,GREATER MELBOURNE
21233,SA2,2010-06-30,3329,Final,1233,Macedon,Macedon Ranges,MELBOURNE - NORTH WEST,GREATER MELBOURNE
21233,SA2,2011-06-30,3308,Final,1233,Macedon,Macedon Ranges,MELBOURNE - NORTH WEST,GREATER MELBOURNE
21233,SA2,2012-06-30,3324,Revised,1233,Macedon,Macedon Ranges,MELBOURNE - NORTH WEST,GREATER MELBOURNE
21233,SA2,2013-06-30,3313,Revised,1233,Macedon,Macedon Ranges,MELBOURNE - NORTH WEST,GREATER MELBOURNE
21233,SA2,2014-06-30,3345,Revised,1233,Macedon,Macedon Ranges,MELBOURNE - NORTH WEST,GREATER MELBOURNE
21233,SA2,2015-06-30,3315,Preliminary,1233,Macedon,Macedon Ranges,MELBOURNE - NORTH WEST,GREATER MELBOURNE
21234,SA2,2005-06-30,3565,Final,1234,Riddells Creek,Macedon Ranges,MELBOURNE - NORTH WEST,GREATER MELBOURNE
21234,SA2,2006-06-30,3648,Final,1234,Riddells Creek,Macedon Ranges,MELBOURNE - NORTH WEST,GREATER MELBOURNE
21234,SA2,2007-06-30,3697,Final,1234,Riddells Creek,Macedon Ranges,MELBOURNE - NORTH WEST,GREATER MELBOURNE
21234,SA2,2008-06-30,3749,Final,1234,Riddells Creek,Macedon Ranges,MELBOURNE - NORTH WEST,GREATER MELBOURNE
21234,SA2,2009-06-30,3801,Final,1234,Riddells Creek,Macedon Ranges,MELBOURNE - NORTH WEST,GREATER MELBOURNE
21234,SA2,2010-06-30,3842,Final,1234,Riddells Creek,Macedon Ranges,MELBOURNE - NORTH WEST,GREATER MELBOURNE
21234,SA2,2011-06-30,3882,Final,1234,Riddells Creek,Macedon Ranges,MELBOURNE - NORTH WEST,GREATER MELBOURNE
21234,SA2,2012-06-30,3900,Revised,1234,Riddells Creek,Macedon Ranges,MELBOURNE - NORTH WEST,GREATER MELBOURNE
21234,SA2,2013-06-30,3950,Revised,1234,Riddells Creek,Macedon Ranges,MELBOURNE - NORTH WEST,GREATER MELBOURNE
21234,SA2,2014-06-30,4001,Revised,1234,Riddells Creek,Macedon Ranges,MELBOURNE - NORTH WEST,GREATER MELBOURNE
21234,SA2,2015-06-30,3997,Preliminary,1234,Riddells Creek,Macedon Ranges,MELBOURNE - NORTH WEST,GREATER MELBOURNE
21235,SA2,2005-06-30,7989,Final,1235,Romsey,Macedon Ranges,MELBOURNE - NORTH WEST,GREATER MELBOURNE
21235,SA2,2006-06-30,8098,Final,1235,Romsey,Macedon Ranges,MELBOURNE - NORTH WEST,GREATER MELBOURNE
21235,SA2,2007-06-30,8207,Final,1235,Romsey,Macedon Ranges,MELBOURNE - NORTH WEST,GREATER MELBOURNE
21235,SA2,2008-06-30,8336,Final,1235,Romsey,Macedon Ranges,MELBOURNE - NORTH WEST,GREATER MELBOURNE
21235,SA2,2009-06-30,8585,Final,1235,Romsey,Macedon Ranges,MELBOURNE - NORTH WEST,GREATER MELBOURNE
21235,SA2,2010-06-30,8750,Final,1235,Romsey,Macedon Ranges,MELBOURNE - NORTH WEST,GREATER MELBOURNE
21235,SA2,2011-06-30,8832,Final,1235,Romsey,Macedon Ranges,MELBOURNE - NORTH WEST,GREATER MELBOURNE
21235,SA2,2012-06-30,8941,Revised,1235,Romsey,Macedon Ranges,MELBOURNE - NORTH WEST,GREATER MELBOURNE
21235,SA2,2013-06-30,8983,Revised,1235,Romsey,Macedon Ranges,MELBOURNE - NORTH WEST,GREATER MELBOURNE
21235,SA2,2014-06-30,9091,Revised,1235,Romsey,Macedon Ranges,MELBOURNE - NORTH WEST,GREATER MELBOURNE
21235,SA2,2015-06-30,9173,Preliminary,1235,Romsey,Macedon Ranges,MELBOURNE - NORTH WEST,GREATER MELBOURNE
21236,SA2,2005-06-30,6273,Final,1236,Coburg North,Moreland - North,MELBOURNE - NORTH WEST,GREATER MELBOURNE
21236,SA2,2006-06-30,6293,Final,1236,Coburg North,Moreland - North,MELBOURNE - NORTH WEST,GREATER MELBOURNE
21236,SA2,2007-06-30,6434,Final,1236,Coburg North,Moreland - North,MELBOURNE - NORTH WEST,GREATER MELBOURNE
21236,SA2,2008-06-30,6490,Final,1236,Coburg North,Moreland - North,MELBOURNE - NORTH WEST,GREATER MELBOURNE
21236,SA2,2009-06-30,6700,Final,1236,Coburg North,Moreland - North,MELBOURNE - NORTH WEST,GREATER MELBOURNE
21236,SA2,2010-06-30,6784,Final,1236,Coburg North,Moreland - North,MELBOURNE - NORTH WEST,GREATER MELBOURNE
21236,SA2,2011-06-30,6852,Final,1236,Coburg North,Moreland - North,MELBOURNE - NORTH WEST,GREATER MELBOURNE
21236,SA2,2012-06-30,6905,Revised,1236,Coburg North,Moreland - North,MELBOURNE - NORTH WEST,GREATER MELBOURNE
21236,SA2,2013-06-30,7038,Revised,1236,Coburg North,Moreland - North,MELBOURNE - NORTH WEST,GREATER MELBOURNE
21236,SA2,2014-06-30,7281,Revised,1236,Coburg North,Moreland - North,MELBOURNE - NORTH WEST,GREATER MELBOURNE
21236,SA2,2015-06-30,7525,Preliminary,1236,Coburg North,Moreland - North,MELBOURNE - NORTH WEST,GREATER MELBOURNE
21237,SA2,2005-06-30,12167,Final,1237,Fawkner,Moreland - North,MELBOURNE - NORTH WEST,GREATER MELBOURNE
21237,SA2,2006-06-30,12250,Final,1237,Fawkner,Moreland - North,MELBOURNE - NORTH WEST,GREATER MELBOURNE
21237,SA2,2007-06-30,12481,Final,1237,Fawkner,Moreland - North,MELBOURNE - NORTH WEST,GREATER MELBOURNE
21237,SA2,2008-06-30,12674,Final,1237,Fawkner,Moreland - North,MELBOURNE - NORTH WEST,GREATER MELBOURNE
21237,SA2,2009-06-30,12970,Final,1237,Fawkner,Moreland - North,MELBOURNE - NORTH WEST,GREATER MELBOURNE
21237,SA2,2010-06-30,13106,Final,1237,Fawkner,Moreland - North,MELBOURNE - NORTH WEST,GREATER MELBOURNE
21237,SA2,2011-06-30,13171,Final,1237,Fawkner,Moreland - North,MELBOURNE - NORTH WEST,GREATER MELBOURNE
21237,SA2,2012-06-30,13341,Revised,1237,Fawkner,Moreland - North,MELBOURNE - NORTH WEST,GREATER MELBOURNE
21237,SA2,2013-06-30,13572,Revised,1237,Fawkner,Moreland - North,MELBOURNE - NORTH WEST,GREATER MELBOURNE
21237,SA2,2014-06-30,13952,Revised,1237,Fawkner,Moreland - North,MELBOURNE - NORTH WEST,GREATER MELBOURNE
21237,SA2,2015-06-30,14275,Preliminary,1237,Fawkner,Moreland - North,MELBOURNE - NORTH WEST,GREATER MELBOURNE
21238,SA2,2005-06-30,25828,Final,1238,Glenroy - Hadfield,Moreland - North,MELBOURNE - NORTH WEST,GREATER MELBOURNE
21238,SA2,2006-06-30,26290,Final,1238,Glenroy - Hadfield,Moreland - North,MELBOURNE - NORTH WEST,GREATER MELBOURNE
21238,SA2,2007-06-30,26775,Final,1238,Glenroy - Hadfield,Moreland - North,MELBOURNE - NORTH WEST,GREATER MELBOURNE
21238,SA2,2008-06-30,27294,Final,1238,Glenroy - Hadfield,Moreland - North,MELBOURNE - NORTH WEST,GREATER MELBOURNE
21238,SA2,2009-06-30,28040,Final,1238,Glenroy - Hadfield,Moreland - North,MELBOURNE - NORTH WEST,GREATER MELBOURNE
21238,SA2,2010-06-30,28509,Final,1238,Glenroy - Hadfield,Moreland - North,MELBOURNE - NORTH WEST,GREATER MELBOURNE
21238,SA2,2011-06-30,29025,Final,1238,Glenroy - Hadfield,Moreland - North,MELBOURNE - NORTH WEST,GREATER MELBOURNE
21238,SA2,2012-06-30,29466,Revised,1238,Glenroy - Hadfield,Moreland - North,MELBOURNE - NORTH WEST,GREATER MELBOURNE
21238,SA2,2013-06-30,29957,Revised,1238,Glenroy - Hadfield,Moreland - North,MELBOURNE - NORTH WEST,GREATER MELBOURNE
21238,SA2,2014-06-30,30656,Revised,1238,Glenroy - Hadfield,Moreland - North,MELBOURNE - NORTH WEST,GREATER MELBOURNE
21238,SA2,2015-06-30,31247,Preliminary,1238,Glenroy - Hadfield,Moreland - North,MELBOURNE - NORTH WEST,GREATER MELBOURNE
21239,SA2,2005-06-30,19153,Final,1239,Pascoe Vale,Moreland - North,MELBOURNE - NORTH WEST,GREATER MELBOURNE
21239,SA2,2006-06-30,19436,Final,1239,Pascoe Vale,Moreland - North,MELBOURNE - NORTH WEST,GREATER MELBOURNE
21239,SA2,2007-06-30,19927,Final,1239,Pascoe Vale,Moreland - North,MELBOURNE - NORTH WEST,GREATER MELBOURNE
21239,SA2,2008-06-30,20311,Final,1239,Pascoe Vale,Moreland - North,MELBOURNE - NORTH WEST,GREATER MELBOURNE
21239,SA2,2009-06-30,20887,Final,1239,Pascoe Vale,Moreland - North,MELBOURNE - NORTH WEST,GREATER MELBOURNE
21239,SA2,2010-06-30,21298,Final,1239,Pascoe Vale,Moreland - North,MELBOURNE - NORTH WEST,GREATER MELBOURNE
21239,SA2,2011-06-30,21506,Final,1239,Pascoe Vale,Moreland - North,MELBOURNE - NORTH WEST,GREATER MELBOURNE
21239,SA2,2012-06-30,21969,Revised,1239,Pascoe Vale,Moreland - North,MELBOURNE - NORTH WEST,GREATER MELBOURNE
21239,SA2,2013-06-30,22357,Revised,1239,Pascoe Vale,Moreland - North,MELBOURNE - NORTH WEST,GREATER MELBOURNE
21239,SA2,2014-06-30,22894,Revised,1239,Pascoe Vale,Moreland - North,MELBOURNE - NORTH WEST,GREATER MELBOURNE
21239,SA2,2015-06-30,23410,Preliminary,1239,Pascoe Vale,Moreland - North,MELBOURNE - NORTH WEST,GREATER MELBOURNE
21240,SA2,2005-06-30,11964,Final,1240,Sunbury,Sunbury,MELBOURNE - NORTH WEST,GREATER MELBOURNE
21240,SA2,2006-06-30,12210,Final,1240,Sunbury,Sunbury,MELBOURNE - NORTH WEST,GREATER MELBOURNE
21240,SA2,2007-06-30,12542,Final,1240,Sunbury,Sunbury,MELBOURNE - NORTH WEST,GREATER MELBOURNE
21240,SA2,2008-06-30,12777,Final,1240,Sunbury,Sunbury,MELBOURNE - NORTH WEST,GREATER MELBOURNE
21240,SA2,2009-06-30,12961,Final,1240,Sunbury,Sunbury,MELBOURNE - NORTH WEST,GREATER MELBOURNE
21240,SA2,2010-06-30,13050,Final,1240,Sunbury,Sunbury,MELBOURNE - NORTH WEST,GREATER MELBOURNE
21240,SA2,2011-06-30,13072,Final,1240,Sunbury,Sunbury,MELBOURNE - NORTH WEST,GREATER MELBOURNE
21240,SA2,2012-06-30,13080,Revised,1240,Sunbury,Sunbury,MELBOURNE - NORTH WEST,GREATER MELBOURNE
21240,SA2,2013-06-30,13089,Revised,1240,Sunbury,Sunbury,MELBOURNE - NORTH WEST,GREATER MELBOURNE
21240,SA2,2014-06-30,13197,Revised,1240,Sunbury,Sunbury,MELBOURNE - NORTH WEST,GREATER MELBOURNE
21240,SA2,2015-06-30,13210,Preliminary,1240,Sunbury,Sunbury,MELBOURNE - NORTH WEST,GREATER MELBOURNE
21241,SA2,2005-06-30,21966,Final,1241,Sunbury - South,Sunbury,MELBOURNE - NORTH WEST,GREATER MELBOURNE
21241,SA2,2006-06-30,22511,Final,1241,Sunbury - South,Sunbury,MELBOURNE - NORTH WEST,GREATER MELBOURNE
21241,SA2,2007-06-30,22884,Final,1241,Sunbury - South,Sunbury,MELBOURNE - NORTH WEST,GREATER MELBOURNE
21241,SA2,2008-06-30,23447,Final,1241,Sunbury - South,Sunbury,MELBOURNE - NORTH WEST,GREATER MELBOURNE
21241,SA2,2009-06-30,24128,Final,1241,Sunbury - South,Sunbury,MELBOURNE - NORTH WEST,GREATER MELBOURNE
21241,SA2,2010-06-30,24599,Final,1241,Sunbury - South,Sunbury,MELBOURNE - NORTH WEST,GREATER MELBOURNE
21241,SA2,2011-06-30,24940,Final,1241,Sunbury - South,Sunbury,MELBOURNE - NORTH WEST,GREATER MELBOURNE
21241,SA2,2012-06-30,25135,Revised,1241,Sunbury - South,Sunbury,MELBOURNE - NORTH WEST,GREATER MELBOURNE
21241,SA2,2013-06-30,25245,Revised,1241,Sunbury - South,Sunbury,MELBOURNE - NORTH WEST,GREATER MELBOURNE
21241,SA2,2014-06-30,25548,Revised,1241,Sunbury - South,Sunbury,MELBOURNE - NORTH WEST,GREATER MELBOURNE
21241,SA2,2015-06-30,25901,Preliminary,1241,Sunbury - South,Sunbury,MELBOURNE - NORTH WEST,GREATER MELBOURNE
21242,SA2,2005-06-30,11518,Final,1242,Broadmeadows,Tullamarine - Broadmeadows,MELBOURNE - NORTH WEST,GREATER MELBOURNE
21242,SA2,2006-06-30,11465,Final,1242,Broadmeadows,Tullamarine - Broadmeadows,MELBOURNE - NORTH WEST,GREATER MELBOURNE
21242,SA2,2007-06-30,11461,Final,1242,Broadmeadows,Tullamarine - Broadmeadows,MELBOURNE - NORTH WEST,GREATER MELBOURNE
21242,SA2,2008-06-30,11551,Final,1242,Broadmeadows,Tullamarine - Broadmeadows,MELBOURNE - NORTH WEST,GREATER MELBOURNE
21242,SA2,2009-06-30,11791,Final,1242,Broadmeadows,Tullamarine - Broadmeadows,MELBOURNE - NORTH WEST,GREATER MELBOURNE
21242,SA2,2010-06-30,12048,Final,1242,Broadmeadows,Tullamarine - Broadmeadows,MELBOURNE - NORTH WEST,GREATER MELBOURNE
21242,SA2,2011-06-30,12243,Final,1242,Broadmeadows,Tullamarine - Broadmeadows,MELBOURNE - NORTH WEST,GREATER MELBOURNE
21242,SA2,2012-06-30,12416,Revised,1242,Broadmeadows,Tullamarine - Broadmeadows,MELBOURNE - NORTH WEST,GREATER MELBOURNE
21242,SA2,2013-06-30,12614,Revised,1242,Broadmeadows,Tullamarine - Broadmeadows,MELBOURNE - NORTH WEST,GREATER MELBOURNE
21242,SA2,2014-06-30,12953,Revised,1242,Broadmeadows,Tullamarine - Broadmeadows,MELBOURNE - NORTH WEST,GREATER MELBOURNE
21242,SA2,2015-06-30,13290,Preliminary,1242,Broadmeadows,Tullamarine - Broadmeadows,MELBOURNE - NORTH WEST,GREATER MELBOURNE
21243,SA2,2005-06-30,15917,Final,1243,Campbellfield - Coolaroo,Tullamarine - Broadmeadows,MELBOURNE - NORTH WEST,GREATER MELBOURNE
21243,SA2,2006-06-30,15921,Final,1243,Campbellfield - Coolaroo,Tullamarine - Broadmeadows,MELBOURNE - NORTH WEST,GREATER MELBOURNE
21243,SA2,2007-06-30,15997,Final,1243,Campbellfield - Coolaroo,Tullamarine - Broadmeadows,MELBOURNE - NORTH WEST,GREATER MELBOURNE
21243,SA2,2008-06-30,16222,Final,1243,Campbellfield - Coolaroo,Tullamarine - Broadmeadows,MELBOURNE - NORTH WEST,GREATER MELBOURNE
21243,SA2,2009-06-30,16455,Final,1243,Campbellfield - Coolaroo,Tullamarine - Broadmeadows,MELBOURNE - NORTH WEST,GREATER MELBOURNE
21243,SA2,2010-06-30,16587,Final,1243,Campbellfield - Coolaroo,Tullamarine - Broadmeadows,MELBOURNE - NORTH WEST,GREATER MELBOURNE
21243,SA2,2011-06-30,16735,Final,1243,Campbellfield - Coolaroo,Tullamarine - Broadmeadows,MELBOURNE - NORTH WEST,GREATER MELBOURNE
21243,SA2,2012-06-30,16733,Revised,1243,Campbellfield - Coolaroo,Tullamarine - Broadmeadows,MELBOURNE - NORTH WEST,GREATER MELBOURNE
21243,SA2,2013-06-30,16807,Revised,1243,Campbellfield - Coolaroo,Tullamarine - Broadmeadows,MELBOURNE - NORTH WEST,GREATER MELBOURNE
21243,SA2,2014-06-30,16945,Revised,1243,Campbellfield - Coolaroo,Tullamarine - Broadmeadows,MELBOURNE - NORTH WEST,GREATER MELBOURNE
21243,SA2,2015-06-30,17053,Preliminary,1243,Campbellfield - Coolaroo,Tullamarine - Broadmeadows,MELBOURNE - NORTH WEST,GREATER MELBOURNE
21244,SA2,2005-06-30,21500,Final,1244,Craigieburn - Mickleham,Tullamarine - Broadmeadows,MELBOURNE - NORTH WEST,GREATER MELBOURNE
21244,SA2,2006-06-30,23082,Final,1244,Craigieburn - Mickleham,Tullamarine - Broadmeadows,MELBOURNE - NORTH WEST,GREATER MELBOURNE
21244,SA2,2007-06-30,25378,Final,1244,Craigieburn - Mickleham,Tullamarine - Broadmeadows,MELBOURNE - NORTH WEST,GREATER MELBOURNE
21244,SA2,2008-06-30,27573,Final,1244,Craigieburn - Mickleham,Tullamarine - Broadmeadows,MELBOURNE - NORTH WEST,GREATER MELBOURNE
21244,SA2,2009-06-30,30197,Final,1244,Craigieburn - Mickleham,Tullamarine - Broadmeadows,MELBOURNE - NORTH WEST,GREATER MELBOURNE
21244,SA2,2010-06-30,32689,Final,1244,Craigieburn - Mickleham,Tullamarine - Broadmeadows,MELBOURNE - NORTH WEST,GREATER MELBOURNE
21244,SA2,2011-06-30,35331,Final,1244,Craigieburn - Mickleham,Tullamarine - Broadmeadows,MELBOURNE - NORTH WEST,GREATER MELBOURNE
21244,SA2,2012-06-30,38276,Revised,1244,Craigieburn - Mickleham,Tullamarine - Broadmeadows,MELBOURNE - NORTH WEST,GREATER MELBOURNE
21244,SA2,2013-06-30,42133,Revised,1244,Craigieburn - Mickleham,Tullamarine - Broadmeadows,MELBOURNE - NORTH WEST,GREATER MELBOURNE
21244,SA2,2014-06-30,45537,Revised,1244,Craigieburn - Mickleham,Tullamarine - Broadmeadows,MELBOURNE - NORTH WEST,GREATER MELBOURNE
21244,SA2,2015-06-30,48301,Preliminary,1244,Craigieburn - Mickleham,Tullamarine - Broadmeadows,MELBOURNE - NORTH WEST,GREATER MELBOURNE
21245,SA2,2005-06-30,18165,Final,1245,Gladstone Park - Westmeadows,Tullamarine - Broadmeadows,MELBOURNE - NORTH WEST,GREATER MELBOURNE
21245,SA2,2006-06-30,18148,Final,1245,Gladstone Park - Westmeadows,Tullamarine - Broadmeadows,MELBOURNE - NORTH WEST,GREATER MELBOURNE
21245,SA2,2007-06-30,18115,Final,1245,Gladstone Park - Westmeadows,Tullamarine - Broadmeadows,MELBOURNE - NORTH WEST,GREATER MELBOURNE
21245,SA2,2008-06-30,18049,Final,1245,Gladstone Park - Westmeadows,Tullamarine - Broadmeadows,MELBOURNE - NORTH WEST,GREATER MELBOURNE
21245,SA2,2009-06-30,17980,Final,1245,Gladstone Park - Westmeadows,Tullamarine - Broadmeadows,MELBOURNE - NORTH WEST,GREATER MELBOURNE
21245,SA2,2010-06-30,17894,Final,1245,Gladstone Park - Westmeadows,Tullamarine - Broadmeadows,MELBOURNE - NORTH WEST,GREATER MELBOURNE
21245,SA2,2011-06-30,17771,Final,1245,Gladstone Park - Westmeadows,Tullamarine - Broadmeadows,MELBOURNE - NORTH WEST,GREATER MELBOURNE
21245,SA2,2012-06-30,17759,Revised,1245,Gladstone Park - Westmeadows,Tullamarine - Broadmeadows,MELBOURNE - NORTH WEST,GREATER MELBOURNE
21245,SA2,2013-06-30,17744,Revised,1245,Gladstone Park - Westmeadows,Tullamarine - Broadmeadows,MELBOURNE - NORTH WEST,GREATER MELBOURNE
21245,SA2,2014-06-30,17843,Revised,1245,Gladstone Park - Westmeadows,Tullamarine - Broadmeadows,MELBOURNE - NORTH WEST,GREATER MELBOURNE
21245,SA2,2015-06-30,17815,Preliminary,1245,Gladstone Park - Westmeadows,Tullamarine - Broadmeadows,MELBOURNE - NORTH WEST,GREATER MELBOURNE
21246,SA2,2005-06-30,11601,Final,1246,Greenvale - Bulla,Tullamarine - Broadmeadows,MELBOURNE - NORTH WEST,GREATER MELBOURNE
21246,SA2,2006-06-30,11985,Final,1246,Greenvale - Bulla,Tullamarine - Broadmeadows,MELBOURNE - NORTH WEST,GREATER MELBOURNE
21246,SA2,2007-06-30,12050,Final,1246,Greenvale - Bulla,Tullamarine - Broadmeadows,MELBOURNE - NORTH WEST,GREATER MELBOURNE
21246,SA2,2008-06-30,12179,Final,1246,Greenvale - Bulla,Tullamarine - Broadmeadows,MELBOURNE - NORTH WEST,GREATER MELBOURNE
21246,SA2,2009-06-30,12381,Final,1246,Greenvale - Bulla,Tullamarine - Broadmeadows,MELBOURNE - NORTH WEST,GREATER MELBOURNE
21246,SA2,2010-06-30,12554,Final,1246,Greenvale - Bulla,Tullamarine - Broadmeadows,MELBOURNE - NORTH WEST,GREATER MELBOURNE
21246,SA2,2011-06-30,12688,Final,1246,Greenvale - Bulla,Tullamarine - Broadmeadows,MELBOURNE - NORTH WEST,GREATER MELBOURNE
21246,SA2,2012-06-30,12834,Revised,1246,Greenvale - Bulla,Tullamarine - Broadmeadows,MELBOURNE - NORTH WEST,GREATER MELBOURNE
21246,SA2,2013-06-30,12973,Revised,1246,Greenvale - Bulla,Tullamarine - Broadmeadows,MELBOURNE - NORTH WEST,GREATER MELBOURNE
21246,SA2,2014-06-30,13490,Revised,1246,Greenvale - Bulla,Tullamarine - Broadmeadows,MELBOURNE - NORTH WEST,GREATER MELBOURNE
21246,SA2,2015-06-30,14245,Preliminary,1246,Greenvale - Bulla,Tullamarine - Broadmeadows,MELBOURNE - NORTH WEST,GREATER MELBOURNE
21247,SA2,2005-06-30,15213,Final,1247,Meadow Heights,Tullamarine - Broadmeadows,MELBOURNE - NORTH WEST,GREATER MELBOURNE
21247,SA2,2006-06-30,15167,Final,1247,Meadow Heights,Tullamarine - Broadmeadows,MELBOURNE - NORTH WEST,GREATER MELBOURNE
21247,SA2,2007-06-30,15405,Final,1247,Meadow Heights,Tullamarine - Broadmeadows,MELBOURNE - NORTH WEST,GREATER MELBOURNE
21247,SA2,2008-06-30,15580,Final,1247,Meadow Heights,Tullamarine - Broadmeadows,MELBOURNE - NORTH WEST,GREATER MELBOURNE
21247,SA2,2009-06-30,15692,Final,1247,Meadow Heights,Tullamarine - Broadmeadows,MELBOURNE - NORTH WEST,GREATER MELBOURNE
21247,SA2,2010-06-30,15759,Final,1247,Meadow Heights,Tullamarine - Broadmeadows,MELBOURNE - NORTH WEST,GREATER MELBOURNE
21247,SA2,2011-06-30,15767,Final,1247,Meadow Heights,Tullamarine - Broadmeadows,MELBOURNE - NORTH WEST,GREATER MELBOURNE
21247,SA2,2012-06-30,15689,Revised,1247,Meadow Heights,Tullamarine - Broadmeadows,MELBOURNE - NORTH WEST,GREATER MELBOURNE
21247,SA2,2013-06-30,15816,Revised,1247,Meadow Heights,Tullamarine - Broadmeadows,MELBOURNE - NORTH WEST,GREATER MELBOURNE
21247,SA2,2014-06-30,15854,Revised,1247,Meadow Heights,Tullamarine - Broadmeadows,MELBOURNE - NORTH WEST,GREATER MELBOURNE
21247,SA2,2015-06-30,15741,Preliminary,1247,Meadow Heights,Tullamarine - Broadmeadows,MELBOURNE - NORTH WEST,GREATER MELBOURNE
21248,SA2,2005-06-30,137,Final,1248,Melbourne Airport,Tullamarine - Broadmeadows,MELBOURNE - NORTH WEST,GREATER MELBOURNE
21248,SA2,2006-06-30,133,Final,1248,Melbourne Airport,Tullamarine - Broadmeadows,MELBOURNE - NORTH WEST,GREATER MELBOURNE
21248,SA2,2007-06-30,138,Final,1248,Melbourne Airport,Tullamarine - Broadmeadows,MELBOURNE - NORTH WEST,GREATER MELBOURNE
21248,SA2,2008-06-30,141,Final,1248,Melbourne Airport,Tullamarine - Broadmeadows,MELBOURNE - NORTH WEST,GREATER MELBOURNE
21248,SA2,2009-06-30,144,Final,1248,Melbourne Airport,Tullamarine - Broadmeadows,MELBOURNE - NORTH WEST,GREATER MELBOURNE
21248,SA2,2010-06-30,149,Final,1248,Melbourne Airport,Tullamarine - Broadmeadows,MELBOURNE - NORTH WEST,GREATER MELBOURNE
21248,SA2,2011-06-30,158,Final,1248,Melbourne Airport,Tullamarine - Broadmeadows,MELBOURNE - NORTH WEST,GREATER MELBOURNE
21248,SA2,2012-06-30,158,Revised,1248,Melbourne Airport,Tullamarine - Broadmeadows,MELBOURNE - NORTH WEST,GREATER MELBOURNE
21248,SA2,2013-06-30,158,Revised,1248,Melbourne Airport,Tullamarine - Broadmeadows,MELBOURNE - NORTH WEST,GREATER MELBOURNE
21248,SA2,2014-06-30,158,Revised,1248,Melbourne Airport,Tullamarine - Broadmeadows,MELBOURNE - NORTH WEST,GREATER MELBOURNE
21248,SA2,2015-06-30,158,Preliminary,1248,Melbourne Airport,Tullamarine - Broadmeadows,MELBOURNE - NORTH WEST,GREATER MELBOURNE
21249,SA2,2005-06-30,16472,Final,1249,Roxburgh Park - Somerton,Tullamarine - Broadmeadows,MELBOURNE - NORTH WEST,GREATER MELBOURNE
21249,SA2,2006-06-30,17519,Final,1249,Roxburgh Park - Somerton,Tullamarine - Broadmeadows,MELBOURNE - NORTH WEST,GREATER MELBOURNE
21249,SA2,2007-06-30,18321,Final,1249,Roxburgh Park - Somerton,Tullamarine - Broadmeadows,MELBOURNE - NORTH WEST,GREATER MELBOURNE
21249,SA2,2008-06-30,19212,Final,1249,Roxburgh Park - Somerton,Tullamarine - Broadmeadows,MELBOURNE - NORTH WEST,GREATER MELBOURNE
21249,SA2,2009-06-30,20110,Final,1249,Roxburgh Park - Somerton,Tullamarine - Broadmeadows,MELBOURNE - NORTH WEST,GREATER MELBOURNE
21249,SA2,2010-06-30,20596,Final,1249,Roxburgh Park - Somerton,Tullamarine - Broadmeadows,MELBOURNE - NORTH WEST,GREATER MELBOURNE
21249,SA2,2011-06-30,20945,Final,1249,Roxburgh Park - Somerton,Tullamarine - Broadmeadows,MELBOURNE - NORTH WEST,GREATER MELBOURNE
21249,SA2,2012-06-30,21279,Revised,1249,Roxburgh Park - Somerton,Tullamarine - Broadmeadows,MELBOURNE - NORTH WEST,GREATER MELBOURNE
21249,SA2,2013-06-30,21798,Revised,1249,Roxburgh Park - Somerton,Tullamarine - Broadmeadows,MELBOURNE - NORTH WEST,GREATER MELBOURNE
21249,SA2,2014-06-30,22383,Revised,1249,Roxburgh Park - Somerton,Tullamarine - Broadmeadows,MELBOURNE - NORTH WEST,GREATER MELBOURNE
21249,SA2,2015-06-30,23468,Preliminary,1249,Roxburgh Park - Somerton,Tullamarine - Broadmeadows,MELBOURNE - NORTH WEST,GREATER MELBOURNE
21250,SA2,2005-06-30,6581,Final,1250,Tullamarine,Tullamarine - Broadmeadows,MELBOURNE - NORTH WEST,GREATER MELBOURNE
21250,SA2,2006-06-30,6583,Final,1250,Tullamarine,Tullamarine - Broadmeadows,MELBOURNE - NORTH WEST,GREATER MELBOURNE
21250,SA2,2007-06-30,6594,Final,1250,Tullamarine,Tullamarine - Broadmeadows,MELBOURNE - NORTH WEST,GREATER MELBOURNE
21250,SA2,2008-06-30,6605,Final,1250,Tullamarine,Tullamarine - Broadmeadows,MELBOURNE - NORTH WEST,GREATER MELBOURNE
21250,SA2,2009-06-30,6605,Final,1250,Tullamarine,Tullamarine - Broadmeadows,MELBOURNE - NORTH WEST,GREATER MELBOURNE
21250,SA2,2010-06-30,6580,Final,1250,Tullamarine,Tullamarine - Broadmeadows,MELBOURNE - NORTH WEST,GREATER MELBOURNE
21250,SA2,2011-06-30,6545,Final,1250,Tullamarine,Tullamarine - Broadmeadows,MELBOURNE - NORTH WEST,GREATER MELBOURNE
21250,SA2,2012-06-30,6561,Revised,1250,Tullamarine,Tullamarine - Broadmeadows,MELBOURNE - NORTH WEST,GREATER MELBOURNE
21250,SA2,2013-06-30,6595,Revised,1250,Tullamarine,Tullamarine - Broadmeadows,MELBOURNE - NORTH WEST,GREATER MELBOURNE
21250,SA2,2014-06-30,6700,Revised,1250,Tullamarine,Tullamarine - Broadmeadows,MELBOURNE - NORTH WEST,GREATER MELBOURNE
21250,SA2,2015-06-30,6763,Preliminary,1250,Tullamarine,Tullamarine - Broadmeadows,MELBOURNE - NORTH WEST,GREATER MELBOURNE
21251,SA2,2005-06-30,10867,Final,1251,Bayswater,Knox,MELBOURNE - OUTER EAST,GREATER MELBOURNE
21251,SA2,2006-06-30,10973,Final,1251,Bayswater,Knox,MELBOURNE - OUTER EAST,GREATER MELBOURNE
21251,SA2,2007-06-30,11124,Final,1251,Bayswater,Knox,MELBOURNE - OUTER EAST,GREATER MELBOURNE
21251,SA2,2008-06-30,11213,Final,1251,Bayswater,Knox,MELBOURNE - OUTER EAST,GREATER MELBOURNE
21251,SA2,2009-06-30,11361,Final,1251,Bayswater,Knox,MELBOURNE - OUTER EAST,GREATER MELBOURNE
21251,SA2,2010-06-30,11458,Final,1251,Bayswater,Knox,MELBOURNE - OUTER EAST,GREATER MELBOURNE
21251,SA2,2011-06-30,11635,Final,1251,Bayswater,Knox,MELBOURNE - OUTER EAST,GREATER MELBOURNE
21251,SA2,2012-06-30,11757,Revised,1251,Bayswater,Knox,MELBOURNE - OUTER EAST,GREATER MELBOURNE
21251,SA2,2013-06-30,11889,Revised,1251,Bayswater,Knox,MELBOURNE - OUTER EAST,GREATER MELBOURNE
21251,SA2,2014-06-30,12068,Revised,1251,Bayswater,Knox,MELBOURNE - OUTER EAST,GREATER MELBOURNE
21251,SA2,2015-06-30,12203,Preliminary,1251,Bayswater,Knox,MELBOURNE - OUTER EAST,GREATER MELBOURNE
21252,SA2,2005-06-30,24940,Final,1252,Boronia - The Basin,Knox,MELBOURNE - OUTER EAST,GREATER MELBOURNE
21252,SA2,2006-06-30,25005,Final,1252,Boronia - The Basin,Knox,MELBOURNE - OUTER EAST,GREATER MELBOURNE
21252,SA2,2007-06-30,25190,Final,1252,Boronia - The Basin,Knox,MELBOURNE - OUTER EAST,GREATER MELBOURNE
21252,SA2,2008-06-30,25425,Final,1252,Boronia - The Basin,Knox,MELBOURNE - OUTER EAST,GREATER MELBOURNE
21252,SA2,2009-06-30,25640,Final,1252,Boronia - The Basin,Knox,MELBOURNE - OUTER EAST,GREATER MELBOURNE
21252,SA2,2010-06-30,25730,Final,1252,Boronia - The Basin,Knox,MELBOURNE - OUTER EAST,GREATER MELBOURNE
21252,SA2,2011-06-30,25879,Final,1252,Boronia - The Basin,Knox,MELBOURNE - OUTER EAST,GREATER MELBOURNE
21252,SA2,2012-06-30,25877,Revised,1252,Boronia - The Basin,Knox,MELBOURNE - OUTER EAST,GREATER MELBOURNE
21252,SA2,2013-06-30,25934,Revised,1252,Boronia - The Basin,Knox,MELBOURNE - OUTER EAST,GREATER MELBOURNE
21252,SA2,2014-06-30,26190,Revised,1252,Boronia - The Basin,Knox,MELBOURNE - OUTER EAST,GREATER MELBOURNE
21252,SA2,2015-06-30,26523,Preliminary,1252,Boronia - The Basin,Knox,MELBOURNE - OUTER EAST,GREATER MELBOURNE
21253,SA2,2005-06-30,27681,Final,1253,Ferntree Gully,Knox,MELBOURNE - OUTER EAST,GREATER MELBOURNE
21253,SA2,2006-06-30,27730,Final,1253,Ferntree Gully,Knox,MELBOURNE - OUTER EAST,GREATER MELBOURNE
21253,SA2,2007-06-30,27939,Final,1253,Ferntree Gully,Knox,MELBOURNE - OUTER EAST,GREATER MELBOURNE
21253,SA2,2008-06-30,28205,Final,1253,Ferntree Gully,Knox,MELBOURNE - OUTER EAST,GREATER MELBOURNE
21253,SA2,2009-06-30,28780,Final,1253,Ferntree Gully,Knox,MELBOURNE - OUTER EAST,GREATER MELBOURNE
21253,SA2,2010-06-30,28946,Final,1253,Ferntree Gully,Knox,MELBOURNE - OUTER EAST,GREATER MELBOURNE
21253,SA2,2011-06-30,28948,Final,1253,Ferntree Gully,Knox,MELBOURNE - OUTER EAST,GREATER MELBOURNE
21253,SA2,2012-06-30,28995,Revised,1253,Ferntree Gully,Knox,MELBOURNE - OUTER EAST,GREATER MELBOURNE
21253,SA2,2013-06-30,28971,Revised,1253,Ferntree Gully,Knox,MELBOURNE - OUTER EAST,GREATER MELBOURNE
21253,SA2,2014-06-30,28871,Revised,1253,Ferntree Gully,Knox,MELBOURNE - OUTER EAST,GREATER MELBOURNE
21253,SA2,2015-06-30,28913,Preliminary,1253,Ferntree Gully,Knox,MELBOURNE - OUTER EAST,GREATER MELBOURNE
21254,SA2,2005-06-30,13066,Final,1254,Knoxfield - Scoresby,Knox,MELBOURNE - OUTER EAST,GREATER MELBOURNE
21254,SA2,2006-06-30,13103,Final,1254,Knoxfield - Scoresby,Knox,MELBOURNE - OUTER EAST,GREATER MELBOURNE
21254,SA2,2007-06-30,13164,Final,1254,Knoxfield - Scoresby,Knox,MELBOURNE - OUTER EAST,GREATER MELBOURNE
21254,SA2,2008-06-30,13260,Final,1254,Knoxfield - Scoresby,Knox,MELBOURNE - OUTER EAST,GREATER MELBOURNE
21254,SA2,2009-06-30,13389,Final,1254,Knoxfield - Scoresby,Knox,MELBOURNE - OUTER EAST,GREATER MELBOURNE
21254,SA2,2010-06-30,13436,Final,1254,Knoxfield - Scoresby,Knox,MELBOURNE - OUTER EAST,GREATER MELBOURNE
21254,SA2,2011-06-30,13471,Final,1254,Knoxfield - Scoresby,Knox,MELBOURNE - OUTER EAST,GREATER MELBOURNE
21254,SA2,2012-06-30,13597,Revised,1254,Knoxfield - Scoresby,Knox,MELBOURNE - OUTER EAST,GREATER MELBOURNE
21254,SA2,2013-06-30,13708,Revised,1254,Knoxfield - Scoresby,Knox,MELBOURNE - OUTER EAST,GREATER MELBOURNE
21254,SA2,2014-06-30,13964,Revised,1254,Knoxfield - Scoresby,Knox,MELBOURNE - OUTER EAST,GREATER MELBOURNE
21254,SA2,2015-06-30,14037,Preliminary,1254,Knoxfield - Scoresby,Knox,MELBOURNE - OUTER EAST,GREATER MELBOURNE
21255,SA2,2005-06-30,6090,Final,1255,Lysterfield,Knox,MELBOURNE - OUTER EAST,GREATER MELBOURNE
21255,SA2,2006-06-30,6198,Final,1255,Lysterfield,Knox,MELBOURNE - OUTER EAST,GREATER MELBOURNE
21255,SA2,2007-06-30,6380,Final,1255,Lysterfield,Knox,MELBOURNE - OUTER EAST,GREATER MELBOURNE
21255,SA2,2008-06-30,6492,Final,1255,Lysterfield,Knox,MELBOURNE - OUTER EAST,GREATER MELBOURNE
21255,SA2,2009-06-30,6695,Final,1255,Lysterfield,Knox,MELBOURNE - OUTER EAST,GREATER MELBOURNE
21255,SA2,2010-06-30,6796,Final,1255,Lysterfield,Knox,MELBOURNE - OUTER EAST,GREATER MELBOURNE
21255,SA2,2011-06-30,6807,Final,1255,Lysterfield,Knox,MELBOURNE - OUTER EAST,GREATER MELBOURNE
21255,SA2,2012-06-30,6854,Revised,1255,Lysterfield,Knox,MELBOURNE - OUTER EAST,GREATER MELBOURNE
21255,SA2,2013-06-30,6868,Revised,1255,Lysterfield,Knox,MELBOURNE - OUTER EAST,GREATER MELBOURNE
21255,SA2,2014-06-30,6878,Revised,1255,Lysterfield,Knox,MELBOURNE - OUTER EAST,GREATER MELBOURNE
21255,SA2,2015-06-30,6891,Preliminary,1255,Lysterfield,Knox,MELBOURNE - OUTER EAST,GREATER MELBOURNE
21256,SA2,2005-06-30,16017,Final,1256,Rowville - Central,Knox,MELBOURNE - OUTER EAST,GREATER MELBOURNE
21256,SA2,2006-06-30,15980,Final,1256,Rowville - Central,Knox,MELBOURNE - OUTER EAST,GREATER MELBOURNE
21256,SA2,2007-06-30,15873,Final,1256,Rowville - Central,Knox,MELBOURNE - OUTER EAST,GREATER MELBOURNE
21256,SA2,2008-06-30,15955,Final,1256,Rowville - Central,Knox,MELBOURNE - OUTER EAST,GREATER MELBOURNE
21256,SA2,2009-06-30,15991,Final,1256,Rowville - Central,Knox,MELBOURNE - OUTER EAST,GREATER MELBOURNE
21256,SA2,2010-06-30,15998,Final,1256,Rowville - Central,Knox,MELBOURNE - OUTER EAST,GREATER MELBOURNE
21256,SA2,2011-06-30,15839,Final,1256,Rowville - Central,Knox,MELBOURNE - OUTER EAST,GREATER MELBOURNE
21256,SA2,2012-06-30,15782,Revised,1256,Rowville - Central,Knox,MELBOURNE - OUTER EAST,GREATER MELBOURNE
21256,SA2,2013-06-30,15610,Revised,1256,Rowville - Central,Knox,MELBOURNE - OUTER EAST,GREATER MELBOURNE
21256,SA2,2014-06-30,15539,Revised,1256,Rowville - Central,Knox,MELBOURNE - OUTER EAST,GREATER MELBOURNE
21256,SA2,2015-06-30,15272,Preliminary,1256,Rowville - Central,Knox,MELBOURNE - OUTER EAST,GREATER MELBOURNE
21257,SA2,2005-06-30,7575,Final,1257,Rowville - North,Knox,MELBOURNE - OUTER EAST,GREATER MELBOURNE
21257,SA2,2006-06-30,7965,Final,1257,Rowville - North,Knox,MELBOURNE - OUTER EAST,GREATER MELBOURNE
21257,SA2,2007-06-30,8292,Final,1257,Rowville - North,Knox,MELBOURNE - OUTER EAST,GREATER MELBOURNE
21257,SA2,2008-06-30,8409,Final,1257,Rowville - North,Knox,MELBOURNE - OUTER EAST,GREATER MELBOURNE
21257,SA2,2009-06-30,8507,Final,1257,Rowville - North,Knox,MELBOURNE - OUTER EAST,GREATER MELBOURNE
21257,SA2,2010-06-30,8491,Final,1257,Rowville - North,Knox,MELBOURNE - OUTER EAST,GREATER MELBOURNE
21257,SA2,2011-06-30,8350,Final,1257,Rowville - North,Knox,MELBOURNE - OUTER EAST,GREATER MELBOURNE
21257,SA2,2012-06-30,8319,Revised,1257,Rowville - North,Knox,MELBOURNE - OUTER EAST,GREATER MELBOURNE
21257,SA2,2013-06-30,8276,Revised,1257,Rowville - North,Knox,MELBOURNE - OUTER EAST,GREATER MELBOURNE
21257,SA2,2014-06-30,8192,Revised,1257,Rowville - North,Knox,MELBOURNE - OUTER EAST,GREATER MELBOURNE
21257,SA2,2015-06-30,8103,Preliminary,1257,Rowville - North,Knox,MELBOURNE - OUTER EAST,GREATER MELBOURNE
21258,SA2,2005-06-30,10493,Final,1258,Rowville - South,Knox,MELBOURNE - OUTER EAST,GREATER MELBOURNE
21258,SA2,2006-06-30,10720,Final,1258,Rowville - South,Knox,MELBOURNE - OUTER EAST,GREATER MELBOURNE
21258,SA2,2007-06-30,10838,Final,1258,Rowville - South,Knox,MELBOURNE - OUTER EAST,GREATER MELBOURNE
21258,SA2,2008-06-30,11026,Final,1258,Rowville - South,Knox,MELBOURNE - OUTER EAST,GREATER MELBOURNE
21258,SA2,2009-06-30,11214,Final,1258,Rowville - South,Knox,MELBOURNE - OUTER EAST,GREATER MELBOURNE
21258,SA2,2010-06-30,11265,Final,1258,Rowville - South,Knox,MELBOURNE - OUTER EAST,GREATER MELBOURNE
21258,SA2,2011-06-30,11241,Final,1258,Rowville - South,Knox,MELBOURNE - OUTER EAST,GREATER MELBOURNE
21258,SA2,2012-06-30,11186,Revised,1258,Rowville - South,Knox,MELBOURNE - OUTER EAST,GREATER MELBOURNE
21258,SA2,2013-06-30,11238,Revised,1258,Rowville - South,Knox,MELBOURNE - OUTER EAST,GREATER MELBOURNE
21258,SA2,2014-06-30,11179,Revised,1258,Rowville - South,Knox,MELBOURNE - OUTER EAST,GREATER MELBOURNE
21258,SA2,2015-06-30,11083,Preliminary,1258,Rowville - South,Knox,MELBOURNE - OUTER EAST,GREATER MELBOURNE
21259,SA2,2005-06-30,14383,Final,1259,Wantirna,Knox,MELBOURNE - OUTER EAST,GREATER MELBOURNE
21259,SA2,2006-06-30,14361,Final,1259,Wantirna,Knox,MELBOURNE - OUTER EAST,GREATER MELBOURNE
21259,SA2,2007-06-30,14383,Final,1259,Wantirna,Knox,MELBOURNE - OUTER EAST,GREATER MELBOURNE
21259,SA2,2008-06-30,14329,Final,1259,Wantirna,Knox,MELBOURNE - OUTER EAST,GREATER MELBOURNE
21259,SA2,2009-06-30,14334,Final,1259,Wantirna,Knox,MELBOURNE - OUTER EAST,GREATER MELBOURNE
21259,SA2,2010-06-30,14339,Final,1259,Wantirna,Knox,MELBOURNE - OUTER EAST,GREATER MELBOURNE
21259,SA2,2011-06-30,14320,Final,1259,Wantirna,Knox,MELBOURNE - OUTER EAST,GREATER MELBOURNE
21259,SA2,2012-06-30,14224,Revised,1259,Wantirna,Knox,MELBOURNE - OUTER EAST,GREATER MELBOURNE
21259,SA2,2013-06-30,14118,Revised,1259,Wantirna,Knox,MELBOURNE - OUTER EAST,GREATER MELBOURNE
21259,SA2,2014-06-30,14144,Revised,1259,Wantirna,Knox,MELBOURNE - OUTER EAST,GREATER MELBOURNE
21259,SA2,2015-06-30,14095,Preliminary,1259,Wantirna,Knox,MELBOURNE - OUTER EAST,GREATER MELBOURNE
21260,SA2,2005-06-30,18191,Final,1260,Wantirna South,Knox,MELBOURNE - OUTER EAST,GREATER MELBOURNE
21260,SA2,2006-06-30,18278,Final,1260,Wantirna South,Knox,MELBOURNE - OUTER EAST,GREATER MELBOURNE
21260,SA2,2007-06-30,18238,Final,1260,Wantirna South,Knox,MELBOURNE - OUTER EAST,GREATER MELBOURNE
21260,SA2,2008-06-30,18309,Final,1260,Wantirna South,Knox,MELBOURNE - OUTER EAST,GREATER MELBOURNE
21260,SA2,2009-06-30,18304,Final,1260,Wantirna South,Knox,MELBOURNE - OUTER EAST,GREATER MELBOURNE
21260,SA2,2010-06-30,18270,Final,1260,Wantirna South,Knox,MELBOURNE - OUTER EAST,GREATER MELBOURNE
21260,SA2,2011-06-30,18176,Final,1260,Wantirna South,Knox,MELBOURNE - OUTER EAST,GREATER MELBOURNE
21260,SA2,2012-06-30,18044,Revised,1260,Wantirna South,Knox,MELBOURNE - OUTER EAST,GREATER MELBOURNE
21260,SA2,2013-06-30,18188,Revised,1260,Wantirna South,Knox,MELBOURNE - OUTER EAST,GREATER MELBOURNE
21260,SA2,2014-06-30,18293,Revised,1260,Wantirna South,Knox,MELBOURNE - OUTER EAST,GREATER MELBOURNE
21260,SA2,2015-06-30,18599,Preliminary,1260,Wantirna South,Knox,MELBOURNE - OUTER EAST,GREATER MELBOURNE
21261,SA2,2005-06-30,15878,Final,1261,Donvale - Park Orchards,Manningham - East,MELBOURNE - OUTER EAST,GREATER MELBOURNE
21261,SA2,2006-06-30,15992,Final,1261,Donvale - Park Orchards,Manningham - East,MELBOURNE - OUTER EAST,GREATER MELBOURNE
21261,SA2,2007-06-30,16064,Final,1261,Donvale - Park Orchards,Manningham - East,MELBOURNE - OUTER EAST,GREATER MELBOURNE
21261,SA2,2008-06-30,16172,Final,1261,Donvale - Park Orchards,Manningham - East,MELBOURNE - OUTER EAST,GREATER MELBOURNE
21261,SA2,2009-06-30,16222,Final,1261,Donvale - Park Orchards,Manningham - East,MELBOURNE - OUTER EAST,GREATER MELBOURNE
21261,SA2,2010-06-30,16223,Final,1261,Donvale - Park Orchards,Manningham - East,MELBOURNE - OUTER EAST,GREATER MELBOURNE
21261,SA2,2011-06-30,16152,Final,1261,Donvale - Park Orchards,Manningham - East,MELBOURNE - OUTER EAST,GREATER MELBOURNE
21261,SA2,2012-06-30,16112,Revised,1261,Donvale - Park Orchards,Manningham - East,MELBOURNE - OUTER EAST,GREATER MELBOURNE
21261,SA2,2013-06-30,16141,Revised,1261,Donvale - Park Orchards,Manningham - East,MELBOURNE - OUTER EAST,GREATER MELBOURNE
21261,SA2,2014-06-30,16225,Revised,1261,Donvale - Park Orchards,Manningham - East,MELBOURNE - OUTER EAST,GREATER MELBOURNE
21261,SA2,2015-06-30,16255,Preliminary,1261,Donvale - Park Orchards,Manningham - East,MELBOURNE - OUTER EAST,GREATER MELBOURNE
21262,SA2,2005-06-30,10334,Final,1262,Warrandyte - Wonga Park,Manningham - East,MELBOURNE - OUTER EAST,GREATER MELBOURNE
21262,SA2,2006-06-30,10411,Final,1262,Warrandyte - Wonga Park,Manningham - East,MELBOURNE - OUTER EAST,GREATER MELBOURNE
21262,SA2,2007-06-30,10425,Final,1262,Warrandyte - Wonga Park,Manningham - East,MELBOURNE - OUTER EAST,GREATER MELBOURNE
21262,SA2,2008-06-30,10443,Final,1262,Warrandyte - Wonga Park,Manningham - East,MELBOURNE - OUTER EAST,GREATER MELBOURNE
21262,SA2,2009-06-30,10467,Final,1262,Warrandyte - Wonga Park,Manningham - East,MELBOURNE - OUTER EAST,GREATER MELBOURNE
21262,SA2,2010-06-30,10480,Final,1262,Warrandyte - Wonga Park,Manningham - East,MELBOURNE - OUTER EAST,GREATER MELBOURNE
21262,SA2,2011-06-30,10502,Final,1262,Warrandyte - Wonga Park,Manningham - East,MELBOURNE - OUTER EAST,GREATER MELBOURNE
21262,SA2,2012-06-30,10440,Revised,1262,Warrandyte - Wonga Park,Manningham - East,MELBOURNE - OUTER EAST,GREATER MELBOURNE
21262,SA2,2013-06-30,10435,Revised,1262,Warrandyte - Wonga Park,Manningham - East,MELBOURNE - OUTER EAST,GREATER MELBOURNE
21262,SA2,2014-06-30,10455,Revised,1262,Warrandyte - Wonga Park,Manningham - East,MELBOURNE - OUTER EAST,GREATER MELBOURNE
21262,SA2,2015-06-30,10370,Preliminary,1262,Warrandyte - Wonga Park,Manningham - East,MELBOURNE - OUTER EAST,GREATER MELBOURNE
21263,SA2,2005-06-30,11203,Final,1263,Bayswater North,Maroondah,MELBOURNE - OUTER EAST,GREATER MELBOURNE
21263,SA2,2006-06-30,11219,Final,1263,Bayswater North,Maroondah,MELBOURNE - OUTER EAST,GREATER MELBOURNE
21263,SA2,2007-06-30,11353,Final,1263,Bayswater North,Maroondah,MELBOURNE - OUTER EAST,GREATER MELBOURNE
21263,SA2,2008-06-30,11577,Final,1263,Bayswater North,Maroondah,MELBOURNE - OUTER EAST,GREATER MELBOURNE
21263,SA2,2009-06-30,11770,Final,1263,Bayswater North,Maroondah,MELBOURNE - OUTER EAST,GREATER MELBOURNE
21263,SA2,2010-06-30,11819,Final,1263,Bayswater North,Maroondah,MELBOURNE - OUTER EAST,GREATER MELBOURNE
21263,SA2,2011-06-30,11819,Final,1263,Bayswater North,Maroondah,MELBOURNE - OUTER EAST,GREATER MELBOURNE
21263,SA2,2012-06-30,11839,Revised,1263,Bayswater North,Maroondah,MELBOURNE - OUTER EAST,GREATER MELBOURNE
21263,SA2,2013-06-30,11924,Revised,1263,Bayswater North,Maroondah,MELBOURNE - OUTER EAST,GREATER MELBOURNE
21263,SA2,2014-06-30,11968,Revised,1263,Bayswater North,Maroondah,MELBOURNE - OUTER EAST,GREATER MELBOURNE
21263,SA2,2015-06-30,12019,Preliminary,1263,Bayswater North,Maroondah,MELBOURNE - OUTER EAST,GREATER MELBOURNE
21264,SA2,2005-06-30,28039,Final,1264,Croydon,Maroondah,MELBOURNE - OUTER EAST,GREATER MELBOURNE
21264,SA2,2006-06-30,28266,Final,1264,Croydon,Maroondah,MELBOURNE - OUTER EAST,GREATER MELBOURNE
21264,SA2,2007-06-30,28698,Final,1264,Croydon,Maroondah,MELBOURNE - OUTER EAST,GREATER MELBOURNE
21264,SA2,2008-06-30,29232,Final,1264,Croydon,Maroondah,MELBOURNE - OUTER EAST,GREATER MELBOURNE
21264,SA2,2009-06-30,29917,Final,1264,Croydon,Maroondah,MELBOURNE - OUTER EAST,GREATER MELBOURNE
21264,SA2,2010-06-30,30192,Final,1264,Croydon,Maroondah,MELBOURNE - OUTER EAST,GREATER MELBOURNE
21264,SA2,2011-06-30,30526,Final,1264,Croydon,Maroondah,MELBOURNE - OUTER EAST,GREATER MELBOURNE
21264,SA2,2012-06-30,30891,Revised,1264,Croydon,Maroondah,MELBOURNE - OUTER EAST,GREATER MELBOURNE
21264,SA2,2013-06-30,31500,Revised,1264,Croydon,Maroondah,MELBOURNE - OUTER EAST,GREATER MELBOURNE
21264,SA2,2014-06-30,32225,Revised,1264,Croydon,Maroondah,MELBOURNE - OUTER EAST,GREATER MELBOURNE
21264,SA2,2015-06-30,32862,Preliminary,1264,Croydon,Maroondah,MELBOURNE - OUTER EAST,GREATER MELBOURNE
21265,SA2,2005-06-30,18084,Final,1265,Croydon Hills - Warranwood,Maroondah,MELBOURNE - OUTER EAST,GREATER MELBOURNE
21265,SA2,2006-06-30,18233,Final,1265,Croydon Hills - Warranwood,Maroondah,MELBOURNE - OUTER EAST,GREATER MELBOURNE
21265,SA2,2007-06-30,18263,Final,1265,Croydon Hills - Warranwood,Maroondah,MELBOURNE - OUTER EAST,GREATER MELBOURNE
21265,SA2,2008-06-30,18455,Final,1265,Croydon Hills - Warranwood,Maroondah,MELBOURNE - OUTER EAST,GREATER MELBOURNE
21265,SA2,2009-06-30,18728,Final,1265,Croydon Hills - Warranwood,Maroondah,MELBOURNE - OUTER EAST,GREATER MELBOURNE
21265,SA2,2010-06-30,18728,Final,1265,Croydon Hills - Warranwood,Maroondah,MELBOURNE - OUTER EAST,GREATER MELBOURNE
21265,SA2,2011-06-30,18613,Final,1265,Croydon Hills - Warranwood,Maroondah,MELBOURNE - OUTER EAST,GREATER MELBOURNE
21265,SA2,2012-06-30,18670,Revised,1265,Croydon Hills - Warranwood,Maroondah,MELBOURNE - OUTER EAST,GREATER MELBOURNE
21265,SA2,2013-06-30,18864,Revised,1265,Croydon Hills - Warranwood,Maroondah,MELBOURNE - OUTER EAST,GREATER MELBOURNE
21265,SA2,2014-06-30,19057,Revised,1265,Croydon Hills - Warranwood,Maroondah,MELBOURNE - OUTER EAST,GREATER MELBOURNE
21265,SA2,2015-06-30,19096,Preliminary,1265,Croydon Hills - Warranwood,Maroondah,MELBOURNE - OUTER EAST,GREATER MELBOURNE
21266,SA2,2005-06-30,15211,Final,1266,Ringwood,Maroondah,MELBOURNE - OUTER EAST,GREATER MELBOURNE
21266,SA2,2006-06-30,15222,Final,1266,Ringwood,Maroondah,MELBOURNE - OUTER EAST,GREATER MELBOURNE
21266,SA2,2007-06-30,15411,Final,1266,Ringwood,Maroondah,MELBOURNE - OUTER EAST,GREATER MELBOURNE
21266,SA2,2008-06-30,15701,Final,1266,Ringwood,Maroondah,MELBOURNE - OUTER EAST,GREATER MELBOURNE
21266,SA2,2009-06-30,16175,Final,1266,Ringwood,Maroondah,MELBOURNE - OUTER EAST,GREATER MELBOURNE
21266,SA2,2010-06-30,16410,Final,1266,Ringwood,Maroondah,MELBOURNE - OUTER EAST,GREATER MELBOURNE
21266,SA2,2011-06-30,16594,Final,1266,Ringwood,Maroondah,MELBOURNE - OUTER EAST,GREATER MELBOURNE
21266,SA2,2012-06-30,16776,Revised,1266,Ringwood,Maroondah,MELBOURNE - OUTER EAST,GREATER MELBOURNE
21266,SA2,2013-06-30,17025,Revised,1266,Ringwood,Maroondah,MELBOURNE - OUTER EAST,GREATER MELBOURNE
21266,SA2,2014-06-30,17224,Revised,1266,Ringwood,Maroondah,MELBOURNE - OUTER EAST,GREATER MELBOURNE
21266,SA2,2015-06-30,17298,Preliminary,1266,Ringwood,Maroondah,MELBOURNE - OUTER EAST,GREATER MELBOURNE
21267,SA2,2005-06-30,18470,Final,1267,Ringwood East,Maroondah,MELBOURNE - OUTER EAST,GREATER MELBOURNE
21267,SA2,2006-06-30,18532,Final,1267,Ringwood East,Maroondah,MELBOURNE - OUTER EAST,GREATER MELBOURNE
21267,SA2,2007-06-30,18846,Final,1267,Ringwood East,Maroondah,MELBOURNE - OUTER EAST,GREATER MELBOURNE
21267,SA2,2008-06-30,19067,Final,1267,Ringwood East,Maroondah,MELBOURNE - OUTER EAST,GREATER MELBOURNE
21267,SA2,2009-06-30,19378,Final,1267,Ringwood East,Maroondah,MELBOURNE - OUTER EAST,GREATER MELBOURNE
21267,SA2,2010-06-30,19454,Final,1267,Ringwood East,Maroondah,MELBOURNE - OUTER EAST,GREATER MELBOURNE
21267,SA2,2011-06-30,19670,Final,1267,Ringwood East,Maroondah,MELBOURNE - OUTER EAST,GREATER MELBOURNE
21267,SA2,2012-06-30,19869,Revised,1267,Ringwood East,Maroondah,MELBOURNE - OUTER EAST,GREATER MELBOURNE
21267,SA2,2013-06-30,19998,Revised,1267,Ringwood East,Maroondah,MELBOURNE - OUTER EAST,GREATER MELBOURNE
21267,SA2,2014-06-30,20408,Revised,1267,Ringwood East,Maroondah,MELBOURNE - OUTER EAST,GREATER MELBOURNE
21267,SA2,2015-06-30,20782,Preliminary,1267,Ringwood East,Maroondah,MELBOURNE - OUTER EAST,GREATER MELBOURNE
21268,SA2,2005-06-30,9530,Final,1268,Ringwood North,Maroondah,MELBOURNE - OUTER EAST,GREATER MELBOURNE
21268,SA2,2006-06-30,9541,Final,1268,Ringwood North,Maroondah,MELBOURNE - OUTER EAST,GREATER MELBOURNE
21268,SA2,2007-06-30,9569,Final,1268,Ringwood North,Maroondah,MELBOURNE - OUTER EAST,GREATER MELBOURNE
21268,SA2,2008-06-30,9599,Final,1268,Ringwood North,Maroondah,MELBOURNE - OUTER EAST,GREATER MELBOURNE
21268,SA2,2009-06-30,9637,Final,1268,Ringwood North,Maroondah,MELBOURNE - OUTER EAST,GREATER MELBOURNE
21268,SA2,2010-06-30,9660,Final,1268,Ringwood North,Maroondah,MELBOURNE - OUTER EAST,GREATER MELBOURNE
21268,SA2,2011-06-30,9658,Final,1268,Ringwood North,Maroondah,MELBOURNE - OUTER EAST,GREATER MELBOURNE
21268,SA2,2012-06-30,9688,Revised,1268,Ringwood North,Maroondah,MELBOURNE - OUTER EAST,GREATER MELBOURNE
21268,SA2,2013-06-30,9726,Revised,1268,Ringwood North,Maroondah,MELBOURNE - OUTER EAST,GREATER MELBOURNE
21268,SA2,2014-06-30,9863,Revised,1268,Ringwood North,Maroondah,MELBOURNE - OUTER EAST,GREATER MELBOURNE
21268,SA2,2015-06-30,9801,Preliminary,1268,Ringwood North,Maroondah,MELBOURNE - OUTER EAST,GREATER MELBOURNE
21269,SA2,2005-06-30,9976,Final,1269,Forest Hill,Whitehorse - East,MELBOURNE - OUTER EAST,GREATER MELBOURNE
21269,SA2,2006-06-30,10010,Final,1269,Forest Hill,Whitehorse - East,MELBOURNE - OUTER EAST,GREATER MELBOURNE
21269,SA2,2007-06-30,10124,Final,1269,Forest Hill,Whitehorse - East,MELBOURNE - OUTER EAST,GREATER MELBOURNE
21269,SA2,2008-06-30,10180,Final,1269,Forest Hill,Whitehorse - East,MELBOURNE - OUTER EAST,GREATER MELBOURNE
21269,SA2,2009-06-30,10321,Final,1269,Forest Hill,Whitehorse - East,MELBOURNE - OUTER EAST,GREATER MELBOURNE
21269,SA2,2010-06-30,10370,Final,1269,Forest Hill,Whitehorse - East,MELBOURNE - OUTER EAST,GREATER MELBOURNE
21269,SA2,2011-06-30,10430,Final,1269,Forest Hill,Whitehorse - East,MELBOURNE - OUTER EAST,GREATER MELBOURNE
21269,SA2,2012-06-30,10479,Revised,1269,Forest Hill,Whitehorse - East,MELBOURNE - OUTER EAST,GREATER MELBOURNE
21269,SA2,2013-06-30,10626,Revised,1269,Forest Hill,Whitehorse - East,MELBOURNE - OUTER EAST,GREATER MELBOURNE
21269,SA2,2014-06-30,10763,Revised,1269,Forest Hill,Whitehorse - East,MELBOURNE - OUTER EAST,GREATER MELBOURNE
21269,SA2,2015-06-30,10852,Preliminary,1269,Forest Hill,Whitehorse - East,MELBOURNE - OUTER EAST,GREATER MELBOURNE
21270,SA2,2005-06-30,14734,Final,1270,Mitcham (Vic.),Whitehorse - East,MELBOURNE - OUTER EAST,GREATER MELBOURNE
21270,SA2,2006-06-30,14852,Final,1270,Mitcham (Vic.),Whitehorse - East,MELBOURNE - OUTER EAST,GREATER MELBOURNE
21270,SA2,2007-06-30,14976,Final,1270,Mitcham (Vic.),Whitehorse - East,MELBOURNE - OUTER EAST,GREATER MELBOURNE
21270,SA2,2008-06-30,15102,Final,1270,Mitcham (Vic.),Whitehorse - East,MELBOURNE - OUTER EAST,GREATER MELBOURNE
21270,SA2,2009-06-30,15208,Final,1270,Mitcham (Vic.),Whitehorse - East,MELBOURNE - OUTER EAST,GREATER MELBOURNE
21270,SA2,2010-06-30,15265,Final,1270,Mitcham (Vic.),Whitehorse - East,MELBOURNE - OUTER EAST,GREATER MELBOURNE
21270,SA2,2011-06-30,15346,Final,1270,Mitcham (Vic.),Whitehorse - East,MELBOURNE - OUTER EAST,GREATER MELBOURNE
21270,SA2,2012-06-30,15778,Revised,1270,Mitcham (Vic.),Whitehorse - East,MELBOURNE - OUTER EAST,GREATER MELBOURNE
21270,SA2,2013-06-30,16146,Revised,1270,Mitcham (Vic.),Whitehorse - East,MELBOURNE - OUTER EAST,GREATER MELBOURNE
21270,SA2,2014-06-30,16404,Revised,1270,Mitcham (Vic.),Whitehorse - East,MELBOURNE - OUTER EAST,GREATER MELBOURNE
21270,SA2,2015-06-30,16606,Preliminary,1270,Mitcham (Vic.),Whitehorse - East,MELBOURNE - OUTER EAST,GREATER MELBOURNE
21271,SA2,2005-06-30,10466,Final,1271,Nunawading,Whitehorse - East,MELBOURNE - OUTER EAST,GREATER MELBOURNE
21271,SA2,2006-06-30,10553,Final,1271,Nunawading,Whitehorse - East,MELBOURNE - OUTER EAST,GREATER MELBOURNE
21271,SA2,2007-06-30,10846,Final,1271,Nunawading,Whitehorse - East,MELBOURNE - OUTER EAST,GREATER MELBOURNE
21271,SA2,2008-06-30,10985,Final,1271,Nunawading,Whitehorse - East,MELBOURNE - OUTER EAST,GREATER MELBOURNE
21271,SA2,2009-06-30,11200,Final,1271,Nunawading,Whitehorse - East,MELBOURNE - OUTER EAST,GREATER MELBOURNE
21271,SA2,2010-06-30,11276,Final,1271,Nunawading,Whitehorse - East,MELBOURNE - OUTER EAST,GREATER MELBOURNE
21271,SA2,2011-06-30,11382,Final,1271,Nunawading,Whitehorse - East,MELBOURNE - OUTER EAST,GREATER MELBOURNE
21271,SA2,2012-06-30,11532,Revised,1271,Nunawading,Whitehorse - East,MELBOURNE - OUTER EAST,GREATER MELBOURNE
21271,SA2,2013-06-30,11649,Revised,1271,Nunawading,Whitehorse - East,MELBOURNE - OUTER EAST,GREATER MELBOURNE
21271,SA2,2014-06-30,11737,Revised,1271,Nunawading,Whitehorse - East,MELBOURNE - OUTER EAST,GREATER MELBOURNE
21271,SA2,2015-06-30,11925,Preliminary,1271,Nunawading,Whitehorse - East,MELBOURNE - OUTER EAST,GREATER MELBOURNE
21272,SA2,2005-06-30,9561,Final,1272,Vermont,Whitehorse - East,MELBOURNE - OUTER EAST,GREATER MELBOURNE
21272,SA2,2006-06-30,9705,Final,1272,Vermont,Whitehorse - East,MELBOURNE - OUTER EAST,GREATER MELBOURNE
21272,SA2,2007-06-30,9860,Final,1272,Vermont,Whitehorse - East,MELBOURNE - OUTER EAST,GREATER MELBOURNE
21272,SA2,2008-06-30,9988,Final,1272,Vermont,Whitehorse - East,MELBOURNE - OUTER EAST,GREATER MELBOURNE
21272,SA2,2009-06-30,10147,Final,1272,Vermont,Whitehorse - East,MELBOURNE - OUTER EAST,GREATER MELBOURNE
21272,SA2,2010-06-30,10214,Final,1272,Vermont,Whitehorse - East,MELBOURNE - OUTER EAST,GREATER MELBOURNE
21272,SA2,2011-06-30,10261,Final,1272,Vermont,Whitehorse - East,MELBOURNE - OUTER EAST,GREATER MELBOURNE
21272,SA2,2012-06-30,10352,Revised,1272,Vermont,Whitehorse - East,MELBOURNE - OUTER EAST,GREATER MELBOURNE
21272,SA2,2013-06-30,10483,Revised,1272,Vermont,Whitehorse - East,MELBOURNE - OUTER EAST,GREATER MELBOURNE
21272,SA2,2014-06-30,10501,Revised,1272,Vermont,Whitehorse - East,MELBOURNE - OUTER EAST,GREATER MELBOURNE
21272,SA2,2015-06-30,10663,Preliminary,1272,Vermont,Whitehorse - East,MELBOURNE - OUTER EAST,GREATER MELBOURNE
21273,SA2,2005-06-30,11865,Final,1273,Vermont South,Whitehorse - East,MELBOURNE - OUTER EAST,GREATER MELBOURNE
21273,SA2,2006-06-30,11905,Final,1273,Vermont South,Whitehorse - East,MELBOURNE - OUTER EAST,GREATER MELBOURNE
21273,SA2,2007-06-30,11915,Final,1273,Vermont South,Whitehorse - East,MELBOURNE - OUTER EAST,GREATER MELBOURNE
21273,SA2,2008-06-30,11906,Final,1273,Vermont South,Whitehorse - East,MELBOURNE - OUTER EAST,GREATER MELBOURNE
21273,SA2,2009-06-30,11968,Final,1273,Vermont South,Whitehorse - East,MELBOURNE - OUTER EAST,GREATER MELBOURNE
21273,SA2,2010-06-30,11964,Final,1273,Vermont South,Whitehorse - East,MELBOURNE - OUTER EAST,GREATER MELBOURNE
21273,SA2,2011-06-30,11891,Final,1273,Vermont South,Whitehorse - East,MELBOURNE - OUTER EAST,GREATER MELBOURNE
21273,SA2,2012-06-30,11967,Revised,1273,Vermont South,Whitehorse - East,MELBOURNE - OUTER EAST,GREATER MELBOURNE
21273,SA2,2013-06-30,12003,Revised,1273,Vermont South,Whitehorse - East,MELBOURNE - OUTER EAST,GREATER MELBOURNE
21273,SA2,2014-06-30,12155,Revised,1273,Vermont South,Whitehorse - East,MELBOURNE - OUTER EAST,GREATER MELBOURNE
21273,SA2,2015-06-30,12186,Preliminary,1273,Vermont South,Whitehorse - East,MELBOURNE - OUTER EAST,GREATER MELBOURNE
21274,SA2,2005-06-30,10565,Final,1274,Belgrave - Selby,Yarra Ranges,MELBOURNE - OUTER EAST,GREATER MELBOURNE
21274,SA2,2006-06-30,10510,Final,1274,Belgrave - Selby,Yarra Ranges,MELBOURNE - OUTER EAST,GREATER MELBOURNE
21274,SA2,2007-06-30,10531,Final,1274,Belgrave - Selby,Yarra Ranges,MELBOURNE - OUTER EAST,GREATER MELBOURNE
21274,SA2,2008-06-30,10495,Final,1274,Belgrave - Selby,Yarra Ranges,MELBOURNE - OUTER EAST,GREATER MELBOURNE
21274,SA2,2009-06-30,10504,Final,1274,Belgrave - Selby,Yarra Ranges,MELBOURNE - OUTER EAST,GREATER MELBOURNE
21274,SA2,2010-06-30,10475,Final,1274,Belgrave - Selby,Yarra Ranges,MELBOURNE - OUTER EAST,GREATER MELBOURNE
21274,SA2,2011-06-30,10414,Final,1274,Belgrave - Selby,Yarra Ranges,MELBOURNE - OUTER EAST,GREATER MELBOURNE
21274,SA2,2012-06-30,10401,Revised,1274,Belgrave - Selby,Yarra Ranges,MELBOURNE - OUTER EAST,GREATER MELBOURNE
21274,SA2,2013-06-30,10264,Revised,1274,Belgrave - Selby,Yarra Ranges,MELBOURNE - OUTER EAST,GREATER MELBOURNE
21274,SA2,2014-06-30,10214,Revised,1274,Belgrave - Selby,Yarra Ranges,MELBOURNE - OUTER EAST,GREATER MELBOURNE
21274,SA2,2015-06-30,10179,Preliminary,1274,Belgrave - Selby,Yarra Ranges,MELBOURNE - OUTER EAST,GREATER MELBOURNE
21275,SA2,2005-06-30,9135,Final,1275,Chirnside Park,Yarra Ranges,MELBOURNE - OUTER EAST,GREATER MELBOURNE
21275,SA2,2006-06-30,9212,Final,1275,Chirnside Park,Yarra Ranges,MELBOURNE - OUTER EAST,GREATER MELBOURNE
21275,SA2,2007-06-30,9251,Final,1275,Chirnside Park,Yarra Ranges,MELBOURNE - OUTER EAST,GREATER MELBOURNE
21275,SA2,2008-06-30,9307,Final,1275,Chirnside Park,Yarra Ranges,MELBOURNE - OUTER EAST,GREATER MELBOURNE
21275,SA2,2009-06-30,9387,Final,1275,Chirnside Park,Yarra Ranges,MELBOURNE - OUTER EAST,GREATER MELBOURNE
21275,SA2,2010-06-30,9420,Final,1275,Chirnside Park,Yarra Ranges,MELBOURNE - OUTER EAST,GREATER MELBOURNE
21275,SA2,2011-06-30,9422,Final,1275,Chirnside Park,Yarra Ranges,MELBOURNE - OUTER EAST,GREATER MELBOURNE
21275,SA2,2012-06-30,9421,Revised,1275,Chirnside Park,Yarra Ranges,MELBOURNE - OUTER EAST,GREATER MELBOURNE
21275,SA2,2013-06-30,9496,Revised,1275,Chirnside Park,Yarra Ranges,MELBOURNE - OUTER EAST,GREATER MELBOURNE
21275,SA2,2014-06-30,9545,Revised,1275,Chirnside Park,Yarra Ranges,MELBOURNE - OUTER EAST,GREATER MELBOURNE
21275,SA2,2015-06-30,9773,Preliminary,1275,Chirnside Park,Yarra Ranges,MELBOURNE - OUTER EAST,GREATER MELBOURNE
21276,SA2,2005-06-30,12532,Final,1276,Healesville - Yarra Glen,Yarra Ranges,MELBOURNE - OUTER EAST,GREATER MELBOURNE
21276,SA2,2006-06-30,12539,Final,1276,Healesville - Yarra Glen,Yarra Ranges,MELBOURNE - OUTER EAST,GREATER MELBOURNE
21276,SA2,2007-06-30,12571,Final,1276,Healesville - Yarra Glen,Yarra Ranges,MELBOURNE - OUTER EAST,GREATER MELBOURNE
21276,SA2,2008-06-30,12721,Final,1276,Healesville - Yarra Glen,Yarra Ranges,MELBOURNE - OUTER EAST,GREATER MELBOURNE
21276,SA2,2009-06-30,12991,Final,1276,Healesville - Yarra Glen,Yarra Ranges,MELBOURNE - OUTER EAST,GREATER MELBOURNE
21276,SA2,2010-06-30,13135,Final,1276,Healesville - Yarra Glen,Yarra Ranges,MELBOURNE - OUTER EAST,GREATER MELBOURNE
21276,SA2,2011-06-30,13175,Final,1276,Healesville - Yarra Glen,Yarra Ranges,MELBOURNE - OUTER EAST,GREATER MELBOURNE
21276,SA2,2012-06-30,13220,Revised,1276,Healesville - Yarra Glen,Yarra Ranges,MELBOURNE - OUTER EAST,GREATER MELBOURNE
21276,SA2,2013-06-30,13341,Revised,1276,Healesville - Yarra Glen,Yarra Ranges,MELBOURNE - OUTER EAST,GREATER MELBOURNE
21276,SA2,2014-06-30,13425,Revised,1276,Healesville - Yarra Glen,Yarra Ranges,MELBOURNE - OUTER EAST,GREATER MELBOURNE
21276,SA2,2015-06-30,13440,Preliminary,1276,Healesville - Yarra Glen,Yarra Ranges,MELBOURNE - OUTER EAST,GREATER MELBOURNE
21277,SA2,2005-06-30,8576,Final,1277,Kilsyth,Yarra Ranges,MELBOURNE - OUTER EAST,GREATER MELBOURNE
21277,SA2,2006-06-30,8602,Final,1277,Kilsyth,Yarra Ranges,MELBOURNE - OUTER EAST,GREATER MELBOURNE
21277,SA2,2007-06-30,8625,Final,1277,Kilsyth,Yarra Ranges,MELBOURNE - OUTER EAST,GREATER MELBOURNE
21277,SA2,2008-06-30,8668,Final,1277,Kilsyth,Yarra Ranges,MELBOURNE - OUTER EAST,GREATER MELBOURNE
21277,SA2,2009-06-30,8737,Final,1277,Kilsyth,Yarra Ranges,MELBOURNE - OUTER EAST,GREATER MELBOURNE
21277,SA2,2010-06-30,8768,Final,1277,Kilsyth,Yarra Ranges,MELBOURNE - OUTER EAST,GREATER MELBOURNE
21277,SA2,2011-06-30,8773,Final,1277,Kilsyth,Yarra Ranges,MELBOURNE - OUTER EAST,GREATER MELBOURNE
21277,SA2,2012-06-30,8949,Revised,1277,Kilsyth,Yarra Ranges,MELBOURNE - OUTER EAST,GREATER MELBOURNE
21277,SA2,2013-06-30,8944,Revised,1277,Kilsyth,Yarra Ranges,MELBOURNE - OUTER EAST,GREATER MELBOURNE
21277,SA2,2014-06-30,8961,Revised,1277,Kilsyth,Yarra Ranges,MELBOURNE - OUTER EAST,GREATER MELBOURNE
21277,SA2,2015-06-30,9014,Preliminary,1277,Kilsyth,Yarra Ranges,MELBOURNE - OUTER EAST,GREATER MELBOURNE
21278,SA2,2005-06-30,16904,Final,1278,Lilydale - Coldstream,Yarra Ranges,MELBOURNE - OUTER EAST,GREATER MELBOURNE
21278,SA2,2006-06-30,17169,Final,1278,Lilydale - Coldstream,Yarra Ranges,MELBOURNE - OUTER EAST,GREATER MELBOURNE
21278,SA2,2007-06-30,17445,Final,1278,Lilydale - Coldstream,Yarra Ranges,MELBOURNE - OUTER EAST,GREATER MELBOURNE
21278,SA2,2008-06-30,17889,Final,1278,Lilydale - Coldstream,Yarra Ranges,MELBOURNE - OUTER EAST,GREATER MELBOURNE
21278,SA2,2009-06-30,18306,Final,1278,Lilydale - Coldstream,Yarra Ranges,MELBOURNE - OUTER EAST,GREATER MELBOURNE
21278,SA2,2010-06-30,18454,Final,1278,Lilydale - Coldstream,Yarra Ranges,MELBOURNE - OUTER EAST,GREATER MELBOURNE
21278,SA2,2011-06-30,18517,Final,1278,Lilydale - Coldstream,Yarra Ranges,MELBOURNE - OUTER EAST,GREATER MELBOURNE
21278,SA2,2012-06-30,18624,Revised,1278,Lilydale - Coldstream,Yarra Ranges,MELBOURNE - OUTER EAST,GREATER MELBOURNE
21278,SA2,2013-06-30,18607,Revised,1278,Lilydale - Coldstream,Yarra Ranges,MELBOURNE - OUTER EAST,GREATER MELBOURNE
21278,SA2,2014-06-30,18794,Revised,1278,Lilydale - Coldstream,Yarra Ranges,MELBOURNE - OUTER EAST,GREATER MELBOURNE
21278,SA2,2015-06-30,19123,Preliminary,1278,Lilydale - Coldstream,Yarra Ranges,MELBOURNE - OUTER EAST,GREATER MELBOURNE
21279,SA2,2005-06-30,5623,Final,1279,Monbulk - Silvan,Yarra Ranges,MELBOURNE - OUTER EAST,GREATER MELBOURNE
21279,SA2,2006-06-30,5609,Final,1279,Monbulk - Silvan,Yarra Ranges,MELBOURNE - OUTER EAST,GREATER MELBOURNE
21279,SA2,2007-06-30,5649,Final,1279,Monbulk - Silvan,Yarra Ranges,MELBOURNE - OUTER EAST,GREATER MELBOURNE
21279,SA2,2008-06-30,5707,Final,1279,Monbulk - Silvan,Yarra Ranges,MELBOURNE - OUTER EAST,GREATER MELBOURNE
21279,SA2,2009-06-30,5736,Final,1279,Monbulk - Silvan,Yarra Ranges,MELBOURNE - OUTER EAST,GREATER MELBOURNE
21279,SA2,2010-06-30,5747,Final,1279,Monbulk - Silvan,Yarra Ranges,MELBOURNE - OUTER EAST,GREATER MELBOURNE
21279,SA2,2011-06-30,5732,Final,1279,Monbulk - Silvan,Yarra Ranges,MELBOURNE - OUTER EAST,GREATER MELBOURNE
21279,SA2,2012-06-30,5764,Revised,1279,Monbulk - Silvan,Yarra Ranges,MELBOURNE - OUTER EAST,GREATER MELBOURNE
21279,SA2,2013-06-30,5765,Revised,1279,Monbulk - Silvan,Yarra Ranges,MELBOURNE - OUTER EAST,GREATER MELBOURNE
21279,SA2,2014-06-30,5759,Revised,1279,Monbulk - Silvan,Yarra Ranges,MELBOURNE - OUTER EAST,GREATER MELBOURNE
21279,SA2,2015-06-30,5744,Preliminary,1279,Monbulk - Silvan,Yarra Ranges,MELBOURNE - OUTER EAST,GREATER MELBOURNE
21280,SA2,2005-06-30,6738,Final,1280,Montrose,Yarra Ranges,MELBOURNE - OUTER EAST,GREATER MELBOURNE
21280,SA2,2006-06-30,6739,Final,1280,Montrose,Yarra Ranges,MELBOURNE - OUTER EAST,GREATER MELBOURNE
21280,SA2,2007-06-30,6772,Final,1280,Montrose,Yarra Ranges,MELBOURNE - OUTER EAST,GREATER MELBOURNE
21280,SA2,2008-06-30,6830,Final,1280,Montrose,Yarra Ranges,MELBOURNE - OUTER EAST,GREATER MELBOURNE
21280,SA2,2009-06-30,6921,Final,1280,Montrose,Yarra Ranges,MELBOURNE - OUTER EAST,GREATER MELBOURNE
21280,SA2,2010-06-30,6955,Final,1280,Montrose,Yarra Ranges,MELBOURNE - OUTER EAST,GREATER MELBOURNE
21280,SA2,2011-06-30,6966,Final,1280,Montrose,Yarra Ranges,MELBOURNE - OUTER EAST,GREATER MELBOURNE
21280,SA2,2012-06-30,6991,Revised,1280,Montrose,Yarra Ranges,MELBOURNE - OUTER EAST,GREATER MELBOURNE
21280,SA2,2013-06-30,7048,Revised,1280,Montrose,Yarra Ranges,MELBOURNE - OUTER EAST,GREATER MELBOURNE
21280,SA2,2014-06-30,7023,Revised,1280,Montrose,Yarra Ranges,MELBOURNE - OUTER EAST,GREATER MELBOURNE
21280,SA2,2015-06-30,7040,Preliminary,1280,Montrose,Yarra Ranges,MELBOURNE - OUTER EAST,GREATER MELBOURNE
21281,SA2,2005-06-30,19690,Final,1281,Mooroolbark,Yarra Ranges,MELBOURNE - OUTER EAST,GREATER MELBOURNE
21281,SA2,2006-06-30,19863,Final,1281,Mooroolbark,Yarra Ranges,MELBOURNE - OUTER EAST,GREATER MELBOURNE
21281,SA2,2007-06-30,20181,Final,1281,Mooroolbark,Yarra Ranges,MELBOURNE - OUTER EAST,GREATER MELBOURNE
21281,SA2,2008-06-30,20506,Final,1281,Mooroolbark,Yarra Ranges,MELBOURNE - OUTER EAST,GREATER MELBOURNE
21281,SA2,2009-06-30,20870,Final,1281,Mooroolbark,Yarra Ranges,MELBOURNE - OUTER EAST,GREATER MELBOURNE
21281,SA2,2010-06-30,21073,Final,1281,Mooroolbark,Yarra Ranges,MELBOURNE - OUTER EAST,GREATER MELBOURNE
21281,SA2,2011-06-30,21321,Final,1281,Mooroolbark,Yarra Ranges,MELBOURNE - OUTER EAST,GREATER MELBOURNE
21281,SA2,2012-06-30,21393,Revised,1281,Mooroolbark,Yarra Ranges,MELBOURNE - OUTER EAST,GREATER MELBOURNE
21281,SA2,2013-06-30,21600,Revised,1281,Mooroolbark,Yarra Ranges,MELBOURNE - OUTER EAST,GREATER MELBOURNE
21281,SA2,2014-06-30,22011,Revised,1281,Mooroolbark,Yarra Ranges,MELBOURNE - OUTER EAST,GREATER MELBOURNE
21281,SA2,2015-06-30,22255,Preliminary,1281,Mooroolbark,Yarra Ranges,MELBOURNE - OUTER EAST,GREATER MELBOURNE
21282,SA2,2005-06-30,9769,Final,1282,Mount Dandenong - Olinda,Yarra Ranges,MELBOURNE - OUTER EAST,GREATER MELBOURNE
21282,SA2,2006-06-30,9778,Final,1282,Mount Dandenong - Olinda,Yarra Ranges,MELBOURNE - OUTER EAST,GREATER MELBOURNE
21282,SA2,2007-06-30,9843,Final,1282,Mount Dandenong - Olinda,Yarra Ranges,MELBOURNE - OUTER EAST,GREATER MELBOURNE
21282,SA2,2008-06-30,9903,Final,1282,Mount Dandenong - Olinda,Yarra Ranges,MELBOURNE - OUTER EAST,GREATER MELBOURNE
21282,SA2,2009-06-30,9974,Final,1282,Mount Dandenong - Olinda,Yarra Ranges,MELBOURNE - OUTER EAST,GREATER MELBOURNE
21282,SA2,2010-06-30,10035,Final,1282,Mount Dandenong - Olinda,Yarra Ranges,MELBOURNE - OUTER EAST,GREATER MELBOURNE
21282,SA2,2011-06-30,10060,Final,1282,Mount Dandenong - Olinda,Yarra Ranges,MELBOURNE - OUTER EAST,GREATER MELBOURNE
21282,SA2,2012-06-30,10047,Revised,1282,Mount Dandenong - Olinda,Yarra Ranges,MELBOURNE - OUTER EAST,GREATER MELBOURNE
21282,SA2,2013-06-30,9940,Revised,1282,Mount Dandenong - Olinda,Yarra Ranges,MELBOURNE - OUTER EAST,GREATER MELBOURNE
21282,SA2,2014-06-30,9945,Revised,1282,Mount Dandenong - Olinda,Yarra Ranges,MELBOURNE - OUTER EAST,GREATER MELBOURNE
21282,SA2,2015-06-30,9888,Preliminary,1282,Mount Dandenong - Olinda,Yarra Ranges,MELBOURNE - OUTER EAST,GREATER MELBOURNE
21283,SA2,2005-06-30,9357,Final,1283,Mount Evelyn,Yarra Ranges,MELBOURNE - OUTER EAST,GREATER MELBOURNE
21283,SA2,2006-06-30,9395,Final,1283,Mount Evelyn,Yarra Ranges,MELBOURNE - OUTER EAST,GREATER MELBOURNE
21283,SA2,2007-06-30,9427,Final,1283,Mount Evelyn,Yarra Ranges,MELBOURNE - OUTER EAST,GREATER MELBOURNE
21283,SA2,2008-06-30,9466,Final,1283,Mount Evelyn,Yarra Ranges,MELBOURNE - OUTER EAST,GREATER MELBOURNE
21283,SA2,2009-06-30,9561,Final,1283,Mount Evelyn,Yarra Ranges,MELBOURNE - OUTER EAST,GREATER MELBOURNE
21283,SA2,2010-06-30,9597,Final,1283,Mount Evelyn,Yarra Ranges,MELBOURNE - OUTER EAST,GREATER MELBOURNE
21283,SA2,2011-06-30,9615,Final,1283,Mount Evelyn,Yarra Ranges,MELBOURNE - OUTER EAST,GREATER MELBOURNE
21283,SA2,2012-06-30,9616,Revised,1283,Mount Evelyn,Yarra Ranges,MELBOURNE - OUTER EAST,GREATER MELBOURNE
21283,SA2,2013-06-30,9607,Revised,1283,Mount Evelyn,Yarra Ranges,MELBOURNE - OUTER EAST,GREATER MELBOURNE
21283,SA2,2014-06-30,9573,Revised,1283,Mount Evelyn,Yarra Ranges,MELBOURNE - OUTER EAST,GREATER MELBOURNE
21283,SA2,2015-06-30,9649,Preliminary,1283,Mount Evelyn,Yarra Ranges,MELBOURNE - OUTER EAST,GREATER MELBOURNE
21284,SA2,2005-06-30,10148,Final,1284,Upwey - Tecoma,Yarra Ranges,MELBOURNE - OUTER EAST,GREATER MELBOURNE
21284,SA2,2006-06-30,10096,Final,1284,Upwey - Tecoma,Yarra Ranges,MELBOURNE - OUTER EAST,GREATER MELBOURNE
21284,SA2,2007-06-30,10070,Final,1284,Upwey - Tecoma,Yarra Ranges,MELBOURNE - OUTER EAST,GREATER MELBOURNE
21284,SA2,2008-06-30,10072,Final,1284,Upwey - Tecoma,Yarra Ranges,MELBOURNE - OUTER EAST,GREATER MELBOURNE
21284,SA2,2009-06-30,10095,Final,1284,Upwey - Tecoma,Yarra Ranges,MELBOURNE - OUTER EAST,GREATER MELBOURNE
21284,SA2,2010-06-30,10085,Final,1284,Upwey - Tecoma,Yarra Ranges,MELBOURNE - OUTER EAST,GREATER MELBOURNE
21284,SA2,2011-06-30,10067,Final,1284,Upwey - Tecoma,Yarra Ranges,MELBOURNE - OUTER EAST,GREATER MELBOURNE
21284,SA2,2012-06-30,9988,Revised,1284,Upwey - Tecoma,Yarra Ranges,MELBOURNE - OUTER EAST,GREATER MELBOURNE
21284,SA2,2013-06-30,9930,Revised,1284,Upwey - Tecoma,Yarra Ranges,MELBOURNE - OUTER EAST,GREATER MELBOURNE
21284,SA2,2014-06-30,9923,Revised,1284,Upwey - Tecoma,Yarra Ranges,MELBOURNE - OUTER EAST,GREATER MELBOURNE
21284,SA2,2015-06-30,9856,Preliminary,1284,Upwey - Tecoma,Yarra Ranges,MELBOURNE - OUTER EAST,GREATER MELBOURNE
21285,SA2,2005-06-30,7241,Final,1285,Wandin - Seville,Yarra Ranges,MELBOURNE - OUTER EAST,GREATER MELBOURNE
21285,SA2,2006-06-30,7316,Final,1285,Wandin - Seville,Yarra Ranges,MELBOURNE - OUTER EAST,GREATER MELBOURNE
21285,SA2,2007-06-30,7372,Final,1285,Wandin - Seville,Yarra Ranges,MELBOURNE - OUTER EAST,GREATER MELBOURNE
21285,SA2,2008-06-30,7446,Final,1285,Wandin - Seville,Yarra Ranges,MELBOURNE - OUTER EAST,GREATER MELBOURNE
21285,SA2,2009-06-30,7560,Final,1285,Wandin - Seville,Yarra Ranges,MELBOURNE - OUTER EAST,GREATER MELBOURNE
21285,SA2,2010-06-30,7608,Final,1285,Wandin - Seville,Yarra Ranges,MELBOURNE - OUTER EAST,GREATER MELBOURNE
21285,SA2,2011-06-30,7646,Final,1285,Wandin - Seville,Yarra Ranges,MELBOURNE - OUTER EAST,GREATER MELBOURNE
21285,SA2,2012-06-30,7638,Revised,1285,Wandin - Seville,Yarra Ranges,MELBOURNE - OUTER EAST,GREATER MELBOURNE
21285,SA2,2013-06-30,7684,Revised,1285,Wandin - Seville,Yarra Ranges,MELBOURNE - OUTER EAST,GREATER MELBOURNE
21285,SA2,2014-06-30,7776,Revised,1285,Wandin - Seville,Yarra Ranges,MELBOURNE - OUTER EAST,GREATER MELBOURNE
21285,SA2,2015-06-30,7767,Preliminary,1285,Wandin - Seville,Yarra Ranges,MELBOURNE - OUTER EAST,GREATER MELBOURNE
21286,SA2,2005-06-30,15788,Final,1286,Yarra Valley,Yarra Ranges,MELBOURNE - OUTER EAST,GREATER MELBOURNE
21286,SA2,2006-06-30,15820,Final,1286,Yarra Valley,Yarra Ranges,MELBOURNE - OUTER EAST,GREATER MELBOURNE
21286,SA2,2007-06-30,15949,Final,1286,Yarra Valley,Yarra Ranges,MELBOURNE - OUTER EAST,GREATER MELBOURNE
21286,SA2,2008-06-30,16078,Final,1286,Yarra Valley,Yarra Ranges,MELBOURNE - OUTER EAST,GREATER MELBOURNE
21286,SA2,2009-06-30,16227,Final,1286,Yarra Valley,Yarra Ranges,MELBOURNE - OUTER EAST,GREATER MELBOURNE
21286,SA2,2010-06-30,16318,Final,1286,Yarra Valley,Yarra Ranges,MELBOURNE - OUTER EAST,GREATER MELBOURNE
21286,SA2,2011-06-30,16347,Final,1286,Yarra Valley,Yarra Ranges,MELBOURNE - OUTER EAST,GREATER MELBOURNE
21286,SA2,2012-06-30,16347,Revised,1286,Yarra Valley,Yarra Ranges,MELBOURNE - OUTER EAST,GREATER MELBOURNE
21286,SA2,2013-06-30,16329,Revised,1286,Yarra Valley,Yarra Ranges,MELBOURNE - OUTER EAST,GREATER MELBOURNE
21286,SA2,2014-06-30,16233,Revised,1286,Yarra Valley,Yarra Ranges,MELBOURNE - OUTER EAST,GREATER MELBOURNE
21286,SA2,2015-06-30,16072,Preliminary,1286,Yarra Valley,Yarra Ranges,MELBOURNE - OUTER EAST,GREATER MELBOURNE
21287,SA2,2005-06-30,6306,Final,1287,Beaconsfield - Officer,Cardinia,MELBOURNE - SOUTH EAST,GREATER MELBOURNE
21287,SA2,2006-06-30,6837,Final,1287,Beaconsfield - Officer,Cardinia,MELBOURNE - SOUTH EAST,GREATER MELBOURNE
21287,SA2,2007-06-30,6945,Final,1287,Beaconsfield - Officer,Cardinia,MELBOURNE - SOUTH EAST,GREATER MELBOURNE
21287,SA2,2008-06-30,7239,Final,1287,Beaconsfield - Officer,Cardinia,MELBOURNE - SOUTH EAST,GREATER MELBOURNE
21287,SA2,2009-06-30,7643,Final,1287,Beaconsfield - Officer,Cardinia,MELBOURNE - SOUTH EAST,GREATER MELBOURNE
21287,SA2,2010-06-30,7857,Final,1287,Beaconsfield - Officer,Cardinia,MELBOURNE - SOUTH EAST,GREATER MELBOURNE
21287,SA2,2011-06-30,8316,Final,1287,Beaconsfield - Officer,Cardinia,MELBOURNE - SOUTH EAST,GREATER MELBOURNE
21287,SA2,2012-06-30,8988,Revised,1287,Beaconsfield - Officer,Cardinia,MELBOURNE - SOUTH EAST,GREATER MELBOURNE
21287,SA2,2013-06-30,9631,Revised,1287,Beaconsfield - Officer,Cardinia,MELBOURNE - SOUTH EAST,GREATER MELBOURNE
21287,SA2,2014-06-30,10331,Revised,1287,Beaconsfield - Officer,Cardinia,MELBOURNE - SOUTH EAST,GREATER MELBOURNE
21287,SA2,2015-06-30,11774,Preliminary,1287,Beaconsfield - Officer,Cardinia,MELBOURNE - SOUTH EAST,GREATER MELBOURNE
21288,SA2,2005-06-30,7766,Final,1288,Bunyip - Garfield,Cardinia,MELBOURNE - SOUTH EAST,GREATER MELBOURNE
21288,SA2,2006-06-30,7848,Final,1288,Bunyip - Garfield,Cardinia,MELBOURNE - SOUTH EAST,GREATER MELBOURNE
21288,SA2,2007-06-30,7859,Final,1288,Bunyip - Garfield,Cardinia,MELBOURNE - SOUTH EAST,GREATER MELBOURNE
21288,SA2,2008-06-30,8016,Final,1288,Bunyip - Garfield,Cardinia,MELBOURNE - SOUTH EAST,GREATER MELBOURNE
21288,SA2,2009-06-30,8234,Final,1288,Bunyip - Garfield,Cardinia,MELBOURNE - SOUTH EAST,GREATER MELBOURNE
21288,SA2,2010-06-30,8330,Final,1288,Bunyip - Garfield,Cardinia,MELBOURNE - SOUTH EAST,GREATER MELBOURNE
21288,SA2,2011-06-30,8383,Final,1288,Bunyip - Garfield,Cardinia,MELBOURNE - SOUTH EAST,GREATER MELBOURNE
21288,SA2,2012-06-30,8457,Revised,1288,Bunyip - Garfield,Cardinia,MELBOURNE - SOUTH EAST,GREATER MELBOURNE
21288,SA2,2013-06-30,8491,Revised,1288,Bunyip - Garfield,Cardinia,MELBOURNE - SOUTH EAST,GREATER MELBOURNE
21288,SA2,2014-06-30,8479,Revised,1288,Bunyip - Garfield,Cardinia,MELBOURNE - SOUTH EAST,GREATER MELBOURNE
21288,SA2,2015-06-30,8471,Preliminary,1288,Bunyip - Garfield,Cardinia,MELBOURNE - SOUTH EAST,GREATER MELBOURNE
21289,SA2,2005-06-30,17454,Final,1289,Emerald - Cockatoo,Cardinia,MELBOURNE - SOUTH EAST,GREATER MELBOURNE
21289,SA2,2006-06-30,17628,Final,1289,Emerald - Cockatoo,Cardinia,MELBOURNE - SOUTH EAST,GREATER MELBOURNE
21289,SA2,2007-06-30,17699,Final,1289,Emerald - Cockatoo,Cardinia,MELBOURNE - SOUTH EAST,GREATER MELBOURNE
21289,SA2,2008-06-30,17793,Final,1289,Emerald - Cockatoo,Cardinia,MELBOURNE - SOUTH EAST,GREATER MELBOURNE
21289,SA2,2009-06-30,17902,Final,1289,Emerald - Cockatoo,Cardinia,MELBOURNE - SOUTH EAST,GREATER MELBOURNE
21289,SA2,2010-06-30,17969,Final,1289,Emerald - Cockatoo,Cardinia,MELBOURNE - SOUTH EAST,GREATER MELBOURNE
21289,SA2,2011-06-30,18012,Final,1289,Emerald - Cockatoo,Cardinia,MELBOURNE - SOUTH EAST,GREATER MELBOURNE
21289,SA2,2012-06-30,18088,Revised,1289,Emerald - Cockatoo,Cardinia,MELBOURNE - SOUTH EAST,GREATER MELBOURNE
21289,SA2,2013-06-30,17997,Revised,1289,Emerald - Cockatoo,Cardinia,MELBOURNE - SOUTH EAST,GREATER MELBOURNE
21289,SA2,2014-06-30,18034,Revised,1289,Emerald - Cockatoo,Cardinia,MELBOURNE - SOUTH EAST,GREATER MELBOURNE
21289,SA2,2015-06-30,18184,Preliminary,1289,Emerald - Cockatoo,Cardinia,MELBOURNE - SOUTH EAST,GREATER MELBOURNE
21290,SA2,2005-06-30,5531,Final,1290,Koo Wee Rup,Cardinia,MELBOURNE - SOUTH EAST,GREATER MELBOURNE
21290,SA2,2006-06-30,5751,Final,1290,Koo Wee Rup,Cardinia,MELBOURNE - SOUTH EAST,GREATER MELBOURNE
21290,SA2,2007-06-30,5773,Final,1290,Koo Wee Rup,Cardinia,MELBOURNE - SOUTH EAST,GREATER MELBOURNE
21290,SA2,2008-06-30,5884,Final,1290,Koo Wee Rup,Cardinia,MELBOURNE - SOUTH EAST,GREATER MELBOURNE
21290,SA2,2009-06-30,6223,Final,1290,Koo Wee Rup,Cardinia,MELBOURNE - SOUTH EAST,GREATER MELBOURNE
21290,SA2,2010-06-30,6419,Final,1290,Koo Wee Rup,Cardinia,MELBOURNE - SOUTH EAST,GREATER MELBOURNE
21290,SA2,2011-06-30,6695,Final,1290,Koo Wee Rup,Cardinia,MELBOURNE - SOUTH EAST,GREATER MELBOURNE
21290,SA2,2012-06-30,6908,Revised,1290,Koo Wee Rup,Cardinia,MELBOURNE - SOUTH EAST,GREATER MELBOURNE
21290,SA2,2013-06-30,7146,Revised,1290,Koo Wee Rup,Cardinia,MELBOURNE - SOUTH EAST,GREATER MELBOURNE
21290,SA2,2014-06-30,7236,Revised,1290,Koo Wee Rup,Cardinia,MELBOURNE - SOUTH EAST,GREATER MELBOURNE
21290,SA2,2015-06-30,7400,Preliminary,1290,Koo Wee Rup,Cardinia,MELBOURNE - SOUTH EAST,GREATER MELBOURNE
21291,SA2,2005-06-30,7000,Final,1291,Pakenham - North,Cardinia,MELBOURNE - SOUTH EAST,GREATER MELBOURNE
21291,SA2,2006-06-30,7557,Final,1291,Pakenham - North,Cardinia,MELBOURNE - SOUTH EAST,GREATER MELBOURNE
21291,SA2,2007-06-30,8180,Final,1291,Pakenham - North,Cardinia,MELBOURNE - SOUTH EAST,GREATER MELBOURNE
21291,SA2,2008-06-30,9119,Final,1291,Pakenham - North,Cardinia,MELBOURNE - SOUTH EAST,GREATER MELBOURNE
21291,SA2,2009-06-30,10332,Final,1291,Pakenham - North,Cardinia,MELBOURNE - SOUTH EAST,GREATER MELBOURNE
21291,SA2,2010-06-30,11652,Final,1291,Pakenham - North,Cardinia,MELBOURNE - SOUTH EAST,GREATER MELBOURNE
21291,SA2,2011-06-30,12906,Final,1291,Pakenham - North,Cardinia,MELBOURNE - SOUTH EAST,GREATER MELBOURNE
21291,SA2,2012-06-30,14209,Revised,1291,Pakenham - North,Cardinia,MELBOURNE - SOUTH EAST,GREATER MELBOURNE
21291,SA2,2013-06-30,15492,Revised,1291,Pakenham - North,Cardinia,MELBOURNE - SOUTH EAST,GREATER MELBOURNE
21291,SA2,2014-06-30,16589,Revised,1291,Pakenham - North,Cardinia,MELBOURNE - SOUTH EAST,GREATER MELBOURNE
21291,SA2,2015-06-30,17549,Preliminary,1291,Pakenham - North,Cardinia,MELBOURNE - SOUTH EAST,GREATER MELBOURNE
21292,SA2,2005-06-30,11197,Final,1292,Pakenham - South,Cardinia,MELBOURNE - SOUTH EAST,GREATER MELBOURNE
21292,SA2,2006-06-30,12437,Final,1292,Pakenham - South,Cardinia,MELBOURNE - SOUTH EAST,GREATER MELBOURNE
21292,SA2,2007-06-30,14078,Final,1292,Pakenham - South,Cardinia,MELBOURNE - SOUTH EAST,GREATER MELBOURNE
21292,SA2,2008-06-30,15787,Final,1292,Pakenham - South,Cardinia,MELBOURNE - SOUTH EAST,GREATER MELBOURNE
21292,SA2,2009-06-30,17761,Final,1292,Pakenham - South,Cardinia,MELBOURNE - SOUTH EAST,GREATER MELBOURNE
21292,SA2,2010-06-30,19806,Final,1292,Pakenham - South,Cardinia,MELBOURNE - SOUTH EAST,GREATER MELBOURNE
21292,SA2,2011-06-30,21687,Final,1292,Pakenham - South,Cardinia,MELBOURNE - SOUTH EAST,GREATER MELBOURNE
21292,SA2,2012-06-30,23696,Revised,1292,Pakenham - South,Cardinia,MELBOURNE - SOUTH EAST,GREATER MELBOURNE
21292,SA2,2013-06-30,25393,Revised,1292,Pakenham - South,Cardinia,MELBOURNE - SOUTH EAST,GREATER MELBOURNE
21292,SA2,2014-06-30,26551,Revised,1292,Pakenham - South,Cardinia,MELBOURNE - SOUTH EAST,GREATER MELBOURNE
21292,SA2,2015-06-30,27695,Preliminary,1292,Pakenham - South,Cardinia,MELBOURNE - SOUTH EAST,GREATER MELBOURNE
21293,SA2,2005-06-30,21209,Final,1293,Berwick - North,Casey - North,MELBOURNE - SOUTH EAST,GREATER MELBOURNE
21293,SA2,2006-06-30,21547,Final,1293,Berwick - North,Casey - North,MELBOURNE - SOUTH EAST,GREATER MELBOURNE
21293,SA2,2007-06-30,21826,Final,1293,Berwick - North,Casey - North,MELBOURNE - SOUTH EAST,GREATER MELBOURNE
21293,SA2,2008-06-30,22326,Final,1293,Berwick - North,Casey - North,MELBOURNE - SOUTH EAST,GREATER MELBOURNE
21293,SA2,2009-06-30,22695,Final,1293,Berwick - North,Casey - North,MELBOURNE - SOUTH EAST,GREATER MELBOURNE
21293,SA2,2010-06-30,22909,Final,1293,Berwick - North,Casey - North,MELBOURNE - SOUTH EAST,GREATER MELBOURNE
21293,SA2,2011-06-30,23042,Final,1293,Berwick - North,Casey - North,MELBOURNE - SOUTH EAST,GREATER MELBOURNE
21293,SA2,2012-06-30,23187,Revised,1293,Berwick - North,Casey - North,MELBOURNE - SOUTH EAST,GREATER MELBOURNE
21293,SA2,2013-06-30,23336,Revised,1293,Berwick - North,Casey - North,MELBOURNE - SOUTH EAST,GREATER MELBOURNE
21293,SA2,2014-06-30,23471,Revised,1293,Berwick - North,Casey - North,MELBOURNE - SOUTH EAST,GREATER MELBOURNE
21293,SA2,2015-06-30,23614,Preliminary,1293,Berwick - North,Casey - North,MELBOURNE - SOUTH EAST,GREATER MELBOURNE
21294,SA2,2005-06-30,15001,Final,1294,Berwick - South,Casey - North,MELBOURNE - SOUTH EAST,GREATER MELBOURNE
21294,SA2,2006-06-30,16331,Final,1294,Berwick - South,Casey - North,MELBOURNE - SOUTH EAST,GREATER MELBOURNE
21294,SA2,2007-06-30,18333,Final,1294,Berwick - South,Casey - North,MELBOURNE - SOUTH EAST,GREATER MELBOURNE
21294,SA2,2008-06-30,20093,Final,1294,Berwick - South,Casey - North,MELBOURNE - SOUTH EAST,GREATER MELBOURNE
21294,SA2,2009-06-30,21880,Final,1294,Berwick - South,Casey - North,MELBOURNE - SOUTH EAST,GREATER MELBOURNE
21294,SA2,2010-06-30,23118,Final,1294,Berwick - South,Casey - North,MELBOURNE - SOUTH EAST,GREATER MELBOURNE
21294,SA2,2011-06-30,23681,Final,1294,Berwick - South,Casey - North,MELBOURNE - SOUTH EAST,GREATER MELBOURNE
21294,SA2,2012-06-30,24051,Revised,1294,Berwick - South,Casey - North,MELBOURNE - SOUTH EAST,GREATER MELBOURNE
21294,SA2,2013-06-30,24216,Revised,1294,Berwick - South,Casey - North,MELBOURNE - SOUTH EAST,GREATER MELBOURNE
21294,SA2,2014-06-30,24391,Revised,1294,Berwick - South,Casey - North,MELBOURNE - SOUTH EAST,GREATER MELBOURNE
21294,SA2,2015-06-30,24861,Preliminary,1294,Berwick - South,Casey - North,MELBOURNE - SOUTH EAST,GREATER MELBOURNE
21295,SA2,2005-06-30,9769,Final,1295,Doveton,Casey - North,MELBOURNE - SOUTH EAST,GREATER MELBOURNE
21295,SA2,2006-06-30,9672,Final,1295,Doveton,Casey - North,MELBOURNE - SOUTH EAST,GREATER MELBOURNE
21295,SA2,2007-06-30,9823,Final,1295,Doveton,Casey - North,MELBOURNE - SOUTH EAST,GREATER MELBOURNE
21295,SA2,2008-06-30,9979,Final,1295,Doveton,Casey - North,MELBOURNE - SOUTH EAST,GREATER MELBOURNE
21295,SA2,2009-06-30,10192,Final,1295,Doveton,Casey - North,MELBOURNE - SOUTH EAST,GREATER MELBOURNE
21295,SA2,2010-06-30,10436,Final,1295,Doveton,Casey - North,MELBOURNE - SOUTH EAST,GREATER MELBOURNE
21295,SA2,2011-06-30,10695,Final,1295,Doveton,Casey - North,MELBOURNE - SOUTH EAST,GREATER MELBOURNE
21295,SA2,2012-06-30,10850,Revised,1295,Doveton,Casey - North,MELBOURNE - SOUTH EAST,GREATER MELBOURNE
21295,SA2,2013-06-30,11116,Revised,1295,Doveton,Casey - North,MELBOURNE - SOUTH EAST,GREATER MELBOURNE
21295,SA2,2014-06-30,11378,Revised,1295,Doveton,Casey - North,MELBOURNE - SOUTH EAST,GREATER MELBOURNE
21295,SA2,2015-06-30,11381,Preliminary,1295,Doveton,Casey - North,MELBOURNE - SOUTH EAST,GREATER MELBOURNE
21296,SA2,2005-06-30,27011,Final,1296,Endeavour Hills,Casey - North,MELBOURNE - SOUTH EAST,GREATER MELBOURNE
21296,SA2,2006-06-30,26861,Final,1296,Endeavour Hills,Casey - North,MELBOURNE - SOUTH EAST,GREATER MELBOURNE
21296,SA2,2007-06-30,26750,Final,1296,Endeavour Hills,Casey - North,MELBOURNE - SOUTH EAST,GREATER MELBOURNE
21296,SA2,2008-06-30,26762,Final,1296,Endeavour Hills,Casey - North,MELBOURNE - SOUTH EAST,GREATER MELBOURNE
21296,SA2,2009-06-30,26769,Final,1296,Endeavour Hills,Casey - North,MELBOURNE - SOUTH EAST,GREATER MELBOURNE
21296,SA2,2010-06-30,26733,Final,1296,Endeavour Hills,Casey - North,MELBOURNE - SOUTH EAST,GREATER MELBOURNE
21296,SA2,2011-06-30,26650,Final,1296,Endeavour Hills,Casey - North,MELBOURNE - SOUTH EAST,GREATER MELBOURNE
21296,SA2,2012-06-30,26627,Revised,1296,Endeavour Hills,Casey - North,MELBOURNE - SOUTH EAST,GREATER MELBOURNE
21296,SA2,2013-06-30,26392,Revised,1296,Endeavour Hills,Casey - North,MELBOURNE - SOUTH EAST,GREATER MELBOURNE
21296,SA2,2014-06-30,26485,Revised,1296,Endeavour Hills,Casey - North,MELBOURNE - SOUTH EAST,GREATER MELBOURNE
21296,SA2,2015-06-30,26226,Preliminary,1296,Endeavour Hills,Casey - North,MELBOURNE - SOUTH EAST,GREATER MELBOURNE
21297,SA2,2005-06-30,9855,Final,1297,Hallam,Casey - North,MELBOURNE - SOUTH EAST,GREATER MELBOURNE
21297,SA2,2006-06-30,9923,Final,1297,Hallam,Casey - North,MELBOURNE - SOUTH EAST,GREATER MELBOURNE
21297,SA2,2007-06-30,10038,Final,1297,Hallam,Casey - North,MELBOURNE - SOUTH EAST,GREATER MELBOURNE
21297,SA2,2008-06-30,10228,Final,1297,Hallam,Casey - North,MELBOURNE - SOUTH EAST,GREATER MELBOURNE
21297,SA2,2009-06-30,10430,Final,1297,Hallam,Casey - North,MELBOURNE - SOUTH EAST,GREATER MELBOURNE
21297,SA2,2010-06-30,10582,Final,1297,Hallam,Casey - North,MELBOURNE - SOUTH EAST,GREATER MELBOURNE
21297,SA2,2011-06-30,10628,Final,1297,Hallam,Casey - North,MELBOURNE - SOUTH EAST,GREATER MELBOURNE
21297,SA2,2012-06-30,10790,Revised,1297,Hallam,Casey - North,MELBOURNE - SOUTH EAST,GREATER MELBOURNE
21297,SA2,2013-06-30,10827,Revised,1297,Hallam,Casey - North,MELBOURNE - SOUTH EAST,GREATER MELBOURNE
21297,SA2,2014-06-30,10937,Revised,1297,Hallam,Casey - North,MELBOURNE - SOUTH EAST,GREATER MELBOURNE
21297,SA2,2015-06-30,11008,Preliminary,1297,Hallam,Casey - North,MELBOURNE - SOUTH EAST,GREATER MELBOURNE
21298,SA2,2005-06-30,26272,Final,1298,Narre Warren,Casey - North,MELBOURNE - SOUTH EAST,GREATER MELBOURNE
21298,SA2,2006-06-30,26370,Final,1298,Narre Warren,Casey - North,MELBOURNE - SOUTH EAST,GREATER MELBOURNE
21298,SA2,2007-06-30,26556,Final,1298,Narre Warren,Casey - North,MELBOURNE - SOUTH EAST,GREATER MELBOURNE
21298,SA2,2008-06-30,26742,Final,1298,Narre Warren,Casey - North,MELBOURNE - SOUTH EAST,GREATER MELBOURNE
21298,SA2,2009-06-30,26869,Final,1298,Narre Warren,Casey - North,MELBOURNE - SOUTH EAST,GREATER MELBOURNE
21298,SA2,2010-06-30,26950,Final,1298,Narre Warren,Casey - North,MELBOURNE - SOUTH EAST,GREATER MELBOURNE
21298,SA2,2011-06-30,26954,Final,1298,Narre Warren,Casey - North,MELBOURNE - SOUTH EAST,GREATER MELBOURNE
21298,SA2,2012-06-30,27004,Revised,1298,Narre Warren,Casey - North,MELBOURNE - SOUTH EAST,GREATER MELBOURNE
21298,SA2,2013-06-30,27144,Revised,1298,Narre Warren,Casey - North,MELBOURNE - SOUTH EAST,GREATER MELBOURNE
21298,SA2,2014-06-30,27333,Revised,1298,Narre Warren,Casey - North,MELBOURNE - SOUTH EAST,GREATER MELBOURNE
21298,SA2,2015-06-30,27220,Preliminary,1298,Narre Warren,Casey - North,MELBOURNE - SOUTH EAST,GREATER MELBOURNE
21299,SA2,2005-06-30,6279,Final,1299,Narre Warren North,Casey - North,MELBOURNE - SOUTH EAST,GREATER MELBOURNE
21299,SA2,2006-06-30,6388,Final,1299,Narre Warren North,Casey - North,MELBOURNE - SOUTH EAST,GREATER MELBOURNE
21299,SA2,2007-06-30,6493,Final,1299,Narre Warren North,Casey - North,MELBOURNE - SOUTH EAST,GREATER MELBOURNE
21299,SA2,2008-06-30,6695,Final,1299,Narre Warren North,Casey - North,MELBOURNE - SOUTH EAST,GREATER MELBOURNE
21299,SA2,2009-06-30,6963,Final,1299,Narre Warren North,Casey - North,MELBOURNE - SOUTH EAST,GREATER MELBOURNE
21299,SA2,2010-06-30,7096,Final,1299,Narre Warren North,Casey - North,MELBOURNE - SOUTH EAST,GREATER MELBOURNE
21299,SA2,2011-06-30,7216,Final,1299,Narre Warren North,Casey - North,MELBOURNE - SOUTH EAST,GREATER MELBOURNE
21299,SA2,2012-06-30,7325,Revised,1299,Narre Warren North,Casey - North,MELBOURNE - SOUTH EAST,GREATER MELBOURNE
21299,SA2,2013-06-30,7415,Revised,1299,Narre Warren North,Casey - North,MELBOURNE - SOUTH EAST,GREATER MELBOURNE
21299,SA2,2014-06-30,7584,Revised,1299,Narre Warren North,Casey - North,MELBOURNE - SOUTH EAST,GREATER MELBOURNE
21299,SA2,2015-06-30,7691,Preliminary,1299,Narre Warren North,Casey - North,MELBOURNE - SOUTH EAST,GREATER MELBOURNE
21300,SA2,2005-06-30,14665,Final,1300,Cranbourne,Casey - South,MELBOURNE - SOUTH EAST,GREATER MELBOURNE
21300,SA2,2006-06-30,15071,Final,1300,Cranbourne,Casey - South,MELBOURNE - SOUTH EAST,GREATER MELBOURNE
21300,SA2,2007-06-30,15913,Final,1300,Cranbourne,Casey - South,MELBOURNE - SOUTH EAST,GREATER MELBOURNE
21300,SA2,2008-06-30,17059,Final,1300,Cranbourne,Casey - South,MELBOURNE - SOUTH EAST,GREATER MELBOURNE
21300,SA2,2009-06-30,18016,Final,1300,Cranbourne,Casey - South,MELBOURNE - SOUTH EAST,GREATER MELBOURNE
21300,SA2,2010-06-30,18859,Final,1300,Cranbourne,Casey - South,MELBOURNE - SOUTH EAST,GREATER MELBOURNE
21300,SA2,2011-06-30,19169,Final,1300,Cranbourne,Casey - South,MELBOURNE - SOUTH EAST,GREATER MELBOURNE
21300,SA2,2012-06-30,19736,Revised,1300,Cranbourne,Casey - South,MELBOURNE - SOUTH EAST,GREATER MELBOURNE
21300,SA2,2013-06-30,20501,Revised,1300,Cranbourne,Casey - South,MELBOURNE - SOUTH EAST,GREATER MELBOURNE
21300,SA2,2014-06-30,21140,Revised,1300,Cranbourne,Casey - South,MELBOURNE - SOUTH EAST,GREATER MELBOURNE
21300,SA2,2015-06-30,21688,Preliminary,1300,Cranbourne,Casey - South,MELBOURNE - SOUTH EAST,GREATER MELBOURNE
21301,SA2,2005-06-30,3425,Final,1301,Cranbourne East,Casey - South,MELBOURNE - SOUTH EAST,GREATER MELBOURNE
21301,SA2,2006-06-30,4230,Final,1301,Cranbourne East,Casey - South,MELBOURNE - SOUTH EAST,GREATER MELBOURNE
21301,SA2,2007-06-30,4858,Final,1301,Cranbourne East,Casey - South,MELBOURNE - SOUTH EAST,GREATER MELBOURNE
21301,SA2,2008-06-30,5350,Final,1301,Cranbourne East,Casey - South,MELBOURNE - SOUTH EAST,GREATER MELBOURNE
21301,SA2,2009-06-30,6211,Final,1301,Cranbourne East,Casey - South,MELBOURNE - SOUTH EAST,GREATER MELBOURNE
21301,SA2,2010-06-30,6844,Final,1301,Cranbourne East,Casey - South,MELBOURNE - SOUTH EAST,GREATER MELBOURNE
21301,SA2,2011-06-30,8344,Final,1301,Cranbourne East,Casey - South,MELBOURNE - SOUTH EAST,GREATER MELBOURNE
21301,SA2,2012-06-30,9787,Revised,1301,Cranbourne East,Casey - South,MELBOURNE - SOUTH EAST,GREATER MELBOURNE
21301,SA2,2013-06-30,11392,Revised,1301,Cranbourne East,Casey - South,MELBOURNE - SOUTH EAST,GREATER MELBOURNE
21301,SA2,2014-06-30,14334,Revised,1301,Cranbourne East,Casey - South,MELBOURNE - SOUTH EAST,GREATER MELBOURNE
21301,SA2,2015-06-30,18923,Preliminary,1301,Cranbourne East,Casey - South,MELBOURNE - SOUTH EAST,GREATER MELBOURNE
21302,SA2,2005-06-30,9565,Final,1302,Cranbourne North,Casey - South,MELBOURNE - SOUTH EAST,GREATER MELBOURNE
21302,SA2,2006-06-30,9886,Final,1302,Cranbourne North,Casey - South,MELBOURNE - SOUTH EAST,GREATER MELBOURNE
21302,SA2,2007-06-30,10632,Final,1302,Cranbourne North,Casey - South,MELBOURNE - SOUTH EAST,GREATER MELBOURNE
21302,SA2,2008-06-30,11516,Final,1302,Cranbourne North,Casey - South,MELBOURNE - SOUTH EAST,GREATER MELBOURNE
21302,SA2,2009-06-30,12536,Final,1302,Cranbourne North,Casey - South,MELBOURNE - SOUTH EAST,GREATER MELBOURNE
21302,SA2,2010-06-30,13655,Final,1302,Cranbourne North,Casey - South,MELBOURNE - SOUTH EAST,GREATER MELBOURNE
21302,SA2,2011-06-30,14826,Final,1302,Cranbourne North,Casey - South,MELBOURNE - SOUTH EAST,GREATER MELBOURNE
21302,SA2,2012-06-30,15801,Revised,1302,Cranbourne North,Casey - South,MELBOURNE - SOUTH EAST,GREATER MELBOURNE
21302,SA2,2013-06-30,16652,Revised,1302,Cranbourne North,Casey - South,MELBOURNE - SOUTH EAST,GREATER MELBOURNE
21302,SA2,2014-06-30,17673,Revised,1302,Cranbourne North,Casey - South,MELBOURNE - SOUTH EAST,GREATER MELBOURNE
21302,SA2,2015-06-30,19070,Preliminary,1302,Cranbourne North,Casey - South,MELBOURNE - SOUTH EAST,GREATER MELBOURNE
21303,SA2,2005-06-30,4925,Final,1303,Cranbourne South,Casey - South,MELBOURNE - SOUTH EAST,GREATER MELBOURNE
21303,SA2,2006-06-30,5070,Final,1303,Cranbourne South,Casey - South,MELBOURNE - SOUTH EAST,GREATER MELBOURNE
21303,SA2,2007-06-30,5141,Final,1303,Cranbourne South,Casey - South,MELBOURNE - SOUTH EAST,GREATER MELBOURNE
21303,SA2,2008-06-30,5419,Final,1303,Cranbourne South,Casey - South,MELBOURNE - SOUTH EAST,GREATER MELBOURNE
21303,SA2,2009-06-30,5833,Final,1303,Cranbourne South,Casey - South,MELBOURNE - SOUTH EAST,GREATER MELBOURNE
21303,SA2,2010-06-30,6311,Final,1303,Cranbourne South,Casey - South,MELBOURNE - SOUTH EAST,GREATER MELBOURNE
21303,SA2,2011-06-30,6880,Final,1303,Cranbourne South,Casey - South,MELBOURNE - SOUTH EAST,GREATER MELBOURNE
21303,SA2,2012-06-30,7419,Revised,1303,Cranbourne South,Casey - South,MELBOURNE - SOUTH EAST,GREATER MELBOURNE
21303,SA2,2013-06-30,8270,Revised,1303,Cranbourne South,Casey - South,MELBOURNE - SOUTH EAST,GREATER MELBOURNE
21303,SA2,2014-06-30,8616,Revised,1303,Cranbourne South,Casey - South,MELBOURNE - SOUTH EAST,GREATER MELBOURNE
21303,SA2,2015-06-30,8945,Preliminary,1303,Cranbourne South,Casey - South,MELBOURNE - SOUTH EAST,GREATER MELBOURNE
21304,SA2,2005-06-30,7238,Final,1304,Cranbourne West,Casey - South,MELBOURNE - SOUTH EAST,GREATER MELBOURNE
21304,SA2,2006-06-30,7584,Final,1304,Cranbourne West,Casey - South,MELBOURNE - SOUTH EAST,GREATER MELBOURNE
21304,SA2,2007-06-30,7880,Final,1304,Cranbourne West,Casey - South,MELBOURNE - SOUTH EAST,GREATER MELBOURNE
21304,SA2,2008-06-30,8208,Final,1304,Cranbourne West,Casey - South,MELBOURNE - SOUTH EAST,GREATER MELBOURNE
21304,SA2,2009-06-30,8571,Final,1304,Cranbourne West,Casey - South,MELBOURNE - SOUTH EAST,GREATER MELBOURNE
21304,SA2,2010-06-30,8837,Final,1304,Cranbourne West,Casey - South,MELBOURNE - SOUTH EAST,GREATER MELBOURNE
21304,SA2,2011-06-30,9000,Final,1304,Cranbourne West,Casey - South,MELBOURNE - SOUTH EAST,GREATER MELBOURNE
21304,SA2,2012-06-30,9629,Revised,1304,Cranbourne West,Casey - South,MELBOURNE - SOUTH EAST,GREATER MELBOURNE
21304,SA2,2013-06-30,10598,Revised,1304,Cranbourne West,Casey - South,MELBOURNE - SOUTH EAST,GREATER MELBOURNE
21304,SA2,2014-06-30,11743,Revised,1304,Cranbourne West,Casey - South,MELBOURNE - SOUTH EAST,GREATER MELBOURNE
21304,SA2,2015-06-30,12474,Preliminary,1304,Cranbourne West,Casey - South,MELBOURNE - SOUTH EAST,GREATER MELBOURNE
21305,SA2,2005-06-30,22485,Final,1305,Hampton Park - Lynbrook,Casey - South,MELBOURNE - SOUTH EAST,GREATER MELBOURNE
21305,SA2,2006-06-30,22646,Final,1305,Hampton Park - Lynbrook,Casey - South,MELBOURNE - SOUTH EAST,GREATER MELBOURNE
21305,SA2,2007-06-30,22851,Final,1305,Hampton Park - Lynbrook,Casey - South,MELBOURNE - SOUTH EAST,GREATER MELBOURNE
21305,SA2,2008-06-30,23377,Final,1305,Hampton Park - Lynbrook,Casey - South,MELBOURNE - SOUTH EAST,GREATER MELBOURNE
21305,SA2,2009-06-30,23904,Final,1305,Hampton Park - Lynbrook,Casey - South,MELBOURNE - SOUTH EAST,GREATER MELBOURNE
21305,SA2,2010-06-30,24432,Final,1305,Hampton Park - Lynbrook,Casey - South,MELBOURNE - SOUTH EAST,GREATER MELBOURNE
21305,SA2,2011-06-30,24744,Final,1305,Hampton Park - Lynbrook,Casey - South,MELBOURNE - SOUTH EAST,GREATER MELBOURNE
21305,SA2,2012-06-30,24795,Revised,1305,Hampton Park - Lynbrook,Casey - South,MELBOURNE - SOUTH EAST,GREATER MELBOURNE
21305,SA2,2013-06-30,25079,Revised,1305,Hampton Park - Lynbrook,Casey - South,MELBOURNE - SOUTH EAST,GREATER MELBOURNE
21305,SA2,2014-06-30,25458,Revised,1305,Hampton Park - Lynbrook,Casey - South,MELBOURNE - SOUTH EAST,GREATER MELBOURNE
21305,SA2,2015-06-30,25649,Preliminary,1305,Hampton Park - Lynbrook,Casey - South,MELBOURNE - SOUTH EAST,GREATER MELBOURNE
21306,SA2,2005-06-30,4091,Final,1306,Lynbrook - Lyndhurst,Casey - South,MELBOURNE - SOUTH EAST,GREATER MELBOURNE
21306,SA2,2006-06-30,5130,Final,1306,Lynbrook - Lyndhurst,Casey - South,MELBOURNE - SOUTH EAST,GREATER MELBOURNE
21306,SA2,2007-06-30,6319,Final,1306,Lynbrook - Lyndhurst,Casey - South,MELBOURNE - SOUTH EAST,GREATER MELBOURNE
21306,SA2,2008-06-30,7660,Final,1306,Lynbrook - Lyndhurst,Casey - South,MELBOURNE - SOUTH EAST,GREATER MELBOURNE
21306,SA2,2009-06-30,9002,Final,1306,Lynbrook - Lyndhurst,Casey - South,MELBOURNE - SOUTH EAST,GREATER MELBOURNE
21306,SA2,2010-06-30,10529,Final,1306,Lynbrook - Lyndhurst,Casey - South,MELBOURNE - SOUTH EAST,GREATER MELBOURNE
21306,SA2,2011-06-30,12107,Final,1306,Lynbrook - Lyndhurst,Casey - South,MELBOURNE - SOUTH EAST,GREATER MELBOURNE
21306,SA2,2012-06-30,13030,Revised,1306,Lynbrook - Lyndhurst,Casey - South,MELBOURNE - SOUTH EAST,GREATER MELBOURNE
21306,SA2,2013-06-30,14209,Revised,1306,Lynbrook - Lyndhurst,Casey - South,MELBOURNE - SOUTH EAST,GREATER MELBOURNE
21306,SA2,2014-06-30,14904,Revised,1306,Lynbrook - Lyndhurst,Casey - South,MELBOURNE - SOUTH EAST,GREATER MELBOURNE
21306,SA2,2015-06-30,15593,Preliminary,1306,Lynbrook - Lyndhurst,Casey - South,MELBOURNE - SOUTH EAST,GREATER MELBOURNE
21307,SA2,2005-06-30,24494,Final,1307,Narre Warren South,Casey - South,MELBOURNE - SOUTH EAST,GREATER MELBOURNE
21307,SA2,2006-06-30,26160,Final,1307,Narre Warren South,Casey - South,MELBOURNE - SOUTH EAST,GREATER MELBOURNE
21307,SA2,2007-06-30,27524,Final,1307,Narre Warren South,Casey - South,MELBOURNE - SOUTH EAST,GREATER MELBOURNE
21307,SA2,2008-06-30,28563,Final,1307,Narre Warren South,Casey - South,MELBOURNE - SOUTH EAST,GREATER MELBOURNE
21307,SA2,2009-06-30,29233,Final,1307,Narre Warren South,Casey - South,MELBOURNE - SOUTH EAST,GREATER MELBOURNE
21307,SA2,2010-06-30,29557,Final,1307,Narre Warren South,Casey - South,MELBOURNE - SOUTH EAST,GREATER MELBOURNE
21307,SA2,2011-06-30,29640,Final,1307,Narre Warren South,Casey - South,MELBOURNE - SOUTH EAST,GREATER MELBOURNE
21307,SA2,2012-06-30,29920,Revised,1307,Narre Warren South,Casey - South,MELBOURNE - SOUTH EAST,GREATER MELBOURNE
21307,SA2,2013-06-30,30019,Revised,1307,Narre Warren South,Casey - South,MELBOURNE - SOUTH EAST,GREATER MELBOURNE
21307,SA2,2014-06-30,30069,Revised,1307,Narre Warren South,Casey - South,MELBOURNE - SOUTH EAST,GREATER MELBOURNE
21307,SA2,2015-06-30,30134,Preliminary,1307,Narre Warren South,Casey - South,MELBOURNE - SOUTH EAST,GREATER MELBOURNE
21308,SA2,2005-06-30,7537,Final,1308,Pearcedale - Tooradin,Casey - South,MELBOURNE - SOUTH EAST,GREATER MELBOURNE
21308,SA2,2006-06-30,7571,Final,1308,Pearcedale - Tooradin,Casey - South,MELBOURNE - SOUTH EAST,GREATER MELBOURNE
21308,SA2,2007-06-30,7559,Final,1308,Pearcedale - Tooradin,Casey - South,MELBOURNE - SOUTH EAST,GREATER MELBOURNE
21308,SA2,2008-06-30,7552,Final,1308,Pearcedale - Tooradin,Casey - South,MELBOURNE - SOUTH EAST,GREATER MELBOURNE
21308,SA2,2009-06-30,7574,Final,1308,Pearcedale - Tooradin,Casey - South,MELBOURNE - SOUTH EAST,GREATER MELBOURNE
21308,SA2,2010-06-30,7623,Final,1308,Pearcedale - Tooradin,Casey - South,MELBOURNE - SOUTH EAST,GREATER MELBOURNE
21308,SA2,2011-06-30,7706,Final,1308,Pearcedale - Tooradin,Casey - South,MELBOURNE - SOUTH EAST,GREATER MELBOURNE
21308,SA2,2012-06-30,7689,Revised,1308,Pearcedale - Tooradin,Casey - South,MELBOURNE - SOUTH EAST,GREATER MELBOURNE
21308,SA2,2013-06-30,7670,Revised,1308,Pearcedale - Tooradin,Casey - South,MELBOURNE - SOUTH EAST,GREATER MELBOURNE
21308,SA2,2014-06-30,7699,Revised,1308,Pearcedale - Tooradin,Casey - South,MELBOURNE - SOUTH EAST,GREATER MELBOURNE
21308,SA2,2015-06-30,7734,Preliminary,1308,Pearcedale - Tooradin,Casey - South,MELBOURNE - SOUTH EAST,GREATER MELBOURNE
21309,SA2,2005-06-30,12367,Final,1309,Clarinda - Oakleigh South,Dandenong,MELBOURNE - SOUTH EAST,GREATER MELBOURNE
21309,SA2,2006-06-30,12334,Final,1309,Clarinda - Oakleigh South,Dandenong,MELBOURNE - SOUTH EAST,GREATER MELBOURNE
21309,SA2,2007-06-30,12241,Final,1309,Clarinda - Oakleigh South,Dandenong,MELBOURNE - SOUTH EAST,GREATER MELBOURNE
21309,SA2,2008-06-30,12224,Final,1309,Clarinda - Oakleigh South,Dandenong,MELBOURNE - SOUTH EAST,GREATER MELBOURNE
21309,SA2,2009-06-30,12223,Final,1309,Clarinda - Oakleigh South,Dandenong,MELBOURNE - SOUTH EAST,GREATER MELBOURNE
21309,SA2,2010-06-30,12234,Final,1309,Clarinda - Oakleigh South,Dandenong,MELBOURNE - SOUTH EAST,GREATER MELBOURNE
21309,SA2,2011-06-30,12199,Final,1309,Clarinda - Oakleigh South,Dandenong,MELBOURNE - SOUTH EAST,GREATER MELBOURNE
21309,SA2,2012-06-30,12219,Revised,1309,Clarinda - Oakleigh South,Dandenong,MELBOURNE - SOUTH EAST,GREATER MELBOURNE
21309,SA2,2013-06-30,12234,Revised,1309,Clarinda - Oakleigh South,Dandenong,MELBOURNE - SOUTH EAST,GREATER MELBOURNE
21309,SA2,2014-06-30,12313,Revised,1309,Clarinda - Oakleigh South,Dandenong,MELBOURNE - SOUTH EAST,GREATER MELBOURNE
21309,SA2,2015-06-30,12286,Preliminary,1309,Clarinda - Oakleigh South,Dandenong,MELBOURNE - SOUTH EAST,GREATER MELBOURNE
21310,SA2,2005-06-30,10947,Final,1310,Clayton South,Dandenong,MELBOURNE - SOUTH EAST,GREATER MELBOURNE
21310,SA2,2006-06-30,10961,Final,1310,Clayton South,Dandenong,MELBOURNE - SOUTH EAST,GREATER MELBOURNE
21310,SA2,2007-06-30,11068,Final,1310,Clayton South,Dandenong,MELBOURNE - SOUTH EAST,GREATER MELBOURNE
21310,SA2,2008-06-30,11456,Final,1310,Clayton South,Dandenong,MELBOURNE - SOUTH EAST,GREATER MELBOURNE
21310,SA2,2009-06-30,11884,Final,1310,Clayton South,Dandenong,MELBOURNE - SOUTH EAST,GREATER MELBOURNE
21310,SA2,2010-06-30,12078,Final,1310,Clayton South,Dandenong,MELBOURNE - SOUTH EAST,GREATER MELBOURNE
21310,SA2,2011-06-30,12254,Final,1310,Clayton South,Dandenong,MELBOURNE - SOUTH EAST,GREATER MELBOURNE
21310,SA2,2012-06-30,12529,Revised,1310,Clayton South,Dandenong,MELBOURNE - SOUTH EAST,GREATER MELBOURNE
21310,SA2,2013-06-30,12690,Revised,1310,Clayton South,Dandenong,MELBOURNE - SOUTH EAST,GREATER MELBOURNE
21310,SA2,2014-06-30,12858,Revised,1310,Clayton South,Dandenong,MELBOURNE - SOUTH EAST,GREATER MELBOURNE
21310,SA2,2015-06-30,12876,Preliminary,1310,Clayton South,Dandenong,MELBOURNE - SOUTH EAST,GREATER MELBOURNE
21311,SA2,2005-06-30,22980,Final,1311,Dandenong,Dandenong,MELBOURNE - SOUTH EAST,GREATER MELBOURNE
21311,SA2,2006-06-30,23246,Final,1311,Dandenong,Dandenong,MELBOURNE - SOUTH EAST,GREATER MELBOURNE
21311,SA2,2007-06-30,24232,Final,1311,Dandenong,Dandenong,MELBOURNE - SOUTH EAST,GREATER MELBOURNE
21311,SA2,2008-06-30,25250,Final,1311,Dandenong,Dandenong,MELBOURNE - SOUTH EAST,GREATER MELBOURNE
21311,SA2,2009-06-30,25915,Final,1311,Dandenong,Dandenong,MELBOURNE - SOUTH EAST,GREATER MELBOURNE
21311,SA2,2010-06-30,26613,Final,1311,Dandenong,Dandenong,MELBOURNE - SOUTH EAST,GREATER MELBOURNE
21311,SA2,2011-06-30,27414,Final,1311,Dandenong,Dandenong,MELBOURNE - SOUTH EAST,GREATER MELBOURNE
21311,SA2,2012-06-30,28213,Revised,1311,Dandenong,Dandenong,MELBOURNE - SOUTH EAST,GREATER MELBOURNE
21311,SA2,2013-06-30,29108,Revised,1311,Dandenong,Dandenong,MELBOURNE - SOUTH EAST,GREATER MELBOURNE
21311,SA2,2014-06-30,29895,Revised,1311,Dandenong,Dandenong,MELBOURNE - SOUTH EAST,GREATER MELBOURNE
21311,SA2,2015-06-30,30575,Preliminary,1311,Dandenong,Dandenong,MELBOURNE - SOUTH EAST,GREATER MELBOURNE
21312,SA2,2005-06-30,22815,Final,1312,Dandenong North,Dandenong,MELBOURNE - SOUTH EAST,GREATER MELBOURNE
21312,SA2,2006-06-30,22847,Final,1312,Dandenong North,Dandenong,MELBOURNE - SOUTH EAST,GREATER MELBOURNE
21312,SA2,2007-06-30,22875,Final,1312,Dandenong North,Dandenong,MELBOURNE - SOUTH EAST,GREATER MELBOURNE
21312,SA2,2008-06-30,22965,Final,1312,Dandenong North,Dandenong,MELBOURNE - SOUTH EAST,GREATER MELBOURNE
21312,SA2,2009-06-30,23010,Final,1312,Dandenong North,Dandenong,MELBOURNE - SOUTH EAST,GREATER MELBOURNE
21312,SA2,2010-06-30,22983,Final,1312,Dandenong North,Dandenong,MELBOURNE - SOUTH EAST,GREATER MELBOURNE
21312,SA2,2011-06-30,22949,Final,1312,Dandenong North,Dandenong,MELBOURNE - SOUTH EAST,GREATER MELBOURNE
21312,SA2,2012-06-30,23088,Revised,1312,Dandenong North,Dandenong,MELBOURNE - SOUTH EAST,GREATER MELBOURNE
21312,SA2,2013-06-30,23204,Revised,1312,Dandenong North,Dandenong,MELBOURNE - SOUTH EAST,GREATER MELBOURNE
21312,SA2,2014-06-30,23421,Revised,1312,Dandenong North,Dandenong,MELBOURNE - SOUTH EAST,GREATER MELBOURNE
21312,SA2,2015-06-30,23561,Preliminary,1312,Dandenong North,Dandenong,MELBOURNE - SOUTH EAST,GREATER MELBOURNE
21313,SA2,2005-06-30,10375,Final,1313,Dingley Village,Dandenong,MELBOURNE - SOUTH EAST,GREATER MELBOURNE
21313,SA2,2006-06-30,10374,Final,1313,Dingley Village,Dandenong,MELBOURNE - SOUTH EAST,GREATER MELBOURNE
21313,SA2,2007-06-30,10420,Final,1313,Dingley Village,Dandenong,MELBOURNE - SOUTH EAST,GREATER MELBOURNE
21313,SA2,2008-06-30,10454,Final,1313,Dingley Village,Dandenong,MELBOURNE - SOUTH EAST,GREATER MELBOURNE
21313,SA2,2009-06-30,10505,Final,1313,Dingley Village,Dandenong,MELBOURNE - SOUTH EAST,GREATER MELBOURNE
21313,SA2,2010-06-30,10549,Final,1313,Dingley Village,Dandenong,MELBOURNE - SOUTH EAST,GREATER MELBOURNE
21313,SA2,2011-06-30,10568,Final,1313,Dingley Village,Dandenong,MELBOURNE - SOUTH EAST,GREATER MELBOURNE
21313,SA2,2012-06-30,10589,Revised,1313,Dingley Village,Dandenong,MELBOURNE - SOUTH EAST,GREATER MELBOURNE
21313,SA2,2013-06-30,10567,Revised,1313,Dingley Village,Dandenong,MELBOURNE - SOUTH EAST,GREATER MELBOURNE
21313,SA2,2014-06-30,10513,Revised,1313,Dingley Village,Dandenong,MELBOURNE - SOUTH EAST,GREATER MELBOURNE
21313,SA2,2015-06-30,10416,Preliminary,1313,Dingley Village,Dandenong,MELBOURNE - SOUTH EAST,GREATER MELBOURNE
21314,SA2,2005-06-30,17335,Final,1314,Keysborough,Dandenong,MELBOURNE - SOUTH EAST,GREATER MELBOURNE
21314,SA2,2006-06-30,18050,Final,1314,Keysborough,Dandenong,MELBOURNE - SOUTH EAST,GREATER MELBOURNE
21314,SA2,2007-06-30,18929,Final,1314,Keysborough,Dandenong,MELBOURNE - SOUTH EAST,GREATER MELBOURNE
21314,SA2,2008-06-30,19777,Final,1314,Keysborough,Dandenong,MELBOURNE - SOUTH EAST,GREATER MELBOURNE
21314,SA2,2009-06-30,20489,Final,1314,Keysborough,Dandenong,MELBOURNE - SOUTH EAST,GREATER MELBOURNE
21314,SA2,2010-06-30,20479,Final,1314,Keysborough,Dandenong,MELBOURNE - SOUTH EAST,GREATER MELBOURNE
21314,SA2,2011-06-30,20848,Final,1314,Keysborough,Dandenong,MELBOURNE - SOUTH EAST,GREATER MELBOURNE
21314,SA2,2012-06-30,21504,Revised,1314,Keysborough,Dandenong,MELBOURNE - SOUTH EAST,GREATER MELBOURNE
21314,SA2,2013-06-30,22507,Revised,1314,Keysborough,Dandenong,MELBOURNE - SOUTH EAST,GREATER MELBOURNE
21314,SA2,2014-06-30,23319,Revised,1314,Keysborough,Dandenong,MELBOURNE - SOUTH EAST,GREATER MELBOURNE
21314,SA2,2015-06-30,24526,Preliminary,1314,Keysborough,Dandenong,MELBOURNE - SOUTH EAST,GREATER MELBOURNE
21315,SA2,2005-06-30,26609,Final,1315,Noble Park,Dandenong,MELBOURNE - SOUTH EAST,GREATER MELBOURNE
21315,SA2,2006-06-30,27024,Final,1315,Noble Park,Dandenong,MELBOURNE - SOUTH EAST,GREATER MELBOURNE
21315,SA2,2007-06-30,27593,Final,1315,Noble Park,Dandenong,MELBOURNE - SOUTH EAST,GREATER MELBOURNE
21315,SA2,2008-06-30,28090,Final,1315,Noble Park,Dandenong,MELBOURNE - SOUTH EAST,GREATER MELBOURNE
21315,SA2,2009-06-30,28905,Final,1315,Noble Park,Dandenong,MELBOURNE - SOUTH EAST,GREATER MELBOURNE
21315,SA2,2010-06-30,29307,Final,1315,Noble Park,Dandenong,MELBOURNE - SOUTH EAST,GREATER MELBOURNE
21315,SA2,2011-06-30,29804,Final,1315,Noble Park,Dandenong,MELBOURNE - SOUTH EAST,GREATER MELBOURNE
21315,SA2,2012-06-30,30123,Revised,1315,Noble Park,Dandenong,MELBOURNE - SOUTH EAST,GREATER MELBOURNE
21315,SA2,2013-06-30,30408,Revised,1315,Noble Park,Dandenong,MELBOURNE - SOUTH EAST,GREATER MELBOURNE
21315,SA2,2014-06-30,31040,Revised,1315,Noble Park,Dandenong,MELBOURNE - SOUTH EAST,GREATER MELBOURNE
21315,SA2,2015-06-30,31489,Preliminary,1315,Noble Park,Dandenong,MELBOURNE - SOUTH EAST,GREATER MELBOURNE
21316,SA2,2005-06-30,7861,Final,1316,Noble Park North,Dandenong,MELBOURNE - SOUTH EAST,GREATER MELBOURNE
21316,SA2,2006-06-30,7804,Final,1316,Noble Park North,Dandenong,MELBOURNE - SOUTH EAST,GREATER MELBOURNE
21316,SA2,2007-06-30,7769,Final,1316,Noble Park North,Dandenong,MELBOURNE - SOUTH EAST,GREATER MELBOURNE
21316,SA2,2008-06-30,7764,Final,1316,Noble Park North,Dandenong,MELBOURNE - SOUTH EAST,GREATER MELBOURNE
21316,SA2,2009-06-30,7802,Final,1316,Noble Park North,Dandenong,MELBOURNE - SOUTH EAST,GREATER MELBOURNE
21316,SA2,2010-06-30,7762,Final,1316,Noble Park North,Dandenong,MELBOURNE - SOUTH EAST,GREATER MELBOURNE
21316,SA2,2011-06-30,7753,Final,1316,Noble Park North,Dandenong,MELBOURNE - SOUTH EAST,GREATER MELBOURNE
21316,SA2,2012-06-30,7763,Revised,1316,Noble Park North,Dandenong,MELBOURNE - SOUTH EAST,GREATER MELBOURNE
21316,SA2,2013-06-30,7733,Revised,1316,Noble Park North,Dandenong,MELBOURNE - SOUTH EAST,GREATER MELBOURNE
21316,SA2,2014-06-30,7792,Revised,1316,Noble Park North,Dandenong,MELBOURNE - SOUTH EAST,GREATER MELBOURNE
21316,SA2,2015-06-30,7859,Preliminary,1316,Noble Park North,Dandenong,MELBOURNE - SOUTH EAST,GREATER MELBOURNE
21317,SA2,2005-06-30,18716,Final,1317,Springvale,Dandenong,MELBOURNE - SOUTH EAST,GREATER MELBOURNE
21317,SA2,2006-06-30,19033,Final,1317,Springvale,Dandenong,MELBOURNE - SOUTH EAST,GREATER MELBOURNE
21317,SA2,2007-06-30,19245,Final,1317,Springvale,Dandenong,MELBOURNE - SOUTH EAST,GREATER MELBOURNE
21317,SA2,2008-06-30,19586,Final,1317,Springvale,Dandenong,MELBOURNE - SOUTH EAST,GREATER MELBOURNE
21317,SA2,2009-06-30,19969,Final,1317,Springvale,Dandenong,MELBOURNE - SOUTH EAST,GREATER MELBOURNE
21317,SA2,2010-06-30,20353,Final,1317,Springvale,Dandenong,MELBOURNE - SOUTH EAST,GREATER MELBOURNE
21317,SA2,2011-06-30,20712,Final,1317,Springvale,Dandenong,MELBOURNE - SOUTH EAST,GREATER MELBOURNE
21317,SA2,2012-06-30,20838,Revised,1317,Springvale,Dandenong,MELBOURNE - SOUTH EAST,GREATER MELBOURNE
21317,SA2,2013-06-30,20922,Revised,1317,Springvale,Dandenong,MELBOURNE - SOUTH EAST,GREATER MELBOURNE
21317,SA2,2014-06-30,21202,Revised,1317,Springvale,Dandenong,MELBOURNE - SOUTH EAST,GREATER MELBOURNE
21317,SA2,2015-06-30,21918,Preliminary,1317,Springvale,Dandenong,MELBOURNE - SOUTH EAST,GREATER MELBOURNE
21318,SA2,2005-06-30,11738,Final,1318,Springvale South,Dandenong,MELBOURNE - SOUTH EAST,GREATER MELBOURNE
21318,SA2,2006-06-30,12064,Final,1318,Springvale South,Dandenong,MELBOURNE - SOUTH EAST,GREATER MELBOURNE
21318,SA2,2007-06-30,12217,Final,1318,Springvale South,Dandenong,MELBOURNE - SOUTH EAST,GREATER MELBOURNE
21318,SA2,2008-06-30,12452,Final,1318,Springvale South,Dandenong,MELBOURNE - SOUTH EAST,GREATER MELBOURNE
21318,SA2,2009-06-30,12650,Final,1318,Springvale South,Dandenong,MELBOURNE - SOUTH EAST,GREATER MELBOURNE
21318,SA2,2010-06-30,12715,Final,1318,Springvale South,Dandenong,MELBOURNE - SOUTH EAST,GREATER MELBOURNE
21318,SA2,2011-06-30,12687,Final,1318,Springvale South,Dandenong,MELBOURNE - SOUTH EAST,GREATER MELBOURNE
21318,SA2,2012-06-30,12783,Revised,1318,Springvale South,Dandenong,MELBOURNE - SOUTH EAST,GREATER MELBOURNE
21318,SA2,2013-06-30,12696,Revised,1318,Springvale South,Dandenong,MELBOURNE - SOUTH EAST,GREATER MELBOURNE
21318,SA2,2014-06-30,12797,Revised,1318,Springvale South,Dandenong,MELBOURNE - SOUTH EAST,GREATER MELBOURNE
21318,SA2,2015-06-30,12811,Preliminary,1318,Springvale South,Dandenong,MELBOURNE - SOUTH EAST,GREATER MELBOURNE
21319,SA2,2005-06-30,15243,Final,1319,Ashwood - Chadstone,Monash,MELBOURNE - SOUTH EAST,GREATER MELBOURNE
21319,SA2,2006-06-30,15612,Final,1319,Ashwood - Chadstone,Monash,MELBOURNE - SOUTH EAST,GREATER MELBOURNE
21319,SA2,2007-06-30,15966,Final,1319,Ashwood - Chadstone,Monash,MELBOURNE - SOUTH EAST,GREATER MELBOURNE
21319,SA2,2008-06-30,16191,Final,1319,Ashwood - Chadstone,Monash,MELBOURNE - SOUTH EAST,GREATER MELBOURNE
21319,SA2,2009-06-30,16560,Final,1319,Ashwood - Chadstone,Monash,MELBOURNE - SOUTH EAST,GREATER MELBOURNE
21319,SA2,2010-06-30,16658,Final,1319,Ashwood - Chadstone,Monash,MELBOURNE - SOUTH EAST,GREATER MELBOURNE
21319,SA2,2011-06-30,16979,Final,1319,Ashwood - Chadstone,Monash,MELBOURNE - SOUTH EAST,GREATER MELBOURNE
21319,SA2,2012-06-30,17426,Revised,1319,Ashwood - Chadstone,Monash,MELBOURNE - SOUTH EAST,GREATER MELBOURNE
21319,SA2,2013-06-30,17803,Revised,1319,Ashwood - Chadstone,Monash,MELBOURNE - SOUTH EAST,GREATER MELBOURNE
21319,SA2,2014-06-30,18148,Revised,1319,Ashwood - Chadstone,Monash,MELBOURNE - SOUTH EAST,GREATER MELBOURNE
21319,SA2,2015-06-30,18436,Preliminary,1319,Ashwood - Chadstone,Monash,MELBOURNE - SOUTH EAST,GREATER MELBOURNE
21320,SA2,2005-06-30,15933,Final,1320,Clayton,Monash,MELBOURNE - SOUTH EAST,GREATER MELBOURNE
21320,SA2,2006-06-30,16442,Final,1320,Clayton,Monash,MELBOURNE - SOUTH EAST,GREATER MELBOURNE
21320,SA2,2007-06-30,16732,Final,1320,Clayton,Monash,MELBOURNE - SOUTH EAST,GREATER MELBOURNE
21320,SA2,2008-06-30,16836,Final,1320,Clayton,Monash,MELBOURNE - SOUTH EAST,GREATER MELBOURNE
21320,SA2,2009-06-30,17285,Final,1320,Clayton,Monash,MELBOURNE - SOUTH EAST,GREATER MELBOURNE
21320,SA2,2010-06-30,17583,Final,1320,Clayton,Monash,MELBOURNE - SOUTH EAST,GREATER MELBOURNE
21320,SA2,2011-06-30,18698,Final,1320,Clayton,Monash,MELBOURNE - SOUTH EAST,GREATER MELBOURNE
21320,SA2,2012-06-30,19274,Revised,1320,Clayton,Monash,MELBOURNE - SOUTH EAST,GREATER MELBOURNE
21320,SA2,2013-06-30,19814,Revised,1320,Clayton,Monash,MELBOURNE - SOUTH EAST,GREATER MELBOURNE
21320,SA2,2014-06-30,20237,Revised,1320,Clayton,Monash,MELBOURNE - SOUTH EAST,GREATER MELBOURNE
21320,SA2,2015-06-30,20922,Preliminary,1320,Clayton,Monash,MELBOURNE - SOUTH EAST,GREATER MELBOURNE
21321,SA2,2005-06-30,21086,Final,1321,Glen Waverley - East,Monash,MELBOURNE - SOUTH EAST,GREATER MELBOURNE
21321,SA2,2006-06-30,21180,Final,1321,Glen Waverley - East,Monash,MELBOURNE - SOUTH EAST,GREATER MELBOURNE
21321,SA2,2007-06-30,21242,Final,1321,Glen Waverley - East,Monash,MELBOURNE - SOUTH EAST,GREATER MELBOURNE
21321,SA2,2008-06-30,21294,Final,1321,Glen Waverley - East,Monash,MELBOURNE - SOUTH EAST,GREATER MELBOURNE
21321,SA2,2009-06-30,21481,Final,1321,Glen Waverley - East,Monash,MELBOURNE - SOUTH EAST,GREATER MELBOURNE
21321,SA2,2010-06-30,21499,Final,1321,Glen Waverley - East,Monash,MELBOURNE - SOUTH EAST,GREATER MELBOURNE
21321,SA2,2011-06-30,21561,Final,1321,Glen Waverley - East,Monash,MELBOURNE - SOUTH EAST,GREATER MELBOURNE
21321,SA2,2012-06-30,21685,Revised,1321,Glen Waverley - East,Monash,MELBOURNE - SOUTH EAST,GREATER MELBOURNE
21321,SA2,2013-06-30,21717,Revised,1321,Glen Waverley - East,Monash,MELBOURNE - SOUTH EAST,GREATER MELBOURNE
21321,SA2,2014-06-30,21815,Revised,1321,Glen Waverley - East,Monash,MELBOURNE - SOUTH EAST,GREATER MELBOURNE
21321,SA2,2015-06-30,21842,Preliminary,1321,Glen Waverley - East,Monash,MELBOURNE - SOUTH EAST,GREATER MELBOURNE
21322,SA2,2005-06-30,18012,Final,1322,Glen Waverley - West,Monash,MELBOURNE - SOUTH EAST,GREATER MELBOURNE
21322,SA2,2006-06-30,18359,Final,1322,Glen Waverley - West,Monash,MELBOURNE - SOUTH EAST,GREATER MELBOURNE
21322,SA2,2007-06-30,18568,Final,1322,Glen Waverley - West,Monash,MELBOURNE - SOUTH EAST,GREATER MELBOURNE
21322,SA2,2008-06-30,18837,Final,1322,Glen Waverley - West,Monash,MELBOURNE - SOUTH EAST,GREATER MELBOURNE
21322,SA2,2009-06-30,19187,Final,1322,Glen Waverley - West,Monash,MELBOURNE - SOUTH EAST,GREATER MELBOURNE
21322,SA2,2010-06-30,19366,Final,1322,Glen Waverley - West,Monash,MELBOURNE - SOUTH EAST,GREATER MELBOURNE
21322,SA2,2011-06-30,19303,Final,1322,Glen Waverley - West,Monash,MELBOURNE - SOUTH EAST,GREATER MELBOURNE
21322,SA2,2012-06-30,19533,Revised,1322,Glen Waverley - West,Monash,MELBOURNE - SOUTH EAST,GREATER MELBOURNE
21322,SA2,2013-06-30,19877,Revised,1322,Glen Waverley - West,Monash,MELBOURNE - SOUTH EAST,GREATER MELBOURNE
21322,SA2,2014-06-30,20059,Revised,1322,Glen Waverley - West,Monash,MELBOURNE - SOUTH EAST,GREATER MELBOURNE
21322,SA2,2015-06-30,20299,Preliminary,1322,Glen Waverley - West,Monash,MELBOURNE - SOUTH EAST,GREATER MELBOURNE
21323,SA2,2005-06-30,14612,Final,1323,Mount Waverley - North,Monash,MELBOURNE - SOUTH EAST,GREATER MELBOURNE
21323,SA2,2006-06-30,14722,Final,1323,Mount Waverley - North,Monash,MELBOURNE - SOUTH EAST,GREATER MELBOURNE
21323,SA2,2007-06-30,14926,Final,1323,Mount Waverley - North,Monash,MELBOURNE - SOUTH EAST,GREATER MELBOURNE
21323,SA2,2008-06-30,15078,Final,1323,Mount Waverley - North,Monash,MELBOURNE - SOUTH EAST,GREATER MELBOURNE
21323,SA2,2009-06-30,15379,Final,1323,Mount Waverley - North,Monash,MELBOURNE - SOUTH EAST,GREATER MELBOURNE
21323,SA2,2010-06-30,15579,Final,1323,Mount Waverley - North,Monash,MELBOURNE - SOUTH EAST,GREATER MELBOURNE
21323,SA2,2011-06-30,15657,Final,1323,Mount Waverley - North,Monash,MELBOURNE - SOUTH EAST,GREATER MELBOURNE
21323,SA2,2012-06-30,15792,Revised,1323,Mount Waverley - North,Monash,MELBOURNE - SOUTH EAST,GREATER MELBOURNE
21323,SA2,2013-06-30,15947,Revised,1323,Mount Waverley - North,Monash,MELBOURNE - SOUTH EAST,GREATER MELBOURNE
21323,SA2,2014-06-30,16136,Revised,1323,Mount Waverley - North,Monash,MELBOURNE - SOUTH EAST,GREATER MELBOURNE
21323,SA2,2015-06-30,16317,Preliminary,1323,Mount Waverley - North,Monash,MELBOURNE - SOUTH EAST,GREATER MELBOURNE
21324,SA2,2005-06-30,16551,Final,1324,Mount Waverley - South,Monash,MELBOURNE - SOUTH EAST,GREATER MELBOURNE
21324,SA2,2006-06-30,16737,Final,1324,Mount Waverley - South,Monash,MELBOURNE - SOUTH EAST,GREATER MELBOURNE
21324,SA2,2007-06-30,16962,Final,1324,Mount Waverley - South,Monash,MELBOURNE - SOUTH EAST,GREATER MELBOURNE
21324,SA2,2008-06-30,17350,Final,1324,Mount Waverley - South,Monash,MELBOURNE - SOUTH EAST,GREATER MELBOURNE
21324,SA2,2009-06-30,17792,Final,1324,Mount Waverley - South,Monash,MELBOURNE - SOUTH EAST,GREATER MELBOURNE
21324,SA2,2010-06-30,17921,Final,1324,Mount Waverley - South,Monash,MELBOURNE - SOUTH EAST,GREATER MELBOURNE
21324,SA2,2011-06-30,17889,Final,1324,Mount Waverley - South,Monash,MELBOURNE - SOUTH EAST,GREATER MELBOURNE
21324,SA2,2012-06-30,18129,Revised,1324,Mount Waverley - South,Monash,MELBOURNE - SOUTH EAST,GREATER MELBOURNE
21324,SA2,2013-06-30,18365,Revised,1324,Mount Waverley - South,Monash,MELBOURNE - SOUTH EAST,GREATER MELBOURNE
21324,SA2,2014-06-30,18673,Revised,1324,Mount Waverley - South,Monash,MELBOURNE - SOUTH EAST,GREATER MELBOURNE
21324,SA2,2015-06-30,18838,Preliminary,1324,Mount Waverley - South,Monash,MELBOURNE - SOUTH EAST,GREATER MELBOURNE
21325,SA2,2005-06-30,16747,Final,1325,Mulgrave,Monash,MELBOURNE - SOUTH EAST,GREATER MELBOURNE
21325,SA2,2006-06-30,16866,Final,1325,Mulgrave,Monash,MELBOURNE - SOUTH EAST,GREATER MELBOURNE
21325,SA2,2007-06-30,17227,Final,1325,Mulgrave,Monash,MELBOURNE - SOUTH EAST,GREATER MELBOURNE
21325,SA2,2008-06-30,17641,Final,1325,Mulgrave,Monash,MELBOURNE - SOUTH EAST,GREATER MELBOURNE
21325,SA2,2009-06-30,18028,Final,1325,Mulgrave,Monash,MELBOURNE - SOUTH EAST,GREATER MELBOURNE
21325,SA2,2010-06-30,18296,Final,1325,Mulgrave,Monash,MELBOURNE - SOUTH EAST,GREATER MELBOURNE
21325,SA2,2011-06-30,18517,Final,1325,Mulgrave,Monash,MELBOURNE - SOUTH EAST,GREATER MELBOURNE
21325,SA2,2012-06-30,18869,Revised,1325,Mulgrave,Monash,MELBOURNE - SOUTH EAST,GREATER MELBOURNE
21325,SA2,2013-06-30,19303,Revised,1325,Mulgrave,Monash,MELBOURNE - SOUTH EAST,GREATER MELBOURNE
21325,SA2,2014-06-30,19553,Revised,1325,Mulgrave,Monash,MELBOURNE - SOUTH EAST,GREATER MELBOURNE
21325,SA2,2015-06-30,19697,Preliminary,1325,Mulgrave,Monash,MELBOURNE - SOUTH EAST,GREATER MELBOURNE
21326,SA2,2005-06-30,19487,Final,1326,Oakleigh - Huntingdale,Monash,MELBOURNE - SOUTH EAST,GREATER MELBOURNE
21326,SA2,2006-06-30,19701,Final,1326,Oakleigh - Huntingdale,Monash,MELBOURNE - SOUTH EAST,GREATER MELBOURNE
21326,SA2,2007-06-30,19988,Final,1326,Oakleigh - Huntingdale,Monash,MELBOURNE - SOUTH EAST,GREATER MELBOURNE
21326,SA2,2008-06-30,20410,Final,1326,Oakleigh - Huntingdale,Monash,MELBOURNE - SOUTH EAST,GREATER MELBOURNE
21326,SA2,2009-06-30,20805,Final,1326,Oakleigh - Huntingdale,Monash,MELBOURNE - SOUTH EAST,GREATER MELBOURNE
21326,SA2,2010-06-30,21049,Final,1326,Oakleigh - Huntingdale,Monash,MELBOURNE - SOUTH EAST,GREATER MELBOURNE
21326,SA2,2011-06-30,21232,Final,1326,Oakleigh - Huntingdale,Monash,MELBOURNE - SOUTH EAST,GREATER MELBOURNE
21326,SA2,2012-06-30,21546,Revised,1326,Oakleigh - Huntingdale,Monash,MELBOURNE - SOUTH EAST,GREATER MELBOURNE
21326,SA2,2013-06-30,21750,Revised,1326,Oakleigh - Huntingdale,Monash,MELBOURNE - SOUTH EAST,GREATER MELBOURNE
21326,SA2,2014-06-30,22105,Revised,1326,Oakleigh - Huntingdale,Monash,MELBOURNE - SOUTH EAST,GREATER MELBOURNE
21326,SA2,2015-06-30,22411,Preliminary,1326,Oakleigh - Huntingdale,Monash,MELBOURNE - SOUTH EAST,GREATER MELBOURNE
21327,SA2,2005-06-30,20642,Final,1327,Wheelers Hill,Monash,MELBOURNE - SOUTH EAST,GREATER MELBOURNE
21327,SA2,2006-06-30,20627,Final,1327,Wheelers Hill,Monash,MELBOURNE - SOUTH EAST,GREATER MELBOURNE
21327,SA2,2007-06-30,20489,Final,1327,Wheelers Hill,Monash,MELBOURNE - SOUTH EAST,GREATER MELBOURNE
21327,SA2,2008-06-30,20431,Final,1327,Wheelers Hill,Monash,MELBOURNE - SOUTH EAST,GREATER MELBOURNE
21327,SA2,2009-06-30,20416,Final,1327,Wheelers Hill,Monash,MELBOURNE - SOUTH EAST,GREATER MELBOURNE
21327,SA2,2010-06-30,20295,Final,1327,Wheelers Hill,Monash,MELBOURNE - SOUTH EAST,GREATER MELBOURNE
21327,SA2,2011-06-30,20125,Final,1327,Wheelers Hill,Monash,MELBOURNE - SOUTH EAST,GREATER MELBOURNE
21327,SA2,2012-06-30,20154,Revised,1327,Wheelers Hill,Monash,MELBOURNE - SOUTH EAST,GREATER MELBOURNE
21327,SA2,2013-06-30,20090,Revised,1327,Wheelers Hill,Monash,MELBOURNE - SOUTH EAST,GREATER MELBOURNE
21327,SA2,2014-06-30,20519,Revised,1327,Wheelers Hill,Monash,MELBOURNE - SOUTH EAST,GREATER MELBOURNE
21327,SA2,2015-06-30,20669,Preliminary,1327,Wheelers Hill,Monash,MELBOURNE - SOUTH EAST,GREATER MELBOURNE
21328,SA2,2005-06-30,6523,Final,1328,Ardeer - Albion,Brimbank,MELBOURNE - WEST,GREATER MELBOURNE
21328,SA2,2006-06-30,6556,Final,1328,Ardeer - Albion,Brimbank,MELBOURNE - WEST,GREATER MELBOURNE
21328,SA2,2007-06-30,6559,Final,1328,Ardeer - Albion,Brimbank,MELBOURNE - WEST,GREATER MELBOURNE
21328,SA2,2008-06-30,6758,Final,1328,Ardeer - Albion,Brimbank,MELBOURNE - WEST,GREATER MELBOURNE
21328,SA2,2009-06-30,7087,Final,1328,Ardeer - Albion,Brimbank,MELBOURNE - WEST,GREATER MELBOURNE
21328,SA2,2010-06-30,7334,Final,1328,Ardeer - Albion,Brimbank,MELBOURNE - WEST,GREATER MELBOURNE
21328,SA2,2011-06-30,7387,Final,1328,Ardeer - Albion,Brimbank,MELBOURNE - WEST,GREATER MELBOURNE
21328,SA2,2012-06-30,7482,Revised,1328,Ardeer - Albion,Brimbank,MELBOURNE - WEST,GREATER MELBOURNE
21328,SA2,2013-06-30,7588,Revised,1328,Ardeer - Albion,Brimbank,MELBOURNE - WEST,GREATER MELBOURNE
21328,SA2,2014-06-30,7657,Revised,1328,Ardeer - Albion,Brimbank,MELBOURNE - WEST,GREATER MELBOURNE
21328,SA2,2015-06-30,7777,Preliminary,1328,Ardeer - Albion,Brimbank,MELBOURNE - WEST,GREATER MELBOURNE
21329,SA2,2005-06-30,5255,Final,1329,Cairnlea,Brimbank,MELBOURNE - WEST,GREATER MELBOURNE
21329,SA2,2006-06-30,6322,Final,1329,Cairnlea,Brimbank,MELBOURNE - WEST,GREATER MELBOURNE
21329,SA2,2007-06-30,7362,Final,1329,Cairnlea,Brimbank,MELBOURNE - WEST,GREATER MELBOURNE
21329,SA2,2008-06-30,8121,Final,1329,Cairnlea,Brimbank,MELBOURNE - WEST,GREATER MELBOURNE
21329,SA2,2009-06-30,8788,Final,1329,Cairnlea,Brimbank,MELBOURNE - WEST,GREATER MELBOURNE
21329,SA2,2010-06-30,9099,Final,1329,Cairnlea,Brimbank,MELBOURNE - WEST,GREATER MELBOURNE
21329,SA2,2011-06-30,9311,Final,1329,Cairnlea,Brimbank,MELBOURNE - WEST,GREATER MELBOURNE
21329,SA2,2012-06-30,9608,Revised,1329,Cairnlea,Brimbank,MELBOURNE - WEST,GREATER MELBOURNE
21329,SA2,2013-06-30,9811,Revised,1329,Cairnlea,Brimbank,MELBOURNE - WEST,GREATER MELBOURNE
21329,SA2,2014-06-30,10031,Revised,1329,Cairnlea,Brimbank,MELBOURNE - WEST,GREATER MELBOURNE
21329,SA2,2015-06-30,10264,Preliminary,1329,Cairnlea,Brimbank,MELBOURNE - WEST,GREATER MELBOURNE
21330,SA2,2005-06-30,13644,Final,1330,Deer Park - Derrimut,Brimbank,MELBOURNE - WEST,GREATER MELBOURNE
21330,SA2,2006-06-30,14072,Final,1330,Deer Park - Derrimut,Brimbank,MELBOURNE - WEST,GREATER MELBOURNE
21330,SA2,2007-06-30,15447,Final,1330,Deer Park - Derrimut,Brimbank,MELBOURNE - WEST,GREATER MELBOURNE
21330,SA2,2008-06-30,17051,Final,1330,Deer Park - Derrimut,Brimbank,MELBOURNE - WEST,GREATER MELBOURNE
21330,SA2,2009-06-30,19433,Final,1330,Deer Park - Derrimut,Brimbank,MELBOURNE - WEST,GREATER MELBOURNE
21330,SA2,2010-06-30,21390,Final,1330,Deer Park - Derrimut,Brimbank,MELBOURNE - WEST,GREATER MELBOURNE
21330,SA2,2011-06-30,23136,Final,1330,Deer Park - Derrimut,Brimbank,MELBOURNE - WEST,GREATER MELBOURNE
21330,SA2,2012-06-30,24275,Revised,1330,Deer Park - Derrimut,Brimbank,MELBOURNE - WEST,GREATER MELBOURNE
21330,SA2,2013-06-30,25341,Revised,1330,Deer Park - Derrimut,Brimbank,MELBOURNE - WEST,GREATER MELBOURNE
21330,SA2,2014-06-30,26171,Revised,1330,Deer Park - Derrimut,Brimbank,MELBOURNE - WEST,GREATER MELBOURNE
21330,SA2,2015-06-30,26742,Preliminary,1330,Deer Park - Derrimut,Brimbank,MELBOURNE - WEST,GREATER MELBOURNE
21331,SA2,2005-06-30,8954,Final,1331,Delahey,Brimbank,MELBOURNE - WEST,GREATER MELBOURNE
21331,SA2,2006-06-30,9049,Final,1331,Delahey,Brimbank,MELBOURNE - WEST,GREATER MELBOURNE
21331,SA2,2007-06-30,9042,Final,1331,Delahey,Brimbank,MELBOURNE - WEST,GREATER MELBOURNE
21331,SA2,2008-06-30,9038,Final,1331,Delahey,Brimbank,MELBOURNE - WEST,GREATER MELBOURNE
21331,SA2,2009-06-30,9003,Final,1331,Delahey,Brimbank,MELBOURNE - WEST,GREATER MELBOURNE
21331,SA2,2010-06-30,8896,Final,1331,Delahey,Brimbank,MELBOURNE - WEST,GREATER MELBOURNE
21331,SA2,2011-06-30,8769,Final,1331,Delahey,Brimbank,MELBOURNE - WEST,GREATER MELBOURNE
21331,SA2,2012-06-30,8755,Revised,1331,Delahey,Brimbank,MELBOURNE - WEST,GREATER MELBOURNE
21331,SA2,2013-06-30,8730,Revised,1331,Delahey,Brimbank,MELBOURNE - WEST,GREATER MELBOURNE
21331,SA2,2014-06-30,8816,Revised,1331,Delahey,Brimbank,MELBOURNE - WEST,GREATER MELBOURNE
21331,SA2,2015-06-30,8792,Preliminary,1331,Delahey,Brimbank,MELBOURNE - WEST,GREATER MELBOURNE
21332,SA2,2005-06-30,14697,Final,1332,Keilor Downs,Brimbank,MELBOURNE - WEST,GREATER MELBOURNE
21332,SA2,2006-06-30,14543,Final,1332,Keilor Downs,Brimbank,MELBOURNE - WEST,GREATER MELBOURNE
21332,SA2,2007-06-30,14406,Final,1332,Keilor Downs,Brimbank,MELBOURNE - WEST,GREATER MELBOURNE
21332,SA2,2008-06-30,14335,Final,1332,Keilor Downs,Brimbank,MELBOURNE - WEST,GREATER MELBOURNE
21332,SA2,2009-06-30,14281,Final,1332,Keilor Downs,Brimbank,MELBOURNE - WEST,GREATER MELBOURNE
21332,SA2,2010-06-30,14232,Final,1332,Keilor Downs,Brimbank,MELBOURNE - WEST,GREATER MELBOURNE
21332,SA2,2011-06-30,14192,Final,1332,Keilor Downs,Brimbank,MELBOURNE - WEST,GREATER MELBOURNE
21332,SA2,2012-06-30,14059,Revised,1332,Keilor Downs,Brimbank,MELBOURNE - WEST,GREATER MELBOURNE
21332,SA2,2013-06-30,13892,Revised,1332,Keilor Downs,Brimbank,MELBOURNE - WEST,GREATER MELBOURNE
21332,SA2,2014-06-30,13889,Revised,1332,Keilor Downs,Brimbank,MELBOURNE - WEST,GREATER MELBOURNE
21332,SA2,2015-06-30,13829,Preliminary,1332,Keilor Downs,Brimbank,MELBOURNE - WEST,GREATER MELBOURNE
21333,SA2,2005-06-30,14796,Final,1333,Kings Park (Vic.),Brimbank,MELBOURNE - WEST,GREATER MELBOURNE
21333,SA2,2006-06-30,14656,Final,1333,Kings Park (Vic.),Brimbank,MELBOURNE - WEST,GREATER MELBOURNE
21333,SA2,2007-06-30,14529,Final,1333,Kings Park (Vic.),Brimbank,MELBOURNE - WEST,GREATER MELBOURNE
21333,SA2,2008-06-30,14471,Final,1333,Kings Park (Vic.),Brimbank,MELBOURNE - WEST,GREATER MELBOURNE
21333,SA2,2009-06-30,14404,Final,1333,Kings Park (Vic.),Brimbank,MELBOURNE - WEST,GREATER MELBOURNE
21333,SA2,2010-06-30,14359,Final,1333,Kings Park (Vic.),Brimbank,MELBOURNE - WEST,GREATER MELBOURNE
21333,SA2,2011-06-30,14305,Final,1333,Kings Park (Vic.),Brimbank,MELBOURNE - WEST,GREATER MELBOURNE
21333,SA2,2012-06-30,14243,Revised,1333,Kings Park (Vic.),Brimbank,MELBOURNE - WEST,GREATER MELBOURNE
21333,SA2,2013-06-30,14193,Revised,1333,Kings Park (Vic.),Brimbank,MELBOURNE - WEST,GREATER MELBOURNE
21333,SA2,2014-06-30,14277,Revised,1333,Kings Park (Vic.),Brimbank,MELBOURNE - WEST,GREATER MELBOURNE
21333,SA2,2015-06-30,14338,Preliminary,1333,Kings Park (Vic.),Brimbank,MELBOURNE - WEST,GREATER MELBOURNE
21334,SA2,2005-06-30,18824,Final,1334,St Albans - North,Brimbank,MELBOURNE - WEST,GREATER MELBOURNE
21334,SA2,2006-06-30,18746,Final,1334,St Albans - North,Brimbank,MELBOURNE - WEST,GREATER MELBOURNE
21334,SA2,2007-06-30,18884,Final,1334,St Albans - North,Brimbank,MELBOURNE - WEST,GREATER MELBOURNE
21334,SA2,2008-06-30,19102,Final,1334,St Albans - North,Brimbank,MELBOURNE - WEST,GREATER MELBOURNE
21334,SA2,2009-06-30,19343,Final,1334,St Albans - North,Brimbank,MELBOURNE - WEST,GREATER MELBOURNE
21334,SA2,2010-06-30,19562,Final,1334,St Albans - North,Brimbank,MELBOURNE - WEST,GREATER MELBOURNE
21334,SA2,2011-06-30,19800,Final,1334,St Albans - North,Brimbank,MELBOURNE - WEST,GREATER MELBOURNE
21334,SA2,2012-06-30,19842,Revised,1334,St Albans - North,Brimbank,MELBOURNE - WEST,GREATER MELBOURNE
21334,SA2,2013-06-30,19938,Revised,1334,St Albans - North,Brimbank,MELBOURNE - WEST,GREATER MELBOURNE
21334,SA2,2014-06-30,20087,Revised,1334,St Albans - North,Brimbank,MELBOURNE - WEST,GREATER MELBOURNE
21334,SA2,2015-06-30,20215,Preliminary,1334,St Albans - North,Brimbank,MELBOURNE - WEST,GREATER MELBOURNE
21335,SA2,2005-06-30,16148,Final,1335,St Albans - South,Brimbank,MELBOURNE - WEST,GREATER MELBOURNE
21335,SA2,2006-06-30,15963,Final,1335,St Albans - South,Brimbank,MELBOURNE - WEST,GREATER MELBOURNE
21335,SA2,2007-06-30,15975,Final,1335,St Albans - South,Brimbank,MELBOURNE - WEST,GREATER MELBOURNE
21335,SA2,2008-06-30,16187,Final,1335,St Albans - South,Brimbank,MELBOURNE - WEST,GREATER MELBOURNE
21335,SA2,2009-06-30,16535,Final,1335,St Albans - South,Brimbank,MELBOURNE - WEST,GREATER MELBOURNE
21335,SA2,2010-06-30,16882,Final,1335,St Albans - South,Brimbank,MELBOURNE - WEST,GREATER MELBOURNE
21335,SA2,2011-06-30,17092,Final,1335,St Albans - South,Brimbank,MELBOURNE - WEST,GREATER MELBOURNE
21335,SA2,2012-06-30,17061,Revised,1335,St Albans - South,Brimbank,MELBOURNE - WEST,GREATER MELBOURNE
21335,SA2,2013-06-30,17079,Revised,1335,St Albans - South,Brimbank,MELBOURNE - WEST,GREATER MELBOURNE
21335,SA2,2014-06-30,17199,Revised,1335,St Albans - South,Brimbank,MELBOURNE - WEST,GREATER MELBOURNE
21335,SA2,2015-06-30,17275,Preliminary,1335,St Albans - South,Brimbank,MELBOURNE - WEST,GREATER MELBOURNE
21336,SA2,2005-06-30,8244,Final,1336,Sunshine,Brimbank,MELBOURNE - WEST,GREATER MELBOURNE
21336,SA2,2006-06-30,8345,Final,1336,Sunshine,Brimbank,MELBOURNE - WEST,GREATER MELBOURNE
21336,SA2,2007-06-30,8473,Final,1336,Sunshine,Brimbank,MELBOURNE - WEST,GREATER MELBOURNE
21336,SA2,2008-06-30,8710,Final,1336,Sunshine,Brimbank,MELBOURNE - WEST,GREATER MELBOURNE
21336,SA2,2009-06-30,8936,Final,1336,Sunshine,Brimbank,MELBOURNE - WEST,GREATER MELBOURNE
21336,SA2,2010-06-30,9129,Final,1336,Sunshine,Brimbank,MELBOURNE - WEST,GREATER MELBOURNE
21336,SA2,2011-06-30,9238,Final,1336,Sunshine,Brimbank,MELBOURNE - WEST,GREATER MELBOURNE
21336,SA2,2012-06-30,9361,Revised,1336,Sunshine,Brimbank,MELBOURNE - WEST,GREATER MELBOURNE
21336,SA2,2013-06-30,9592,Revised,1336,Sunshine,Brimbank,MELBOURNE - WEST,GREATER MELBOURNE
21336,SA2,2014-06-30,9810,Revised,1336,Sunshine,Brimbank,MELBOURNE - WEST,GREATER MELBOURNE
21336,SA2,2015-06-30,9951,Preliminary,1336,Sunshine,Brimbank,MELBOURNE - WEST,GREATER MELBOURNE
21337,SA2,2005-06-30,10473,Final,1337,Sunshine North,Brimbank,MELBOURNE - WEST,GREATER MELBOURNE
21337,SA2,2006-06-30,10505,Final,1337,Sunshine North,Brimbank,MELBOURNE - WEST,GREATER MELBOURNE
21337,SA2,2007-06-30,10525,Final,1337,Sunshine North,Brimbank,MELBOURNE - WEST,GREATER MELBOURNE
21337,SA2,2008-06-30,10592,Final,1337,Sunshine North,Brimbank,MELBOURNE - WEST,GREATER MELBOURNE
21337,SA2,2009-06-30,10770,Final,1337,Sunshine North,Brimbank,MELBOURNE - WEST,GREATER MELBOURNE
21337,SA2,2010-06-30,10982,Final,1337,Sunshine North,Brimbank,MELBOURNE - WEST,GREATER MELBOURNE
21337,SA2,2011-06-30,11108,Final,1337,Sunshine North,Brimbank,MELBOURNE - WEST,GREATER MELBOURNE
21337,SA2,2012-06-30,11275,Revised,1337,Sunshine North,Brimbank,MELBOURNE - WEST,GREATER MELBOURNE
21337,SA2,2013-06-30,11429,Revised,1337,Sunshine North,Brimbank,MELBOURNE - WEST,GREATER MELBOURNE
21337,SA2,2014-06-30,11610,Revised,1337,Sunshine North,Brimbank,MELBOURNE - WEST,GREATER MELBOURNE
21337,SA2,2015-06-30,11749,Preliminary,1337,Sunshine North,Brimbank,MELBOURNE - WEST,GREATER MELBOURNE
21338,SA2,2005-06-30,16443,Final,1338,Sunshine West,Brimbank,MELBOURNE - WEST,GREATER MELBOURNE
21338,SA2,2006-06-30,16450,Final,1338,Sunshine West,Brimbank,MELBOURNE - WEST,GREATER MELBOURNE
21338,SA2,2007-06-30,16444,Final,1338,Sunshine West,Brimbank,MELBOURNE - WEST,GREATER MELBOURNE
21338,SA2,2008-06-30,16629,Final,1338,Sunshine West,Brimbank,MELBOURNE - WEST,GREATER MELBOURNE
21338,SA2,2009-06-30,17042,Final,1338,Sunshine West,Brimbank,MELBOURNE - WEST,GREATER MELBOURNE
21338,SA2,2010-06-30,17303,Final,1338,Sunshine West,Brimbank,MELBOURNE - WEST,GREATER MELBOURNE
21338,SA2,2011-06-30,17512,Final,1338,Sunshine West,Brimbank,MELBOURNE - WEST,GREATER MELBOURNE
21338,SA2,2012-06-30,17845,Revised,1338,Sunshine West,Brimbank,MELBOURNE - WEST,GREATER MELBOURNE
21338,SA2,2013-06-30,18117,Revised,1338,Sunshine West,Brimbank,MELBOURNE - WEST,GREATER MELBOURNE
21338,SA2,2014-06-30,18489,Revised,1338,Sunshine West,Brimbank,MELBOURNE - WEST,GREATER MELBOURNE
21338,SA2,2015-06-30,18836,Preliminary,1338,Sunshine West,Brimbank,MELBOURNE - WEST,GREATER MELBOURNE
21339,SA2,2005-06-30,11061,Final,1339,Sydenham,Brimbank,MELBOURNE - WEST,GREATER MELBOURNE
21339,SA2,2006-06-30,11187,Final,1339,Sydenham,Brimbank,MELBOURNE - WEST,GREATER MELBOURNE
21339,SA2,2007-06-30,11421,Final,1339,Sydenham,Brimbank,MELBOURNE - WEST,GREATER MELBOURNE
21339,SA2,2008-06-30,11573,Final,1339,Sydenham,Brimbank,MELBOURNE - WEST,GREATER MELBOURNE
21339,SA2,2009-06-30,11750,Final,1339,Sydenham,Brimbank,MELBOURNE - WEST,GREATER MELBOURNE
21339,SA2,2010-06-30,11924,Final,1339,Sydenham,Brimbank,MELBOURNE - WEST,GREATER MELBOURNE
21339,SA2,2011-06-30,12058,Final,1339,Sydenham,Brimbank,MELBOURNE - WEST,GREATER MELBOURNE
21339,SA2,2012-06-30,12162,Revised,1339,Sydenham,Brimbank,MELBOURNE - WEST,GREATER MELBOURNE
21339,SA2,2013-06-30,12259,Revised,1339,Sydenham,Brimbank,MELBOURNE - WEST,GREATER MELBOURNE
21339,SA2,2014-06-30,12349,Revised,1339,Sydenham,Brimbank,MELBOURNE - WEST,GREATER MELBOURNE
21339,SA2,2015-06-30,12421,Preliminary,1339,Sydenham,Brimbank,MELBOURNE - WEST,GREATER MELBOURNE
21340,SA2,2005-06-30,18687,Final,1340,Taylors Lakes,Brimbank,MELBOURNE - WEST,GREATER MELBOURNE
21340,SA2,2006-06-30,18900,Final,1340,Taylors Lakes,Brimbank,MELBOURNE - WEST,GREATER MELBOURNE
21340,SA2,2007-06-30,19101,Final,1340,Taylors Lakes,Brimbank,MELBOURNE - WEST,GREATER MELBOURNE
21340,SA2,2008-06-30,19194,Final,1340,Taylors Lakes,Brimbank,MELBOURNE - WEST,GREATER MELBOURNE
21340,SA2,2009-06-30,19258,Final,1340,Taylors Lakes,Brimbank,MELBOURNE - WEST,GREATER MELBOURNE
21340,SA2,2010-06-30,19125,Final,1340,Taylors Lakes,Brimbank,MELBOURNE - WEST,GREATER MELBOURNE
21340,SA2,2011-06-30,18954,Final,1340,Taylors Lakes,Brimbank,MELBOURNE - WEST,GREATER MELBOURNE
21340,SA2,2012-06-30,18792,Revised,1340,Taylors Lakes,Brimbank,MELBOURNE - WEST,GREATER MELBOURNE
21340,SA2,2013-06-30,18706,Revised,1340,Taylors Lakes,Brimbank,MELBOURNE - WEST,GREATER MELBOURNE
21340,SA2,2014-06-30,18618,Revised,1340,Taylors Lakes,Brimbank,MELBOURNE - WEST,GREATER MELBOURNE
21340,SA2,2015-06-30,18574,Preliminary,1340,Taylors Lakes,Brimbank,MELBOURNE - WEST,GREATER MELBOURNE
21341,SA2,2005-06-30,11864,Final,1341,Altona,Hobsons Bay,MELBOURNE - WEST,GREATER MELBOURNE
21341,SA2,2006-06-30,11857,Final,1341,Altona,Hobsons Bay,MELBOURNE - WEST,GREATER MELBOURNE
21341,SA2,2007-06-30,11915,Final,1341,Altona,Hobsons Bay,MELBOURNE - WEST,GREATER MELBOURNE
21341,SA2,2008-06-30,12041,Final,1341,Altona,Hobsons Bay,MELBOURNE - WEST,GREATER MELBOURNE
21341,SA2,2009-06-30,12152,Final,1341,Altona,Hobsons Bay,MELBOURNE - WEST,GREATER MELBOURNE
21341,SA2,2010-06-30,12213,Final,1341,Altona,Hobsons Bay,MELBOURNE - WEST,GREATER MELBOURNE
21341,SA2,2011-06-30,12260,Final,1341,Altona,Hobsons Bay,MELBOURNE - WEST,GREATER MELBOURNE
21341,SA2,2012-06-30,12430,Revised,1341,Altona,Hobsons Bay,MELBOURNE - WEST,GREATER MELBOURNE
21341,SA2,2013-06-30,12677,Revised,1341,Altona,Hobsons Bay,MELBOURNE - WEST,GREATER MELBOURNE
21341,SA2,2014-06-30,12966,Revised,1341,Altona,Hobsons Bay,MELBOURNE - WEST,GREATER MELBOURNE
21341,SA2,2015-06-30,13246,Preliminary,1341,Altona,Hobsons Bay,MELBOURNE - WEST,GREATER MELBOURNE
21342,SA2,2005-06-30,19379,Final,1342,Altona Meadows,Hobsons Bay,MELBOURNE - WEST,GREATER MELBOURNE
21342,SA2,2006-06-30,19411,Final,1342,Altona Meadows,Hobsons Bay,MELBOURNE - WEST,GREATER MELBOURNE
21342,SA2,2007-06-30,19707,Final,1342,Altona Meadows,Hobsons Bay,MELBOURNE - WEST,GREATER MELBOURNE
21342,SA2,2008-06-30,19746,Final,1342,Altona Meadows,Hobsons Bay,MELBOURNE - WEST,GREATER MELBOURNE
21342,SA2,2009-06-30,19895,Final,1342,Altona Meadows,Hobsons Bay,MELBOURNE - WEST,GREATER MELBOURNE
21342,SA2,2010-06-30,19780,Final,1342,Altona Meadows,Hobsons Bay,MELBOURNE - WEST,GREATER MELBOURNE
21342,SA2,2011-06-30,19565,Final,1342,Altona Meadows,Hobsons Bay,MELBOURNE - WEST,GREATER MELBOURNE
21342,SA2,2012-06-30,19443,Revised,1342,Altona Meadows,Hobsons Bay,MELBOURNE - WEST,GREATER MELBOURNE
21342,SA2,2013-06-30,19371,Revised,1342,Altona Meadows,Hobsons Bay,MELBOURNE - WEST,GREATER MELBOURNE
21342,SA2,2014-06-30,19444,Revised,1342,Altona Meadows,Hobsons Bay,MELBOURNE - WEST,GREATER MELBOURNE
21342,SA2,2015-06-30,19468,Preliminary,1342,Altona Meadows,Hobsons Bay,MELBOURNE - WEST,GREATER MELBOURNE
21343,SA2,2005-06-30,12869,Final,1343,Altona North,Hobsons Bay,MELBOURNE - WEST,GREATER MELBOURNE
21343,SA2,2006-06-30,12844,Final,1343,Altona North,Hobsons Bay,MELBOURNE - WEST,GREATER MELBOURNE
21343,SA2,2007-06-30,12877,Final,1343,Altona North,Hobsons Bay,MELBOURNE - WEST,GREATER MELBOURNE
21343,SA2,2008-06-30,12974,Final,1343,Altona North,Hobsons Bay,MELBOURNE - WEST,GREATER MELBOURNE
21343,SA2,2009-06-30,13150,Final,1343,Altona North,Hobsons Bay,MELBOURNE - WEST,GREATER MELBOURNE
21343,SA2,2010-06-30,13366,Final,1343,Altona North,Hobsons Bay,MELBOURNE - WEST,GREATER MELBOURNE
21343,SA2,2011-06-30,13558,Final,1343,Altona North,Hobsons Bay,MELBOURNE - WEST,GREATER MELBOURNE
21343,SA2,2012-06-30,13793,Revised,1343,Altona North,Hobsons Bay,MELBOURNE - WEST,GREATER MELBOURNE
21343,SA2,2013-06-30,14013,Revised,1343,Altona North,Hobsons Bay,MELBOURNE - WEST,GREATER MELBOURNE
21343,SA2,2014-06-30,14297,Revised,1343,Altona North,Hobsons Bay,MELBOURNE - WEST,GREATER MELBOURNE
21343,SA2,2015-06-30,14540,Preliminary,1343,Altona North,Hobsons Bay,MELBOURNE - WEST,GREATER MELBOURNE
21344,SA2,2005-06-30,15186,Final,1344,Newport,Hobsons Bay,MELBOURNE - WEST,GREATER MELBOURNE
21344,SA2,2006-06-30,15474,Final,1344,Newport,Hobsons Bay,MELBOURNE - WEST,GREATER MELBOURNE
21344,SA2,2007-06-30,15864,Final,1344,Newport,Hobsons Bay,MELBOURNE - WEST,GREATER MELBOURNE
21344,SA2,2008-06-30,16182,Final,1344,Newport,Hobsons Bay,MELBOURNE - WEST,GREATER MELBOURNE
21344,SA2,2009-06-30,16493,Final,1344,Newport,Hobsons Bay,MELBOURNE - WEST,GREATER MELBOURNE
21344,SA2,2010-06-30,16670,Final,1344,Newport,Hobsons Bay,MELBOURNE - WEST,GREATER MELBOURNE
21344,SA2,2011-06-30,16798,Final,1344,Newport,Hobsons Bay,MELBOURNE - WEST,GREATER MELBOURNE
21344,SA2,2012-06-30,17128,Revised,1344,Newport,Hobsons Bay,MELBOURNE - WEST,GREATER MELBOURNE
21344,SA2,2013-06-30,17435,Revised,1344,Newport,Hobsons Bay,MELBOURNE - WEST,GREATER MELBOURNE
21344,SA2,2014-06-30,17821,Revised,1344,Newport,Hobsons Bay,MELBOURNE - WEST,GREATER MELBOURNE
21344,SA2,2015-06-30,18235,Preliminary,1344,Newport,Hobsons Bay,MELBOURNE - WEST,GREATER MELBOURNE
21345,SA2,2005-06-30,5124,Final,1345,Seabrook,Hobsons Bay,MELBOURNE - WEST,GREATER MELBOURNE
21345,SA2,2006-06-30,5156,Final,1345,Seabrook,Hobsons Bay,MELBOURNE - WEST,GREATER MELBOURNE
21345,SA2,2007-06-30,5175,Final,1345,Seabrook,Hobsons Bay,MELBOURNE - WEST,GREATER MELBOURNE
21345,SA2,2008-06-30,5192,Final,1345,Seabrook,Hobsons Bay,MELBOURNE - WEST,GREATER MELBOURNE
21345,SA2,2009-06-30,5201,Final,1345,Seabrook,Hobsons Bay,MELBOURNE - WEST,GREATER MELBOURNE
21345,SA2,2010-06-30,5218,Final,1345,Seabrook,Hobsons Bay,MELBOURNE - WEST,GREATER MELBOURNE
21345,SA2,2011-06-30,5219,Final,1345,Seabrook,Hobsons Bay,MELBOURNE - WEST,GREATER MELBOURNE
21345,SA2,2012-06-30,5206,Revised,1345,Seabrook,Hobsons Bay,MELBOURNE - WEST,GREATER MELBOURNE
21345,SA2,2013-06-30,5171,Revised,1345,Seabrook,Hobsons Bay,MELBOURNE - WEST,GREATER MELBOURNE
21345,SA2,2014-06-30,5207,Revised,1345,Seabrook,Hobsons Bay,MELBOURNE - WEST,GREATER MELBOURNE
21345,SA2,2015-06-30,5243,Preliminary,1345,Seabrook,Hobsons Bay,MELBOURNE - WEST,GREATER MELBOURNE
21346,SA2,2005-06-30,14550,Final,1346,Williamstown,Hobsons Bay,MELBOURNE - WEST,GREATER MELBOURNE
21346,SA2,2006-06-30,14751,Final,1346,Williamstown,Hobsons Bay,MELBOURNE - WEST,GREATER MELBOURNE
21346,SA2,2007-06-30,14950,Final,1346,Williamstown,Hobsons Bay,MELBOURNE - WEST,GREATER MELBOURNE
21346,SA2,2008-06-30,15119,Final,1346,Williamstown,Hobsons Bay,MELBOURNE - WEST,GREATER MELBOURNE
21346,SA2,2009-06-30,15400,Final,1346,Williamstown,Hobsons Bay,MELBOURNE - WEST,GREATER MELBOURNE
21346,SA2,2010-06-30,15393,Final,1346,Williamstown,Hobsons Bay,MELBOURNE - WEST,GREATER MELBOURNE
21346,SA2,2011-06-30,15354,Final,1346,Williamstown,Hobsons Bay,MELBOURNE - WEST,GREATER MELBOURNE
21346,SA2,2012-06-30,15419,Revised,1346,Williamstown,Hobsons Bay,MELBOURNE - WEST,GREATER MELBOURNE
21346,SA2,2013-06-30,15389,Revised,1346,Williamstown,Hobsons Bay,MELBOURNE - WEST,GREATER MELBOURNE
21346,SA2,2014-06-30,15528,Revised,1346,Williamstown,Hobsons Bay,MELBOURNE - WEST,GREATER MELBOURNE
21346,SA2,2015-06-30,15628,Preliminary,1346,Williamstown,Hobsons Bay,MELBOURNE - WEST,GREATER MELBOURNE
21347,SA2,2005-06-30,13184,Final,1347,Braybrook,Maribyrnong,MELBOURNE - WEST,GREATER MELBOURNE
21347,SA2,2006-06-30,13482,Final,1347,Braybrook,Maribyrnong,MELBOURNE - WEST,GREATER MELBOURNE
21347,SA2,2007-06-30,14178,Final,1347,Braybrook,Maribyrnong,MELBOURNE - WEST,GREATER MELBOURNE
21347,SA2,2008-06-30,14881,Final,1347,Braybrook,Maribyrnong,MELBOURNE - WEST,GREATER MELBOURNE
21347,SA2,2009-06-30,15633,Final,1347,Braybrook,Maribyrnong,MELBOURNE - WEST,GREATER MELBOURNE
21347,SA2,2010-06-30,16343,Final,1347,Braybrook,Maribyrnong,MELBOURNE - WEST,GREATER MELBOURNE
21347,SA2,2011-06-30,16719,Final,1347,Braybrook,Maribyrnong,MELBOURNE - WEST,GREATER MELBOURNE
21347,SA2,2012-06-30,17055,Revised,1347,Braybrook,Maribyrnong,MELBOURNE - WEST,GREATER MELBOURNE
21347,SA2,2013-06-30,17456,Revised,1347,Braybrook,Maribyrnong,MELBOURNE - WEST,GREATER MELBOURNE
21347,SA2,2014-06-30,18029,Revised,1347,Braybrook,Maribyrnong,MELBOURNE - WEST,GREATER MELBOURNE
21347,SA2,2015-06-30,18380,Preliminary,1347,Braybrook,Maribyrnong,MELBOURNE - WEST,GREATER MELBOURNE
21348,SA2,2005-06-30,11731,Final,1348,Footscray,Maribyrnong,MELBOURNE - WEST,GREATER MELBOURNE
21348,SA2,2006-06-30,11828,Final,1348,Footscray,Maribyrnong,MELBOURNE - WEST,GREATER MELBOURNE
21348,SA2,2007-06-30,12085,Final,1348,Footscray,Maribyrnong,MELBOURNE - WEST,GREATER MELBOURNE
21348,SA2,2008-06-30,12462,Final,1348,Footscray,Maribyrnong,MELBOURNE - WEST,GREATER MELBOURNE
21348,SA2,2009-06-30,12815,Final,1348,Footscray,Maribyrnong,MELBOURNE - WEST,GREATER MELBOURNE
21348,SA2,2010-06-30,13214,Final,1348,Footscray,Maribyrnong,MELBOURNE - WEST,GREATER MELBOURNE
21348,SA2,2011-06-30,14025,Final,1348,Footscray,Maribyrnong,MELBOURNE - WEST,GREATER MELBOURNE
21348,SA2,2012-06-30,14331,Revised,1348,Footscray,Maribyrnong,MELBOURNE - WEST,GREATER MELBOURNE
21348,SA2,2013-06-30,15243,Revised,1348,Footscray,Maribyrnong,MELBOURNE - WEST,GREATER MELBOURNE
21348,SA2,2014-06-30,16032,Revised,1348,Footscray,Maribyrnong,MELBOURNE - WEST,GREATER MELBOURNE
21348,SA2,2015-06-30,16387,Preliminary,1348,Footscray,Maribyrnong,MELBOURNE - WEST,GREATER MELBOURNE
21349,SA2,2005-06-30,8026,Final,1349,Maribyrnong,Maribyrnong,MELBOURNE - WEST,GREATER MELBOURNE
21349,SA2,2006-06-30,8550,Final,1349,Maribyrnong,Maribyrnong,MELBOURNE - WEST,GREATER MELBOURNE
21349,SA2,2007-06-30,9204,Final,1349,Maribyrnong,Maribyrnong,MELBOURNE - WEST,GREATER MELBOURNE
21349,SA2,2008-06-30,9736,Final,1349,Maribyrnong,Maribyrnong,MELBOURNE - WEST,GREATER MELBOURNE
21349,SA2,2009-06-30,10125,Final,1349,Maribyrnong,Maribyrnong,MELBOURNE - WEST,GREATER MELBOURNE
21349,SA2,2010-06-30,10510,Final,1349,Maribyrnong,Maribyrnong,MELBOURNE - WEST,GREATER MELBOURNE
21349,SA2,2011-06-30,10671,Final,1349,Maribyrnong,Maribyrnong,MELBOURNE - WEST,GREATER MELBOURNE
21349,SA2,2012-06-30,11168,Revised,1349,Maribyrnong,Maribyrnong,MELBOURNE - WEST,GREATER MELBOURNE
21349,SA2,2013-06-30,11651,Revised,1349,Maribyrnong,Maribyrnong,MELBOURNE - WEST,GREATER MELBOURNE
21349,SA2,2014-06-30,12065,Revised,1349,Maribyrnong,Maribyrnong,MELBOURNE - WEST,GREATER MELBOURNE
21349,SA2,2015-06-30,12550,Preliminary,1349,Maribyrnong,Maribyrnong,MELBOURNE - WEST,GREATER MELBOURNE
21350,SA2,2005-06-30,8202,Final,1350,Seddon - Kingsville,Maribyrnong,MELBOURNE - WEST,GREATER MELBOURNE
21350,SA2,2006-06-30,8301,Final,1350,Seddon - Kingsville,Maribyrnong,MELBOURNE - WEST,GREATER MELBOURNE
21350,SA2,2007-06-30,8356,Final,1350,Seddon - Kingsville,Maribyrnong,MELBOURNE - WEST,GREATER MELBOURNE
21350,SA2,2008-06-30,8465,Final,1350,Seddon - Kingsville,Maribyrnong,MELBOURNE - WEST,GREATER MELBOURNE
21350,SA2,2009-06-30,8569,Final,1350,Seddon - Kingsville,Maribyrnong,MELBOURNE - WEST,GREATER MELBOURNE
21350,SA2,2010-06-30,8618,Final,1350,Seddon - Kingsville,Maribyrnong,MELBOURNE - WEST,GREATER MELBOURNE
21350,SA2,2011-06-30,8701,Final,1350,Seddon - Kingsville,Maribyrnong,MELBOURNE - WEST,GREATER MELBOURNE
21350,SA2,2012-06-30,8824,Revised,1350,Seddon - Kingsville,Maribyrnong,MELBOURNE - WEST,GREATER MELBOURNE
21350,SA2,2013-06-30,8941,Revised,1350,Seddon - Kingsville,Maribyrnong,MELBOURNE - WEST,GREATER MELBOURNE
21350,SA2,2014-06-30,9132,Revised,1350,Seddon - Kingsville,Maribyrnong,MELBOURNE - WEST,GREATER MELBOURNE
21350,SA2,2015-06-30,9220,Preliminary,1350,Seddon - Kingsville,Maribyrnong,MELBOURNE - WEST,GREATER MELBOURNE
21351,SA2,2005-06-30,9988,Final,1351,West Footscray - Tottenham,Maribyrnong,MELBOURNE - WEST,GREATER MELBOURNE
21351,SA2,2006-06-30,10152,Final,1351,West Footscray - Tottenham,Maribyrnong,MELBOURNE - WEST,GREATER MELBOURNE
21351,SA2,2007-06-30,10307,Final,1351,West Footscray - Tottenham,Maribyrnong,MELBOURNE - WEST,GREATER MELBOURNE
21351,SA2,2008-06-30,10543,Final,1351,West Footscray - Tottenham,Maribyrnong,MELBOURNE - WEST,GREATER MELBOURNE
21351,SA2,2009-06-30,10700,Final,1351,West Footscray - Tottenham,Maribyrnong,MELBOURNE - WEST,GREATER MELBOURNE
21351,SA2,2010-06-30,10743,Final,1351,West Footscray - Tottenham,Maribyrnong,MELBOURNE - WEST,GREATER MELBOURNE
21351,SA2,2011-06-30,10713,Final,1351,West Footscray - Tottenham,Maribyrnong,MELBOURNE - WEST,GREATER MELBOURNE
21351,SA2,2012-06-30,10925,Revised,1351,West Footscray - Tottenham,Maribyrnong,MELBOURNE - WEST,GREATER MELBOURNE
21351,SA2,2013-06-30,11133,Revised,1351,West Footscray - Tottenham,Maribyrnong,MELBOURNE - WEST,GREATER MELBOURNE
21351,SA2,2014-06-30,11478,Revised,1351,West Footscray - Tottenham,Maribyrnong,MELBOURNE - WEST,GREATER MELBOURNE
21351,SA2,2015-06-30,11654,Preliminary,1351,West Footscray - Tottenham,Maribyrnong,MELBOURNE - WEST,GREATER MELBOURNE
21352,SA2,2005-06-30,13006,Final,1352,Yarraville,Maribyrnong,MELBOURNE - WEST,GREATER MELBOURNE
21352,SA2,2006-06-30,13205,Final,1352,Yarraville,Maribyrnong,MELBOURNE - WEST,GREATER MELBOURNE
21352,SA2,2007-06-30,13536,Final,1352,Yarraville,Maribyrnong,MELBOURNE - WEST,GREATER MELBOURNE
21352,SA2,2008-06-30,13815,Final,1352,Yarraville,Maribyrnong,MELBOURNE - WEST,GREATER MELBOURNE
21352,SA2,2009-06-30,14030,Final,1352,Yarraville,Maribyrnong,MELBOURNE - WEST,GREATER MELBOURNE
21352,SA2,2010-06-30,14185,Final,1352,Yarraville,Maribyrnong,MELBOURNE - WEST,GREATER MELBOURNE
21352,SA2,2011-06-30,14325,Final,1352,Yarraville,Maribyrnong,MELBOURNE - WEST,GREATER MELBOURNE
21352,SA2,2012-06-30,14563,Revised,1352,Yarraville,Maribyrnong,MELBOURNE - WEST,GREATER MELBOURNE
21352,SA2,2013-06-30,14798,Revised,1352,Yarraville,Maribyrnong,MELBOURNE - WEST,GREATER MELBOURNE
21352,SA2,2014-06-30,15095,Revised,1352,Yarraville,Maribyrnong,MELBOURNE - WEST,GREATER MELBOURNE
21352,SA2,2015-06-30,15324,Preliminary,1352,Yarraville,Maribyrnong,MELBOURNE - WEST,GREATER MELBOURNE
21353,SA2,2005-06-30,15345,Final,1353,Bacchus Marsh,Melton - Bacchus Marsh,MELBOURNE - WEST,GREATER MELBOURNE
21353,SA2,2006-06-30,15595,Final,1353,Bacchus Marsh,Melton - Bacchus Marsh,MELBOURNE - WEST,GREATER MELBOURNE
21353,SA2,2007-06-30,15844,Final,1353,Bacchus Marsh,Melton - Bacchus Marsh,MELBOURNE - WEST,GREATER MELBOURNE
21353,SA2,2008-06-30,16124,Final,1353,Bacchus Marsh,Melton - Bacchus Marsh,MELBOURNE - WEST,GREATER MELBOURNE
21353,SA2,2009-06-30,16584,Final,1353,Bacchus Marsh,Melton - Bacchus Marsh,MELBOURNE - WEST,GREATER MELBOURNE
21353,SA2,2010-06-30,17006,Final,1353,Bacchus Marsh,Melton - Bacchus Marsh,MELBOURNE - WEST,GREATER MELBOURNE
21353,SA2,2011-06-30,17488,Final,1353,Bacchus Marsh,Melton - Bacchus Marsh,MELBOURNE - WEST,GREATER MELBOURNE
21353,SA2,2012-06-30,18055,Revised,1353,Bacchus Marsh,Melton - Bacchus Marsh,MELBOURNE - WEST,GREATER MELBOURNE
21353,SA2,2013-06-30,18910,Revised,1353,Bacchus Marsh,Melton - Bacchus Marsh,MELBOURNE - WEST,GREATER MELBOURNE
21353,SA2,2014-06-30,19440,Revised,1353,Bacchus Marsh,Melton - Bacchus Marsh,MELBOURNE - WEST,GREATER MELBOURNE
21353,SA2,2015-06-30,19934,Preliminary,1353,Bacchus Marsh,Melton - Bacchus Marsh,MELBOURNE - WEST,GREATER MELBOURNE
21354,SA2,2005-06-30,14068,Final,1354,Caroline Springs,Melton - Bacchus Marsh,MELBOURNE - WEST,GREATER MELBOURNE
21354,SA2,2006-06-30,15993,Final,1354,Caroline Springs,Melton - Bacchus Marsh,MELBOURNE - WEST,GREATER MELBOURNE
21354,SA2,2007-06-30,17936,Final,1354,Caroline Springs,Melton - Bacchus Marsh,MELBOURNE - WEST,GREATER MELBOURNE
21354,SA2,2008-06-30,20007,Final,1354,Caroline Springs,Melton - Bacchus Marsh,MELBOURNE - WEST,GREATER MELBOURNE
21354,SA2,2009-06-30,22419,Final,1354,Caroline Springs,Melton - Bacchus Marsh,MELBOURNE - WEST,GREATER MELBOURNE
21354,SA2,2010-06-30,25051,Final,1354,Caroline Springs,Melton - Bacchus Marsh,MELBOURNE - WEST,GREATER MELBOURNE
21354,SA2,2011-06-30,26983,Final,1354,Caroline Springs,Melton - Bacchus Marsh,MELBOURNE - WEST,GREATER MELBOURNE
21354,SA2,2012-06-30,28349,Revised,1354,Caroline Springs,Melton - Bacchus Marsh,MELBOURNE - WEST,GREATER MELBOURNE
21354,SA2,2013-06-30,29536,Revised,1354,Caroline Springs,Melton - Bacchus Marsh,MELBOURNE - WEST,GREATER MELBOURNE
21354,SA2,2014-06-30,30418,Revised,1354,Caroline Springs,Melton - Bacchus Marsh,MELBOURNE - WEST,GREATER MELBOURNE
21354,SA2,2015-06-30,31083,Preliminary,1354,Caroline Springs,Melton - Bacchus Marsh,MELBOURNE - WEST,GREATER MELBOURNE
21355,SA2,2005-06-30,13302,Final,1355,Hillside,Melton - Bacchus Marsh,MELBOURNE - WEST,GREATER MELBOURNE
21355,SA2,2006-06-30,14034,Final,1355,Hillside,Melton - Bacchus Marsh,MELBOURNE - WEST,GREATER MELBOURNE
21355,SA2,2007-06-30,14579,Final,1355,Hillside,Melton - Bacchus Marsh,MELBOURNE - WEST,GREATER MELBOURNE
21355,SA2,2008-06-30,15111,Final,1355,Hillside,Melton - Bacchus Marsh,MELBOURNE - WEST,GREATER MELBOURNE
21355,SA2,2009-06-30,15579,Final,1355,Hillside,Melton - Bacchus Marsh,MELBOURNE - WEST,GREATER MELBOURNE
21355,SA2,2010-06-30,15901,Final,1355,Hillside,Melton - Bacchus Marsh,MELBOURNE - WEST,GREATER MELBOURNE
21355,SA2,2011-06-30,16180,Final,1355,Hillside,Melton - Bacchus Marsh,MELBOURNE - WEST,GREATER MELBOURNE
21355,SA2,2012-06-30,16347,Revised,1355,Hillside,Melton - Bacchus Marsh,MELBOURNE - WEST,GREATER MELBOURNE
21355,SA2,2013-06-30,16788,Revised,1355,Hillside,Melton - Bacchus Marsh,MELBOURNE - WEST,GREATER MELBOURNE
21355,SA2,2014-06-30,17698,Revised,1355,Hillside,Melton - Bacchus Marsh,MELBOURNE - WEST,GREATER MELBOURNE
21355,SA2,2015-06-30,18887,Preliminary,1355,Hillside,Melton - Bacchus Marsh,MELBOURNE - WEST,GREATER MELBOURNE
21356,SA2,2005-06-30,14834,Final,1356,Melton,Melton - Bacchus Marsh,MELBOURNE - WEST,GREATER MELBOURNE
21356,SA2,2006-06-30,15220,Final,1356,Melton,Melton - Bacchus Marsh,MELBOURNE - WEST,GREATER MELBOURNE
21356,SA2,2007-06-30,15765,Final,1356,Melton,Melton - Bacchus Marsh,MELBOURNE - WEST,GREATER MELBOURNE
21356,SA2,2008-06-30,16275,Final,1356,Melton,Melton - Bacchus Marsh,MELBOURNE - WEST,GREATER MELBOURNE
21356,SA2,2009-06-30,16932,Final,1356,Melton,Melton - Bacchus Marsh,MELBOURNE - WEST,GREATER MELBOURNE
21356,SA2,2010-06-30,17713,Final,1356,Melton,Melton - Bacchus Marsh,MELBOURNE - WEST,GREATER MELBOURNE
21356,SA2,2011-06-30,18247,Final,1356,Melton,Melton - Bacchus Marsh,MELBOURNE - WEST,GREATER MELBOURNE
21356,SA2,2012-06-30,18832,Revised,1356,Melton,Melton - Bacchus Marsh,MELBOURNE - WEST,GREATER MELBOURNE
21356,SA2,2013-06-30,19142,Revised,1356,Melton,Melton - Bacchus Marsh,MELBOURNE - WEST,GREATER MELBOURNE
21356,SA2,2014-06-30,19501,Revised,1356,Melton,Melton - Bacchus Marsh,MELBOURNE - WEST,GREATER MELBOURNE
21356,SA2,2015-06-30,19977,Preliminary,1356,Melton,Melton - Bacchus Marsh,MELBOURNE - WEST,GREATER MELBOURNE
21357,SA2,2005-06-30,12136,Final,1357,Melton South,Melton - Bacchus Marsh,MELBOURNE - WEST,GREATER MELBOURNE
21357,SA2,2006-06-30,12217,Final,1357,Melton South,Melton - Bacchus Marsh,MELBOURNE - WEST,GREATER MELBOURNE
21357,SA2,2007-06-30,12434,Final,1357,Melton South,Melton - Bacchus Marsh,MELBOURNE - WEST,GREATER MELBOURNE
21357,SA2,2008-06-30,12983,Final,1357,Melton South,Melton - Bacchus Marsh,MELBOURNE - WEST,GREATER MELBOURNE
21357,SA2,2009-06-30,13977,Final,1357,Melton South,Melton - Bacchus Marsh,MELBOURNE - WEST,GREATER MELBOURNE
21357,SA2,2010-06-30,14983,Final,1357,Melton South,Melton - Bacchus Marsh,MELBOURNE - WEST,GREATER MELBOURNE
21357,SA2,2011-06-30,16031,Final,1357,Melton South,Melton - Bacchus Marsh,MELBOURNE - WEST,GREATER MELBOURNE
21357,SA2,2012-06-30,17742,Revised,1357,Melton South,Melton - Bacchus Marsh,MELBOURNE - WEST,GREATER MELBOURNE
21357,SA2,2013-06-30,19409,Revised,1357,Melton South,Melton - Bacchus Marsh,MELBOURNE - WEST,GREATER MELBOURNE
21357,SA2,2014-06-30,20915,Revised,1357,Melton South,Melton - Bacchus Marsh,MELBOURNE - WEST,GREATER MELBOURNE
21357,SA2,2015-06-30,22484,Preliminary,1357,Melton South,Melton - Bacchus Marsh,MELBOURNE - WEST,GREATER MELBOURNE
21358,SA2,2005-06-30,9683,Final,1358,Melton West,Melton - Bacchus Marsh,MELBOURNE - WEST,GREATER MELBOURNE
21358,SA2,2006-06-30,10565,Final,1358,Melton West,Melton - Bacchus Marsh,MELBOURNE - WEST,GREATER MELBOURNE
21358,SA2,2007-06-30,11358,Final,1358,Melton West,Melton - Bacchus Marsh,MELBOURNE - WEST,GREATER MELBOURNE
21358,SA2,2008-06-30,12132,Final,1358,Melton West,Melton - Bacchus Marsh,MELBOURNE - WEST,GREATER MELBOURNE
21358,SA2,2009-06-30,12987,Final,1358,Melton West,Melton - Bacchus Marsh,MELBOURNE - WEST,GREATER MELBOURNE
21358,SA2,2010-06-30,13764,Final,1358,Melton West,Melton - Bacchus Marsh,MELBOURNE - WEST,GREATER MELBOURNE
21358,SA2,2011-06-30,14514,Final,1358,Melton West,Melton - Bacchus Marsh,MELBOURNE - WEST,GREATER MELBOURNE
21358,SA2,2012-06-30,15251,Revised,1358,Melton West,Melton - Bacchus Marsh,MELBOURNE - WEST,GREATER MELBOURNE
21358,SA2,2013-06-30,15877,Revised,1358,Melton West,Melton - Bacchus Marsh,MELBOURNE - WEST,GREATER MELBOURNE
21358,SA2,2014-06-30,16461,Revised,1358,Melton West,Melton - Bacchus Marsh,MELBOURNE - WEST,GREATER MELBOURNE
21358,SA2,2015-06-30,17039,Preliminary,1358,Melton West,Melton - Bacchus Marsh,MELBOURNE - WEST,GREATER MELBOURNE
21359,SA2,2005-06-30,2245,Final,1359,Rockbank - Mount Cottrell,Melton - Bacchus Marsh,MELBOURNE - WEST,GREATER MELBOURNE
21359,SA2,2006-06-30,2386,Final,1359,Rockbank - Mount Cottrell,Melton - Bacchus Marsh,MELBOURNE - WEST,GREATER MELBOURNE
21359,SA2,2007-06-30,2446,Final,1359,Rockbank - Mount Cottrell,Melton - Bacchus Marsh,MELBOURNE - WEST,GREATER MELBOURNE
21359,SA2,2008-06-30,2489,Final,1359,Rockbank - Mount Cottrell,Melton - Bacchus Marsh,MELBOURNE - WEST,GREATER MELBOURNE
21359,SA2,2009-06-30,2572,Final,1359,Rockbank - Mount Cottrell,Melton - Bacchus Marsh,MELBOURNE - WEST,GREATER MELBOURNE
21359,SA2,2010-06-30,2673,Final,1359,Rockbank - Mount Cottrell,Melton - Bacchus Marsh,MELBOURNE - WEST,GREATER MELBOURNE
21359,SA2,2011-06-30,2772,Final,1359,Rockbank - Mount Cottrell,Melton - Bacchus Marsh,MELBOURNE - WEST,GREATER MELBOURNE
21359,SA2,2012-06-30,2777,Revised,1359,Rockbank - Mount Cottrell,Melton - Bacchus Marsh,MELBOURNE - WEST,GREATER MELBOURNE
21359,SA2,2013-06-30,2810,Revised,1359,Rockbank - Mount Cottrell,Melton - Bacchus Marsh,MELBOURNE - WEST,GREATER MELBOURNE
21359,SA2,2014-06-30,2914,Revised,1359,Rockbank - Mount Cottrell,Melton - Bacchus Marsh,MELBOURNE - WEST,GREATER MELBOURNE
21359,SA2,2015-06-30,3063,Preliminary,1359,Rockbank - Mount Cottrell,Melton - Bacchus Marsh,MELBOURNE - WEST,GREATER MELBOURNE
21360,SA2,2005-06-30,6073,Final,1360,Taylors Hill,Melton - Bacchus Marsh,MELBOURNE - WEST,GREATER MELBOURNE
21360,SA2,2006-06-30,8253,Final,1360,Taylors Hill,Melton - Bacchus Marsh,MELBOURNE - WEST,GREATER MELBOURNE
21360,SA2,2007-06-30,10309,Final,1360,Taylors Hill,Melton - Bacchus Marsh,MELBOURNE - WEST,GREATER MELBOURNE
21360,SA2,2008-06-30,12082,Final,1360,Taylors Hill,Melton - Bacchus Marsh,MELBOURNE - WEST,GREATER MELBOURNE
21360,SA2,2009-06-30,13753,Final,1360,Taylors Hill,Melton - Bacchus Marsh,MELBOURNE - WEST,GREATER MELBOURNE
21360,SA2,2010-06-30,15210,Final,1360,Taylors Hill,Melton - Bacchus Marsh,MELBOURNE - WEST,GREATER MELBOURNE
21360,SA2,2011-06-30,16011,Final,1360,Taylors Hill,Melton - Bacchus Marsh,MELBOURNE - WEST,GREATER MELBOURNE
21360,SA2,2012-06-30,16693,Revised,1360,Taylors Hill,Melton - Bacchus Marsh,MELBOURNE - WEST,GREATER MELBOURNE
21360,SA2,2013-06-30,17325,Revised,1360,Taylors Hill,Melton - Bacchus Marsh,MELBOURNE - WEST,GREATER MELBOURNE
21360,SA2,2014-06-30,17788,Revised,1360,Taylors Hill,Melton - Bacchus Marsh,MELBOURNE - WEST,GREATER MELBOURNE
21360,SA2,2015-06-30,18276,Preliminary,1360,Taylors Hill,Melton - Bacchus Marsh,MELBOURNE - WEST,GREATER MELBOURNE
21361,SA2,2005-06-30,19322,Final,1361,Hoppers Crossing - North,Wyndham,MELBOURNE - WEST,GREATER MELBOURNE
21361,SA2,2006-06-30,19406,Final,1361,Hoppers Crossing - North,Wyndham,MELBOURNE - WEST,GREATER MELBOURNE
21361,SA2,2007-06-30,19469,Final,1361,Hoppers Crossing - North,Wyndham,MELBOURNE - WEST,GREATER MELBOURNE
21361,SA2,2008-06-30,19518,Final,1361,Hoppers Crossing - North,Wyndham,MELBOURNE - WEST,GREATER MELBOURNE
21361,SA2,2009-06-30,19559,Final,1361,Hoppers Crossing - North,Wyndham,MELBOURNE - WEST,GREATER MELBOURNE
21361,SA2,2010-06-30,19591,Final,1361,Hoppers Crossing - North,Wyndham,MELBOURNE - WEST,GREATER MELBOURNE
21361,SA2,2011-06-30,19603,Final,1361,Hoppers Crossing - North,Wyndham,MELBOURNE - WEST,GREATER MELBOURNE
21361,SA2,2012-06-30,19621,Revised,1361,Hoppers Crossing - North,Wyndham,MELBOURNE - WEST,GREATER MELBOURNE
21361,SA2,2013-06-30,20021,Revised,1361,Hoppers Crossing - North,Wyndham,MELBOURNE - WEST,GREATER MELBOURNE
21361,SA2,2014-06-30,19957,Revised,1361,Hoppers Crossing - North,Wyndham,MELBOURNE - WEST,GREATER MELBOURNE
21361,SA2,2015-06-30,19969,Preliminary,1361,Hoppers Crossing - North,Wyndham,MELBOURNE - WEST,GREATER MELBOURNE
21362,SA2,2005-06-30,19738,Final,1362,Hoppers Crossing - South,Wyndham,MELBOURNE - WEST,GREATER MELBOURNE
21362,SA2,2006-06-30,19577,Final,1362,Hoppers Crossing - South,Wyndham,MELBOURNE - WEST,GREATER MELBOURNE
21362,SA2,2007-06-30,19315,Final,1362,Hoppers Crossing - South,Wyndham,MELBOURNE - WEST,GREATER MELBOURNE
21362,SA2,2008-06-30,19161,Final,1362,Hoppers Crossing - South,Wyndham,MELBOURNE - WEST,GREATER MELBOURNE
21362,SA2,2009-06-30,19208,Final,1362,Hoppers Crossing - South,Wyndham,MELBOURNE - WEST,GREATER MELBOURNE
21362,SA2,2010-06-30,19241,Final,1362,Hoppers Crossing - South,Wyndham,MELBOURNE - WEST,GREATER MELBOURNE
21362,SA2,2011-06-30,19327,Final,1362,Hoppers Crossing - South,Wyndham,MELBOURNE - WEST,GREATER MELBOURNE
21362,SA2,2012-06-30,19321,Revised,1362,Hoppers Crossing - South,Wyndham,MELBOURNE - WEST,GREATER MELBOURNE
21362,SA2,2013-06-30,19620,Revised,1362,Hoppers Crossing - South,Wyndham,MELBOURNE - WEST,GREATER MELBOURNE
21362,SA2,2014-06-30,19493,Revised,1362,Hoppers Crossing - South,Wyndham,MELBOURNE - WEST,GREATER MELBOURNE
21362,SA2,2015-06-30,19329,Preliminary,1362,Hoppers Crossing - South,Wyndham,MELBOURNE - WEST,GREATER MELBOURNE
21363,SA2,2005-06-30,4553,Final,1363,Laverton,Wyndham,MELBOURNE - WEST,GREATER MELBOURNE
21363,SA2,2006-06-30,4551,Final,1363,Laverton,Wyndham,MELBOURNE - WEST,GREATER MELBOURNE
21363,SA2,2007-06-30,4571,Final,1363,Laverton,Wyndham,MELBOURNE - WEST,GREATER MELBOURNE
21363,SA2,2008-06-30,4665,Final,1363,Laverton,Wyndham,MELBOURNE - WEST,GREATER MELBOURNE
21363,SA2,2009-06-30,4830,Final,1363,Laverton,Wyndham,MELBOURNE - WEST,GREATER MELBOURNE
21363,SA2,2010-06-30,5130,Final,1363,Laverton,Wyndham,MELBOURNE - WEST,GREATER MELBOURNE
21363,SA2,2011-06-30,5587,Final,1363,Laverton,Wyndham,MELBOURNE - WEST,GREATER MELBOURNE
21363,SA2,2012-06-30,6138,Revised,1363,Laverton,Wyndham,MELBOURNE - WEST,GREATER MELBOURNE
21363,SA2,2013-06-30,6469,Revised,1363,Laverton,Wyndham,MELBOURNE - WEST,GREATER MELBOURNE
21363,SA2,2014-06-30,7096,Revised,1363,Laverton,Wyndham,MELBOURNE - WEST,GREATER MELBOURNE
21363,SA2,2015-06-30,7785,Preliminary,1363,Laverton,Wyndham,MELBOURNE - WEST,GREATER MELBOURNE
21364,SA2,2005-06-30,11588,Final,1364,Point Cook,Wyndham,MELBOURNE - WEST,GREATER MELBOURNE
21364,SA2,2006-06-30,14540,Final,1364,Point Cook,Wyndham,MELBOURNE - WEST,GREATER MELBOURNE
21364,SA2,2007-06-30,17606,Final,1364,Point Cook,Wyndham,MELBOURNE - WEST,GREATER MELBOURNE
21364,SA2,2008-06-30,21040,Final,1364,Point Cook,Wyndham,MELBOURNE - WEST,GREATER MELBOURNE
21364,SA2,2009-06-30,24747,Final,1364,Point Cook,Wyndham,MELBOURNE - WEST,GREATER MELBOURNE
21364,SA2,2010-06-30,29093,Final,1364,Point Cook,Wyndham,MELBOURNE - WEST,GREATER MELBOURNE
21364,SA2,2011-06-30,33362,Final,1364,Point Cook,Wyndham,MELBOURNE - WEST,GREATER MELBOURNE
21364,SA2,2012-06-30,37240,Revised,1364,Point Cook,Wyndham,MELBOURNE - WEST,GREATER MELBOURNE
21364,SA2,2013-06-30,40443,Revised,1364,Point Cook,Wyndham,MELBOURNE - WEST,GREATER MELBOURNE
21364,SA2,2014-06-30,43976,Revised,1364,Point Cook,Wyndham,MELBOURNE - WEST,GREATER MELBOURNE
21364,SA2,2015-06-30,47207,Preliminary,1364,Point Cook,Wyndham,MELBOURNE - WEST,GREATER MELBOURNE
21365,SA2,2005-06-30,5683,Final,1365,Tarneit,Wyndham,MELBOURNE - WEST,GREATER MELBOURNE
21365,SA2,2006-06-30,7740,Final,1365,Tarneit,Wyndham,MELBOURNE - WEST,GREATER MELBOURNE
21365,SA2,2007-06-30,10753,Final,1365,Tarneit,Wyndham,MELBOURNE - WEST,GREATER MELBOURNE
21365,SA2,2008-06-30,13456,Final,1365,Tarneit,Wyndham,MELBOURNE - WEST,GREATER MELBOURNE
21365,SA2,2009-06-30,16290,Final,1365,Tarneit,Wyndham,MELBOURNE - WEST,GREATER MELBOURNE
21365,SA2,2010-06-30,19632,Final,1365,Tarneit,Wyndham,MELBOURNE - WEST,GREATER MELBOURNE
21365,SA2,2011-06-30,22534,Final,1365,Tarneit,Wyndham,MELBOURNE - WEST,GREATER MELBOURNE
21365,SA2,2012-06-30,25875,Revised,1365,Tarneit,Wyndham,MELBOURNE - WEST,GREATER MELBOURNE
21365,SA2,2013-06-30,28139,Revised,1365,Tarneit,Wyndham,MELBOURNE - WEST,GREATER MELBOURNE
21365,SA2,2014-06-30,31424,Revised,1365,Tarneit,Wyndham,MELBOURNE - WEST,GREATER MELBOURNE
21365,SA2,2015-06-30,33950,Preliminary,1365,Tarneit,Wyndham,MELBOURNE - WEST,GREATER MELBOURNE
21366,SA2,2005-06-30,2457,Final,1366,Truganina,Wyndham,MELBOURNE - WEST,GREATER MELBOURNE
21366,SA2,2006-06-30,3128,Final,1366,Truganina,Wyndham,MELBOURNE - WEST,GREATER MELBOURNE
21366,SA2,2007-06-30,4347,Final,1366,Truganina,Wyndham,MELBOURNE - WEST,GREATER MELBOURNE
21366,SA2,2008-06-30,5770,Final,1366,Truganina,Wyndham,MELBOURNE - WEST,GREATER MELBOURNE
21366,SA2,2009-06-30,7527,Final,1366,Truganina,Wyndham,MELBOURNE - WEST,GREATER MELBOURNE
21366,SA2,2010-06-30,9365,Final,1366,Truganina,Wyndham,MELBOURNE - WEST,GREATER MELBOURNE
21366,SA2,2011-06-30,11544,Final,1366,Truganina,Wyndham,MELBOURNE - WEST,GREATER MELBOURNE
21366,SA2,2012-06-30,13481,Revised,1366,Truganina,Wyndham,MELBOURNE - WEST,GREATER MELBOURNE
21366,SA2,2013-06-30,14954,Revised,1366,Truganina,Wyndham,MELBOURNE - WEST,GREATER MELBOURNE
21366,SA2,2014-06-30,17463,Revised,1366,Truganina,Wyndham,MELBOURNE - WEST,GREATER MELBOURNE
21366,SA2,2015-06-30,20035,Preliminary,1366,Truganina,Wyndham,MELBOURNE - WEST,GREATER MELBOURNE
21367,SA2,2005-06-30,29466,Final,1367,Werribee,Wyndham,MELBOURNE - WEST,GREATER MELBOURNE
21367,SA2,2006-06-30,29683,Final,1367,Werribee,Wyndham,MELBOURNE - WEST,GREATER MELBOURNE
21367,SA2,2007-06-30,29843,Final,1367,Werribee,Wyndham,MELBOURNE - WEST,GREATER MELBOURNE
21367,SA2,2008-06-30,30089,Final,1367,Werribee,Wyndham,MELBOURNE - WEST,GREATER MELBOURNE
21367,SA2,2009-06-30,30428,Final,1367,Werribee,Wyndham,MELBOURNE - WEST,GREATER MELBOURNE
21367,SA2,2010-06-30,30643,Final,1367,Werribee,Wyndham,MELBOURNE - WEST,GREATER MELBOURNE
21367,SA2,2011-06-30,30834,Final,1367,Werribee,Wyndham,MELBOURNE - WEST,GREATER MELBOURNE
21367,SA2,2012-06-30,31375,Revised,1367,Werribee,Wyndham,MELBOURNE - WEST,GREATER MELBOURNE
21367,SA2,2013-06-30,31984,Revised,1367,Werribee,Wyndham,MELBOURNE - WEST,GREATER MELBOURNE
21367,SA2,2014-06-30,32100,Revised,1367,Werribee,Wyndham,MELBOURNE - WEST,GREATER MELBOURNE
21367,SA2,2015-06-30,32733,Preliminary,1367,Werribee,Wyndham,MELBOURNE - WEST,GREATER MELBOURNE
21368,SA2,2005-06-30,10252,Final,1368,Werribee - South,Wyndham,MELBOURNE - WEST,GREATER MELBOURNE
21368,SA2,2006-06-30,10291,Final,1368,Werribee - South,Wyndham,MELBOURNE - WEST,GREATER MELBOURNE
21368,SA2,2007-06-30,10367,Final,1368,Werribee - South,Wyndham,MELBOURNE - WEST,GREATER MELBOURNE
21368,SA2,2008-06-30,10455,Final,1368,Werribee - South,Wyndham,MELBOURNE - WEST,GREATER MELBOURNE
21368,SA2,2009-06-30,10604,Final,1368,Werribee - South,Wyndham,MELBOURNE - WEST,GREATER MELBOURNE
21368,SA2,2010-06-30,10743,Final,1368,Werribee - South,Wyndham,MELBOURNE - WEST,GREATER MELBOURNE
21368,SA2,2011-06-30,10862,Final,1368,Werribee - South,Wyndham,MELBOURNE - WEST,GREATER MELBOURNE
21368,SA2,2012-06-30,11119,Revised,1368,Werribee - South,Wyndham,MELBOURNE - WEST,GREATER MELBOURNE
21368,SA2,2013-06-30,11425,Revised,1368,Werribee - South,Wyndham,MELBOURNE - WEST,GREATER MELBOURNE
21368,SA2,2014-06-30,11639,Revised,1368,Werribee - South,Wyndham,MELBOURNE - WEST,GREATER MELBOURNE
21368,SA2,2015-06-30,11947,Preliminary,1368,Werribee - South,Wyndham,MELBOURNE - WEST,GREATER MELBOURNE
21369,SA2,2005-06-30,9754,Final,1369,Wyndham Vale,Wyndham,MELBOURNE - WEST,GREATER MELBOURNE
21369,SA2,2006-06-30,10658,Final,1369,Wyndham Vale,Wyndham,MELBOURNE - WEST,GREATER MELBOURNE
21369,SA2,2007-06-30,11838,Final,1369,Wyndham Vale,Wyndham,MELBOURNE - WEST,GREATER MELBOURNE
21369,SA2,2008-06-30,13168,Final,1369,Wyndham Vale,Wyndham,MELBOURNE - WEST,GREATER MELBOURNE
21369,SA2,2009-06-30,14688,Final,1369,Wyndham Vale,Wyndham,MELBOURNE - WEST,GREATER MELBOURNE
21369,SA2,2010-06-30,16365,Final,1369,Wyndham Vale,Wyndham,MELBOURNE - WEST,GREATER MELBOURNE
21369,SA2,2011-06-30,17687,Final,1369,Wyndham Vale,Wyndham,MELBOURNE - WEST,GREATER MELBOURNE
21369,SA2,2012-06-30,19545,Revised,1369,Wyndham Vale,Wyndham,MELBOURNE - WEST,GREATER MELBOURNE
21369,SA2,2013-06-30,21336,Revised,1369,Wyndham Vale,Wyndham,MELBOURNE - WEST,GREATER MELBOURNE
21369,SA2,2014-06-30,22352,Revised,1369,Wyndham Vale,Wyndham,MELBOURNE - WEST,GREATER MELBOURNE
21369,SA2,2015-06-30,23293,Preliminary,1369,Wyndham Vale,Wyndham,MELBOURNE - WEST,GREATER MELBOURNE
21370,SA2,2005-06-30,17122,Final,1370,Carrum Downs,Frankston,MORNINGTON PENINSULA,GREATER MELBOURNE
21370,SA2,2006-06-30,17550,Final,1370,Carrum Downs,Frankston,MORNINGTON PENINSULA,GREATER MELBOURNE
21370,SA2,2007-06-30,17898,Final,1370,Carrum Downs,Frankston,MORNINGTON PENINSULA,GREATER MELBOURNE
21370,SA2,2008-06-30,18342,Final,1370,Carrum Downs,Frankston,MORNINGTON PENINSULA,GREATER MELBOURNE
21370,SA2,2009-06-30,19058,Final,1370,Carrum Downs,Frankston,MORNINGTON PENINSULA,GREATER MELBOURNE
21370,SA2,2010-06-30,19499,Final,1370,Carrum Downs,Frankston,MORNINGTON PENINSULA,GREATER MELBOURNE
21370,SA2,2011-06-30,19682,Final,1370,Carrum Downs,Frankston,MORNINGTON PENINSULA,GREATER MELBOURNE
21370,SA2,2012-06-30,19871,Revised,1370,Carrum Downs,Frankston,MORNINGTON PENINSULA,GREATER MELBOURNE
21370,SA2,2013-06-30,20446,Revised,1370,Carrum Downs,Frankston,MORNINGTON PENINSULA,GREATER MELBOURNE
21370,SA2,2014-06-30,20781,Revised,1370,Carrum Downs,Frankston,MORNINGTON PENINSULA,GREATER MELBOURNE
21370,SA2,2015-06-30,21014,Preliminary,1370,Carrum Downs,Frankston,MORNINGTON PENINSULA,GREATER MELBOURNE
21371,SA2,2005-06-30,21540,Final,1371,Frankston,Frankston,MORNINGTON PENINSULA,GREATER MELBOURNE
21371,SA2,2006-06-30,21540,Final,1371,Frankston,Frankston,MORNINGTON PENINSULA,GREATER MELBOURNE
21371,SA2,2007-06-30,21697,Final,1371,Frankston,Frankston,MORNINGTON PENINSULA,GREATER MELBOURNE
21371,SA2,2008-06-30,21951,Final,1371,Frankston,Frankston,MORNINGTON PENINSULA,GREATER MELBOURNE
21371,SA2,2009-06-30,22103,Final,1371,Frankston,Frankston,MORNINGTON PENINSULA,GREATER MELBOURNE
21371,SA2,2010-06-30,22239,Final,1371,Frankston,Frankston,MORNINGTON PENINSULA,GREATER MELBOURNE
21371,SA2,2011-06-30,22301,Final,1371,Frankston,Frankston,MORNINGTON PENINSULA,GREATER MELBOURNE
21371,SA2,2012-06-30,22377,Revised,1371,Frankston,Frankston,MORNINGTON PENINSULA,GREATER MELBOURNE
21371,SA2,2013-06-30,22532,Revised,1371,Frankston,Frankston,MORNINGTON PENINSULA,GREATER MELBOURNE
21371,SA2,2014-06-30,22660,Revised,1371,Frankston,Frankston,MORNINGTON PENINSULA,GREATER MELBOURNE
21371,SA2,2015-06-30,22960,Preliminary,1371,Frankston,Frankston,MORNINGTON PENINSULA,GREATER MELBOURNE
21372,SA2,2005-06-30,19255,Final,1372,Frankston North,Frankston,MORNINGTON PENINSULA,GREATER MELBOURNE
21372,SA2,2006-06-30,19105,Final,1372,Frankston North,Frankston,MORNINGTON PENINSULA,GREATER MELBOURNE
21372,SA2,2007-06-30,19160,Final,1372,Frankston North,Frankston,MORNINGTON PENINSULA,GREATER MELBOURNE
21372,SA2,2008-06-30,19289,Final,1372,Frankston North,Frankston,MORNINGTON PENINSULA,GREATER MELBOURNE
21372,SA2,2009-06-30,19458,Final,1372,Frankston North,Frankston,MORNINGTON PENINSULA,GREATER MELBOURNE
21372,SA2,2010-06-30,19581,Final,1372,Frankston North,Frankston,MORNINGTON PENINSULA,GREATER MELBOURNE
21372,SA2,2011-06-30,19620,Final,1372,Frankston North,Frankston,MORNINGTON PENINSULA,GREATER MELBOURNE
21372,SA2,2012-06-30,19672,Revised,1372,Frankston North,Frankston,MORNINGTON PENINSULA,GREATER MELBOURNE
21372,SA2,2013-06-30,19488,Revised,1372,Frankston North,Frankston,MORNINGTON PENINSULA,GREATER MELBOURNE
21372,SA2,2014-06-30,19590,Revised,1372,Frankston North,Frankston,MORNINGTON PENINSULA,GREATER MELBOURNE
21372,SA2,2015-06-30,19565,Preliminary,1372,Frankston North,Frankston,MORNINGTON PENINSULA,GREATER MELBOURNE
21373,SA2,2005-06-30,17519,Final,1373,Frankston South,Frankston,MORNINGTON PENINSULA,GREATER MELBOURNE
21373,SA2,2006-06-30,17722,Final,1373,Frankston South,Frankston,MORNINGTON PENINSULA,GREATER MELBOURNE
21373,SA2,2007-06-30,17823,Final,1373,Frankston South,Frankston,MORNINGTON PENINSULA,GREATER MELBOURNE
21373,SA2,2008-06-30,17928,Final,1373,Frankston South,Frankston,MORNINGTON PENINSULA,GREATER MELBOURNE
21373,SA2,2009-06-30,18084,Final,1373,Frankston South,Frankston,MORNINGTON PENINSULA,GREATER MELBOURNE
21373,SA2,2010-06-30,18176,Final,1373,Frankston South,Frankston,MORNINGTON PENINSULA,GREATER MELBOURNE
21373,SA2,2011-06-30,18260,Final,1373,Frankston South,Frankston,MORNINGTON PENINSULA,GREATER MELBOURNE
21373,SA2,2012-06-30,18338,Revised,1373,Frankston South,Frankston,MORNINGTON PENINSULA,GREATER MELBOURNE
21373,SA2,2013-06-30,18472,Revised,1373,Frankston South,Frankston,MORNINGTON PENINSULA,GREATER MELBOURNE
21373,SA2,2014-06-30,18539,Revised,1373,Frankston South,Frankston,MORNINGTON PENINSULA,GREATER MELBOURNE
21373,SA2,2015-06-30,18574,Preliminary,1373,Frankston South,Frankston,MORNINGTON PENINSULA,GREATER MELBOURNE
21374,SA2,2005-06-30,21036,Final,1374,Langwarrin,Frankston,MORNINGTON PENINSULA,GREATER MELBOURNE
21374,SA2,2006-06-30,21236,Final,1374,Langwarrin,Frankston,MORNINGTON PENINSULA,GREATER MELBOURNE
21374,SA2,2007-06-30,21638,Final,1374,Langwarrin,Frankston,MORNINGTON PENINSULA,GREATER MELBOURNE
21374,SA2,2008-06-30,22222,Final,1374,Langwarrin,Frankston,MORNINGTON PENINSULA,GREATER MELBOURNE
21374,SA2,2009-06-30,22770,Final,1374,Langwarrin,Frankston,MORNINGTON PENINSULA,GREATER MELBOURNE
21374,SA2,2010-06-30,23095,Final,1374,Langwarrin,Frankston,MORNINGTON PENINSULA,GREATER MELBOURNE
21374,SA2,2011-06-30,23163,Final,1374,Langwarrin,Frankston,MORNINGTON PENINSULA,GREATER MELBOURNE
21374,SA2,2012-06-30,23209,Revised,1374,Langwarrin,Frankston,MORNINGTON PENINSULA,GREATER MELBOURNE
21374,SA2,2013-06-30,23288,Revised,1374,Langwarrin,Frankston,MORNINGTON PENINSULA,GREATER MELBOURNE
21374,SA2,2014-06-30,23490,Revised,1374,Langwarrin,Frankston,MORNINGTON PENINSULA,GREATER MELBOURNE
21374,SA2,2015-06-30,23635,Preliminary,1374,Langwarrin,Frankston,MORNINGTON PENINSULA,GREATER MELBOURNE
21375,SA2,2005-06-30,15840,Final,1375,Seaford (Vic.),Frankston,MORNINGTON PENINSULA,GREATER MELBOURNE
21375,SA2,2006-06-30,15892,Final,1375,Seaford (Vic.),Frankston,MORNINGTON PENINSULA,GREATER MELBOURNE
21375,SA2,2007-06-30,16013,Final,1375,Seaford (Vic.),Frankston,MORNINGTON PENINSULA,GREATER MELBOURNE
21375,SA2,2008-06-30,16201,Final,1375,Seaford (Vic.),Frankston,MORNINGTON PENINSULA,GREATER MELBOURNE
21375,SA2,2009-06-30,16408,Final,1375,Seaford (Vic.),Frankston,MORNINGTON PENINSULA,GREATER MELBOURNE
21375,SA2,2010-06-30,16516,Final,1375,Seaford (Vic.),Frankston,MORNINGTON PENINSULA,GREATER MELBOURNE
21375,SA2,2011-06-30,16574,Final,1375,Seaford (Vic.),Frankston,MORNINGTON PENINSULA,GREATER MELBOURNE
21375,SA2,2012-06-30,16727,Revised,1375,Seaford (Vic.),Frankston,MORNINGTON PENINSULA,GREATER MELBOURNE
21375,SA2,2013-06-30,16867,Revised,1375,Seaford (Vic.),Frankston,MORNINGTON PENINSULA,GREATER MELBOURNE
21375,SA2,2014-06-30,16984,Revised,1375,Seaford (Vic.),Frankston,MORNINGTON PENINSULA,GREATER MELBOURNE
21375,SA2,2015-06-30,16996,Preliminary,1375,Seaford (Vic.),Frankston,MORNINGTON PENINSULA,GREATER MELBOURNE
21376,SA2,2005-06-30,6218,Final,1376,Skye - Sandhurst,Frankston,MORNINGTON PENINSULA,GREATER MELBOURNE
21376,SA2,2006-06-30,7103,Final,1376,Skye - Sandhurst,Frankston,MORNINGTON PENINSULA,GREATER MELBOURNE
21376,SA2,2007-06-30,7953,Final,1376,Skye - Sandhurst,Frankston,MORNINGTON PENINSULA,GREATER MELBOURNE
21376,SA2,2008-06-30,8756,Final,1376,Skye - Sandhurst,Frankston,MORNINGTON PENINSULA,GREATER MELBOURNE
21376,SA2,2009-06-30,9371,Final,1376,Skye - Sandhurst,Frankston,MORNINGTON PENINSULA,GREATER MELBOURNE
21376,SA2,2010-06-30,9946,Final,1376,Skye - Sandhurst,Frankston,MORNINGTON PENINSULA,GREATER MELBOURNE
21376,SA2,2011-06-30,10750,Final,1376,Skye - Sandhurst,Frankston,MORNINGTON PENINSULA,GREATER MELBOURNE
21376,SA2,2012-06-30,11560,Revised,1376,Skye - Sandhurst,Frankston,MORNINGTON PENINSULA,GREATER MELBOURNE
21376,SA2,2013-06-30,12332,Revised,1376,Skye - Sandhurst,Frankston,MORNINGTON PENINSULA,GREATER MELBOURNE
21376,SA2,2014-06-30,12855,Revised,1376,Skye - Sandhurst,Frankston,MORNINGTON PENINSULA,GREATER MELBOURNE
21376,SA2,2015-06-30,13227,Preliminary,1376,Skye - Sandhurst,Frankston,MORNINGTON PENINSULA,GREATER MELBOURNE
21377,SA2,2005-06-30,8588,Final,1377,Dromana,Mornington Peninsula,MORNINGTON PENINSULA,GREATER MELBOURNE
21377,SA2,2006-06-30,8636,Final,1377,Dromana,Mornington Peninsula,MORNINGTON PENINSULA,GREATER MELBOURNE
21377,SA2,2007-06-30,8830,Final,1377,Dromana,Mornington Peninsula,MORNINGTON PENINSULA,GREATER MELBOURNE
21377,SA2,2008-06-30,9054,Final,1377,Dromana,Mornington Peninsula,MORNINGTON PENINSULA,GREATER MELBOURNE
21377,SA2,2009-06-30,9231,Final,1377,Dromana,Mornington Peninsula,MORNINGTON PENINSULA,GREATER MELBOURNE
21377,SA2,2010-06-30,9249,Final,1377,Dromana,Mornington Peninsula,MORNINGTON PENINSULA,GREATER MELBOURNE
21377,SA2,2011-06-30,9333,Final,1377,Dromana,Mornington Peninsula,MORNINGTON PENINSULA,GREATER MELBOURNE
21377,SA2,2012-06-30,9551,Revised,1377,Dromana,Mornington Peninsula,MORNINGTON PENINSULA,GREATER MELBOURNE
21377,SA2,2013-06-30,9889,Revised,1377,Dromana,Mornington Peninsula,MORNINGTON PENINSULA,GREATER MELBOURNE
21377,SA2,2014-06-30,10097,Revised,1377,Dromana,Mornington Peninsula,MORNINGTON PENINSULA,GREATER MELBOURNE
21377,SA2,2015-06-30,10645,Preliminary,1377,Dromana,Mornington Peninsula,MORNINGTON PENINSULA,GREATER MELBOURNE
21378,SA2,2005-06-30,5901,Final,1378,Flinders,Mornington Peninsula,MORNINGTON PENINSULA,GREATER MELBOURNE
21378,SA2,2006-06-30,5961,Final,1378,Flinders,Mornington Peninsula,MORNINGTON PENINSULA,GREATER MELBOURNE
21378,SA2,2007-06-30,5827,Final,1378,Flinders,Mornington Peninsula,MORNINGTON PENINSULA,GREATER MELBOURNE
21378,SA2,2008-06-30,5754,Final,1378,Flinders,Mornington Peninsula,MORNINGTON PENINSULA,GREATER MELBOURNE
21378,SA2,2009-06-30,5725,Final,1378,Flinders,Mornington Peninsula,MORNINGTON PENINSULA,GREATER MELBOURNE
21378,SA2,2010-06-30,5668,Final,1378,Flinders,Mornington Peninsula,MORNINGTON PENINSULA,GREATER MELBOURNE
21378,SA2,2011-06-30,5578,Final,1378,Flinders,Mornington Peninsula,MORNINGTON PENINSULA,GREATER MELBOURNE
21378,SA2,2012-06-30,5514,Revised,1378,Flinders,Mornington Peninsula,MORNINGTON PENINSULA,GREATER MELBOURNE
21378,SA2,2013-06-30,5439,Revised,1378,Flinders,Mornington Peninsula,MORNINGTON PENINSULA,GREATER MELBOURNE
21378,SA2,2014-06-30,5429,Revised,1378,Flinders,Mornington Peninsula,MORNINGTON PENINSULA,GREATER MELBOURNE
21378,SA2,2015-06-30,5430,Preliminary,1378,Flinders,Mornington Peninsula,MORNINGTON PENINSULA,GREATER MELBOURNE
21379,SA2,2005-06-30,18374,Final,1379,Hastings - Somers,Mornington Peninsula,MORNINGTON PENINSULA,GREATER MELBOURNE
21379,SA2,2006-06-30,18829,Final,1379,Hastings - Somers,Mornington Peninsula,MORNINGTON PENINSULA,GREATER MELBOURNE
21379,SA2,2007-06-30,19424,Final,1379,Hastings - Somers,Mornington Peninsula,MORNINGTON PENINSULA,GREATER MELBOURNE
21379,SA2,2008-06-30,19992,Final,1379,Hastings - Somers,Mornington Peninsula,MORNINGTON PENINSULA,GREATER MELBOURNE
21379,SA2,2009-06-30,20388,Final,1379,Hastings - Somers,Mornington Peninsula,MORNINGTON PENINSULA,GREATER MELBOURNE
21379,SA2,2010-06-30,20729,Final,1379,Hastings - Somers,Mornington Peninsula,MORNINGTON PENINSULA,GREATER MELBOURNE
21379,SA2,2011-06-30,20885,Final,1379,Hastings - Somers,Mornington Peninsula,MORNINGTON PENINSULA,GREATER MELBOURNE
21379,SA2,2012-06-30,21105,Revised,1379,Hastings - Somers,Mornington Peninsula,MORNINGTON PENINSULA,GREATER MELBOURNE
21379,SA2,2013-06-30,21244,Revised,1379,Hastings - Somers,Mornington Peninsula,MORNINGTON PENINSULA,GREATER MELBOURNE
21379,SA2,2014-06-30,21621,Revised,1379,Hastings - Somers,Mornington Peninsula,MORNINGTON PENINSULA,GREATER MELBOURNE
21379,SA2,2015-06-30,21642,Preliminary,1379,Hastings - Somers,Mornington Peninsula,MORNINGTON PENINSULA,GREATER MELBOURNE
21380,SA2,2005-06-30,21151,Final,1380,Mornington,Mornington Peninsula,MORNINGTON PENINSULA,GREATER MELBOURNE
21380,SA2,2006-06-30,21497,Final,1380,Mornington,Mornington Peninsula,MORNINGTON PENINSULA,GREATER MELBOURNE
21380,SA2,2007-06-30,21966,Final,1380,Mornington,Mornington Peninsula,MORNINGTON PENINSULA,GREATER MELBOURNE
21380,SA2,2008-06-30,22460,Final,1380,Mornington,Mornington Peninsula,MORNINGTON PENINSULA,GREATER MELBOURNE
21380,SA2,2009-06-30,22854,Final,1380,Mornington,Mornington Peninsula,MORNINGTON PENINSULA,GREATER MELBOURNE
21380,SA2,2010-06-30,23164,Final,1380,Mornington,Mornington Peninsula,MORNINGTON PENINSULA,GREATER MELBOURNE
21380,SA2,2011-06-30,23224,Final,1380,Mornington,Mornington Peninsula,MORNINGTON PENINSULA,GREATER MELBOURNE
21380,SA2,2012-06-30,23480,Revised,1380,Mornington,Mornington Peninsula,MORNINGTON PENINSULA,GREATER MELBOURNE
21380,SA2,2013-06-30,23812,Revised,1380,Mornington,Mornington Peninsula,MORNINGTON PENINSULA,GREATER MELBOURNE
21380,SA2,2014-06-30,24089,Revised,1380,Mornington,Mornington Peninsula,MORNINGTON PENINSULA,GREATER MELBOURNE
21380,SA2,2015-06-30,24372,Preliminary,1380,Mornington,Mornington Peninsula,MORNINGTON PENINSULA,GREATER MELBOURNE
21381,SA2,2005-06-30,17102,Final,1381,Mount Eliza,Mornington Peninsula,MORNINGTON PENINSULA,GREATER MELBOURNE
21381,SA2,2006-06-30,17094,Final,1381,Mount Eliza,Mornington Peninsula,MORNINGTON PENINSULA,GREATER MELBOURNE
21381,SA2,2007-06-30,17227,Final,1381,Mount Eliza,Mornington Peninsula,MORNINGTON PENINSULA,GREATER MELBOURNE
21381,SA2,2008-06-30,17370,Final,1381,Mount Eliza,Mornington Peninsula,MORNINGTON PENINSULA,GREATER MELBOURNE
21381,SA2,2009-06-30,17626,Final,1381,Mount Eliza,Mornington Peninsula,MORNINGTON PENINSULA,GREATER MELBOURNE
21381,SA2,2010-06-30,17824,Final,1381,Mount Eliza,Mornington Peninsula,MORNINGTON PENINSULA,GREATER MELBOURNE
21381,SA2,2011-06-30,17942,Final,1381,Mount Eliza,Mornington Peninsula,MORNINGTON PENINSULA,GREATER MELBOURNE
21381,SA2,2012-06-30,18074,Revised,1381,Mount Eliza,Mornington Peninsula,MORNINGTON PENINSULA,GREATER MELBOURNE
21381,SA2,2013-06-30,18177,Revised,1381,Mount Eliza,Mornington Peninsula,MORNINGTON PENINSULA,GREATER MELBOURNE
21381,SA2,2014-06-30,18304,Revised,1381,Mount Eliza,Mornington Peninsula,MORNINGTON PENINSULA,GREATER MELBOURNE
21381,SA2,2015-06-30,18307,Preliminary,1381,Mount Eliza,Mornington Peninsula,MORNINGTON PENINSULA,GREATER MELBOURNE
21382,SA2,2005-06-30,14781,Final,1382,Mount Martha,Mornington Peninsula,MORNINGTON PENINSULA,GREATER MELBOURNE
21382,SA2,2006-06-30,15245,Final,1382,Mount Martha,Mornington Peninsula,MORNINGTON PENINSULA,GREATER MELBOURNE
21382,SA2,2007-06-30,15805,Final,1382,Mount Martha,Mornington Peninsula,MORNINGTON PENINSULA,GREATER MELBOURNE
21382,SA2,2008-06-30,16332,Final,1382,Mount Martha,Mornington Peninsula,MORNINGTON PENINSULA,GREATER MELBOURNE
21382,SA2,2009-06-30,16869,Final,1382,Mount Martha,Mornington Peninsula,MORNINGTON PENINSULA,GREATER MELBOURNE
21382,SA2,2010-06-30,17332,Final,1382,Mount Martha,Mornington Peninsula,MORNINGTON PENINSULA,GREATER MELBOURNE
21382,SA2,2011-06-30,17581,Final,1382,Mount Martha,Mornington Peninsula,MORNINGTON PENINSULA,GREATER MELBOURNE
21382,SA2,2012-06-30,18152,Revised,1382,Mount Martha,Mornington Peninsula,MORNINGTON PENINSULA,GREATER MELBOURNE
21382,SA2,2013-06-30,18495,Revised,1382,Mount Martha,Mornington Peninsula,MORNINGTON PENINSULA,GREATER MELBOURNE
21382,SA2,2014-06-30,18937,Revised,1382,Mount Martha,Mornington Peninsula,MORNINGTON PENINSULA,GREATER MELBOURNE
21382,SA2,2015-06-30,19132,Preliminary,1382,Mount Martha,Mornington Peninsula,MORNINGTON PENINSULA,GREATER MELBOURNE
21383,SA2,2005-06-30,16473,Final,1383,Point Nepean,Mornington Peninsula,MORNINGTON PENINSULA,GREATER MELBOURNE
21383,SA2,2006-06-30,16542,Final,1383,Point Nepean,Mornington Peninsula,MORNINGTON PENINSULA,GREATER MELBOURNE
21383,SA2,2007-06-30,16583,Final,1383,Point Nepean,Mornington Peninsula,MORNINGTON PENINSULA,GREATER MELBOURNE
21383,SA2,2008-06-30,16627,Final,1383,Point Nepean,Mornington Peninsula,MORNINGTON PENINSULA,GREATER MELBOURNE
21383,SA2,2009-06-30,16648,Final,1383,Point Nepean,Mornington Peninsula,MORNINGTON PENINSULA,GREATER MELBOURNE
21383,SA2,2010-06-30,16662,Final,1383,Point Nepean,Mornington Peninsula,MORNINGTON PENINSULA,GREATER MELBOURNE
21383,SA2,2011-06-30,16670,Final,1383,Point Nepean,Mornington Peninsula,MORNINGTON PENINSULA,GREATER MELBOURNE
21383,SA2,2012-06-30,16670,Revised,1383,Point Nepean,Mornington Peninsula,MORNINGTON PENINSULA,GREATER MELBOURNE
21383,SA2,2013-06-30,16638,Revised,1383,Point Nepean,Mornington Peninsula,MORNINGTON PENINSULA,GREATER MELBOURNE
21383,SA2,2014-06-30,16620,Revised,1383,Point Nepean,Mornington Peninsula,MORNINGTON PENINSULA,GREATER MELBOURNE
21383,SA2,2015-06-30,16539,Preliminary,1383,Point Nepean,Mornington Peninsula,MORNINGTON PENINSULA,GREATER MELBOURNE
21384,SA2,2005-06-30,18328,Final,1384,Rosebud - McCrae,Mornington Peninsula,MORNINGTON PENINSULA,GREATER MELBOURNE
21384,SA2,2006-06-30,18329,Final,1384,Rosebud - McCrae,Mornington Peninsula,MORNINGTON PENINSULA,GREATER MELBOURNE
21384,SA2,2007-06-30,18812,Final,1384,Rosebud - McCrae,Mornington Peninsula,MORNINGTON PENINSULA,GREATER MELBOURNE
21384,SA2,2008-06-30,19261,Final,1384,Rosebud - McCrae,Mornington Peninsula,MORNINGTON PENINSULA,GREATER MELBOURNE
21384,SA2,2009-06-30,19761,Final,1384,Rosebud - McCrae,Mornington Peninsula,MORNINGTON PENINSULA,GREATER MELBOURNE
21384,SA2,2010-06-30,19966,Final,1384,Rosebud - McCrae,Mornington Peninsula,MORNINGTON PENINSULA,GREATER MELBOURNE
21384,SA2,2011-06-30,20151,Final,1384,Rosebud - McCrae,Mornington Peninsula,MORNINGTON PENINSULA,GREATER MELBOURNE
21384,SA2,2012-06-30,20376,Revised,1384,Rosebud - McCrae,Mornington Peninsula,MORNINGTON PENINSULA,GREATER MELBOURNE
21384,SA2,2013-06-30,20571,Revised,1384,Rosebud - McCrae,Mornington Peninsula,MORNINGTON PENINSULA,GREATER MELBOURNE
21384,SA2,2014-06-30,20707,Revised,1384,Rosebud - McCrae,Mornington Peninsula,MORNINGTON PENINSULA,GREATER MELBOURNE
21384,SA2,2015-06-30,20997,Preliminary,1384,Rosebud - McCrae,Mornington Peninsula,MORNINGTON PENINSULA,GREATER MELBOURNE
21385,SA2,2005-06-30,17061,Final,1385,Somerville,Mornington Peninsula,MORNINGTON PENINSULA,GREATER MELBOURNE
21385,SA2,2006-06-30,17184,Final,1385,Somerville,Mornington Peninsula,MORNINGTON PENINSULA,GREATER MELBOURNE
21385,SA2,2007-06-30,17266,Final,1385,Somerville,Mornington Peninsula,MORNINGTON PENINSULA,GREATER MELBOURNE
21385,SA2,2008-06-30,17553,Final,1385,Somerville,Mornington Peninsula,MORNINGTON PENINSULA,GREATER MELBOURNE
21385,SA2,2009-06-30,17900,Final,1385,Somerville,Mornington Peninsula,MORNINGTON PENINSULA,GREATER MELBOURNE
21385,SA2,2010-06-30,17948,Final,1385,Somerville,Mornington Peninsula,MORNINGTON PENINSULA,GREATER MELBOURNE
21385,SA2,2011-06-30,17907,Final,1385,Somerville,Mornington Peninsula,MORNINGTON PENINSULA,GREATER MELBOURNE
21385,SA2,2012-06-30,17908,Revised,1385,Somerville,Mornington Peninsula,MORNINGTON PENINSULA,GREATER MELBOURNE
21385,SA2,2013-06-30,17841,Revised,1385,Somerville,Mornington Peninsula,MORNINGTON PENINSULA,GREATER MELBOURNE
21385,SA2,2014-06-30,17945,Revised,1385,Somerville,Mornington Peninsula,MORNINGTON PENINSULA,GREATER MELBOURNE
21385,SA2,2015-06-30,17951,Preliminary,1385,Somerville,Mornington Peninsula,MORNINGTON PENINSULA,GREATER MELBOURNE
21001,SA2,2005-06-30,6648,Final,1001,Alfredton,Ballarat,BALLARAT,REST OF VIC.
21001,SA2,2006-06-30,6761,Final,1001,Alfredton,Ballarat,BALLARAT,REST OF VIC.
21001,SA2,2007-06-30,7034,Final,1001,Alfredton,Ballarat,BALLARAT,REST OF VIC.
21001,SA2,2008-06-30,7272,Final,1001,Alfredton,Ballarat,BALLARAT,REST OF VIC.
21001,SA2,2009-06-30,7614,Final,1001,Alfredton,Ballarat,BALLARAT,REST OF VIC.
21001,SA2,2010-06-30,7894,Final,1001,Alfredton,Ballarat,BALLARAT,REST OF VIC.
21001,SA2,2011-06-30,8452,Final,1001,Alfredton,Ballarat,BALLARAT,REST OF VIC.
21001,SA2,2012-06-30,8876,Revised,1001,Alfredton,Ballarat,BALLARAT,REST OF VIC.
21001,SA2,2013-06-30,9342,Revised,1001,Alfredton,Ballarat,BALLARAT,REST OF VIC.
21001,SA2,2014-06-30,9787,Revised,1001,Alfredton,Ballarat,BALLARAT,REST OF VIC.
21001,SA2,2015-06-30,10095,Preliminary,1001,Alfredton,Ballarat,BALLARAT,REST OF VIC.
21002,SA2,2005-06-30,12269,Final,1002,Ballarat,Ballarat,BALLARAT,REST OF VIC.
21002,SA2,2006-06-30,12356,Final,1002,Ballarat,Ballarat,BALLARAT,REST OF VIC.
21002,SA2,2007-06-30,12408,Final,1002,Ballarat,Ballarat,BALLARAT,REST OF VIC.
21002,SA2,2008-06-30,12480,Final,1002,Ballarat,Ballarat,BALLARAT,REST OF VIC.
21002,SA2,2009-06-30,12476,Final,1002,Ballarat,Ballarat,BALLARAT,REST OF VIC.
21002,SA2,2010-06-30,12462,Final,1002,Ballarat,Ballarat,BALLARAT,REST OF VIC.
21002,SA2,2011-06-30,12365,Final,1002,Ballarat,Ballarat,BALLARAT,REST OF VIC.
21002,SA2,2012-06-30,12452,Revised,1002,Ballarat,Ballarat,BALLARAT,REST OF VIC.
21002,SA2,2013-06-30,12469,Revised,1002,Ballarat,Ballarat,BALLARAT,REST OF VIC.
21002,SA2,2014-06-30,12444,Revised,1002,Ballarat,Ballarat,BALLARAT,REST OF VIC.
21002,SA2,2015-06-30,12413,Preliminary,1002,Ballarat,Ballarat,BALLARAT,REST OF VIC.
21003,SA2,2005-06-30,21134,Final,1003,Ballarat - North,Ballarat,BALLARAT,REST OF VIC.
21003,SA2,2006-06-30,21279,Final,1003,Ballarat - North,Ballarat,BALLARAT,REST OF VIC.
21003,SA2,2007-06-30,21492,Final,1003,Ballarat - North,Ballarat,BALLARAT,REST OF VIC.
21003,SA2,2008-06-30,21736,Final,1003,Ballarat - North,Ballarat,BALLARAT,REST OF VIC.
21003,SA2,2009-06-30,21937,Final,1003,Ballarat - North,Ballarat,BALLARAT,REST OF VIC.
21003,SA2,2010-06-30,22215,Final,1003,Ballarat - North,Ballarat,BALLARAT,REST OF VIC.
21003,SA2,2011-06-30,22424,Final,1003,Ballarat - North,Ballarat,BALLARAT,REST OF VIC.
21003,SA2,2012-06-30,22734,Revised,1003,Ballarat - North,Ballarat,BALLARAT,REST OF VIC.
21003,SA2,2013-06-30,23129,Revised,1003,Ballarat - North,Ballarat,BALLARAT,REST OF VIC.
21003,SA2,2014-06-30,23376,Revised,1003,Ballarat - North,Ballarat,BALLARAT,REST OF VIC.
21003,SA2,2015-06-30,23732,Preliminary,1003,Ballarat - North,Ballarat,BALLARAT,REST OF VIC.
21004,SA2,2005-06-30,20423,Final,1004,Ballarat - South,Ballarat,BALLARAT,REST OF VIC.
21004,SA2,2006-06-30,20534,Final,1004,Ballarat - South,Ballarat,BALLARAT,REST OF VIC.
21004,SA2,2007-06-30,20911,Final,1004,Ballarat - South,Ballarat,BALLARAT,REST OF VIC.
21004,SA2,2008-06-30,21470,Final,1004,Ballarat - South,Ballarat,BALLARAT,REST OF VIC.
21004,SA2,2009-06-30,21940,Final,1004,Ballarat - South,Ballarat,BALLARAT,REST OF VIC.
21004,SA2,2010-06-30,22666,Final,1004,Ballarat - South,Ballarat,BALLARAT,REST OF VIC.
21004,SA2,2011-06-30,23193,Final,1004,Ballarat - South,Ballarat,BALLARAT,REST OF VIC.
21004,SA2,2012-06-30,23580,Revised,1004,Ballarat - South,Ballarat,BALLARAT,REST OF VIC.
21004,SA2,2013-06-30,23962,Revised,1004,Ballarat - South,Ballarat,BALLARAT,REST OF VIC.
21004,SA2,2014-06-30,24530,Revised,1004,Ballarat - South,Ballarat,BALLARAT,REST OF VIC.
21004,SA2,2015-06-30,24897,Preliminary,1004,Ballarat - South,Ballarat,BALLARAT,REST OF VIC.
21005,SA2,2005-06-30,5857,Final,1005,Buninyong,Ballarat,BALLARAT,REST OF VIC.
21005,SA2,2006-06-30,6037,Final,1005,Buninyong,Ballarat,BALLARAT,REST OF VIC.
21005,SA2,2007-06-30,6131,Final,1005,Buninyong,Ballarat,BALLARAT,REST OF VIC.
21005,SA2,2008-06-30,6252,Final,1005,Buninyong,Ballarat,BALLARAT,REST OF VIC.
21005,SA2,2009-06-30,6431,Final,1005,Buninyong,Ballarat,BALLARAT,REST OF VIC.
21005,SA2,2010-06-30,6595,Final,1005,Buninyong,Ballarat,BALLARAT,REST OF VIC.
21005,SA2,2011-06-30,6725,Final,1005,Buninyong,Ballarat,BALLARAT,REST OF VIC.
21005,SA2,2012-06-30,6830,Revised,1005,Buninyong,Ballarat,BALLARAT,REST OF VIC.
21005,SA2,2013-06-30,6992,Revised,1005,Buninyong,Ballarat,BALLARAT,REST OF VIC.
21005,SA2,2014-06-30,7098,Revised,1005,Buninyong,Ballarat,BALLARAT,REST OF VIC.
21005,SA2,2015-06-30,7206,Preliminary,1005,Buninyong,Ballarat,BALLARAT,REST OF VIC.
21006,SA2,2005-06-30,4704,Final,1006,Delacombe,Ballarat,BALLARAT,REST OF VIC.
21006,SA2,2006-06-30,5041,Final,1006,Delacombe,Ballarat,BALLARAT,REST OF VIC.
21006,SA2,2007-06-30,5206,Final,1006,Delacombe,Ballarat,BALLARAT,REST OF VIC.
21006,SA2,2008-06-30,5349,Final,1006,Delacombe,Ballarat,BALLARAT,REST OF VIC.
21006,SA2,2009-06-30,5557,Final,1006,Delacombe,Ballarat,BALLARAT,REST OF VIC.
21006,SA2,2010-06-30,5699,Final,1006,Delacombe,Ballarat,BALLARAT,REST OF VIC.
21006,SA2,2011-06-30,5838,Final,1006,Delacombe,Ballarat,BALLARAT,REST OF VIC.
21006,SA2,2012-06-30,5981,Revised,1006,Delacombe,Ballarat,BALLARAT,REST OF VIC.
21006,SA2,2013-06-30,6184,Revised,1006,Delacombe,Ballarat,BALLARAT,REST OF VIC.
21006,SA2,2014-06-30,6463,Revised,1006,Delacombe,Ballarat,BALLARAT,REST OF VIC.
21006,SA2,2015-06-30,6650,Preliminary,1006,Delacombe,Ballarat,BALLARAT,REST OF VIC.
21007,SA2,2005-06-30,3508,Final,1007,Smythes Creek,Ballarat,BALLARAT,REST OF VIC.
21007,SA2,2006-06-30,3542,Final,1007,Smythes Creek,Ballarat,BALLARAT,REST OF VIC.
21007,SA2,2007-06-30,3594,Final,1007,Smythes Creek,Ballarat,BALLARAT,REST OF VIC.
21007,SA2,2008-06-30,3658,Final,1007,Smythes Creek,Ballarat,BALLARAT,REST OF VIC.
21007,SA2,2009-06-30,3714,Final,1007,Smythes Creek,Ballarat,BALLARAT,REST OF VIC.
21007,SA2,2010-06-30,3774,Final,1007,Smythes Creek,Ballarat,BALLARAT,REST OF VIC.
21007,SA2,2011-06-30,3819,Final,1007,Smythes Creek,Ballarat,BALLARAT,REST OF VIC.
21007,SA2,2012-06-30,3893,Revised,1007,Smythes Creek,Ballarat,BALLARAT,REST OF VIC.
21007,SA2,2013-06-30,3955,Revised,1007,Smythes Creek,Ballarat,BALLARAT,REST OF VIC.
21007,SA2,2014-06-30,4014,Revised,1007,Smythes Creek,Ballarat,BALLARAT,REST OF VIC.
21007,SA2,2015-06-30,4038,Preliminary,1007,Smythes Creek,Ballarat,BALLARAT,REST OF VIC.
21008,SA2,2005-06-30,13028,Final,1008,Wendouree - Miners Rest,Ballarat,BALLARAT,REST OF VIC.
21008,SA2,2006-06-30,12963,Final,1008,Wendouree - Miners Rest,Ballarat,BALLARAT,REST OF VIC.
21008,SA2,2007-06-30,13033,Final,1008,Wendouree - Miners Rest,Ballarat,BALLARAT,REST OF VIC.
21008,SA2,2008-06-30,13334,Final,1008,Wendouree - Miners Rest,Ballarat,BALLARAT,REST OF VIC.
21008,SA2,2009-06-30,13718,Final,1008,Wendouree - Miners Rest,Ballarat,BALLARAT,REST OF VIC.
21008,SA2,2010-06-30,14104,Final,1008,Wendouree - Miners Rest,Ballarat,BALLARAT,REST OF VIC.
21008,SA2,2011-06-30,14473,Final,1008,Wendouree - Miners Rest,Ballarat,BALLARAT,REST OF VIC.
21008,SA2,2012-06-30,14741,Revised,1008,Wendouree - Miners Rest,Ballarat,BALLARAT,REST OF VIC.
21008,SA2,2013-06-30,14765,Revised,1008,Wendouree - Miners Rest,Ballarat,BALLARAT,REST OF VIC.
21008,SA2,2014-06-30,14811,Revised,1008,Wendouree - Miners Rest,Ballarat,BALLARAT,REST OF VIC.
21008,SA2,2015-06-30,14848,Preliminary,1008,Wendouree - Miners Rest,Ballarat,BALLARAT,REST OF VIC.
21009,SA2,2005-06-30,5048,Final,1009,Bacchus Marsh Region,Creswick - Daylesford - Ballan,BALLARAT,REST OF VIC.
21009,SA2,2006-06-30,5070,Final,1009,Bacchus Marsh Region,Creswick - Daylesford - Ballan,BALLARAT,REST OF VIC.
21009,SA2,2007-06-30,5138,Final,1009,Bacchus Marsh Region,Creswick - Daylesford - Ballan,BALLARAT,REST OF VIC.
21009,SA2,2008-06-30,5242,Final,1009,Bacchus Marsh Region,Creswick - Daylesford - Ballan,BALLARAT,REST OF VIC.
21009,SA2,2009-06-30,5387,Final,1009,Bacchus Marsh Region,Creswick - Daylesford - Ballan,BALLARAT,REST OF VIC.
21009,SA2,2010-06-30,5536,Final,1009,Bacchus Marsh Region,Creswick - Daylesford - Ballan,BALLARAT,REST OF VIC.
21009,SA2,2011-06-30,5672,Final,1009,Bacchus Marsh Region,Creswick - Daylesford - Ballan,BALLARAT,REST OF VIC.
21009,SA2,2012-06-30,5797,Revised,1009,Bacchus Marsh Region,Creswick - Daylesford - Ballan,BALLARAT,REST OF VIC.
21009,SA2,2013-06-30,5863,Revised,1009,Bacchus Marsh Region,Creswick - Daylesford - Ballan,BALLARAT,REST OF VIC.
21009,SA2,2014-06-30,5889,Revised,1009,Bacchus Marsh Region,Creswick - Daylesford - Ballan,BALLARAT,REST OF VIC.
21009,SA2,2015-06-30,5949,Preliminary,1009,Bacchus Marsh Region,Creswick - Daylesford - Ballan,BALLARAT,REST OF VIC.
21010,SA2,2005-06-30,7332,Final,1010,Creswick - Clunes,Creswick - Daylesford - Ballan,BALLARAT,REST OF VIC.
21010,SA2,2006-06-30,7316,Final,1010,Creswick - Clunes,Creswick - Daylesford - Ballan,BALLARAT,REST OF VIC.
21010,SA2,2007-06-30,7351,Final,1010,Creswick - Clunes,Creswick - Daylesford - Ballan,BALLARAT,REST OF VIC.
21010,SA2,2008-06-30,7388,Final,1010,Creswick - Clunes,Creswick - Daylesford - Ballan,BALLARAT,REST OF VIC.
21010,SA2,2009-06-30,7421,Final,1010,Creswick - Clunes,Creswick - Daylesford - Ballan,BALLARAT,REST OF VIC.
21010,SA2,2010-06-30,7473,Final,1010,Creswick - Clunes,Creswick - Daylesford - Ballan,BALLARAT,REST OF VIC.
21010,SA2,2011-06-30,7503,Final,1010,Creswick - Clunes,Creswick - Daylesford - Ballan,BALLARAT,REST OF VIC.
21010,SA2,2012-06-30,7513,Revised,1010,Creswick - Clunes,Creswick - Daylesford - Ballan,BALLARAT,REST OF VIC.
21010,SA2,2013-06-30,7515,Revised,1010,Creswick - Clunes,Creswick - Daylesford - Ballan,BALLARAT,REST OF VIC.
21010,SA2,2014-06-30,7503,Revised,1010,Creswick - Clunes,Creswick - Daylesford - Ballan,BALLARAT,REST OF VIC.
21010,SA2,2015-06-30,7466,Preliminary,1010,Creswick - Clunes,Creswick - Daylesford - Ballan,BALLARAT,REST OF VIC.
21011,SA2,2005-06-30,8037,Final,1011,Daylesford,Creswick - Daylesford - Ballan,BALLARAT,REST OF VIC.
21011,SA2,2006-06-30,8046,Final,1011,Daylesford,Creswick - Daylesford - Ballan,BALLARAT,REST OF VIC.
21011,SA2,2007-06-30,8059,Final,1011,Daylesford,Creswick - Daylesford - Ballan,BALLARAT,REST OF VIC.
21011,SA2,2008-06-30,8227,Final,1011,Daylesford,Creswick - Daylesford - Ballan,BALLARAT,REST OF VIC.
21011,SA2,2009-06-30,8434,Final,1011,Daylesford,Creswick - Daylesford - Ballan,BALLARAT,REST OF VIC.
21011,SA2,2010-06-30,8536,Final,1011,Daylesford,Creswick - Daylesford - Ballan,BALLARAT,REST OF VIC.
21011,SA2,2011-06-30,8589,Final,1011,Daylesford,Creswick - Daylesford - Ballan,BALLARAT,REST OF VIC.
21011,SA2,2012-06-30,8664,Revised,1011,Daylesford,Creswick - Daylesford - Ballan,BALLARAT,REST OF VIC.
21011,SA2,2013-06-30,8752,Revised,1011,Daylesford,Creswick - Daylesford - Ballan,BALLARAT,REST OF VIC.
21011,SA2,2014-06-30,8849,Revised,1011,Daylesford,Creswick - Daylesford - Ballan,BALLARAT,REST OF VIC.
21011,SA2,2015-06-30,8795,Preliminary,1011,Daylesford,Creswick - Daylesford - Ballan,BALLARAT,REST OF VIC.
21012,SA2,2005-06-30,5351,Final,1012,Gordon (Vic.),Creswick - Daylesford - Ballan,BALLARAT,REST OF VIC.
21012,SA2,2006-06-30,5371,Final,1012,Gordon (Vic.),Creswick - Daylesford - Ballan,BALLARAT,REST OF VIC.
21012,SA2,2007-06-30,5381,Final,1012,Gordon (Vic.),Creswick - Daylesford - Ballan,BALLARAT,REST OF VIC.
21012,SA2,2008-06-30,5404,Final,1012,Gordon (Vic.),Creswick - Daylesford - Ballan,BALLARAT,REST OF VIC.
21012,SA2,2009-06-30,5463,Final,1012,Gordon (Vic.),Creswick - Daylesford - Ballan,BALLARAT,REST OF VIC.
21012,SA2,2010-06-30,5485,Final,1012,Gordon (Vic.),Creswick - Daylesford - Ballan,BALLARAT,REST OF VIC.
21012,SA2,2011-06-30,5488,Final,1012,Gordon (Vic.),Creswick - Daylesford - Ballan,BALLARAT,REST OF VIC.
21012,SA2,2012-06-30,5504,Revised,1012,Gordon (Vic.),Creswick - Daylesford - Ballan,BALLARAT,REST OF VIC.
21012,SA2,2013-06-30,5520,Revised,1012,Gordon (Vic.),Creswick - Daylesford - Ballan,BALLARAT,REST OF VIC.
21012,SA2,2014-06-30,5556,Revised,1012,Gordon (Vic.),Creswick - Daylesford - Ballan,BALLARAT,REST OF VIC.
21012,SA2,2015-06-30,5588,Preliminary,1012,Gordon (Vic.),Creswick - Daylesford - Ballan,BALLARAT,REST OF VIC.
21013,SA2,2005-06-30,3247,Final,1013,Avoca,Maryborough - Pyrenees,BALLARAT,REST OF VIC.
21013,SA2,2006-06-30,3294,Final,1013,Avoca,Maryborough - Pyrenees,BALLARAT,REST OF VIC.
21013,SA2,2007-06-30,3296,Final,1013,Avoca,Maryborough - Pyrenees,BALLARAT,REST OF VIC.
21013,SA2,2008-06-30,3293,Final,1013,Avoca,Maryborough - Pyrenees,BALLARAT,REST OF VIC.
21013,SA2,2009-06-30,3333,Final,1013,Avoca,Maryborough - Pyrenees,BALLARAT,REST OF VIC.
21013,SA2,2010-06-30,3343,Final,1013,Avoca,Maryborough - Pyrenees,BALLARAT,REST OF VIC.
21013,SA2,2011-06-30,3347,Final,1013,Avoca,Maryborough - Pyrenees,BALLARAT,REST OF VIC.
21013,SA2,2012-06-30,3327,Revised,1013,Avoca,Maryborough - Pyrenees,BALLARAT,REST OF VIC.
21013,SA2,2013-06-30,3295,Revised,1013,Avoca,Maryborough - Pyrenees,BALLARAT,REST OF VIC.
21013,SA2,2014-06-30,3257,Revised,1013,Avoca,Maryborough - Pyrenees,BALLARAT,REST OF VIC.
21013,SA2,2015-06-30,3249,Preliminary,1013,Avoca,Maryborough - Pyrenees,BALLARAT,REST OF VIC.
21014,SA2,2005-06-30,3821,Final,1014,Beaufort,Maryborough - Pyrenees,BALLARAT,REST OF VIC.
21014,SA2,2006-06-30,3838,Final,1014,Beaufort,Maryborough - Pyrenees,BALLARAT,REST OF VIC.
21014,SA2,2007-06-30,3843,Final,1014,Beaufort,Maryborough - Pyrenees,BALLARAT,REST OF VIC.
21014,SA2,2008-06-30,3852,Final,1014,Beaufort,Maryborough - Pyrenees,BALLARAT,REST OF VIC.
21014,SA2,2009-06-30,3869,Final,1014,Beaufort,Maryborough - Pyrenees,BALLARAT,REST OF VIC.
21014,SA2,2010-06-30,3882,Final,1014,Beaufort,Maryborough - Pyrenees,BALLARAT,REST OF VIC.
21014,SA2,2011-06-30,3886,Final,1014,Beaufort,Maryborough - Pyrenees,BALLARAT,REST OF VIC.
21014,SA2,2012-06-30,3901,Revised,1014,Beaufort,Maryborough - Pyrenees,BALLARAT,REST OF VIC.
21014,SA2,2013-06-30,3938,Revised,1014,Beaufort,Maryborough - Pyrenees,BALLARAT,REST OF VIC.
21014,SA2,2014-06-30,4011,Revised,1014,Beaufort,Maryborough - Pyrenees,BALLARAT,REST OF VIC.
21014,SA2,2015-06-30,4053,Preliminary,1014,Beaufort,Maryborough - Pyrenees,BALLARAT,REST OF VIC.
21015,SA2,2005-06-30,3948,Final,1015,Golden Plains - North,Maryborough - Pyrenees,BALLARAT,REST OF VIC.
21015,SA2,2006-06-30,3956,Final,1015,Golden Plains - North,Maryborough - Pyrenees,BALLARAT,REST OF VIC.
21015,SA2,2007-06-30,3973,Final,1015,Golden Plains - North,Maryborough - Pyrenees,BALLARAT,REST OF VIC.
21015,SA2,2008-06-30,3988,Final,1015,Golden Plains - North,Maryborough - Pyrenees,BALLARAT,REST OF VIC.
21015,SA2,2009-06-30,4032,Final,1015,Golden Plains - North,Maryborough - Pyrenees,BALLARAT,REST OF VIC.
21015,SA2,2010-06-30,4068,Final,1015,Golden Plains - North,Maryborough - Pyrenees,BALLARAT,REST OF VIC.
21015,SA2,2011-06-30,4102,Final,1015,Golden Plains - North,Maryborough - Pyrenees,BALLARAT,REST OF VIC.
21015,SA2,2012-06-30,4136,Revised,1015,Golden Plains - North,Maryborough - Pyrenees,BALLARAT,REST OF VIC.
21015,SA2,2013-06-30,4165,Revised,1015,Golden Plains - North,Maryborough - Pyrenees,BALLARAT,REST OF VIC.
21015,SA2,2014-06-30,4185,Revised,1015,Golden Plains - North,Maryborough - Pyrenees,BALLARAT,REST OF VIC.
21015,SA2,2015-06-30,4188,Preliminary,1015,Golden Plains - North,Maryborough - Pyrenees,BALLARAT,REST OF VIC.
21016,SA2,2005-06-30,7597,Final,1016,Maryborough (Vic.),Maryborough - Pyrenees,BALLARAT,REST OF VIC.
21016,SA2,2006-06-30,7574,Final,1016,Maryborough (Vic.),Maryborough - Pyrenees,BALLARAT,REST OF VIC.
21016,SA2,2007-06-30,7599,Final,1016,Maryborough (Vic.),Maryborough - Pyrenees,BALLARAT,REST OF VIC.
21016,SA2,2008-06-30,7619,Final,1016,Maryborough (Vic.),Maryborough - Pyrenees,BALLARAT,REST OF VIC.
21016,SA2,2009-06-30,7673,Final,1016,Maryborough (Vic.),Maryborough - Pyrenees,BALLARAT,REST OF VIC.
21016,SA2,2010-06-30,7692,Final,1016,Maryborough (Vic.),Maryborough - Pyrenees,BALLARAT,REST OF VIC.
21016,SA2,2011-06-30,7674,Final,1016,Maryborough (Vic.),Maryborough - Pyrenees,BALLARAT,REST OF VIC.
21016,SA2,2012-06-30,7725,Revised,1016,Maryborough (Vic.),Maryborough - Pyrenees,BALLARAT,REST OF VIC.
21016,SA2,2013-06-30,7725,Revised,1016,Maryborough (Vic.),Maryborough - Pyrenees,BALLARAT,REST OF VIC.
21016,SA2,2014-06-30,7745,Revised,1016,Maryborough (Vic.),Maryborough - Pyrenees,BALLARAT,REST OF VIC.
21016,SA2,2015-06-30,7739,Preliminary,1016,Maryborough (Vic.),Maryborough - Pyrenees,BALLARAT,REST OF VIC.
21017,SA2,2005-06-30,5118,Final,1017,Maryborough Region,Maryborough - Pyrenees,BALLARAT,REST OF VIC.
21017,SA2,2006-06-30,5073,Final,1017,Maryborough Region,Maryborough - Pyrenees,BALLARAT,REST OF VIC.
21017,SA2,2007-06-30,5081,Final,1017,Maryborough Region,Maryborough - Pyrenees,BALLARAT,REST OF VIC.
21017,SA2,2008-06-30,5102,Final,1017,Maryborough Region,Maryborough - Pyrenees,BALLARAT,REST OF VIC.
21017,SA2,2009-06-30,5153,Final,1017,Maryborough Region,Maryborough - Pyrenees,BALLARAT,REST OF VIC.
21017,SA2,2010-06-30,5153,Final,1017,Maryborough Region,Maryborough - Pyrenees,BALLARAT,REST OF VIC.
21017,SA2,2011-06-30,5106,Final,1017,Maryborough Region,Maryborough - Pyrenees,BALLARAT,REST OF VIC.
21017,SA2,2012-06-30,5062,Revised,1017,Maryborough Region,Maryborough - Pyrenees,BALLARAT,REST OF VIC.
21017,SA2,2013-06-30,5082,Revised,1017,Maryborough Region,Maryborough - Pyrenees,BALLARAT,REST OF VIC.
21017,SA2,2014-06-30,5046,Revised,1017,Maryborough Region,Maryborough - Pyrenees,BALLARAT,REST OF VIC.
21017,SA2,2015-06-30,5014,Preliminary,1017,Maryborough Region,Maryborough - Pyrenees,BALLARAT,REST OF VIC.
21018,SA2,2005-06-30,15016,Final,1018,Bendigo,Bendigo,BENDIGO,REST OF VIC.
21018,SA2,2006-06-30,14903,Final,1018,Bendigo,Bendigo,BENDIGO,REST OF VIC.
21018,SA2,2007-06-30,14855,Final,1018,Bendigo,Bendigo,BENDIGO,REST OF VIC.
21018,SA2,2008-06-30,14784,Final,1018,Bendigo,Bendigo,BENDIGO,REST OF VIC.
21018,SA2,2009-06-30,14763,Final,1018,Bendigo,Bendigo,BENDIGO,REST OF VIC.
21018,SA2,2010-06-30,14752,Final,1018,Bendigo,Bendigo,BENDIGO,REST OF VIC.
21018,SA2,2011-06-30,14811,Final,1018,Bendigo,Bendigo,BENDIGO,REST OF VIC.
21018,SA2,2012-06-30,14836,Revised,1018,Bendigo,Bendigo,BENDIGO,REST OF VIC.
21018,SA2,2013-06-30,14779,Revised,1018,Bendigo,Bendigo,BENDIGO,REST OF VIC.
21018,SA2,2014-06-30,14841,Revised,1018,Bendigo,Bendigo,BENDIGO,REST OF VIC.
21018,SA2,2015-06-30,14841,Preliminary,1018,Bendigo,Bendigo,BENDIGO,REST OF VIC.
21019,SA2,2005-06-30,9531,Final,1019,California Gully - Eaglehawk,Bendigo,BENDIGO,REST OF VIC.
21019,SA2,2006-06-30,9683,Final,1019,California Gully - Eaglehawk,Bendigo,BENDIGO,REST OF VIC.
21019,SA2,2007-06-30,9788,Final,1019,California Gully - Eaglehawk,Bendigo,BENDIGO,REST OF VIC.
21019,SA2,2008-06-30,9888,Final,1019,California Gully - Eaglehawk,Bendigo,BENDIGO,REST OF VIC.
21019,SA2,2009-06-30,10013,Final,1019,California Gully - Eaglehawk,Bendigo,BENDIGO,REST OF VIC.
21019,SA2,2010-06-30,10159,Final,1019,California Gully - Eaglehawk,Bendigo,BENDIGO,REST OF VIC.
21019,SA2,2011-06-30,10262,Final,1019,California Gully - Eaglehawk,Bendigo,BENDIGO,REST OF VIC.
21019,SA2,2012-06-30,10453,Revised,1019,California Gully - Eaglehawk,Bendigo,BENDIGO,REST OF VIC.
21019,SA2,2013-06-30,10799,Revised,1019,California Gully - Eaglehawk,Bendigo,BENDIGO,REST OF VIC.
21019,SA2,2014-06-30,11046,Revised,1019,California Gully - Eaglehawk,Bendigo,BENDIGO,REST OF VIC.
21019,SA2,2015-06-30,11287,Preliminary,1019,California Gully - Eaglehawk,Bendigo,BENDIGO,REST OF VIC.
21020,SA2,2005-06-30,13430,Final,1020,East Bendigo - Kennington,Bendigo,BENDIGO,REST OF VIC.
21020,SA2,2006-06-30,13476,Final,1020,East Bendigo - Kennington,Bendigo,BENDIGO,REST OF VIC.
21020,SA2,2007-06-30,13542,Final,1020,East Bendigo - Kennington,Bendigo,BENDIGO,REST OF VIC.
21020,SA2,2008-06-30,13641,Final,1020,East Bendigo - Kennington,Bendigo,BENDIGO,REST OF VIC.
21020,SA2,2009-06-30,13720,Final,1020,East Bendigo - Kennington,Bendigo,BENDIGO,REST OF VIC.
21020,SA2,2010-06-30,13817,Final,1020,East Bendigo - Kennington,Bendigo,BENDIGO,REST OF VIC.
21020,SA2,2011-06-30,13902,Final,1020,East Bendigo - Kennington,Bendigo,BENDIGO,REST OF VIC.
21020,SA2,2012-06-30,13899,Revised,1020,East Bendigo - Kennington,Bendigo,BENDIGO,REST OF VIC.
21020,SA2,2013-06-30,13873,Revised,1020,East Bendigo - Kennington,Bendigo,BENDIGO,REST OF VIC.
21020,SA2,2014-06-30,13839,Revised,1020,East Bendigo - Kennington,Bendigo,BENDIGO,REST OF VIC.
21020,SA2,2015-06-30,13718,Preliminary,1020,East Bendigo - Kennington,Bendigo,BENDIGO,REST OF VIC.
21021,SA2,2005-06-30,9132,Final,1021,Flora Hill - Spring Gully,Bendigo,BENDIGO,REST OF VIC.
21021,SA2,2006-06-30,9173,Final,1021,Flora Hill - Spring Gully,Bendigo,BENDIGO,REST OF VIC.
21021,SA2,2007-06-30,9184,Final,1021,Flora Hill - Spring Gully,Bendigo,BENDIGO,REST OF VIC.
21021,SA2,2008-06-30,9212,Final,1021,Flora Hill - Spring Gully,Bendigo,BENDIGO,REST OF VIC.
21021,SA2,2009-06-30,9268,Final,1021,Flora Hill - Spring Gully,Bendigo,BENDIGO,REST OF VIC.
21021,SA2,2010-06-30,9310,Final,1021,Flora Hill - Spring Gully,Bendigo,BENDIGO,REST OF VIC.
21021,SA2,2011-06-30,9294,Final,1021,Flora Hill - Spring Gully,Bendigo,BENDIGO,REST OF VIC.
21021,SA2,2012-06-30,9323,Revised,1021,Flora Hill - Spring Gully,Bendigo,BENDIGO,REST OF VIC.
21021,SA2,2013-06-30,9359,Revised,1021,Flora Hill - Spring Gully,Bendigo,BENDIGO,REST OF VIC.
21021,SA2,2014-06-30,9445,Revised,1021,Flora Hill - Spring Gully,Bendigo,BENDIGO,REST OF VIC.
21021,SA2,2015-06-30,9370,Preliminary,1021,Flora Hill - Spring Gully,Bendigo,BENDIGO,REST OF VIC.
21022,SA2,2005-06-30,17165,Final,1022,Kangaroo Flat - Golden Square,Bendigo,BENDIGO,REST OF VIC.
21022,SA2,2006-06-30,17317,Final,1022,Kangaroo Flat - Golden Square,Bendigo,BENDIGO,REST OF VIC.
21022,SA2,2007-06-30,17545,Final,1022,Kangaroo Flat - Golden Square,Bendigo,BENDIGO,REST OF VIC.
21022,SA2,2008-06-30,17817,Final,1022,Kangaroo Flat - Golden Square,Bendigo,BENDIGO,REST OF VIC.
21022,SA2,2009-06-30,18140,Final,1022,Kangaroo Flat - Golden Square,Bendigo,BENDIGO,REST OF VIC.
21022,SA2,2010-06-30,18451,Final,1022,Kangaroo Flat - Golden Square,Bendigo,BENDIGO,REST OF VIC.
21022,SA2,2011-06-30,18744,Final,1022,Kangaroo Flat - Golden Square,Bendigo,BENDIGO,REST OF VIC.
21022,SA2,2012-06-30,19086,Revised,1022,Kangaroo Flat - Golden Square,Bendigo,BENDIGO,REST OF VIC.
21022,SA2,2013-06-30,19340,Revised,1022,Kangaroo Flat - Golden Square,Bendigo,BENDIGO,REST OF VIC.
21022,SA2,2014-06-30,19556,Revised,1022,Kangaroo Flat - Golden Square,Bendigo,BENDIGO,REST OF VIC.
21022,SA2,2015-06-30,19740,Preliminary,1022,Kangaroo Flat - Golden Square,Bendigo,BENDIGO,REST OF VIC.
21023,SA2,2005-06-30,3355,Final,1023,Maiden Gully,Bendigo,BENDIGO,REST OF VIC.
21023,SA2,2006-06-30,3514,Final,1023,Maiden Gully,Bendigo,BENDIGO,REST OF VIC.
21023,SA2,2007-06-30,3703,Final,1023,Maiden Gully,Bendigo,BENDIGO,REST OF VIC.
21023,SA2,2008-06-30,3817,Final,1023,Maiden Gully,Bendigo,BENDIGO,REST OF VIC.
21023,SA2,2009-06-30,3957,Final,1023,Maiden Gully,Bendigo,BENDIGO,REST OF VIC.
21023,SA2,2010-06-30,4158,Final,1023,Maiden Gully,Bendigo,BENDIGO,REST OF VIC.
21023,SA2,2011-06-30,4428,Final,1023,Maiden Gully,Bendigo,BENDIGO,REST OF VIC.
21023,SA2,2012-06-30,4615,Revised,1023,Maiden Gully,Bendigo,BENDIGO,REST OF VIC.
21023,SA2,2013-06-30,4796,Revised,1023,Maiden Gully,Bendigo,BENDIGO,REST OF VIC.
21023,SA2,2014-06-30,4933,Revised,1023,Maiden Gully,Bendigo,BENDIGO,REST OF VIC.
21023,SA2,2015-06-30,5039,Preliminary,1023,Maiden Gully,Bendigo,BENDIGO,REST OF VIC.
21024,SA2,2005-06-30,5310,Final,1024,Strathfieldsaye,Bendigo,BENDIGO,REST OF VIC.
21024,SA2,2006-06-30,5597,Final,1024,Strathfieldsaye,Bendigo,BENDIGO,REST OF VIC.
21024,SA2,2007-06-30,5927,Final,1024,Strathfieldsaye,Bendigo,BENDIGO,REST OF VIC.
21024,SA2,2008-06-30,6246,Final,1024,Strathfieldsaye,Bendigo,BENDIGO,REST OF VIC.
21024,SA2,2009-06-30,6568,Final,1024,Strathfieldsaye,Bendigo,BENDIGO,REST OF VIC.
21024,SA2,2010-06-30,6823,Final,1024,Strathfieldsaye,Bendigo,BENDIGO,REST OF VIC.
21024,SA2,2011-06-30,7095,Final,1024,Strathfieldsaye,Bendigo,BENDIGO,REST OF VIC.
21024,SA2,2012-06-30,7389,Revised,1024,Strathfieldsaye,Bendigo,BENDIGO,REST OF VIC.
21024,SA2,2013-06-30,7652,Revised,1024,Strathfieldsaye,Bendigo,BENDIGO,REST OF VIC.
21024,SA2,2014-06-30,7978,Revised,1024,Strathfieldsaye,Bendigo,BENDIGO,REST OF VIC.
21024,SA2,2015-06-30,8304,Preliminary,1024,Strathfieldsaye,Bendigo,BENDIGO,REST OF VIC.
21025,SA2,2005-06-30,6727,Final,1025,White Hills - Ascot,Bendigo,BENDIGO,REST OF VIC.
21025,SA2,2006-06-30,7141,Final,1025,White Hills - Ascot,Bendigo,BENDIGO,REST OF VIC.
21025,SA2,2007-06-30,7619,Final,1025,White Hills - Ascot,Bendigo,BENDIGO,REST OF VIC.
21025,SA2,2008-06-30,7908,Final,1025,White Hills - Ascot,Bendigo,BENDIGO,REST OF VIC.
21025,SA2,2009-06-30,8171,Final,1025,White Hills - Ascot,Bendigo,BENDIGO,REST OF VIC.
21025,SA2,2010-06-30,8508,Final,1025,White Hills - Ascot,Bendigo,BENDIGO,REST OF VIC.
21025,SA2,2011-06-30,8804,Final,1025,White Hills - Ascot,Bendigo,BENDIGO,REST OF VIC.
21025,SA2,2012-06-30,9153,Revised,1025,White Hills - Ascot,Bendigo,BENDIGO,REST OF VIC.
21025,SA2,2013-06-30,9591,Revised,1025,White Hills - Ascot,Bendigo,BENDIGO,REST OF VIC.
21025,SA2,2014-06-30,10128,Revised,1025,White Hills - Ascot,Bendigo,BENDIGO,REST OF VIC.
21025,SA2,2015-06-30,10589,Preliminary,1025,White Hills - Ascot,Bendigo,BENDIGO,REST OF VIC.
21026,SA2,2005-06-30,5557,Final,1026,Bendigo Region - South,Heathcote - Castlemaine - Kyneton,BENDIGO,REST OF VIC.
21026,SA2,2006-06-30,5695,Final,1026,Bendigo Region - South,Heathcote - Castlemaine - Kyneton,BENDIGO,REST OF VIC.
21026,SA2,2007-06-30,5827,Final,1026,Bendigo Region - South,Heathcote - Castlemaine - Kyneton,BENDIGO,REST OF VIC.
21026,SA2,2008-06-30,5954,Final,1026,Bendigo Region - South,Heathcote - Castlemaine - Kyneton,BENDIGO,REST OF VIC.
21026,SA2,2009-06-30,6113,Final,1026,Bendigo Region - South,Heathcote - Castlemaine - Kyneton,BENDIGO,REST OF VIC.
21026,SA2,2010-06-30,6169,Final,1026,Bendigo Region - South,Heathcote - Castlemaine - Kyneton,BENDIGO,REST OF VIC.
21026,SA2,2011-06-30,6265,Final,1026,Bendigo Region - South,Heathcote - Castlemaine - Kyneton,BENDIGO,REST OF VIC.
21026,SA2,2012-06-30,6391,Revised,1026,Bendigo Region - South,Heathcote - Castlemaine - Kyneton,BENDIGO,REST OF VIC.
21026,SA2,2013-06-30,6510,Revised,1026,Bendigo Region - South,Heathcote - Castlemaine - Kyneton,BENDIGO,REST OF VIC.
21026,SA2,2014-06-30,6710,Revised,1026,Bendigo Region - South,Heathcote - Castlemaine - Kyneton,BENDIGO,REST OF VIC.
21026,SA2,2015-06-30,6916,Preliminary,1026,Bendigo Region - South,Heathcote - Castlemaine - Kyneton,BENDIGO,REST OF VIC.
21027,SA2,2005-06-30,9603,Final,1027,Castlemaine,Heathcote - Castlemaine - Kyneton,BENDIGO,REST OF VIC.
21027,SA2,2006-06-30,9626,Final,1027,Castlemaine,Heathcote - Castlemaine - Kyneton,BENDIGO,REST OF VIC.
21027,SA2,2007-06-30,9691,Final,1027,Castlemaine,Heathcote - Castlemaine - Kyneton,BENDIGO,REST OF VIC.
21027,SA2,2008-06-30,9746,Final,1027,Castlemaine,Heathcote - Castlemaine - Kyneton,BENDIGO,REST OF VIC.
21027,SA2,2009-06-30,9794,Final,1027,Castlemaine,Heathcote - Castlemaine - Kyneton,BENDIGO,REST OF VIC.
21027,SA2,2010-06-30,9860,Final,1027,Castlemaine,Heathcote - Castlemaine - Kyneton,BENDIGO,REST OF VIC.
21027,SA2,2011-06-30,9920,Final,1027,Castlemaine,Heathcote - Castlemaine - Kyneton,BENDIGO,REST OF VIC.
21027,SA2,2012-06-30,9907,Revised,1027,Castlemaine,Heathcote - Castlemaine - Kyneton,BENDIGO,REST OF VIC.
21027,SA2,2013-06-30,9973,Revised,1027,Castlemaine,Heathcote - Castlemaine - Kyneton,BENDIGO,REST OF VIC.
21027,SA2,2014-06-30,10053,Revised,1027,Castlemaine,Heathcote - Castlemaine - Kyneton,BENDIGO,REST OF VIC.
21027,SA2,2015-06-30,10082,Preliminary,1027,Castlemaine,Heathcote - Castlemaine - Kyneton,BENDIGO,REST OF VIC.
21028,SA2,2005-06-30,7871,Final,1028,Castlemaine Region,Heathcote - Castlemaine - Kyneton,BENDIGO,REST OF VIC.
21028,SA2,2006-06-30,7909,Final,1028,Castlemaine Region,Heathcote - Castlemaine - Kyneton,BENDIGO,REST OF VIC.
21028,SA2,2007-06-30,7982,Final,1028,Castlemaine Region,Heathcote - Castlemaine - Kyneton,BENDIGO,REST OF VIC.
21028,SA2,2008-06-30,8122,Final,1028,Castlemaine Region,Heathcote - Castlemaine - Kyneton,BENDIGO,REST OF VIC.
21028,SA2,2009-06-30,8180,Final,1028,Castlemaine Region,Heathcote - Castlemaine - Kyneton,BENDIGO,REST OF VIC.
21028,SA2,2010-06-30,8253,Final,1028,Castlemaine Region,Heathcote - Castlemaine - Kyneton,BENDIGO,REST OF VIC.
21028,SA2,2011-06-30,8281,Final,1028,Castlemaine Region,Heathcote - Castlemaine - Kyneton,BENDIGO,REST OF VIC.
21028,SA2,2012-06-30,8306,Revised,1028,Castlemaine Region,Heathcote - Castlemaine - Kyneton,BENDIGO,REST OF VIC.
21028,SA2,2013-06-30,8327,Revised,1028,Castlemaine Region,Heathcote - Castlemaine - Kyneton,BENDIGO,REST OF VIC.
21028,SA2,2014-06-30,8368,Revised,1028,Castlemaine Region,Heathcote - Castlemaine - Kyneton,BENDIGO,REST OF VIC.
21028,SA2,2015-06-30,8378,Preliminary,1028,Castlemaine Region,Heathcote - Castlemaine - Kyneton,BENDIGO,REST OF VIC.
21029,SA2,2005-06-30,3966,Final,1029,Heathcote,Heathcote - Castlemaine - Kyneton,BENDIGO,REST OF VIC.
21029,SA2,2006-06-30,3962,Final,1029,Heathcote,Heathcote - Castlemaine - Kyneton,BENDIGO,REST OF VIC.
21029,SA2,2007-06-30,3974,Final,1029,Heathcote,Heathcote - Castlemaine - Kyneton,BENDIGO,REST OF VIC.
21029,SA2,2008-06-30,4004,Final,1029,Heathcote,Heathcote - Castlemaine - Kyneton,BENDIGO,REST OF VIC.
21029,SA2,2009-06-30,4043,Final,1029,Heathcote,Heathcote - Castlemaine - Kyneton,BENDIGO,REST OF VIC.
21029,SA2,2010-06-30,4083,Final,1029,Heathcote,Heathcote - Castlemaine - Kyneton,BENDIGO,REST OF VIC.
21029,SA2,2011-06-30,4110,Final,1029,Heathcote,Heathcote - Castlemaine - Kyneton,BENDIGO,REST OF VIC.
21029,SA2,2012-06-30,4161,Revised,1029,Heathcote,Heathcote - Castlemaine - Kyneton,BENDIGO,REST OF VIC.
21029,SA2,2013-06-30,4196,Revised,1029,Heathcote,Heathcote - Castlemaine - Kyneton,BENDIGO,REST OF VIC.
21029,SA2,2014-06-30,4216,Revised,1029,Heathcote,Heathcote - Castlemaine - Kyneton,BENDIGO,REST OF VIC.
21029,SA2,2015-06-30,4264,Preliminary,1029,Heathcote,Heathcote - Castlemaine - Kyneton,BENDIGO,REST OF VIC.
21030,SA2,2005-06-30,8194,Final,1030,Kyneton,Heathcote - Castlemaine - Kyneton,BENDIGO,REST OF VIC.
21030,SA2,2006-06-30,8243,Final,1030,Kyneton,Heathcote - Castlemaine - Kyneton,BENDIGO,REST OF VIC.
21030,SA2,2007-06-30,8367,Final,1030,Kyneton,Heathcote - Castlemaine - Kyneton,BENDIGO,REST OF VIC.
21030,SA2,2008-06-30,8495,Final,1030,Kyneton,Heathcote - Castlemaine - Kyneton,BENDIGO,REST OF VIC.
21030,SA2,2009-06-30,8668,Final,1030,Kyneton,Heathcote - Castlemaine - Kyneton,BENDIGO,REST OF VIC.
21030,SA2,2010-06-30,8785,Final,1030,Kyneton,Heathcote - Castlemaine - Kyneton,BENDIGO,REST OF VIC.
21030,SA2,2011-06-30,8895,Final,1030,Kyneton,Heathcote - Castlemaine - Kyneton,BENDIGO,REST OF VIC.
21030,SA2,2012-06-30,9084,Revised,1030,Kyneton,Heathcote - Castlemaine - Kyneton,BENDIGO,REST OF VIC.
21030,SA2,2013-06-30,9220,Revised,1030,Kyneton,Heathcote - Castlemaine - Kyneton,BENDIGO,REST OF VIC.
21030,SA2,2014-06-30,9348,Revised,1030,Kyneton,Heathcote - Castlemaine - Kyneton,BENDIGO,REST OF VIC.
21030,SA2,2015-06-30,9466,Preliminary,1030,Kyneton,Heathcote - Castlemaine - Kyneton,BENDIGO,REST OF VIC.
21031,SA2,2005-06-30,6058,Final,1031,Woodend,Heathcote - Castlemaine - Kyneton,BENDIGO,REST OF VIC.
21031,SA2,2006-06-30,6120,Final,1031,Woodend,Heathcote - Castlemaine - Kyneton,BENDIGO,REST OF VIC.
21031,SA2,2007-06-30,6178,Final,1031,Woodend,Heathcote - Castlemaine - Kyneton,BENDIGO,REST OF VIC.
21031,SA2,2008-06-30,6248,Final,1031,Woodend,Heathcote - Castlemaine - Kyneton,BENDIGO,REST OF VIC.
21031,SA2,2009-06-30,6385,Final,1031,Woodend,Heathcote - Castlemaine - Kyneton,BENDIGO,REST OF VIC.
21031,SA2,2010-06-30,6437,Final,1031,Woodend,Heathcote - Castlemaine - Kyneton,BENDIGO,REST OF VIC.
21031,SA2,2011-06-30,6579,Final,1031,Woodend,Heathcote - Castlemaine - Kyneton,BENDIGO,REST OF VIC.
21031,SA2,2012-06-30,6570,Revised,1031,Woodend,Heathcote - Castlemaine - Kyneton,BENDIGO,REST OF VIC.
21031,SA2,2013-06-30,6656,Revised,1031,Woodend,Heathcote - Castlemaine - Kyneton,BENDIGO,REST OF VIC.
21031,SA2,2014-06-30,6777,Revised,1031,Woodend,Heathcote - Castlemaine - Kyneton,BENDIGO,REST OF VIC.
21031,SA2,2015-06-30,6798,Preliminary,1031,Woodend,Heathcote - Castlemaine - Kyneton,BENDIGO,REST OF VIC.
21032,SA2,2005-06-30,4060,Final,1032,Bendigo Region - North,Loddon - Elmore,BENDIGO,REST OF VIC.
21032,SA2,2006-06-30,4073,Final,1032,Bendigo Region - North,Loddon - Elmore,BENDIGO,REST OF VIC.
21032,SA2,2007-06-30,4073,Final,1032,Bendigo Region - North,Loddon - Elmore,BENDIGO,REST OF VIC.
21032,SA2,2008-06-30,4089,Final,1032,Bendigo Region - North,Loddon - Elmore,BENDIGO,REST OF VIC.
21032,SA2,2009-06-30,4134,Final,1032,Bendigo Region - North,Loddon - Elmore,BENDIGO,REST OF VIC.
21032,SA2,2010-06-30,4168,Final,1032,Bendigo Region - North,Loddon - Elmore,BENDIGO,REST OF VIC.
21032,SA2,2011-06-30,4192,Final,1032,Bendigo Region - North,Loddon - Elmore,BENDIGO,REST OF VIC.
21032,SA2,2012-06-30,4208,Revised,1032,Bendigo Region - North,Loddon - Elmore,BENDIGO,REST OF VIC.
21032,SA2,2013-06-30,4212,Revised,1032,Bendigo Region - North,Loddon - Elmore,BENDIGO,REST OF VIC.
21032,SA2,2014-06-30,4246,Revised,1032,Bendigo Region - North,Loddon - Elmore,BENDIGO,REST OF VIC.
21032,SA2,2015-06-30,4267,Preliminary,1032,Bendigo Region - North,Loddon - Elmore,BENDIGO,REST OF VIC.
21033,SA2,2005-06-30,7606,Final,1033,Loddon,Loddon - Elmore,BENDIGO,REST OF VIC.
21033,SA2,2006-06-30,7513,Final,1033,Loddon,Loddon - Elmore,BENDIGO,REST OF VIC.
21033,SA2,2007-06-30,7464,Final,1033,Loddon,Loddon - Elmore,BENDIGO,REST OF VIC.
21033,SA2,2008-06-30,7397,Final,1033,Loddon,Loddon - Elmore,BENDIGO,REST OF VIC.
21033,SA2,2009-06-30,7324,Final,1033,Loddon,Loddon - Elmore,BENDIGO,REST OF VIC.
21033,SA2,2010-06-30,7234,Final,1033,Loddon,Loddon - Elmore,BENDIGO,REST OF VIC.
21033,SA2,2011-06-30,7111,Final,1033,Loddon,Loddon - Elmore,BENDIGO,REST OF VIC.
21033,SA2,2012-06-30,7055,Revised,1033,Loddon,Loddon - Elmore,BENDIGO,REST OF VIC.
21033,SA2,2013-06-30,6993,Revised,1033,Loddon,Loddon - Elmore,BENDIGO,REST OF VIC.
21033,SA2,2014-06-30,6933,Revised,1033,Loddon,Loddon - Elmore,BENDIGO,REST OF VIC.
21033,SA2,2015-06-30,6860,Preliminary,1033,Loddon,Loddon - Elmore,BENDIGO,REST OF VIC.
21034,SA2,2005-06-30,3440,Final,1034,Bannockburn,Barwon - West,GEELONG,REST OF VIC.
21034,SA2,2006-06-30,3587,Final,1034,Bannockburn,Barwon - West,GEELONG,REST OF VIC.
21034,SA2,2007-06-30,3825,Final,1034,Bannockburn,Barwon - West,GEELONG,REST OF VIC.
21034,SA2,2008-06-30,4078,Final,1034,Bannockburn,Barwon - West,GEELONG,REST OF VIC.
21034,SA2,2009-06-30,4313,Final,1034,Bannockburn,Barwon - West,GEELONG,REST OF VIC.
21034,SA2,2010-06-30,4527,Final,1034,Bannockburn,Barwon - West,GEELONG,REST OF VIC.
21034,SA2,2011-06-30,4754,Final,1034,Bannockburn,Barwon - West,GEELONG,REST OF VIC.
21034,SA2,2012-06-30,5035,Revised,1034,Bannockburn,Barwon - West,GEELONG,REST OF VIC.
21034,SA2,2013-06-30,5412,Revised,1034,Bannockburn,Barwon - West,GEELONG,REST OF VIC.
21034,SA2,2014-06-30,5654,Revised,1034,Bannockburn,Barwon - West,GEELONG,REST OF VIC.
21034,SA2,2015-06-30,5847,Preliminary,1034,Bannockburn,Barwon - West,GEELONG,REST OF VIC.
21035,SA2,2005-06-30,5494,Final,1035,Golden Plains - South,Barwon - West,GEELONG,REST OF VIC.
21035,SA2,2006-06-30,5581,Final,1035,Golden Plains - South,Barwon - West,GEELONG,REST OF VIC.
21035,SA2,2007-06-30,5630,Final,1035,Golden Plains - South,Barwon - West,GEELONG,REST OF VIC.
21035,SA2,2008-06-30,5732,Final,1035,Golden Plains - South,Barwon - West,GEELONG,REST OF VIC.
21035,SA2,2009-06-30,5882,Final,1035,Golden Plains - South,Barwon - West,GEELONG,REST OF VIC.
21035,SA2,2010-06-30,6072,Final,1035,Golden Plains - South,Barwon - West,GEELONG,REST OF VIC.
21035,SA2,2011-06-30,6283,Final,1035,Golden Plains - South,Barwon - West,GEELONG,REST OF VIC.
21035,SA2,2012-06-30,6406,Revised,1035,Golden Plains - South,Barwon - West,GEELONG,REST OF VIC.
21035,SA2,2013-06-30,6599,Revised,1035,Golden Plains - South,Barwon - West,GEELONG,REST OF VIC.
21035,SA2,2014-06-30,6685,Revised,1035,Golden Plains - South,Barwon - West,GEELONG,REST OF VIC.
21035,SA2,2015-06-30,6736,Preliminary,1035,Golden Plains - South,Barwon - West,GEELONG,REST OF VIC.
21036,SA2,2005-06-30,5487,Final,1036,Winchelsea,Barwon - West,GEELONG,REST OF VIC.
21036,SA2,2006-06-30,5508,Final,1036,Winchelsea,Barwon - West,GEELONG,REST OF VIC.
21036,SA2,2007-06-30,5545,Final,1036,Winchelsea,Barwon - West,GEELONG,REST OF VIC.
21036,SA2,2008-06-30,5615,Final,1036,Winchelsea,Barwon - West,GEELONG,REST OF VIC.
21036,SA2,2009-06-30,5724,Final,1036,Winchelsea,Barwon - West,GEELONG,REST OF VIC.
21036,SA2,2010-06-30,5756,Final,1036,Winchelsea,Barwon - West,GEELONG,REST OF VIC.
21036,SA2,2011-06-30,5788,Final,1036,Winchelsea,Barwon - West,GEELONG,REST OF VIC.
21036,SA2,2012-06-30,5793,Revised,1036,Winchelsea,Barwon - West,GEELONG,REST OF VIC.
21036,SA2,2013-06-30,5791,Revised,1036,Winchelsea,Barwon - West,GEELONG,REST OF VIC.
21036,SA2,2014-06-30,5697,Revised,1036,Winchelsea,Barwon - West,GEELONG,REST OF VIC.
21036,SA2,2015-06-30,5628,Preliminary,1036,Winchelsea,Barwon - West,GEELONG,REST OF VIC.
21037,SA2,2005-06-30,13683,Final,1037,Belmont,Geelong,GEELONG,REST OF VIC.
21037,SA2,2006-06-30,13631,Final,1037,Belmont,Geelong,GEELONG,REST OF VIC.
21037,SA2,2007-06-30,13630,Final,1037,Belmont,Geelong,GEELONG,REST OF VIC.
21037,SA2,2008-06-30,13666,Final,1037,Belmont,Geelong,GEELONG,REST OF VIC.
21037,SA2,2009-06-30,13705,Final,1037,Belmont,Geelong,GEELONG,REST OF VIC.
21037,SA2,2010-06-30,13805,Final,1037,Belmont,Geelong,GEELONG,REST OF VIC.
21037,SA2,2011-06-30,13910,Final,1037,Belmont,Geelong,GEELONG,REST OF VIC.
21037,SA2,2012-06-30,13971,Revised,1037,Belmont,Geelong,GEELONG,REST OF VIC.
21037,SA2,2013-06-30,13962,Revised,1037,Belmont,Geelong,GEELONG,REST OF VIC.
21037,SA2,2014-06-30,14111,Revised,1037,Belmont,Geelong,GEELONG,REST OF VIC.
21037,SA2,2015-06-30,14205,Preliminary,1037,Belmont,Geelong,GEELONG,REST OF VIC.
21038,SA2,2005-06-30,25768,Final,1038,Corio - Norlane,Geelong,GEELONG,REST OF VIC.
21038,SA2,2006-06-30,25684,Final,1038,Corio - Norlane,Geelong,GEELONG,REST OF VIC.
21038,SA2,2007-06-30,25825,Final,1038,Corio - Norlane,Geelong,GEELONG,REST OF VIC.
21038,SA2,2008-06-30,25979,Final,1038,Corio - Norlane,Geelong,GEELONG,REST OF VIC.
21038,SA2,2009-06-30,26133,Final,1038,Corio - Norlane,Geelong,GEELONG,REST OF VIC.
21038,SA2,2010-06-30,26330,Final,1038,Corio - Norlane,Geelong,GEELONG,REST OF VIC.
21038,SA2,2011-06-30,26469,Final,1038,Corio - Norlane,Geelong,GEELONG,REST OF VIC.
21038,SA2,2012-06-30,26402,Revised,1038,Corio - Norlane,Geelong,GEELONG,REST OF VIC.
21038,SA2,2013-06-30,26335,Revised,1038,Corio - Norlane,Geelong,GEELONG,REST OF VIC.
21038,SA2,2014-06-30,26361,Revised,1038,Corio - Norlane,Geelong,GEELONG,REST OF VIC.
21038,SA2,2015-06-30,26671,Preliminary,1038,Corio - Norlane,Geelong,GEELONG,REST OF VIC.
21039,SA2,2005-06-30,12027,Final,1039,Geelong,Geelong,GEELONG,REST OF VIC.
21039,SA2,2006-06-30,11996,Final,1039,Geelong,Geelong,GEELONG,REST OF VIC.
21039,SA2,2007-06-30,12078,Final,1039,Geelong,Geelong,GEELONG,REST OF VIC.
21039,SA2,2008-06-30,12151,Final,1039,Geelong,Geelong,GEELONG,REST OF VIC.
21039,SA2,2009-06-30,12237,Final,1039,Geelong,Geelong,GEELONG,REST OF VIC.
21039,SA2,2010-06-30,12342,Final,1039,Geelong,Geelong,GEELONG,REST OF VIC.
21039,SA2,2011-06-30,12422,Final,1039,Geelong,Geelong,GEELONG,REST OF VIC.
21039,SA2,2012-06-30,12506,Revised,1039,Geelong,Geelong,GEELONG,REST OF VIC.
21039,SA2,2013-06-30,12599,Revised,1039,Geelong,Geelong,GEELONG,REST OF VIC.
21039,SA2,2014-06-30,12703,Revised,1039,Geelong,Geelong,GEELONG,REST OF VIC.
21039,SA2,2015-06-30,12819,Preliminary,1039,Geelong,Geelong,GEELONG,REST OF VIC.
21040,SA2,2005-06-30,18462,Final,1040,Geelong West - Hamlyn Heights,Geelong,GEELONG,REST OF VIC.
21040,SA2,2006-06-30,18504,Final,1040,Geelong West - Hamlyn Heights,Geelong,GEELONG,REST OF VIC.
21040,SA2,2007-06-30,18574,Final,1040,Geelong West - Hamlyn Heights,Geelong,GEELONG,REST OF VIC.
21040,SA2,2008-06-30,18754,Final,1040,Geelong West - Hamlyn Heights,Geelong,GEELONG,REST OF VIC.
21040,SA2,2009-06-30,18939,Final,1040,Geelong West - Hamlyn Heights,Geelong,GEELONG,REST OF VIC.
21040,SA2,2010-06-30,19092,Final,1040,Geelong West - Hamlyn Heights,Geelong,GEELONG,REST OF VIC.
21040,SA2,2011-06-30,19247,Final,1040,Geelong West - Hamlyn Heights,Geelong,GEELONG,REST OF VIC.
21040,SA2,2012-06-30,19350,Revised,1040,Geelong West - Hamlyn Heights,Geelong,GEELONG,REST OF VIC.
21040,SA2,2013-06-30,19438,Revised,1040,Geelong West - Hamlyn Heights,Geelong,GEELONG,REST OF VIC.
21040,SA2,2014-06-30,19516,Revised,1040,Geelong West - Hamlyn Heights,Geelong,GEELONG,REST OF VIC.
21040,SA2,2015-06-30,19691,Preliminary,1040,Geelong West - Hamlyn Heights,Geelong,GEELONG,REST OF VIC.
21041,SA2,2005-06-30,16867,Final,1041,Grovedale,Geelong,GEELONG,REST OF VIC.
21041,SA2,2006-06-30,17529,Final,1041,Grovedale,Geelong,GEELONG,REST OF VIC.
21041,SA2,2007-06-30,18117,Final,1041,Grovedale,Geelong,GEELONG,REST OF VIC.
21041,SA2,2008-06-30,18699,Final,1041,Grovedale,Geelong,GEELONG,REST OF VIC.
21041,SA2,2009-06-30,19198,Final,1041,Grovedale,Geelong,GEELONG,REST OF VIC.
21041,SA2,2010-06-30,19692,Final,1041,Grovedale,Geelong,GEELONG,REST OF VIC.
21041,SA2,2011-06-30,20136,Final,1041,Grovedale,Geelong,GEELONG,REST OF VIC.
21041,SA2,2012-06-30,20377,Revised,1041,Grovedale,Geelong,GEELONG,REST OF VIC.
21041,SA2,2013-06-30,20874,Revised,1041,Grovedale,Geelong,GEELONG,REST OF VIC.
21041,SA2,2014-06-30,21288,Revised,1041,Grovedale,Geelong,GEELONG,REST OF VIC.
21041,SA2,2015-06-30,22238,Preliminary,1041,Grovedale,Geelong,GEELONG,REST OF VIC.
21042,SA2,2005-06-30,17313,Final,1042,Highton,Geelong,GEELONG,REST OF VIC.
21042,SA2,2006-06-30,17726,Final,1042,Highton,Geelong,GEELONG,REST OF VIC.
21042,SA2,2007-06-30,18100,Final,1042,Highton,Geelong,GEELONG,REST OF VIC.
21042,SA2,2008-06-30,18480,Final,1042,Highton,Geelong,GEELONG,REST OF VIC.
21042,SA2,2009-06-30,18991,Final,1042,Highton,Geelong,GEELONG,REST OF VIC.
21042,SA2,2010-06-30,19449,Final,1042,Highton,Geelong,GEELONG,REST OF VIC.
21042,SA2,2011-06-30,19834,Final,1042,Highton,Geelong,GEELONG,REST OF VIC.
21042,SA2,2012-06-30,20292,Revised,1042,Highton,Geelong,GEELONG,REST OF VIC.
21042,SA2,2013-06-30,20929,Revised,1042,Highton,Geelong,GEELONG,REST OF VIC.
21042,SA2,2014-06-30,21643,Revised,1042,Highton,Geelong,GEELONG,REST OF VIC.
21042,SA2,2015-06-30,22051,Preliminary,1042,Highton,Geelong,GEELONG,REST OF VIC.
21043,SA2,2005-06-30,14417,Final,1043,Lara,Geelong,GEELONG,REST OF VIC.
21043,SA2,2006-06-30,14684,Final,1043,Lara,Geelong,GEELONG,REST OF VIC.
21043,SA2,2007-06-30,14878,Final,1043,Lara,Geelong,GEELONG,REST OF VIC.
21043,SA2,2008-06-30,15100,Final,1043,Lara,Geelong,GEELONG,REST OF VIC.
21043,SA2,2009-06-30,15283,Final,1043,Lara,Geelong,GEELONG,REST OF VIC.
21043,SA2,2010-06-30,15503,Final,1043,Lara,Geelong,GEELONG,REST OF VIC.
21043,SA2,2011-06-30,15861,Final,1043,Lara,Geelong,GEELONG,REST OF VIC.
21043,SA2,2012-06-30,16392,Revised,1043,Lara,Geelong,GEELONG,REST OF VIC.
21043,SA2,2013-06-30,16841,Revised,1043,Lara,Geelong,GEELONG,REST OF VIC.
21043,SA2,2014-06-30,17251,Revised,1043,Lara,Geelong,GEELONG,REST OF VIC.
21043,SA2,2015-06-30,17521,Preliminary,1043,Lara,Geelong,GEELONG,REST OF VIC.
21044,SA2,2005-06-30,8965,Final,1044,Leopold,Geelong,GEELONG,REST OF VIC.
21044,SA2,2006-06-30,9067,Final,1044,Leopold,Geelong,GEELONG,REST OF VIC.
21044,SA2,2007-06-30,9065,Final,1044,Leopold,Geelong,GEELONG,REST OF VIC.
21044,SA2,2008-06-30,9219,Final,1044,Leopold,Geelong,GEELONG,REST OF VIC.
21044,SA2,2009-06-30,9485,Final,1044,Leopold,Geelong,GEELONG,REST OF VIC.
21044,SA2,2010-06-30,9784,Final,1044,Leopold,Geelong,GEELONG,REST OF VIC.
21044,SA2,2011-06-30,10230,Final,1044,Leopold,Geelong,GEELONG,REST OF VIC.
21044,SA2,2012-06-30,10593,Revised,1044,Leopold,Geelong,GEELONG,REST OF VIC.
21044,SA2,2013-06-30,11100,Revised,1044,Leopold,Geelong,GEELONG,REST OF VIC.
21044,SA2,2014-06-30,11588,Revised,1044,Leopold,Geelong,GEELONG,REST OF VIC.
21044,SA2,2015-06-30,12004,Preliminary,1044,Leopold,Geelong,GEELONG,REST OF VIC.
21045,SA2,2005-06-30,14663,Final,1045,Newcomb - Moolap,Geelong,GEELONG,REST OF VIC.
21045,SA2,2006-06-30,14676,Final,1045,Newcomb - Moolap,Geelong,GEELONG,REST OF VIC.
21045,SA2,2007-06-30,14706,Final,1045,Newcomb - Moolap,Geelong,GEELONG,REST OF VIC.
21045,SA2,2008-06-30,14758,Final,1045,Newcomb - Moolap,Geelong,GEELONG,REST OF VIC.
21045,SA2,2009-06-30,14801,Final,1045,Newcomb - Moolap,Geelong,GEELONG,REST OF VIC.
21045,SA2,2010-06-30,14885,Final,1045,Newcomb - Moolap,Geelong,GEELONG,REST OF VIC.
21045,SA2,2011-06-30,14962,Final,1045,Newcomb - Moolap,Geelong,GEELONG,REST OF VIC.
21045,SA2,2012-06-30,15020,Revised,1045,Newcomb - Moolap,Geelong,GEELONG,REST OF VIC.
21045,SA2,2013-06-30,15010,Revised,1045,Newcomb - Moolap,Geelong,GEELONG,REST OF VIC.
21045,SA2,2014-06-30,14923,Revised,1045,Newcomb - Moolap,Geelong,GEELONG,REST OF VIC.
21045,SA2,2015-06-30,14943,Preliminary,1045,Newcomb - Moolap,Geelong,GEELONG,REST OF VIC.
21046,SA2,2005-06-30,9807,Final,1046,Newtown (Vic.),Geelong,GEELONG,REST OF VIC.
21046,SA2,2006-06-30,9827,Final,1046,Newtown (Vic.),Geelong,GEELONG,REST OF VIC.
21046,SA2,2007-06-30,9857,Final,1046,Newtown (Vic.),Geelong,GEELONG,REST OF VIC.
21046,SA2,2008-06-30,9885,Final,1046,Newtown (Vic.),Geelong,GEELONG,REST OF VIC.
21046,SA2,2009-06-30,9913,Final,1046,Newtown (Vic.),Geelong,GEELONG,REST OF VIC.
21046,SA2,2010-06-30,9968,Final,1046,Newtown (Vic.),Geelong,GEELONG,REST OF VIC.
21046,SA2,2011-06-30,10030,Final,1046,Newtown (Vic.),Geelong,GEELONG,REST OF VIC.
21046,SA2,2012-06-30,10029,Revised,1046,Newtown (Vic.),Geelong,GEELONG,REST OF VIC.
21046,SA2,2013-06-30,10213,Revised,1046,Newtown (Vic.),Geelong,GEELONG,REST OF VIC.
21046,SA2,2014-06-30,10293,Revised,1046,Newtown (Vic.),Geelong,GEELONG,REST OF VIC.
21046,SA2,2015-06-30,10384,Preliminary,1046,Newtown (Vic.),Geelong,GEELONG,REST OF VIC.
21047,SA2,2005-06-30,13801,Final,1047,North Geelong - Bell Park,Geelong,GEELONG,REST OF VIC.
21047,SA2,2006-06-30,13834,Final,1047,North Geelong - Bell Park,Geelong,GEELONG,REST OF VIC.
21047,SA2,2007-06-30,13919,Final,1047,North Geelong - Bell Park,Geelong,GEELONG,REST OF VIC.
21047,SA2,2008-06-30,14045,Final,1047,North Geelong - Bell Park,Geelong,GEELONG,REST OF VIC.
21047,SA2,2009-06-30,14195,Final,1047,North Geelong - Bell Park,Geelong,GEELONG,REST OF VIC.
21047,SA2,2010-06-30,14361,Final,1047,North Geelong - Bell Park,Geelong,GEELONG,REST OF VIC.
21047,SA2,2011-06-30,14487,Final,1047,North Geelong - Bell Park,Geelong,GEELONG,REST OF VIC.
21047,SA2,2012-06-30,14416,Revised,1047,North Geelong - Bell Park,Geelong,GEELONG,REST OF VIC.
21047,SA2,2013-06-30,14366,Revised,1047,North Geelong - Bell Park,Geelong,GEELONG,REST OF VIC.
21047,SA2,2014-06-30,14504,Revised,1047,North Geelong - Bell Park,Geelong,GEELONG,REST OF VIC.
21047,SA2,2015-06-30,14890,Preliminary,1047,North Geelong - Bell Park,Geelong,GEELONG,REST OF VIC.
21048,SA2,2005-06-30,10945,Final,1048,Clifton Springs,Surf Coast - Bellarine Peninsula,GEELONG,REST OF VIC.
21048,SA2,2006-06-30,11036,Final,1048,Clifton Springs,Surf Coast - Bellarine Peninsula,GEELONG,REST OF VIC.
21048,SA2,2007-06-30,11184,Final,1048,Clifton Springs,Surf Coast - Bellarine Peninsula,GEELONG,REST OF VIC.
21048,SA2,2008-06-30,11350,Final,1048,Clifton Springs,Surf Coast - Bellarine Peninsula,GEELONG,REST OF VIC.
21048,SA2,2009-06-30,11558,Final,1048,Clifton Springs,Surf Coast - Bellarine Peninsula,GEELONG,REST OF VIC.
21048,SA2,2010-06-30,11735,Final,1048,Clifton Springs,Surf Coast - Bellarine Peninsula,GEELONG,REST OF VIC.
21048,SA2,2011-06-30,11866,Final,1048,Clifton Springs,Surf Coast - Bellarine Peninsula,GEELONG,REST OF VIC.
21048,SA2,2012-06-30,11927,Revised,1048,Clifton Springs,Surf Coast - Bellarine Peninsula,GEELONG,REST OF VIC.
21048,SA2,2013-06-30,12113,Revised,1048,Clifton Springs,Surf Coast - Bellarine Peninsula,GEELONG,REST OF VIC.
21048,SA2,2014-06-30,12399,Revised,1048,Clifton Springs,Surf Coast - Bellarine Peninsula,GEELONG,REST OF VIC.
21048,SA2,2015-06-30,12882,Preliminary,1048,Clifton Springs,Surf Coast - Bellarine Peninsula,GEELONG,REST OF VIC.
21049,SA2,2005-06-30,4818,Final,1049,Lorne - Anglesea,Surf Coast - Bellarine Peninsula,GEELONG,REST OF VIC.
21049,SA2,2006-06-30,4799,Final,1049,Lorne - Anglesea,Surf Coast - Bellarine Peninsula,GEELONG,REST OF VIC.
21049,SA2,2007-06-30,4871,Final,1049,Lorne - Anglesea,Surf Coast - Bellarine Peninsula,GEELONG,REST OF VIC.
21049,SA2,2008-06-30,4989,Final,1049,Lorne - Anglesea,Surf Coast - Bellarine Peninsula,GEELONG,REST OF VIC.
21049,SA2,2009-06-30,5073,Final,1049,Lorne - Anglesea,Surf Coast - Bellarine Peninsula,GEELONG,REST OF VIC.
21049,SA2,2010-06-30,5123,Final,1049,Lorne - Anglesea,Surf Coast - Bellarine Peninsula,GEELONG,REST OF VIC.
21049,SA2,2011-06-30,5151,Final,1049,Lorne - Anglesea,Surf Coast - Bellarine Peninsula,GEELONG,REST OF VIC.
21049,SA2,2012-06-30,5151,Revised,1049,Lorne - Anglesea,Surf Coast - Bellarine Peninsula,GEELONG,REST OF VIC.
21049,SA2,2013-06-30,5146,Revised,1049,Lorne - Anglesea,Surf Coast - Bellarine Peninsula,GEELONG,REST OF VIC.
21049,SA2,2014-06-30,4975,Revised,1049,Lorne - Anglesea,Surf Coast - Bellarine Peninsula,GEELONG,REST OF VIC.
21049,SA2,2015-06-30,4835,Preliminary,1049,Lorne - Anglesea,Surf Coast - Bellarine Peninsula,GEELONG,REST OF VIC.
21050,SA2,2005-06-30,16728,Final,1050,Ocean Grove - Barwon Heads,Surf Coast - Bellarine Peninsula,GEELONG,REST OF VIC.
21050,SA2,2006-06-30,16817,Final,1050,Ocean Grove - Barwon Heads,Surf Coast - Bellarine Peninsula,GEELONG,REST OF VIC.
21050,SA2,2007-06-30,17191,Final,1050,Ocean Grove - Barwon Heads,Surf Coast - Bellarine Peninsula,GEELONG,REST OF VIC.
21050,SA2,2008-06-30,17566,Final,1050,Ocean Grove - Barwon Heads,Surf Coast - Bellarine Peninsula,GEELONG,REST OF VIC.
21050,SA2,2009-06-30,17946,Final,1050,Ocean Grove - Barwon Heads,Surf Coast - Bellarine Peninsula,GEELONG,REST OF VIC.
21050,SA2,2010-06-30,18349,Final,1050,Ocean Grove - Barwon Heads,Surf Coast - Bellarine Peninsula,GEELONG,REST OF VIC.
21050,SA2,2011-06-30,18842,Final,1050,Ocean Grove - Barwon Heads,Surf Coast - Bellarine Peninsula,GEELONG,REST OF VIC.
21050,SA2,2012-06-30,19130,Revised,1050,Ocean Grove - Barwon Heads,Surf Coast - Bellarine Peninsula,GEELONG,REST OF VIC.
21050,SA2,2013-06-30,19600,Revised,1050,Ocean Grove - Barwon Heads,Surf Coast - Bellarine Peninsula,GEELONG,REST OF VIC.
21050,SA2,2014-06-30,20413,Revised,1050,Ocean Grove - Barwon Heads,Surf Coast - Bellarine Peninsula,GEELONG,REST OF VIC.
21050,SA2,2015-06-30,21117,Preliminary,1050,Ocean Grove - Barwon Heads,Surf Coast - Bellarine Peninsula,GEELONG,REST OF VIC.
21051,SA2,2005-06-30,5716,Final,1051,Portarlington,Surf Coast - Bellarine Peninsula,GEELONG,REST OF VIC.
21051,SA2,2006-06-30,5681,Final,1051,Portarlington,Surf Coast - Bellarine Peninsula,GEELONG,REST OF VIC.
21051,SA2,2007-06-30,5863,Final,1051,Portarlington,Surf Coast - Bellarine Peninsula,GEELONG,REST OF VIC.
21051,SA2,2008-06-30,5978,Final,1051,Portarlington,Surf Coast - Bellarine Peninsula,GEELONG,REST OF VIC.
21051,SA2,2009-06-30,6186,Final,1051,Portarlington,Surf Coast - Bellarine Peninsula,GEELONG,REST OF VIC.
21051,SA2,2010-06-30,6400,Final,1051,Portarlington,Surf Coast - Bellarine Peninsula,GEELONG,REST OF VIC.
21051,SA2,2011-06-30,6647,Final,1051,Portarlington,Surf Coast - Bellarine Peninsula,GEELONG,REST OF VIC.
21051,SA2,2012-06-30,6850,Revised,1051,Portarlington,Surf Coast - Bellarine Peninsula,GEELONG,REST OF VIC.
21051,SA2,2013-06-30,7038,Revised,1051,Portarlington,Surf Coast - Bellarine Peninsula,GEELONG,REST OF VIC.
21051,SA2,2014-06-30,7049,Revised,1051,Portarlington,Surf Coast - Bellarine Peninsula,GEELONG,REST OF VIC.
21051,SA2,2015-06-30,7149,Preliminary,1051,Portarlington,Surf Coast - Bellarine Peninsula,GEELONG,REST OF VIC.
21052,SA2,2005-06-30,4101,Final,1052,Queenscliff,Surf Coast - Bellarine Peninsula,GEELONG,REST OF VIC.
21052,SA2,2006-06-30,4130,Final,1052,Queenscliff,Surf Coast - Bellarine Peninsula,GEELONG,REST OF VIC.
21052,SA2,2007-06-30,4126,Final,1052,Queenscliff,Surf Coast - Bellarine Peninsula,GEELONG,REST OF VIC.
21052,SA2,2008-06-30,4150,Final,1052,Queenscliff,Surf Coast - Bellarine Peninsula,GEELONG,REST OF VIC.
21052,SA2,2009-06-30,4158,Final,1052,Queenscliff,Surf Coast - Bellarine Peninsula,GEELONG,REST OF VIC.
21052,SA2,2010-06-30,4175,Final,1052,Queenscliff,Surf Coast - Bellarine Peninsula,GEELONG,REST OF VIC.
21052,SA2,2011-06-30,4164,Final,1052,Queenscliff,Surf Coast - Bellarine Peninsula,GEELONG,REST OF VIC.
21052,SA2,2012-06-30,4171,Revised,1052,Queenscliff,Surf Coast - Bellarine Peninsula,GEELONG,REST OF VIC.
21052,SA2,2013-06-30,4151,Revised,1052,Queenscliff,Surf Coast - Bellarine Peninsula,GEELONG,REST OF VIC.
21052,SA2,2014-06-30,4126,Revised,1052,Queenscliff,Surf Coast - Bellarine Peninsula,GEELONG,REST OF VIC.
21052,SA2,2015-06-30,4113,Preliminary,1052,Queenscliff,Surf Coast - Bellarine Peninsula,GEELONG,REST OF VIC.
21053,SA2,2005-06-30,11292,Final,1053,Torquay,Surf Coast - Bellarine Peninsula,GEELONG,REST OF VIC.
21053,SA2,2006-06-30,11758,Final,1053,Torquay,Surf Coast - Bellarine Peninsula,GEELONG,REST OF VIC.
21053,SA2,2007-06-30,12472,Final,1053,Torquay,Surf Coast - Bellarine Peninsula,GEELONG,REST OF VIC.
21053,SA2,2008-06-30,13221,Final,1053,Torquay,Surf Coast - Bellarine Peninsula,GEELONG,REST OF VIC.
21053,SA2,2009-06-30,14011,Final,1053,Torquay,Surf Coast - Bellarine Peninsula,GEELONG,REST OF VIC.
21053,SA2,2010-06-30,14743,Final,1053,Torquay,Surf Coast - Bellarine Peninsula,GEELONG,REST OF VIC.
21053,SA2,2011-06-30,15497,Final,1053,Torquay,Surf Coast - Bellarine Peninsula,GEELONG,REST OF VIC.
21053,SA2,2012-06-30,16306,Revised,1053,Torquay,Surf Coast - Bellarine Peninsula,GEELONG,REST OF VIC.
21053,SA2,2013-06-30,17088,Revised,1053,Torquay,Surf Coast - Bellarine Peninsula,GEELONG,REST OF VIC.
21053,SA2,2014-06-30,17548,Revised,1053,Torquay,Surf Coast - Bellarine Peninsula,GEELONG,REST OF VIC.
21053,SA2,2015-06-30,18227,Preliminary,1053,Torquay,Surf Coast - Bellarine Peninsula,GEELONG,REST OF VIC.
21054,SA2,2005-06-30,6267,Final,1054,Alexandra,Upper Goulburn Valley,HUME,REST OF VIC.
21054,SA2,2006-06-30,6271,Final,1054,Alexandra,Upper Goulburn Valley,HUME,REST OF VIC.
21054,SA2,2007-06-30,6299,Final,1054,Alexandra,Upper Goulburn Valley,HUME,REST OF VIC.
21054,SA2,2008-06-30,6279,Final,1054,Alexandra,Upper Goulburn Valley,HUME,REST OF VIC.
21054,SA2,2009-06-30,6250,Final,1054,Alexandra,Upper Goulburn Valley,HUME,REST OF VIC.
21054,SA2,2010-06-30,6219,Final,1054,Alexandra,Upper Goulburn Valley,HUME,REST OF VIC.
21054,SA2,2011-06-30,6219,Final,1054,Alexandra,Upper Goulburn Valley,HUME,REST OF VIC.
21054,SA2,2012-06-30,6273,Revised,1054,Alexandra,Upper Goulburn Valley,HUME,REST OF VIC.
21054,SA2,2013-06-30,6275,Revised,1054,Alexandra,Upper Goulburn Valley,HUME,REST OF VIC.
21054,SA2,2014-06-30,6327,Revised,1054,Alexandra,Upper Goulburn Valley,HUME,REST OF VIC.
21054,SA2,2015-06-30,6333,Preliminary,1054,Alexandra,Upper Goulburn Valley,HUME,REST OF VIC.
21055,SA2,2005-06-30,6047,Final,1055,Euroa,Upper Goulburn Valley,HUME,REST OF VIC.
21055,SA2,2006-06-30,6019,Final,1055,Euroa,Upper Goulburn Valley,HUME,REST OF VIC.
21055,SA2,2007-06-30,6040,Final,1055,Euroa,Upper Goulburn Valley,HUME,REST OF VIC.
21055,SA2,2008-06-30,6035,Final,1055,Euroa,Upper Goulburn Valley,HUME,REST OF VIC.
21055,SA2,2009-06-30,6015,Final,1055,Euroa,Upper Goulburn Valley,HUME,REST OF VIC.
21055,SA2,2010-06-30,6017,Final,1055,Euroa,Upper Goulburn Valley,HUME,REST OF VIC.
21055,SA2,2011-06-30,6002,Final,1055,Euroa,Upper Goulburn Valley,HUME,REST OF VIC.
21055,SA2,2012-06-30,6028,Revised,1055,Euroa,Upper Goulburn Valley,HUME,REST OF VIC.
21055,SA2,2013-06-30,6023,Revised,1055,Euroa,Upper Goulburn Valley,HUME,REST OF VIC.
21055,SA2,2014-06-30,6089,Revised,1055,Euroa,Upper Goulburn Valley,HUME,REST OF VIC.
21055,SA2,2015-06-30,6055,Preliminary,1055,Euroa,Upper Goulburn Valley,HUME,REST OF VIC.
21056,SA2,2005-06-30,10237,Final,1056,Kilmore - Broadford,Upper Goulburn Valley,HUME,REST OF VIC.
21056,SA2,2006-06-30,10406,Final,1056,Kilmore - Broadford,Upper Goulburn Valley,HUME,REST OF VIC.
21056,SA2,2007-06-30,10798,Final,1056,Kilmore - Broadford,Upper Goulburn Valley,HUME,REST OF VIC.
21056,SA2,2008-06-30,11016,Final,1056,Kilmore - Broadford,Upper Goulburn Valley,HUME,REST OF VIC.
21056,SA2,2009-06-30,11257,Final,1056,Kilmore - Broadford,Upper Goulburn Valley,HUME,REST OF VIC.
21056,SA2,2010-06-30,11685,Final,1056,Kilmore - Broadford,Upper Goulburn Valley,HUME,REST OF VIC.
21056,SA2,2011-06-30,12038,Final,1056,Kilmore - Broadford,Upper Goulburn Valley,HUME,REST OF VIC.
21056,SA2,2012-06-30,12365,Revised,1056,Kilmore - Broadford,Upper Goulburn Valley,HUME,REST OF VIC.
21056,SA2,2013-06-30,12672,Revised,1056,Kilmore - Broadford,Upper Goulburn Valley,HUME,REST OF VIC.
21056,SA2,2014-06-30,13038,Revised,1056,Kilmore - Broadford,Upper Goulburn Valley,HUME,REST OF VIC.
21056,SA2,2015-06-30,13220,Preliminary,1056,Kilmore - Broadford,Upper Goulburn Valley,HUME,REST OF VIC.
21057,SA2,2005-06-30,7408,Final,1057,Mansfield (Vic.),Upper Goulburn Valley,HUME,REST OF VIC.
21057,SA2,2006-06-30,7601,Final,1057,Mansfield (Vic.),Upper Goulburn Valley,HUME,REST OF VIC.
21057,SA2,2007-06-30,7707,Final,1057,Mansfield (Vic.),Upper Goulburn Valley,HUME,REST OF VIC.
21057,SA2,2008-06-30,7865,Final,1057,Mansfield (Vic.),Upper Goulburn Valley,HUME,REST OF VIC.
21057,SA2,2009-06-30,8026,Final,1057,Mansfield (Vic.),Upper Goulburn Valley,HUME,REST OF VIC.
21057,SA2,2010-06-30,8144,Final,1057,Mansfield (Vic.),Upper Goulburn Valley,HUME,REST OF VIC.
21057,SA2,2011-06-30,8202,Final,1057,Mansfield (Vic.),Upper Goulburn Valley,HUME,REST OF VIC.
21057,SA2,2012-06-30,8312,Revised,1057,Mansfield (Vic.),Upper Goulburn Valley,HUME,REST OF VIC.
21057,SA2,2013-06-30,8434,Revised,1057,Mansfield (Vic.),Upper Goulburn Valley,HUME,REST OF VIC.
21057,SA2,2014-06-30,8471,Revised,1057,Mansfield (Vic.),Upper Goulburn Valley,HUME,REST OF VIC.
21057,SA2,2015-06-30,8556,Preliminary,1057,Mansfield (Vic.),Upper Goulburn Valley,HUME,REST OF VIC.
21058,SA2,2005-06-30,3369,Final,1058,Nagambie,Upper Goulburn Valley,HUME,REST OF VIC.
21058,SA2,2006-06-30,3424,Final,1058,Nagambie,Upper Goulburn Valley,HUME,REST OF VIC.
21058,SA2,2007-06-30,3468,Final,1058,Nagambie,Upper Goulburn Valley,HUME,REST OF VIC.
21058,SA2,2008-06-30,3500,Final,1058,Nagambie,Upper Goulburn Valley,HUME,REST OF VIC.
21058,SA2,2009-06-30,3538,Final,1058,Nagambie,Upper Goulburn Valley,HUME,REST OF VIC.
21058,SA2,2010-06-30,3580,Final,1058,Nagambie,Upper Goulburn Valley,HUME,REST OF VIC.
21058,SA2,2011-06-30,3621,Final,1058,Nagambie,Upper Goulburn Valley,HUME,REST OF VIC.
21058,SA2,2012-06-30,3657,Revised,1058,Nagambie,Upper Goulburn Valley,HUME,REST OF VIC.
21058,SA2,2013-06-30,3695,Revised,1058,Nagambie,Upper Goulburn Valley,HUME,REST OF VIC.
21058,SA2,2014-06-30,3741,Revised,1058,Nagambie,Upper Goulburn Valley,HUME,REST OF VIC.
21058,SA2,2015-06-30,3790,Preliminary,1058,Nagambie,Upper Goulburn Valley,HUME,REST OF VIC.
21059,SA2,2005-06-30,6670,Final,1059,Seymour,Upper Goulburn Valley,HUME,REST OF VIC.
21059,SA2,2006-06-30,6570,Final,1059,Seymour,Upper Goulburn Valley,HUME,REST OF VIC.
21059,SA2,2007-06-30,6551,Final,1059,Seymour,Upper Goulburn Valley,HUME,REST OF VIC.
21059,SA2,2008-06-30,6513,Final,1059,Seymour,Upper Goulburn Valley,HUME,REST OF VIC.
21059,SA2,2009-06-30,6524,Final,1059,Seymour,Upper Goulburn Valley,HUME,REST OF VIC.
21059,SA2,2010-06-30,6526,Final,1059,Seymour,Upper Goulburn Valley,HUME,REST OF VIC.
21059,SA2,2011-06-30,6518,Final,1059,Seymour,Upper Goulburn Valley,HUME,REST OF VIC.
21059,SA2,2012-06-30,6500,Revised,1059,Seymour,Upper Goulburn Valley,HUME,REST OF VIC.
21059,SA2,2013-06-30,6457,Revised,1059,Seymour,Upper Goulburn Valley,HUME,REST OF VIC.
21059,SA2,2014-06-30,6314,Revised,1059,Seymour,Upper Goulburn Valley,HUME,REST OF VIC.
21059,SA2,2015-06-30,6341,Preliminary,1059,Seymour,Upper Goulburn Valley,HUME,REST OF VIC.
21060,SA2,2005-06-30,4197,Final,1060,Seymour Region,Upper Goulburn Valley,HUME,REST OF VIC.
21060,SA2,2006-06-30,4147,Final,1060,Seymour Region,Upper Goulburn Valley,HUME,REST OF VIC.
21060,SA2,2007-06-30,4212,Final,1060,Seymour Region,Upper Goulburn Valley,HUME,REST OF VIC.
21060,SA2,2008-06-30,4220,Final,1060,Seymour Region,Upper Goulburn Valley,HUME,REST OF VIC.
21060,SA2,2009-06-30,4224,Final,1060,Seymour Region,Upper Goulburn Valley,HUME,REST OF VIC.
21060,SA2,2010-06-30,4248,Final,1060,Seymour Region,Upper Goulburn Valley,HUME,REST OF VIC.
21060,SA2,2011-06-30,4254,Final,1060,Seymour Region,Upper Goulburn Valley,HUME,REST OF VIC.
21060,SA2,2012-06-30,4245,Revised,1060,Seymour Region,Upper Goulburn Valley,HUME,REST OF VIC.
21060,SA2,2013-06-30,4335,Revised,1060,Seymour Region,Upper Goulburn Valley,HUME,REST OF VIC.
21060,SA2,2014-06-30,4497,Revised,1060,Seymour Region,Upper Goulburn Valley,HUME,REST OF VIC.
21060,SA2,2015-06-30,4347,Preliminary,1060,Seymour Region,Upper Goulburn Valley,HUME,REST OF VIC.
21061,SA2,2005-06-30,184,Final,1061,Upper Yarra Valley,Upper Goulburn Valley,HUME,REST OF VIC.
21061,SA2,2006-06-30,187,Final,1061,Upper Yarra Valley,Upper Goulburn Valley,HUME,REST OF VIC.
21061,SA2,2007-06-30,194,Final,1061,Upper Yarra Valley,Upper Goulburn Valley,HUME,REST OF VIC.
21061,SA2,2008-06-30,202,Final,1061,Upper Yarra Valley,Upper Goulburn Valley,HUME,REST OF VIC.
21061,SA2,2009-06-30,213,Final,1061,Upper Yarra Valley,Upper Goulburn Valley,HUME,REST OF VIC.
21061,SA2,2010-06-30,219,Final,1061,Upper Yarra Valley,Upper Goulburn Valley,HUME,REST OF VIC.
21061,SA2,2011-06-30,221,Final,1061,Upper Yarra Valley,Upper Goulburn Valley,HUME,REST OF VIC.
21061,SA2,2012-06-30,221,Revised,1061,Upper Yarra Valley,Upper Goulburn Valley,HUME,REST OF VIC.
21061,SA2,2013-06-30,221,Revised,1061,Upper Yarra Valley,Upper Goulburn Valley,HUME,REST OF VIC.
21061,SA2,2014-06-30,221,Revised,1061,Upper Yarra Valley,Upper Goulburn Valley,HUME,REST OF VIC.
21061,SA2,2015-06-30,221,Preliminary,1061,Upper Yarra Valley,Upper Goulburn Valley,HUME,REST OF VIC.
21062,SA2,2005-06-30,3538,Final,1062,Yea,Upper Goulburn Valley,HUME,REST OF VIC.
21062,SA2,2006-06-30,3571,Final,1062,Yea,Upper Goulburn Valley,HUME,REST OF VIC.
21062,SA2,2007-06-30,3561,Final,1062,Yea,Upper Goulburn Valley,HUME,REST OF VIC.
21062,SA2,2008-06-30,3535,Final,1062,Yea,Upper Goulburn Valley,HUME,REST OF VIC.
21062,SA2,2009-06-30,3475,Final,1062,Yea,Upper Goulburn Valley,HUME,REST OF VIC.
21062,SA2,2010-06-30,3426,Final,1062,Yea,Upper Goulburn Valley,HUME,REST OF VIC.
21062,SA2,2011-06-30,3444,Final,1062,Yea,Upper Goulburn Valley,HUME,REST OF VIC.
21062,SA2,2012-06-30,3415,Revised,1062,Yea,Upper Goulburn Valley,HUME,REST OF VIC.
21062,SA2,2013-06-30,3413,Revised,1062,Yea,Upper Goulburn Valley,HUME,REST OF VIC.
21062,SA2,2014-06-30,3434,Revised,1062,Yea,Upper Goulburn Valley,HUME,REST OF VIC.
21062,SA2,2015-06-30,3447,Preliminary,1062,Yea,Upper Goulburn Valley,HUME,REST OF VIC.
21063,SA2,2005-06-30,10306,Final,1063,Benalla,Wangaratta - Benalla,HUME,REST OF VIC.
21063,SA2,2006-06-30,10310,Final,1063,Benalla,Wangaratta - Benalla,HUME,REST OF VIC.
21063,SA2,2007-06-30,10317,Final,1063,Benalla,Wangaratta - Benalla,HUME,REST OF VIC.
21063,SA2,2008-06-30,10340,Final,1063,Benalla,Wangaratta - Benalla,HUME,REST OF VIC.
21063,SA2,2009-06-30,10375,Final,1063,Benalla,Wangaratta - Benalla,HUME,REST OF VIC.
21063,SA2,2010-06-30,10425,Final,1063,Benalla,Wangaratta - Benalla,HUME,REST OF VIC.
21063,SA2,2011-06-30,10471,Final,1063,Benalla,Wangaratta - Benalla,HUME,REST OF VIC.
21063,SA2,2012-06-30,10407,Revised,1063,Benalla,Wangaratta - Benalla,HUME,REST OF VIC.
21063,SA2,2013-06-30,10391,Revised,1063,Benalla,Wangaratta - Benalla,HUME,REST OF VIC.
21063,SA2,2014-06-30,10316,Revised,1063,Benalla,Wangaratta - Benalla,HUME,REST OF VIC.
21063,SA2,2015-06-30,10210,Preliminary,1063,Benalla,Wangaratta - Benalla,HUME,REST OF VIC.
21064,SA2,2005-06-30,3457,Final,1064,Benalla Region,Wangaratta - Benalla,HUME,REST OF VIC.
21064,SA2,2006-06-30,3445,Final,1064,Benalla Region,Wangaratta - Benalla,HUME,REST OF VIC.
21064,SA2,2007-06-30,3451,Final,1064,Benalla Region,Wangaratta - Benalla,HUME,REST OF VIC.
21064,SA2,2008-06-30,3438,Final,1064,Benalla Region,Wangaratta - Benalla,HUME,REST OF VIC.
21064,SA2,2009-06-30,3452,Final,1064,Benalla Region,Wangaratta - Benalla,HUME,REST OF VIC.
21064,SA2,2010-06-30,3439,Final,1064,Benalla Region,Wangaratta - Benalla,HUME,REST OF VIC.
21064,SA2,2011-06-30,3415,Final,1064,Benalla Region,Wangaratta - Benalla,HUME,REST OF VIC.
21064,SA2,2012-06-30,3382,Revised,1064,Benalla Region,Wangaratta - Benalla,HUME,REST OF VIC.
21064,SA2,2013-06-30,3357,Revised,1064,Benalla Region,Wangaratta - Benalla,HUME,REST OF VIC.
21064,SA2,2014-06-30,3340,Revised,1064,Benalla Region,Wangaratta - Benalla,HUME,REST OF VIC.
21064,SA2,2015-06-30,3333,Preliminary,1064,Benalla Region,Wangaratta - Benalla,HUME,REST OF VIC.
21065,SA2,2005-06-30,3572,Final,1065,Rutherglen,Wangaratta - Benalla,HUME,REST OF VIC.
21065,SA2,2006-06-30,3626,Final,1065,Rutherglen,Wangaratta - Benalla,HUME,REST OF VIC.
21065,SA2,2007-06-30,3661,Final,1065,Rutherglen,Wangaratta - Benalla,HUME,REST OF VIC.
21065,SA2,2008-06-30,3693,Final,1065,Rutherglen,Wangaratta - Benalla,HUME,REST OF VIC.
21065,SA2,2009-06-30,3716,Final,1065,Rutherglen,Wangaratta - Benalla,HUME,REST OF VIC.
21065,SA2,2010-06-30,3731,Final,1065,Rutherglen,Wangaratta - Benalla,HUME,REST OF VIC.
21065,SA2,2011-06-30,3739,Final,1065,Rutherglen,Wangaratta - Benalla,HUME,REST OF VIC.
21065,SA2,2012-06-30,3740,Revised,1065,Rutherglen,Wangaratta - Benalla,HUME,REST OF VIC.
21065,SA2,2013-06-30,3718,Revised,1065,Rutherglen,Wangaratta - Benalla,HUME,REST OF VIC.
21065,SA2,2014-06-30,3714,Revised,1065,Rutherglen,Wangaratta - Benalla,HUME,REST OF VIC.
21065,SA2,2015-06-30,3742,Preliminary,1065,Rutherglen,Wangaratta - Benalla,HUME,REST OF VIC.
21066,SA2,2005-06-30,17223,Final,1066,Wangaratta,Wangaratta - Benalla,HUME,REST OF VIC.
21066,SA2,2006-06-30,17320,Final,1066,Wangaratta,Wangaratta - Benalla,HUME,REST OF VIC.
21066,SA2,2007-06-30,17419,Final,1066,Wangaratta,Wangaratta - Benalla,HUME,REST OF VIC.
21066,SA2,2008-06-30,17541,Final,1066,Wangaratta,Wangaratta - Benalla,HUME,REST OF VIC.
21066,SA2,2009-06-30,17676,Final,1066,Wangaratta,Wangaratta - Benalla,HUME,REST OF VIC.
21066,SA2,2010-06-30,17837,Final,1066,Wangaratta,Wangaratta - Benalla,HUME,REST OF VIC.
21066,SA2,2011-06-30,17980,Final,1066,Wangaratta,Wangaratta - Benalla,HUME,REST OF VIC.
21066,SA2,2012-06-30,18044,Revised,1066,Wangaratta,Wangaratta - Benalla,HUME,REST OF VIC.
21066,SA2,2013-06-30,18110,Revised,1066,Wangaratta,Wangaratta - Benalla,HUME,REST OF VIC.
21066,SA2,2014-06-30,18111,Revised,1066,Wangaratta,Wangaratta - Benalla,HUME,REST OF VIC.
21066,SA2,2015-06-30,18158,Preliminary,1066,Wangaratta,Wangaratta - Benalla,HUME,REST OF VIC.
21067,SA2,2005-06-30,9385,Final,1067,Wangaratta Region,Wangaratta - Benalla,HUME,REST OF VIC.
21067,SA2,2006-06-30,9456,Final,1067,Wangaratta Region,Wangaratta - Benalla,HUME,REST OF VIC.
21067,SA2,2007-06-30,9452,Final,1067,Wangaratta Region,Wangaratta - Benalla,HUME,REST OF VIC.
21067,SA2,2008-06-30,9464,Final,1067,Wangaratta Region,Wangaratta - Benalla,HUME,REST OF VIC.
21067,SA2,2009-06-30,9435,Final,1067,Wangaratta Region,Wangaratta - Benalla,HUME,REST OF VIC.
21067,SA2,2010-06-30,9363,Final,1067,Wangaratta Region,Wangaratta - Benalla,HUME,REST OF VIC.
21067,SA2,2011-06-30,9232,Final,1067,Wangaratta Region,Wangaratta - Benalla,HUME,REST OF VIC.
21067,SA2,2012-06-30,9177,Revised,1067,Wangaratta Region,Wangaratta - Benalla,HUME,REST OF VIC.
21067,SA2,2013-06-30,9059,Revised,1067,Wangaratta Region,Wangaratta - Benalla,HUME,REST OF VIC.
21067,SA2,2014-06-30,8997,Revised,1067,Wangaratta Region,Wangaratta - Benalla,HUME,REST OF VIC.
21067,SA2,2015-06-30,8907,Preliminary,1067,Wangaratta Region,Wangaratta - Benalla,HUME,REST OF VIC.
21068,SA2,2005-06-30,4184,Final,1068,Beechworth,Wodonga - Alpine,HUME,REST OF VIC.
21068,SA2,2006-06-30,4180,Final,1068,Beechworth,Wodonga - Alpine,HUME,REST OF VIC.
21068,SA2,2007-06-30,4197,Final,1068,Beechworth,Wodonga - Alpine,HUME,REST OF VIC.
21068,SA2,2008-06-30,4214,Final,1068,Beechworth,Wodonga - Alpine,HUME,REST OF VIC.
21068,SA2,2009-06-30,4230,Final,1068,Beechworth,Wodonga - Alpine,HUME,REST OF VIC.
21068,SA2,2010-06-30,4260,Final,1068,Beechworth,Wodonga - Alpine,HUME,REST OF VIC.
21068,SA2,2011-06-30,4289,Final,1068,Beechworth,Wodonga - Alpine,HUME,REST OF VIC.
21068,SA2,2012-06-30,4314,Revised,1068,Beechworth,Wodonga - Alpine,HUME,REST OF VIC.
21068,SA2,2013-06-30,4341,Revised,1068,Beechworth,Wodonga - Alpine,HUME,REST OF VIC.
21068,SA2,2014-06-30,4343,Revised,1068,Beechworth,Wodonga - Alpine,HUME,REST OF VIC.
21068,SA2,2015-06-30,4377,Preliminary,1068,Beechworth,Wodonga - Alpine,HUME,REST OF VIC.
21069,SA2,2005-06-30,7940,Final,1069,Bright - Mount Beauty,Wodonga - Alpine,HUME,REST OF VIC.
21069,SA2,2006-06-30,7874,Final,1069,Bright - Mount Beauty,Wodonga - Alpine,HUME,REST OF VIC.
21069,SA2,2007-06-30,7838,Final,1069,Bright - Mount Beauty,Wodonga - Alpine,HUME,REST OF VIC.
21069,SA2,2008-06-30,7826,Final,1069,Bright - Mount Beauty,Wodonga - Alpine,HUME,REST OF VIC.
21069,SA2,2009-06-30,7813,Final,1069,Bright - Mount Beauty,Wodonga - Alpine,HUME,REST OF VIC.
21069,SA2,2010-06-30,7841,Final,1069,Bright - Mount Beauty,Wodonga - Alpine,HUME,REST OF VIC.
21069,SA2,2011-06-30,7875,Final,1069,Bright - Mount Beauty,Wodonga - Alpine,HUME,REST OF VIC.
21069,SA2,2012-06-30,7911,Revised,1069,Bright - Mount Beauty,Wodonga - Alpine,HUME,REST OF VIC.
21069,SA2,2013-06-30,7872,Revised,1069,Bright - Mount Beauty,Wodonga - Alpine,HUME,REST OF VIC.
21069,SA2,2014-06-30,7855,Revised,1069,Bright - Mount Beauty,Wodonga - Alpine,HUME,REST OF VIC.
21069,SA2,2015-06-30,7701,Preliminary,1069,Bright - Mount Beauty,Wodonga - Alpine,HUME,REST OF VIC.
21070,SA2,2005-06-30,2957,Final,1070,Chiltern - Indigo Valley,Wodonga - Alpine,HUME,REST OF VIC.
21070,SA2,2006-06-30,2952,Final,1070,Chiltern - Indigo Valley,Wodonga - Alpine,HUME,REST OF VIC.
21070,SA2,2007-06-30,2903,Final,1070,Chiltern - Indigo Valley,Wodonga - Alpine,HUME,REST OF VIC.
21070,SA2,2008-06-30,2905,Final,1070,Chiltern - Indigo Valley,Wodonga - Alpine,HUME,REST OF VIC.
21070,SA2,2009-06-30,2912,Final,1070,Chiltern - Indigo Valley,Wodonga - Alpine,HUME,REST OF VIC.
21070,SA2,2010-06-30,2906,Final,1070,Chiltern - Indigo Valley,Wodonga - Alpine,HUME,REST OF VIC.
21070,SA2,2011-06-30,2907,Final,1070,Chiltern - Indigo Valley,Wodonga - Alpine,HUME,REST OF VIC.
21070,SA2,2012-06-30,2893,Revised,1070,Chiltern - Indigo Valley,Wodonga - Alpine,HUME,REST OF VIC.
21070,SA2,2013-06-30,2891,Revised,1070,Chiltern - Indigo Valley,Wodonga - Alpine,HUME,REST OF VIC.
21070,SA2,2014-06-30,2869,Revised,1070,Chiltern - Indigo Valley,Wodonga - Alpine,HUME,REST OF VIC.
21070,SA2,2015-06-30,2892,Preliminary,1070,Chiltern - Indigo Valley,Wodonga - Alpine,HUME,REST OF VIC.
21071,SA2,2005-06-30,4734,Final,1071,Myrtleford,Wodonga - Alpine,HUME,REST OF VIC.
21071,SA2,2006-06-30,4733,Final,1071,Myrtleford,Wodonga - Alpine,HUME,REST OF VIC.
21071,SA2,2007-06-30,4722,Final,1071,Myrtleford,Wodonga - Alpine,HUME,REST OF VIC.
21071,SA2,2008-06-30,4682,Final,1071,Myrtleford,Wodonga - Alpine,HUME,REST OF VIC.
21071,SA2,2009-06-30,4642,Final,1071,Myrtleford,Wodonga - Alpine,HUME,REST OF VIC.
21071,SA2,2010-06-30,4601,Final,1071,Myrtleford,Wodonga - Alpine,HUME,REST OF VIC.
21071,SA2,2011-06-30,4560,Final,1071,Myrtleford,Wodonga - Alpine,HUME,REST OF VIC.
21071,SA2,2012-06-30,4562,Revised,1071,Myrtleford,Wodonga - Alpine,HUME,REST OF VIC.
21071,SA2,2013-06-30,4517,Revised,1071,Myrtleford,Wodonga - Alpine,HUME,REST OF VIC.
21071,SA2,2014-06-30,4524,Revised,1071,Myrtleford,Wodonga - Alpine,HUME,REST OF VIC.
21071,SA2,2015-06-30,4510,Preliminary,1071,Myrtleford,Wodonga - Alpine,HUME,REST OF VIC.
21072,SA2,2005-06-30,6091,Final,1072,Towong,Wodonga - Alpine,HUME,REST OF VIC.
21072,SA2,2006-06-30,6083,Final,1072,Towong,Wodonga - Alpine,HUME,REST OF VIC.
21072,SA2,2007-06-30,6055,Final,1072,Towong,Wodonga - Alpine,HUME,REST OF VIC.
21072,SA2,2008-06-30,6035,Final,1072,Towong,Wodonga - Alpine,HUME,REST OF VIC.
21072,SA2,2009-06-30,6038,Final,1072,Towong,Wodonga - Alpine,HUME,REST OF VIC.
21072,SA2,2010-06-30,5989,Final,1072,Towong,Wodonga - Alpine,HUME,REST OF VIC.
21072,SA2,2011-06-30,5890,Final,1072,Towong,Wodonga - Alpine,HUME,REST OF VIC.
21072,SA2,2012-06-30,5883,Revised,1072,Towong,Wodonga - Alpine,HUME,REST OF VIC.
21072,SA2,2013-06-30,5856,Revised,1072,Towong,Wodonga - Alpine,HUME,REST OF VIC.
21072,SA2,2014-06-30,5766,Revised,1072,Towong,Wodonga - Alpine,HUME,REST OF VIC.
21072,SA2,2015-06-30,5733,Preliminary,1072,Towong,Wodonga - Alpine,HUME,REST OF VIC.
21073,SA2,2005-06-30,14126,Final,1073,West Wodonga,Wodonga - Alpine,HUME,REST OF VIC.
21073,SA2,2006-06-30,14104,Final,1073,West Wodonga,Wodonga - Alpine,HUME,REST OF VIC.
21073,SA2,2007-06-30,14211,Final,1073,West Wodonga,Wodonga - Alpine,HUME,REST OF VIC.
21073,SA2,2008-06-30,14351,Final,1073,West Wodonga,Wodonga - Alpine,HUME,REST OF VIC.
21073,SA2,2009-06-30,14465,Final,1073,West Wodonga,Wodonga - Alpine,HUME,REST OF VIC.
21073,SA2,2010-06-30,14610,Final,1073,West Wodonga,Wodonga - Alpine,HUME,REST OF VIC.
21073,SA2,2011-06-30,14749,Final,1073,West Wodonga,Wodonga - Alpine,HUME,REST OF VIC.
21073,SA2,2012-06-30,14920,Revised,1073,West Wodonga,Wodonga - Alpine,HUME,REST OF VIC.
21073,SA2,2013-06-30,15042,Revised,1073,West Wodonga,Wodonga - Alpine,HUME,REST OF VIC.
21073,SA2,2014-06-30,15132,Revised,1073,West Wodonga,Wodonga - Alpine,HUME,REST OF VIC.
21073,SA2,2015-06-30,15149,Preliminary,1073,West Wodonga,Wodonga - Alpine,HUME,REST OF VIC.
21074,SA2,2005-06-30,19471,Final,1074,Wodonga,Wodonga - Alpine,HUME,REST OF VIC.
21074,SA2,2006-06-30,19491,Final,1074,Wodonga,Wodonga - Alpine,HUME,REST OF VIC.
21074,SA2,2007-06-30,19626,Final,1074,Wodonga,Wodonga - Alpine,HUME,REST OF VIC.
21074,SA2,2008-06-30,19806,Final,1074,Wodonga,Wodonga - Alpine,HUME,REST OF VIC.
21074,SA2,2009-06-30,20189,Final,1074,Wodonga,Wodonga - Alpine,HUME,REST OF VIC.
21074,SA2,2010-06-30,20677,Final,1074,Wodonga,Wodonga - Alpine,HUME,REST OF VIC.
21074,SA2,2011-06-30,21276,Final,1074,Wodonga,Wodonga - Alpine,HUME,REST OF VIC.
21074,SA2,2012-06-30,21656,Revised,1074,Wodonga,Wodonga - Alpine,HUME,REST OF VIC.
21074,SA2,2013-06-30,22265,Revised,1074,Wodonga,Wodonga - Alpine,HUME,REST OF VIC.
21074,SA2,2014-06-30,22935,Revised,1074,Wodonga,Wodonga - Alpine,HUME,REST OF VIC.
21074,SA2,2015-06-30,23410,Preliminary,1074,Wodonga,Wodonga - Alpine,HUME,REST OF VIC.
21075,SA2,2005-06-30,4261,Final,1075,Yackandandah,Wodonga - Alpine,HUME,REST OF VIC.
21075,SA2,2006-06-30,4335,Final,1075,Yackandandah,Wodonga - Alpine,HUME,REST OF VIC.
21075,SA2,2007-06-30,4329,Final,1075,Yackandandah,Wodonga - Alpine,HUME,REST OF VIC.
21075,SA2,2008-06-30,4349,Final,1075,Yackandandah,Wodonga - Alpine,HUME,REST OF VIC.
21075,SA2,2009-06-30,4410,Final,1075,Yackandandah,Wodonga - Alpine,HUME,REST OF VIC.
21075,SA2,2010-06-30,4435,Final,1075,Yackandandah,Wodonga - Alpine,HUME,REST OF VIC.
21075,SA2,2011-06-30,4433,Final,1075,Yackandandah,Wodonga - Alpine,HUME,REST OF VIC.
21075,SA2,2012-06-30,4481,Revised,1075,Yackandandah,Wodonga - Alpine,HUME,REST OF VIC.
21075,SA2,2013-06-30,4458,Revised,1075,Yackandandah,Wodonga - Alpine,HUME,REST OF VIC.
21075,SA2,2014-06-30,4463,Revised,1075,Yackandandah,Wodonga - Alpine,HUME,REST OF VIC.
21075,SA2,2015-06-30,4468,Preliminary,1075,Yackandandah,Wodonga - Alpine,HUME,REST OF VIC.
21076,SA2,2005-06-30,10472,Final,1076,Drouin,Baw Baw,LATROBE - GIPPSLAND,REST OF VIC.
21076,SA2,2006-06-30,10734,Final,1076,Drouin,Baw Baw,LATROBE - GIPPSLAND,REST OF VIC.
21076,SA2,2007-06-30,11020,Final,1076,Drouin,Baw Baw,LATROBE - GIPPSLAND,REST OF VIC.
21076,SA2,2008-06-30,11315,Final,1076,Drouin,Baw Baw,LATROBE - GIPPSLAND,REST OF VIC.
21076,SA2,2009-06-30,11832,Final,1076,Drouin,Baw Baw,LATROBE - GIPPSLAND,REST OF VIC.
21076,SA2,2010-06-30,12599,Final,1076,Drouin,Baw Baw,LATROBE - GIPPSLAND,REST OF VIC.
21076,SA2,2011-06-30,13323,Final,1076,Drouin,Baw Baw,LATROBE - GIPPSLAND,REST OF VIC.
21076,SA2,2012-06-30,13991,Revised,1076,Drouin,Baw Baw,LATROBE - GIPPSLAND,REST OF VIC.
21076,SA2,2013-06-30,14561,Revised,1076,Drouin,Baw Baw,LATROBE - GIPPSLAND,REST OF VIC.
21076,SA2,2014-06-30,15037,Revised,1076,Drouin,Baw Baw,LATROBE - GIPPSLAND,REST OF VIC.
21076,SA2,2015-06-30,15405,Preliminary,1076,Drouin,Baw Baw,LATROBE - GIPPSLAND,REST OF VIC.
21077,SA2,2005-06-30,5815,Final,1077,Mount Baw Baw Region,Baw Baw,LATROBE - GIPPSLAND,REST OF VIC.
21077,SA2,2006-06-30,5857,Final,1077,Mount Baw Baw Region,Baw Baw,LATROBE - GIPPSLAND,REST OF VIC.
21077,SA2,2007-06-30,5890,Final,1077,Mount Baw Baw Region,Baw Baw,LATROBE - GIPPSLAND,REST OF VIC.
21077,SA2,2008-06-30,5914,Final,1077,Mount Baw Baw Region,Baw Baw,LATROBE - GIPPSLAND,REST OF VIC.
21077,SA2,2009-06-30,5992,Final,1077,Mount Baw Baw Region,Baw Baw,LATROBE - GIPPSLAND,REST OF VIC.
21077,SA2,2010-06-30,6036,Final,1077,Mount Baw Baw Region,Baw Baw,LATROBE - GIPPSLAND,REST OF VIC.
21077,SA2,2011-06-30,6053,Final,1077,Mount Baw Baw Region,Baw Baw,LATROBE - GIPPSLAND,REST OF VIC.
21077,SA2,2012-06-30,6054,Revised,1077,Mount Baw Baw Region,Baw Baw,LATROBE - GIPPSLAND,REST OF VIC.
21077,SA2,2013-06-30,6052,Revised,1077,Mount Baw Baw Region,Baw Baw,LATROBE - GIPPSLAND,REST OF VIC.
21077,SA2,2014-06-30,5973,Revised,1077,Mount Baw Baw Region,Baw Baw,LATROBE - GIPPSLAND,REST OF VIC.
21077,SA2,2015-06-30,5875,Preliminary,1077,Mount Baw Baw Region,Baw Baw,LATROBE - GIPPSLAND,REST OF VIC.
21078,SA2,2005-06-30,5990,Final,1078,Trafalgar (Vic.),Baw Baw,LATROBE - GIPPSLAND,REST OF VIC.
21078,SA2,2006-06-30,6051,Final,1078,Trafalgar (Vic.),Baw Baw,LATROBE - GIPPSLAND,REST OF VIC.
21078,SA2,2007-06-30,6189,Final,1078,Trafalgar (Vic.),Baw Baw,LATROBE - GIPPSLAND,REST OF VIC.
21078,SA2,2008-06-30,6374,Final,1078,Trafalgar (Vic.),Baw Baw,LATROBE - GIPPSLAND,REST OF VIC.
21078,SA2,2009-06-30,6625,Final,1078,Trafalgar (Vic.),Baw Baw,LATROBE - GIPPSLAND,REST OF VIC.
21078,SA2,2010-06-30,6947,Final,1078,Trafalgar (Vic.),Baw Baw,LATROBE - GIPPSLAND,REST OF VIC.
21078,SA2,2011-06-30,7166,Final,1078,Trafalgar (Vic.),Baw Baw,LATROBE - GIPPSLAND,REST OF VIC.
21078,SA2,2012-06-30,7206,Revised,1078,Trafalgar (Vic.),Baw Baw,LATROBE - GIPPSLAND,REST OF VIC.
21078,SA2,2013-06-30,7321,Revised,1078,Trafalgar (Vic.),Baw Baw,LATROBE - GIPPSLAND,REST OF VIC.
21078,SA2,2014-06-30,7379,Revised,1078,Trafalgar (Vic.),Baw Baw,LATROBE - GIPPSLAND,REST OF VIC.
21078,SA2,2015-06-30,7501,Preliminary,1078,Trafalgar (Vic.),Baw Baw,LATROBE - GIPPSLAND,REST OF VIC.
21079,SA2,2005-06-30,14959,Final,1079,Warragul,Baw Baw,LATROBE - GIPPSLAND,REST OF VIC.
21079,SA2,2006-06-30,15275,Final,1079,Warragul,Baw Baw,LATROBE - GIPPSLAND,REST OF VIC.
21079,SA2,2007-06-30,15561,Final,1079,Warragul,Baw Baw,LATROBE - GIPPSLAND,REST OF VIC.
21079,SA2,2008-06-30,15902,Final,1079,Warragul,Baw Baw,LATROBE - GIPPSLAND,REST OF VIC.
21079,SA2,2009-06-30,16225,Final,1079,Warragul,Baw Baw,LATROBE - GIPPSLAND,REST OF VIC.
21079,SA2,2010-06-30,16632,Final,1079,Warragul,Baw Baw,LATROBE - GIPPSLAND,REST OF VIC.
21079,SA2,2011-06-30,16964,Final,1079,Warragul,Baw Baw,LATROBE - GIPPSLAND,REST OF VIC.
21079,SA2,2012-06-30,17191,Revised,1079,Warragul,Baw Baw,LATROBE - GIPPSLAND,REST OF VIC.
21079,SA2,2013-06-30,17342,Revised,1079,Warragul,Baw Baw,LATROBE - GIPPSLAND,REST OF VIC.
21079,SA2,2014-06-30,17649,Revised,1079,Warragul,Baw Baw,LATROBE - GIPPSLAND,REST OF VIC.
21079,SA2,2015-06-30,17981,Preliminary,1079,Warragul,Baw Baw,LATROBE - GIPPSLAND,REST OF VIC.
21080,SA2,2005-06-30,0,Final,1080,Alps - East,Gippsland - East,LATROBE - GIPPSLAND,REST OF VIC.
21080,SA2,2006-06-30,0,Final,1080,Alps - East,Gippsland - East,LATROBE - GIPPSLAND,REST OF VIC.
21080,SA2,2007-06-30,0,Final,1080,Alps - East,Gippsland - East,LATROBE - GIPPSLAND,REST OF VIC.
21080,SA2,2008-06-30,0,Final,1080,Alps - East,Gippsland - East,LATROBE - GIPPSLAND,REST OF VIC.
21080,SA2,2009-06-30,0,Final,1080,Alps - East,Gippsland - East,LATROBE - GIPPSLAND,REST OF VIC.
21080,SA2,2010-06-30,0,Final,1080,Alps - East,Gippsland - East,LATROBE - GIPPSLAND,REST OF VIC.
21080,SA2,2011-06-30,0,Final,1080,Alps - East,Gippsland - East,LATROBE - GIPPSLAND,REST OF VIC.
21080,SA2,2012-06-30,0,Revised,1080,Alps - East,Gippsland - East,LATROBE - GIPPSLAND,REST OF VIC.
21080,SA2,2013-06-30,0,Revised,1080,Alps - East,Gippsland - East,LATROBE - GIPPSLAND,REST OF VIC.
21080,SA2,2014-06-30,0,Revised,1080,Alps - East,Gippsland - East,LATROBE - GIPPSLAND,REST OF VIC.
21080,SA2,2015-06-30,0,Preliminary,1080,Alps - East,Gippsland - East,LATROBE - GIPPSLAND,REST OF VIC.
21081,SA2,2005-06-30,12462,Final,1081,Bairnsdale,Gippsland - East,LATROBE - GIPPSLAND,REST OF VIC.
21081,SA2,2006-06-30,12662,Final,1081,Bairnsdale,Gippsland - East,LATROBE - GIPPSLAND,REST OF VIC.
21081,SA2,2007-06-30,12846,Final,1081,Bairnsdale,Gippsland - East,LATROBE - GIPPSLAND,REST OF VIC.
21081,SA2,2008-06-30,13001,Final,1081,Bairnsdale,Gippsland - East,LATROBE - GIPPSLAND,REST OF VIC.
21081,SA2,2009-06-30,13126,Final,1081,Bairnsdale,Gippsland - East,LATROBE - GIPPSLAND,REST OF VIC.
21081,SA2,2010-06-30,13320,Final,1081,Bairnsdale,Gippsland - East,LATROBE - GIPPSLAND,REST OF VIC.
21081,SA2,2011-06-30,13458,Final,1081,Bairnsdale,Gippsland - East,LATROBE - GIPPSLAND,REST OF VIC.
21081,SA2,2012-06-30,13601,Revised,1081,Bairnsdale,Gippsland - East,LATROBE - GIPPSLAND,REST OF VIC.
21081,SA2,2013-06-30,13655,Revised,1081,Bairnsdale,Gippsland - East,LATROBE - GIPPSLAND,REST OF VIC.
21081,SA2,2014-06-30,13922,Revised,1081,Bairnsdale,Gippsland - East,LATROBE - GIPPSLAND,REST OF VIC.
21081,SA2,2015-06-30,14271,Preliminary,1081,Bairnsdale,Gippsland - East,LATROBE - GIPPSLAND,REST OF VIC.
21082,SA2,2005-06-30,7248,Final,1082,Bruthen - Omeo,Gippsland - East,LATROBE - GIPPSLAND,REST OF VIC.
21082,SA2,2006-06-30,7341,Final,1082,Bruthen - Omeo,Gippsland - East,LATROBE - GIPPSLAND,REST OF VIC.
21082,SA2,2007-06-30,7340,Final,1082,Bruthen - Omeo,Gippsland - East,LATROBE - GIPPSLAND,REST OF VIC.
21082,SA2,2008-06-30,7330,Final,1082,Bruthen - Omeo,Gippsland - East,LATROBE - GIPPSLAND,REST OF VIC.
21082,SA2,2009-06-30,7337,Final,1082,Bruthen - Omeo,Gippsland - East,LATROBE - GIPPSLAND,REST OF VIC.
21082,SA2,2010-06-30,7348,Final,1082,Bruthen - Omeo,Gippsland - East,LATROBE - GIPPSLAND,REST OF VIC.
21082,SA2,2011-06-30,7380,Final,1082,Bruthen - Omeo,Gippsland - East,LATROBE - GIPPSLAND,REST OF VIC.
21082,SA2,2012-06-30,7452,Revised,1082,Bruthen - Omeo,Gippsland - East,LATROBE - GIPPSLAND,REST OF VIC.
21082,SA2,2013-06-30,7442,Revised,1082,Bruthen - Omeo,Gippsland - East,LATROBE - GIPPSLAND,REST OF VIC.
21082,SA2,2014-06-30,7437,Revised,1082,Bruthen - Omeo,Gippsland - East,LATROBE - GIPPSLAND,REST OF VIC.
21082,SA2,2015-06-30,7390,Preliminary,1082,Bruthen - Omeo,Gippsland - East,LATROBE - GIPPSLAND,REST OF VIC.
21083,SA2,2005-06-30,0,Final,1083,Lake King,Gippsland - East,LATROBE - GIPPSLAND,REST OF VIC.
21083,SA2,2006-06-30,0,Final,1083,Lake King,Gippsland - East,LATROBE - GIPPSLAND,REST OF VIC.
21083,SA2,2007-06-30,0,Final,1083,Lake King,Gippsland - East,LATROBE - GIPPSLAND,REST OF VIC.
21083,SA2,2008-06-30,0,Final,1083,Lake King,Gippsland - East,LATROBE - GIPPSLAND,REST OF VIC.
21083,SA2,2009-06-30,0,Final,1083,Lake King,Gippsland - East,LATROBE - GIPPSLAND,REST OF VIC.
21083,SA2,2010-06-30,0,Final,1083,Lake King,Gippsland - East,LATROBE - GIPPSLAND,REST OF VIC.
21083,SA2,2011-06-30,0,Final,1083,Lake King,Gippsland - East,LATROBE - GIPPSLAND,REST OF VIC.
21083,SA2,2012-06-30,0,Revised,1083,Lake King,Gippsland - East,LATROBE - GIPPSLAND,REST OF VIC.
21083,SA2,2013-06-30,0,Revised,1083,Lake King,Gippsland - East,LATROBE - GIPPSLAND,REST OF VIC.
21083,SA2,2014-06-30,0,Revised,1083,Lake King,Gippsland - East,LATROBE - GIPPSLAND,REST OF VIC.
21083,SA2,2015-06-30,0,Preliminary,1083,Lake King,Gippsland - East,LATROBE - GIPPSLAND,REST OF VIC.
21084,SA2,2005-06-30,8669,Final,1084,Lakes Entrance,Gippsland - East,LATROBE - GIPPSLAND,REST OF VIC.
21084,SA2,2006-06-30,8759,Final,1084,Lakes Entrance,Gippsland - East,LATROBE - GIPPSLAND,REST OF VIC.
21084,SA2,2007-06-30,8891,Final,1084,Lakes Entrance,Gippsland - East,LATROBE - GIPPSLAND,REST OF VIC.
21084,SA2,2008-06-30,9076,Final,1084,Lakes Entrance,Gippsland - East,LATROBE - GIPPSLAND,REST OF VIC.
21084,SA2,2009-06-30,9272,Final,1084,Lakes Entrance,Gippsland - East,LATROBE - GIPPSLAND,REST OF VIC.
21084,SA2,2010-06-30,9453,Final,1084,Lakes Entrance,Gippsland - East,LATROBE - GIPPSLAND,REST OF VIC.
21084,SA2,2011-06-30,9642,Final,1084,Lakes Entrance,Gippsland - East,LATROBE - GIPPSLAND,REST OF VIC.
21084,SA2,2012-06-30,9776,Revised,1084,Lakes Entrance,Gippsland - East,LATROBE - GIPPSLAND,REST OF VIC.
21084,SA2,2013-06-30,9879,Revised,1084,Lakes Entrance,Gippsland - East,LATROBE - GIPPSLAND,REST OF VIC.
21084,SA2,2014-06-30,9930,Revised,1084,Lakes Entrance,Gippsland - East,LATROBE - GIPPSLAND,REST OF VIC.
21084,SA2,2015-06-30,9981,Preliminary,1084,Lakes Entrance,Gippsland - East,LATROBE - GIPPSLAND,REST OF VIC.
21085,SA2,2005-06-30,6902,Final,1085,Orbost,Gippsland - East,LATROBE - GIPPSLAND,REST OF VIC.
21085,SA2,2006-06-30,6865,Final,1085,Orbost,Gippsland - East,LATROBE - GIPPSLAND,REST OF VIC.
21085,SA2,2007-06-30,6851,Final,1085,Orbost,Gippsland - East,LATROBE - GIPPSLAND,REST OF VIC.
21085,SA2,2008-06-30,6840,Final,1085,Orbost,Gippsland - East,LATROBE - GIPPSLAND,REST OF VIC.
21085,SA2,2009-06-30,6828,Final,1085,Orbost,Gippsland - East,LATROBE - GIPPSLAND,REST OF VIC.
21085,SA2,2010-06-30,6813,Final,1085,Orbost,Gippsland - East,LATROBE - GIPPSLAND,REST OF VIC.
21085,SA2,2011-06-30,6800,Final,1085,Orbost,Gippsland - East,LATROBE - GIPPSLAND,REST OF VIC.
21085,SA2,2012-06-30,6720,Revised,1085,Orbost,Gippsland - East,LATROBE - GIPPSLAND,REST OF VIC.
21085,SA2,2013-06-30,6674,Revised,1085,Orbost,Gippsland - East,LATROBE - GIPPSLAND,REST OF VIC.
21085,SA2,2014-06-30,6510,Revised,1085,Orbost,Gippsland - East,LATROBE - GIPPSLAND,REST OF VIC.
21085,SA2,2015-06-30,6365,Preliminary,1085,Orbost,Gippsland - East,LATROBE - GIPPSLAND,REST OF VIC.
21086,SA2,2005-06-30,5008,Final,1086,Paynesville,Gippsland - East,LATROBE - GIPPSLAND,REST OF VIC.
21086,SA2,2006-06-30,5074,Final,1086,Paynesville,Gippsland - East,LATROBE - GIPPSLAND,REST OF VIC.
21086,SA2,2007-06-30,5196,Final,1086,Paynesville,Gippsland - East,LATROBE - GIPPSLAND,REST OF VIC.
21086,SA2,2008-06-30,5300,Final,1086,Paynesville,Gippsland - East,LATROBE - GIPPSLAND,REST OF VIC.
21086,SA2,2009-06-30,5462,Final,1086,Paynesville,Gippsland - East,LATROBE - GIPPSLAND,REST OF VIC.
21086,SA2,2010-06-30,5570,Final,1086,Paynesville,Gippsland - East,LATROBE - GIPPSLAND,REST OF VIC.
21086,SA2,2011-06-30,5654,Final,1086,Paynesville,Gippsland - East,LATROBE - GIPPSLAND,REST OF VIC.
21086,SA2,2012-06-30,5735,Revised,1086,Paynesville,Gippsland - East,LATROBE - GIPPSLAND,REST OF VIC.
21086,SA2,2013-06-30,5833,Revised,1086,Paynesville,Gippsland - East,LATROBE - GIPPSLAND,REST OF VIC.
21086,SA2,2014-06-30,5981,Revised,1086,Paynesville,Gippsland - East,LATROBE - GIPPSLAND,REST OF VIC.
21086,SA2,2015-06-30,6090,Preliminary,1086,Paynesville,Gippsland - East,LATROBE - GIPPSLAND,REST OF VIC.
21087,SA2,2005-06-30,8167,Final,1087,Foster,Gippsland - South West,LATROBE - GIPPSLAND,REST OF VIC.
21087,SA2,2006-06-30,8170,Final,1087,Foster,Gippsland - South West,LATROBE - GIPPSLAND,REST OF VIC.
21087,SA2,2007-06-30,8172,Final,1087,Foster,Gippsland - South West,LATROBE - GIPPSLAND,REST OF VIC.
21087,SA2,2008-06-30,8189,Final,1087,Foster,Gippsland - South West,LATROBE - GIPPSLAND,REST OF VIC.
21087,SA2,2009-06-30,8211,Final,1087,Foster,Gippsland - South West,LATROBE - GIPPSLAND,REST OF VIC.
21087,SA2,2010-06-30,8240,Final,1087,Foster,Gippsland - South West,LATROBE - GIPPSLAND,REST OF VIC.
21087,SA2,2011-06-30,8266,Final,1087,Foster,Gippsland - South West,LATROBE - GIPPSLAND,REST OF VIC.
21087,SA2,2012-06-30,8328,Revised,1087,Foster,Gippsland - South West,LATROBE - GIPPSLAND,REST OF VIC.
21087,SA2,2013-06-30,8348,Revised,1087,Foster,Gippsland - South West,LATROBE - GIPPSLAND,REST OF VIC.
21087,SA2,2014-06-30,8242,Revised,1087,Foster,Gippsland - South West,LATROBE - GIPPSLAND,REST OF VIC.
21087,SA2,2015-06-30,8134,Preliminary,1087,Foster,Gippsland - South West,LATROBE - GIPPSLAND,REST OF VIC.
21088,SA2,2005-06-30,92,Final,1088,French Island,Gippsland - South West,LATROBE - GIPPSLAND,REST OF VIC.
21088,SA2,2006-06-30,92,Final,1088,French Island,Gippsland - South West,LATROBE - GIPPSLAND,REST OF VIC.
21088,SA2,2007-06-30,96,Final,1088,French Island,Gippsland - South West,LATROBE - GIPPSLAND,REST OF VIC.
21088,SA2,2008-06-30,101,Final,1088,French Island,Gippsland - South West,LATROBE - GIPPSLAND,REST OF VIC.
21088,SA2,2009-06-30,104,Final,1088,French Island,Gippsland - South West,LATROBE - GIPPSLAND,REST OF VIC.
21088,SA2,2010-06-30,108,Final,1088,French Island,Gippsland - South West,LATROBE - GIPPSLAND,REST OF VIC.
21088,SA2,2011-06-30,113,Final,1088,French Island,Gippsland - South West,LATROBE - GIPPSLAND,REST OF VIC.
21088,SA2,2012-06-30,113,Revised,1088,French Island,Gippsland - South West,LATROBE - GIPPSLAND,REST OF VIC.
21088,SA2,2013-06-30,113,Revised,1088,French Island,Gippsland - South West,LATROBE - GIPPSLAND,REST OF VIC.
21088,SA2,2014-06-30,113,Revised,1088,French Island,Gippsland - South West,LATROBE - GIPPSLAND,REST OF VIC.
21088,SA2,2015-06-30,113,Preliminary,1088,French Island,Gippsland - South West,LATROBE - GIPPSLAND,REST OF VIC.
21089,SA2,2005-06-30,8185,Final,1089,Korumburra,Gippsland - South West,LATROBE - GIPPSLAND,REST OF VIC.
21089,SA2,2006-06-30,8246,Final,1089,Korumburra,Gippsland - South West,LATROBE - GIPPSLAND,REST OF VIC.
21089,SA2,2007-06-30,8328,Final,1089,Korumburra,Gippsland - South West,LATROBE - GIPPSLAND,REST OF VIC.
21089,SA2,2008-06-30,8406,Final,1089,Korumburra,Gippsland - South West,LATROBE - GIPPSLAND,REST OF VIC.
21089,SA2,2009-06-30,8528,Final,1089,Korumburra,Gippsland - South West,LATROBE - GIPPSLAND,REST OF VIC.
21089,SA2,2010-06-30,8650,Final,1089,Korumburra,Gippsland - South West,LATROBE - GIPPSLAND,REST OF VIC.
21089,SA2,2011-06-30,8819,Final,1089,Korumburra,Gippsland - South West,LATROBE - GIPPSLAND,REST OF VIC.
21089,SA2,2012-06-30,8873,Revised,1089,Korumburra,Gippsland - South West,LATROBE - GIPPSLAND,REST OF VIC.
21089,SA2,2013-06-30,8948,Revised,1089,Korumburra,Gippsland - South West,LATROBE - GIPPSLAND,REST OF VIC.
21089,SA2,2014-06-30,8961,Revised,1089,Korumburra,Gippsland - South West,LATROBE - GIPPSLAND,REST OF VIC.
21089,SA2,2015-06-30,8992,Preliminary,1089,Korumburra,Gippsland - South West,LATROBE - GIPPSLAND,REST OF VIC.
21090,SA2,2005-06-30,10026,Final,1090,Leongatha,Gippsland - South West,LATROBE - GIPPSLAND,REST OF VIC.
21090,SA2,2006-06-30,10029,Final,1090,Leongatha,Gippsland - South West,LATROBE - GIPPSLAND,REST OF VIC.
21090,SA2,2007-06-30,10118,Final,1090,Leongatha,Gippsland - South West,LATROBE - GIPPSLAND,REST OF VIC.
21090,SA2,2008-06-30,10240,Final,1090,Leongatha,Gippsland - South West,LATROBE - GIPPSLAND,REST OF VIC.
21090,SA2,2009-06-30,10393,Final,1090,Leongatha,Gippsland - South West,LATROBE - GIPPSLAND,REST OF VIC.
21090,SA2,2010-06-30,10535,Final,1090,Leongatha,Gippsland - South West,LATROBE - GIPPSLAND,REST OF VIC.
21090,SA2,2011-06-30,10678,Final,1090,Leongatha,Gippsland - South West,LATROBE - GIPPSLAND,REST OF VIC.
21090,SA2,2012-06-30,10804,Revised,1090,Leongatha,Gippsland - South West,LATROBE - GIPPSLAND,REST OF VIC.
21090,SA2,2013-06-30,10874,Revised,1090,Leongatha,Gippsland - South West,LATROBE - GIPPSLAND,REST OF VIC.
21090,SA2,2014-06-30,10886,Revised,1090,Leongatha,Gippsland - South West,LATROBE - GIPPSLAND,REST OF VIC.
21090,SA2,2015-06-30,10826,Preliminary,1090,Leongatha,Gippsland - South West,LATROBE - GIPPSLAND,REST OF VIC.
21091,SA2,2005-06-30,8260,Final,1091,Phillip Island,Gippsland - South West,LATROBE - GIPPSLAND,REST OF VIC.
21091,SA2,2006-06-30,8303,Final,1091,Phillip Island,Gippsland - South West,LATROBE - GIPPSLAND,REST OF VIC.
21091,SA2,2007-06-30,8573,Final,1091,Phillip Island,Gippsland - South West,LATROBE - GIPPSLAND,REST OF VIC.
21091,SA2,2008-06-30,8880,Final,1091,Phillip Island,Gippsland - South West,LATROBE - GIPPSLAND,REST OF VIC.
21091,SA2,2009-06-30,9193,Final,1091,Phillip Island,Gippsland - South West,LATROBE - GIPPSLAND,REST OF VIC.
21091,SA2,2010-06-30,9500,Final,1091,Phillip Island,Gippsland - South West,LATROBE - GIPPSLAND,REST OF VIC.
21091,SA2,2011-06-30,9657,Final,1091,Phillip Island,Gippsland - South West,LATROBE - GIPPSLAND,REST OF VIC.
21091,SA2,2012-06-30,9751,Revised,1091,Phillip Island,Gippsland - South West,LATROBE - GIPPSLAND,REST OF VIC.
21091,SA2,2013-06-30,9813,Revised,1091,Phillip Island,Gippsland - South West,LATROBE - GIPPSLAND,REST OF VIC.
21091,SA2,2014-06-30,9952,Revised,1091,Phillip Island,Gippsland - South West,LATROBE - GIPPSLAND,REST OF VIC.
21091,SA2,2015-06-30,10124,Preliminary,1091,Phillip Island,Gippsland - South West,LATROBE - GIPPSLAND,REST OF VIC.
21092,SA2,2005-06-30,13,Final,1092,Wilsons Promontory,Gippsland - South West,LATROBE - GIPPSLAND,REST OF VIC.
21092,SA2,2006-06-30,13,Final,1092,Wilsons Promontory,Gippsland - South West,LATROBE - GIPPSLAND,REST OF VIC.
21092,SA2,2007-06-30,13,Final,1092,Wilsons Promontory,Gippsland - South West,LATROBE - GIPPSLAND,REST OF VIC.
21092,SA2,2008-06-30,13,Final,1092,Wilsons Promontory,Gippsland - South West,LATROBE - GIPPSLAND,REST OF VIC.
21092,SA2,2009-06-30,14,Final,1092,Wilsons Promontory,Gippsland - South West,LATROBE - GIPPSLAND,REST OF VIC.
21092,SA2,2010-06-30,14,Final,1092,Wilsons Promontory,Gippsland - South West,LATROBE - GIPPSLAND,REST OF VIC.
21092,SA2,2011-06-30,14,Final,1092,Wilsons Promontory,Gippsland - South West,LATROBE - GIPPSLAND,REST OF VIC.
21092,SA2,2012-06-30,14,Revised,1092,Wilsons Promontory,Gippsland - South West,LATROBE - GIPPSLAND,REST OF VIC.
21092,SA2,2013-06-30,14,Revised,1092,Wilsons Promontory,Gippsland - South West,LATROBE - GIPPSLAND,REST OF VIC.
21092,SA2,2014-06-30,14,Revised,1092,Wilsons Promontory,Gippsland - South West,LATROBE - GIPPSLAND,REST OF VIC.
21092,SA2,2015-06-30,14,Preliminary,1092,Wilsons Promontory,Gippsland - South West,LATROBE - GIPPSLAND,REST OF VIC.
21093,SA2,2005-06-30,18250,Final,1093,Wonthaggi - Inverloch,Gippsland - South West,LATROBE - GIPPSLAND,REST OF VIC.
21093,SA2,2006-06-30,18359,Final,1093,Wonthaggi - Inverloch,Gippsland - South West,LATROBE - GIPPSLAND,REST OF VIC.
21093,SA2,2007-06-30,18602,Final,1093,Wonthaggi - Inverloch,Gippsland - South West,LATROBE - GIPPSLAND,REST OF VIC.
21093,SA2,2008-06-30,18891,Final,1093,Wonthaggi - Inverloch,Gippsland - South West,LATROBE - GIPPSLAND,REST OF VIC.
21093,SA2,2009-06-30,19168,Final,1093,Wonthaggi - Inverloch,Gippsland - South West,LATROBE - GIPPSLAND,REST OF VIC.
21093,SA2,2010-06-30,19787,Final,1093,Wonthaggi - Inverloch,Gippsland - South West,LATROBE - GIPPSLAND,REST OF VIC.
21093,SA2,2011-06-30,20396,Final,1093,Wonthaggi - Inverloch,Gippsland - South West,LATROBE - GIPPSLAND,REST OF VIC.
21093,SA2,2012-06-30,20683,Revised,1093,Wonthaggi - Inverloch,Gippsland - South West,LATROBE - GIPPSLAND,REST OF VIC.
21093,SA2,2013-06-30,20981,Revised,1093,Wonthaggi - Inverloch,Gippsland - South West,LATROBE - GIPPSLAND,REST OF VIC.
21093,SA2,2014-06-30,21487,Revised,1093,Wonthaggi - Inverloch,Gippsland - South West,LATROBE - GIPPSLAND,REST OF VIC.
21093,SA2,2015-06-30,21739,Preliminary,1093,Wonthaggi - Inverloch,Gippsland - South West,LATROBE - GIPPSLAND,REST OF VIC.
21094,SA2,2005-06-30,11220,Final,1094,Churchill,Latrobe Valley,LATROBE - GIPPSLAND,REST OF VIC.
21094,SA2,2006-06-30,11218,Final,1094,Churchill,Latrobe Valley,LATROBE - GIPPSLAND,REST OF VIC.
21094,SA2,2007-06-30,11265,Final,1094,Churchill,Latrobe Valley,LATROBE - GIPPSLAND,REST OF VIC.
21094,SA2,2008-06-30,11327,Final,1094,Churchill,Latrobe Valley,LATROBE - GIPPSLAND,REST OF VIC.
21094,SA2,2009-06-30,11385,Final,1094,Churchill,Latrobe Valley,LATROBE - GIPPSLAND,REST OF VIC.
21094,SA2,2010-06-30,11489,Final,1094,Churchill,Latrobe Valley,LATROBE - GIPPSLAND,REST OF VIC.
21094,SA2,2011-06-30,11568,Final,1094,Churchill,Latrobe Valley,LATROBE - GIPPSLAND,REST OF VIC.
21094,SA2,2012-06-30,11667,Revised,1094,Churchill,Latrobe Valley,LATROBE - GIPPSLAND,REST OF VIC.
21094,SA2,2013-06-30,11696,Revised,1094,Churchill,Latrobe Valley,LATROBE - GIPPSLAND,REST OF VIC.
21094,SA2,2014-06-30,11765,Revised,1094,Churchill,Latrobe Valley,LATROBE - GIPPSLAND,REST OF VIC.
21094,SA2,2015-06-30,11836,Preliminary,1094,Churchill,Latrobe Valley,LATROBE - GIPPSLAND,REST OF VIC.
21095,SA2,2005-06-30,16975,Final,1095,Moe - Newborough,Latrobe Valley,LATROBE - GIPPSLAND,REST OF VIC.
21095,SA2,2006-06-30,16915,Final,1095,Moe - Newborough,Latrobe Valley,LATROBE - GIPPSLAND,REST OF VIC.
21095,SA2,2007-06-30,16795,Final,1095,Moe - Newborough,Latrobe Valley,LATROBE - GIPPSLAND,REST OF VIC.
21095,SA2,2008-06-30,16787,Final,1095,Moe - Newborough,Latrobe Valley,LATROBE - GIPPSLAND,REST OF VIC.
21095,SA2,2009-06-30,16771,Final,1095,Moe - Newborough,Latrobe Valley,LATROBE - GIPPSLAND,REST OF VIC.
21095,SA2,2010-06-30,16876,Final,1095,Moe - Newborough,Latrobe Valley,LATROBE - GIPPSLAND,REST OF VIC.
21095,SA2,2011-06-30,16955,Final,1095,Moe - Newborough,Latrobe Valley,LATROBE - GIPPSLAND,REST OF VIC.
21095,SA2,2012-06-30,16736,Revised,1095,Moe - Newborough,Latrobe Valley,LATROBE - GIPPSLAND,REST OF VIC.
21095,SA2,2013-06-30,16561,Revised,1095,Moe - Newborough,Latrobe Valley,LATROBE - GIPPSLAND,REST OF VIC.
21095,SA2,2014-06-30,16411,Revised,1095,Moe - Newborough,Latrobe Valley,LATROBE - GIPPSLAND,REST OF VIC.
21095,SA2,2015-06-30,16253,Preliminary,1095,Moe - Newborough,Latrobe Valley,LATROBE - GIPPSLAND,REST OF VIC.
21096,SA2,2005-06-30,13944,Final,1096,Morwell,Latrobe Valley,LATROBE - GIPPSLAND,REST OF VIC.
21096,SA2,2006-06-30,13936,Final,1096,Morwell,Latrobe Valley,LATROBE - GIPPSLAND,REST OF VIC.
21096,SA2,2007-06-30,13984,Final,1096,Morwell,Latrobe Valley,LATROBE - GIPPSLAND,REST OF VIC.
21096,SA2,2008-06-30,14053,Final,1096,Morwell,Latrobe Valley,LATROBE - GIPPSLAND,REST OF VIC.
21096,SA2,2009-06-30,14108,Final,1096,Morwell,Latrobe Valley,LATROBE - GIPPSLAND,REST OF VIC.
21096,SA2,2010-06-30,14207,Final,1096,Morwell,Latrobe Valley,LATROBE - GIPPSLAND,REST OF VIC.
21096,SA2,2011-06-30,14302,Final,1096,Morwell,Latrobe Valley,LATROBE - GIPPSLAND,REST OF VIC.
21096,SA2,2012-06-30,14334,Revised,1096,Morwell,Latrobe Valley,LATROBE - GIPPSLAND,REST OF VIC.
21096,SA2,2013-06-30,14186,Revised,1096,Morwell,Latrobe Valley,LATROBE - GIPPSLAND,REST OF VIC.
21096,SA2,2014-06-30,14095,Revised,1096,Morwell,Latrobe Valley,LATROBE - GIPPSLAND,REST OF VIC.
21096,SA2,2015-06-30,13981,Preliminary,1096,Morwell,Latrobe Valley,LATROBE - GIPPSLAND,REST OF VIC.
21097,SA2,2005-06-30,23222,Final,1097,Traralgon,Latrobe Valley,LATROBE - GIPPSLAND,REST OF VIC.
21097,SA2,2006-06-30,23844,Final,1097,Traralgon,Latrobe Valley,LATROBE - GIPPSLAND,REST OF VIC.
21097,SA2,2007-06-30,24356,Final,1097,Traralgon,Latrobe Valley,LATROBE - GIPPSLAND,REST OF VIC.
21097,SA2,2008-06-30,24888,Final,1097,Traralgon,Latrobe Valley,LATROBE - GIPPSLAND,REST OF VIC.
21097,SA2,2009-06-30,25381,Final,1097,Traralgon,Latrobe Valley,LATROBE - GIPPSLAND,REST OF VIC.
21097,SA2,2010-06-30,25844,Final,1097,Traralgon,Latrobe Valley,LATROBE - GIPPSLAND,REST OF VIC.
21097,SA2,2011-06-30,26307,Final,1097,Traralgon,Latrobe Valley,LATROBE - GIPPSLAND,REST OF VIC.
21097,SA2,2012-06-30,26577,Revised,1097,Traralgon,Latrobe Valley,LATROBE - GIPPSLAND,REST OF VIC.
21097,SA2,2013-06-30,26682,Revised,1097,Traralgon,Latrobe Valley,LATROBE - GIPPSLAND,REST OF VIC.
21097,SA2,2014-06-30,26702,Revised,1097,Traralgon,Latrobe Valley,LATROBE - GIPPSLAND,REST OF VIC.
21097,SA2,2015-06-30,26835,Preliminary,1097,Traralgon,Latrobe Valley,LATROBE - GIPPSLAND,REST OF VIC.
21098,SA2,2005-06-30,4491,Final,1098,Yallourn North - Glengarry,Latrobe Valley,LATROBE - GIPPSLAND,REST OF VIC.
21098,SA2,2006-06-30,4479,Final,1098,Yallourn North - Glengarry,Latrobe Valley,LATROBE - GIPPSLAND,REST OF VIC.
21098,SA2,2007-06-30,4453,Final,1098,Yallourn North - Glengarry,Latrobe Valley,LATROBE - GIPPSLAND,REST OF VIC.
21098,SA2,2008-06-30,4464,Final,1098,Yallourn North - Glengarry,Latrobe Valley,LATROBE - GIPPSLAND,REST OF VIC.
21098,SA2,2009-06-30,4478,Final,1098,Yallourn North - Glengarry,Latrobe Valley,LATROBE - GIPPSLAND,REST OF VIC.
21098,SA2,2010-06-30,4490,Final,1098,Yallourn North - Glengarry,Latrobe Valley,LATROBE - GIPPSLAND,REST OF VIC.
21098,SA2,2011-06-30,4477,Final,1098,Yallourn North - Glengarry,Latrobe Valley,LATROBE - GIPPSLAND,REST OF VIC.
21098,SA2,2012-06-30,4483,Revised,1098,Yallourn North - Glengarry,Latrobe Valley,LATROBE - GIPPSLAND,REST OF VIC.
21098,SA2,2013-06-30,4454,Revised,1098,Yallourn North - Glengarry,Latrobe Valley,LATROBE - GIPPSLAND,REST OF VIC.
21098,SA2,2014-06-30,4448,Revised,1098,Yallourn North - Glengarry,Latrobe Valley,LATROBE - GIPPSLAND,REST OF VIC.
21098,SA2,2015-06-30,4451,Preliminary,1098,Yallourn North - Glengarry,Latrobe Valley,LATROBE - GIPPSLAND,REST OF VIC.
21099,SA2,2005-06-30,26,Final,1099,Alps - West,Wellington,LATROBE - GIPPSLAND,REST OF VIC.
21099,SA2,2006-06-30,25,Final,1099,Alps - West,Wellington,LATROBE - GIPPSLAND,REST OF VIC.
21099,SA2,2007-06-30,26,Final,1099,Alps - West,Wellington,LATROBE - GIPPSLAND,REST OF VIC.
21099,SA2,2008-06-30,27,Final,1099,Alps - West,Wellington,LATROBE - GIPPSLAND,REST OF VIC.
21099,SA2,2009-06-30,27,Final,1099,Alps - West,Wellington,LATROBE - GIPPSLAND,REST OF VIC.
21099,SA2,2010-06-30,28,Final,1099,Alps - West,Wellington,LATROBE - GIPPSLAND,REST OF VIC.
21099,SA2,2011-06-30,29,Final,1099,Alps - West,Wellington,LATROBE - GIPPSLAND,REST OF VIC.
21099,SA2,2012-06-30,29,Revised,1099,Alps - West,Wellington,LATROBE - GIPPSLAND,REST OF VIC.
21099,SA2,2013-06-30,29,Revised,1099,Alps - West,Wellington,LATROBE - GIPPSLAND,REST OF VIC.
21099,SA2,2014-06-30,29,Revised,1099,Alps - West,Wellington,LATROBE - GIPPSLAND,REST OF VIC.
21099,SA2,2015-06-30,29,Preliminary,1099,Alps - West,Wellington,LATROBE - GIPPSLAND,REST OF VIC.
21100,SA2,2005-06-30,3700,Final,1100,Longford - Loch Sport,Wellington,LATROBE - GIPPSLAND,REST OF VIC.
21100,SA2,2006-06-30,3685,Final,1100,Longford - Loch Sport,Wellington,LATROBE - GIPPSLAND,REST OF VIC.
21100,SA2,2007-06-30,3730,Final,1100,Longford - Loch Sport,Wellington,LATROBE - GIPPSLAND,REST OF VIC.
21100,SA2,2008-06-30,3769,Final,1100,Longford - Loch Sport,Wellington,LATROBE - GIPPSLAND,REST OF VIC.
21100,SA2,2009-06-30,3806,Final,1100,Longford - Loch Sport,Wellington,LATROBE - GIPPSLAND,REST OF VIC.
21100,SA2,2010-06-30,3861,Final,1100,Longford - Loch Sport,Wellington,LATROBE - GIPPSLAND,REST OF VIC.
21100,SA2,2011-06-30,3902,Final,1100,Longford - Loch Sport,Wellington,LATROBE - GIPPSLAND,REST OF VIC.
21100,SA2,2012-06-30,3943,Revised,1100,Longford - Loch Sport,Wellington,LATROBE - GIPPSLAND,REST OF VIC.
21100,SA2,2013-06-30,3932,Revised,1100,Longford - Loch Sport,Wellington,LATROBE - GIPPSLAND,REST OF VIC.
21100,SA2,2014-06-30,3887,Revised,1100,Longford - Loch Sport,Wellington,LATROBE - GIPPSLAND,REST OF VIC.
21100,SA2,2015-06-30,3829,Preliminary,1100,Longford - Loch Sport,Wellington,LATROBE - GIPPSLAND,REST OF VIC.
21101,SA2,2005-06-30,13023,Final,1101,Maffra,Wellington,LATROBE - GIPPSLAND,REST OF VIC.
21101,SA2,2006-06-30,13076,Final,1101,Maffra,Wellington,LATROBE - GIPPSLAND,REST OF VIC.
21101,SA2,2007-06-30,13157,Final,1101,Maffra,Wellington,LATROBE - GIPPSLAND,REST OF VIC.
21101,SA2,2008-06-30,13263,Final,1101,Maffra,Wellington,LATROBE - GIPPSLAND,REST OF VIC.
21101,SA2,2009-06-30,13371,Final,1101,Maffra,Wellington,LATROBE - GIPPSLAND,REST OF VIC.
21101,SA2,2010-06-30,13488,Final,1101,Maffra,Wellington,LATROBE - GIPPSLAND,REST OF VIC.
21101,SA2,2011-06-30,13595,Final,1101,Maffra,Wellington,LATROBE - GIPPSLAND,REST OF VIC.
21101,SA2,2012-06-30,13684,Revised,1101,Maffra,Wellington,LATROBE - GIPPSLAND,REST OF VIC.
21101,SA2,2013-06-30,13563,Revised,1101,Maffra,Wellington,LATROBE - GIPPSLAND,REST OF VIC.
21101,SA2,2014-06-30,13548,Revised,1101,Maffra,Wellington,LATROBE - GIPPSLAND,REST OF VIC.
21101,SA2,2015-06-30,13436,Preliminary,1101,Maffra,Wellington,LATROBE - GIPPSLAND,REST OF VIC.
21102,SA2,2005-06-30,4354,Final,1102,Rosedale,Wellington,LATROBE - GIPPSLAND,REST OF VIC.
21102,SA2,2006-06-30,4348,Final,1102,Rosedale,Wellington,LATROBE - GIPPSLAND,REST OF VIC.
21102,SA2,2007-06-30,4357,Final,1102,Rosedale,Wellington,LATROBE - GIPPSLAND,REST OF VIC.
21102,SA2,2008-06-30,4407,Final,1102,Rosedale,Wellington,LATROBE - GIPPSLAND,REST OF VIC.
21102,SA2,2009-06-30,4508,Final,1102,Rosedale,Wellington,LATROBE - GIPPSLAND,REST OF VIC.
21102,SA2,2010-06-30,4573,Final,1102,Rosedale,Wellington,LATROBE - GIPPSLAND,REST OF VIC.
21102,SA2,2011-06-30,4664,Final,1102,Rosedale,Wellington,LATROBE - GIPPSLAND,REST OF VIC.
21102,SA2,2012-06-30,4689,Revised,1102,Rosedale,Wellington,LATROBE - GIPPSLAND,REST OF VIC.
21102,SA2,2013-06-30,4726,Revised,1102,Rosedale,Wellington,LATROBE - GIPPSLAND,REST OF VIC.
21102,SA2,2014-06-30,4718,Revised,1102,Rosedale,Wellington,LATROBE - GIPPSLAND,REST OF VIC.
21102,SA2,2015-06-30,4711,Preliminary,1102,Rosedale,Wellington,LATROBE - GIPPSLAND,REST OF VIC.
21103,SA2,2005-06-30,13820,Final,1103,Sale,Wellington,LATROBE - GIPPSLAND,REST OF VIC.
21103,SA2,2006-06-30,13942,Final,1103,Sale,Wellington,LATROBE - GIPPSLAND,REST OF VIC.
21103,SA2,2007-06-30,14019,Final,1103,Sale,Wellington,LATROBE - GIPPSLAND,REST OF VIC.
21103,SA2,2008-06-30,14134,Final,1103,Sale,Wellington,LATROBE - GIPPSLAND,REST OF VIC.
21103,SA2,2009-06-30,14222,Final,1103,Sale,Wellington,LATROBE - GIPPSLAND,REST OF VIC.
21103,SA2,2010-06-30,14315,Final,1103,Sale,Wellington,LATROBE - GIPPSLAND,REST OF VIC.
21103,SA2,2011-06-30,14441,Final,1103,Sale,Wellington,LATROBE - GIPPSLAND,REST OF VIC.
21103,SA2,2012-06-30,14557,Revised,1103,Sale,Wellington,LATROBE - GIPPSLAND,REST OF VIC.
21103,SA2,2013-06-30,14665,Revised,1103,Sale,Wellington,LATROBE - GIPPSLAND,REST OF VIC.
21103,SA2,2014-06-30,14700,Revised,1103,Sale,Wellington,LATROBE - GIPPSLAND,REST OF VIC.
21103,SA2,2015-06-30,14716,Preliminary,1103,Sale,Wellington,LATROBE - GIPPSLAND,REST OF VIC.
21104,SA2,2005-06-30,5465,Final,1104,Yarram,Wellington,LATROBE - GIPPSLAND,REST OF VIC.
21104,SA2,2006-06-30,5449,Final,1104,Yarram,Wellington,LATROBE - GIPPSLAND,REST OF VIC.
21104,SA2,2007-06-30,5453,Final,1104,Yarram,Wellington,LATROBE - GIPPSLAND,REST OF VIC.
21104,SA2,2008-06-30,5443,Final,1104,Yarram,Wellington,LATROBE - GIPPSLAND,REST OF VIC.
21104,SA2,2009-06-30,5451,Final,1104,Yarram,Wellington,LATROBE - GIPPSLAND,REST OF VIC.
21104,SA2,2010-06-30,5419,Final,1104,Yarram,Wellington,LATROBE - GIPPSLAND,REST OF VIC.
21104,SA2,2011-06-30,5329,Final,1104,Yarram,Wellington,LATROBE - GIPPSLAND,REST OF VIC.
21104,SA2,2012-06-30,5268,Revised,1104,Yarram,Wellington,LATROBE - GIPPSLAND,REST OF VIC.
21104,SA2,2013-06-30,5250,Revised,1104,Yarram,Wellington,LATROBE - GIPPSLAND,REST OF VIC.
21104,SA2,2014-06-30,5190,Revised,1104,Yarram,Wellington,LATROBE - GIPPSLAND,REST OF VIC.
21104,SA2,2015-06-30,5142,Preliminary,1104,Yarram,Wellington,LATROBE - GIPPSLAND,REST OF VIC.
21386,SA2,2005-06-30,8104,Final,1386,Ararat,Grampians,NORTH WEST,REST OF VIC.
21386,SA2,2006-06-30,8105,Final,1386,Ararat,Grampians,NORTH WEST,REST OF VIC.
21386,SA2,2007-06-30,8052,Final,1386,Ararat,Grampians,NORTH WEST,REST OF VIC.
21386,SA2,2008-06-30,8072,Final,1386,Ararat,Grampians,NORTH WEST,REST OF VIC.
21386,SA2,2009-06-30,8121,Final,1386,Ararat,Grampians,NORTH WEST,REST OF VIC.
21386,SA2,2010-06-30,8161,Final,1386,Ararat,Grampians,NORTH WEST,REST OF VIC.
21386,SA2,2011-06-30,8168,Final,1386,Ararat,Grampians,NORTH WEST,REST OF VIC.
21386,SA2,2012-06-30,8188,Revised,1386,Ararat,Grampians,NORTH WEST,REST OF VIC.
21386,SA2,2013-06-30,8085,Revised,1386,Ararat,Grampians,NORTH WEST,REST OF VIC.
21386,SA2,2014-06-30,8023,Revised,1386,Ararat,Grampians,NORTH WEST,REST OF VIC.
21386,SA2,2015-06-30,7941,Preliminary,1386,Ararat,Grampians,NORTH WEST,REST OF VIC.
21387,SA2,2005-06-30,3126,Final,1387,Ararat Region,Grampians,NORTH WEST,REST OF VIC.
21387,SA2,2006-06-30,3114,Final,1387,Ararat Region,Grampians,NORTH WEST,REST OF VIC.
21387,SA2,2007-06-30,3075,Final,1387,Ararat Region,Grampians,NORTH WEST,REST OF VIC.
21387,SA2,2008-06-30,3041,Final,1387,Ararat Region,Grampians,NORTH WEST,REST OF VIC.
21387,SA2,2009-06-30,3027,Final,1387,Ararat Region,Grampians,NORTH WEST,REST OF VIC.
21387,SA2,2010-06-30,2995,Final,1387,Ararat Region,Grampians,NORTH WEST,REST OF VIC.
21387,SA2,2011-06-30,2958,Final,1387,Ararat Region,Grampians,NORTH WEST,REST OF VIC.
21387,SA2,2012-06-30,2948,Revised,1387,Ararat Region,Grampians,NORTH WEST,REST OF VIC.
21387,SA2,2013-06-30,2942,Revised,1387,Ararat Region,Grampians,NORTH WEST,REST OF VIC.
21387,SA2,2014-06-30,2929,Revised,1387,Ararat Region,Grampians,NORTH WEST,REST OF VIC.
21387,SA2,2015-06-30,2902,Preliminary,1387,Ararat Region,Grampians,NORTH WEST,REST OF VIC.
21388,SA2,2005-06-30,14979,Final,1388,Horsham,Grampians,NORTH WEST,REST OF VIC.
21388,SA2,2006-06-30,15226,Final,1388,Horsham,Grampians,NORTH WEST,REST OF VIC.
21388,SA2,2007-06-30,15386,Final,1388,Horsham,Grampians,NORTH WEST,REST OF VIC.
21388,SA2,2008-06-30,15554,Final,1388,Horsham,Grampians,NORTH WEST,REST OF VIC.
21388,SA2,2009-06-30,15748,Final,1388,Horsham,Grampians,NORTH WEST,REST OF VIC.
21388,SA2,2010-06-30,15918,Final,1388,Horsham,Grampians,NORTH WEST,REST OF VIC.
21388,SA2,2011-06-30,16099,Final,1388,Horsham,Grampians,NORTH WEST,REST OF VIC.
21388,SA2,2012-06-30,16209,Revised,1388,Horsham,Grampians,NORTH WEST,REST OF VIC.
21388,SA2,2013-06-30,16266,Revised,1388,Horsham,Grampians,NORTH WEST,REST OF VIC.
21388,SA2,2014-06-30,16322,Revised,1388,Horsham,Grampians,NORTH WEST,REST OF VIC.
21388,SA2,2015-06-30,16451,Preliminary,1388,Horsham,Grampians,NORTH WEST,REST OF VIC.
21389,SA2,2005-06-30,3590,Final,1389,Horsham Region,Grampians,NORTH WEST,REST OF VIC.
21389,SA2,2006-06-30,3570,Final,1389,Horsham Region,Grampians,NORTH WEST,REST OF VIC.
21389,SA2,2007-06-30,3551,Final,1389,Horsham Region,Grampians,NORTH WEST,REST OF VIC.
21389,SA2,2008-06-30,3530,Final,1389,Horsham Region,Grampians,NORTH WEST,REST OF VIC.
21389,SA2,2009-06-30,3520,Final,1389,Horsham Region,Grampians,NORTH WEST,REST OF VIC.
21389,SA2,2010-06-30,3498,Final,1389,Horsham Region,Grampians,NORTH WEST,REST OF VIC.
21389,SA2,2011-06-30,3448,Final,1389,Horsham Region,Grampians,NORTH WEST,REST OF VIC.
21389,SA2,2012-06-30,3445,Revised,1389,Horsham Region,Grampians,NORTH WEST,REST OF VIC.
21389,SA2,2013-06-30,3420,Revised,1389,Horsham Region,Grampians,NORTH WEST,REST OF VIC.
21389,SA2,2014-06-30,3389,Revised,1389,Horsham Region,Grampians,NORTH WEST,REST OF VIC.
21389,SA2,2015-06-30,3344,Preliminary,1389,Horsham Region,Grampians,NORTH WEST,REST OF VIC.
21390,SA2,2005-06-30,7633,Final,1390,Nhill Region,Grampians,NORTH WEST,REST OF VIC.
21390,SA2,2006-06-30,7550,Final,1390,Nhill Region,Grampians,NORTH WEST,REST OF VIC.
21390,SA2,2007-06-30,7501,Final,1390,Nhill Region,Grampians,NORTH WEST,REST OF VIC.
21390,SA2,2008-06-30,7461,Final,1390,Nhill Region,Grampians,NORTH WEST,REST OF VIC.
21390,SA2,2009-06-30,7457,Final,1390,Nhill Region,Grampians,NORTH WEST,REST OF VIC.
21390,SA2,2010-06-30,7380,Final,1390,Nhill Region,Grampians,NORTH WEST,REST OF VIC.
21390,SA2,2011-06-30,7270,Final,1390,Nhill Region,Grampians,NORTH WEST,REST OF VIC.
21390,SA2,2012-06-30,7178,Revised,1390,Nhill Region,Grampians,NORTH WEST,REST OF VIC.
21390,SA2,2013-06-30,7038,Revised,1390,Nhill Region,Grampians,NORTH WEST,REST OF VIC.
21390,SA2,2014-06-30,6964,Revised,1390,Nhill Region,Grampians,NORTH WEST,REST OF VIC.
21390,SA2,2015-06-30,6788,Preliminary,1390,Nhill Region,Grampians,NORTH WEST,REST OF VIC.
21391,SA2,2005-06-30,3826,Final,1391,St Arnaud,Grampians,NORTH WEST,REST OF VIC.
21391,SA2,2006-06-30,3721,Final,1391,St Arnaud,Grampians,NORTH WEST,REST OF VIC.
21391,SA2,2007-06-30,3704,Final,1391,St Arnaud,Grampians,NORTH WEST,REST OF VIC.
21391,SA2,2008-06-30,3672,Final,1391,St Arnaud,Grampians,NORTH WEST,REST OF VIC.
21391,SA2,2009-06-30,3678,Final,1391,St Arnaud,Grampians,NORTH WEST,REST OF VIC.
21391,SA2,2010-06-30,3658,Final,1391,St Arnaud,Grampians,NORTH WEST,REST OF VIC.
21391,SA2,2011-06-30,3611,Final,1391,St Arnaud,Grampians,NORTH WEST,REST OF VIC.
21391,SA2,2012-06-30,3653,Revised,1391,St Arnaud,Grampians,NORTH WEST,REST OF VIC.
21391,SA2,2013-06-30,3596,Revised,1391,St Arnaud,Grampians,NORTH WEST,REST OF VIC.
21391,SA2,2014-06-30,3518,Revised,1391,St Arnaud,Grampians,NORTH WEST,REST OF VIC.
21391,SA2,2015-06-30,3414,Preliminary,1391,St Arnaud,Grampians,NORTH WEST,REST OF VIC.
21392,SA2,2005-06-30,8500,Final,1392,Stawell,Grampians,NORTH WEST,REST OF VIC.
21392,SA2,2006-06-30,8370,Final,1392,Stawell,Grampians,NORTH WEST,REST OF VIC.
21392,SA2,2007-06-30,8405,Final,1392,Stawell,Grampians,NORTH WEST,REST OF VIC.
21392,SA2,2008-06-30,8427,Final,1392,Stawell,Grampians,NORTH WEST,REST OF VIC.
21392,SA2,2009-06-30,8451,Final,1392,Stawell,Grampians,NORTH WEST,REST OF VIC.
21392,SA2,2010-06-30,8466,Final,1392,Stawell,Grampians,NORTH WEST,REST OF VIC.
21392,SA2,2011-06-30,8453,Final,1392,Stawell,Grampians,NORTH WEST,REST OF VIC.
21392,SA2,2012-06-30,8298,Revised,1392,Stawell,Grampians,NORTH WEST,REST OF VIC.
21392,SA2,2013-06-30,8190,Revised,1392,Stawell,Grampians,NORTH WEST,REST OF VIC.
21392,SA2,2014-06-30,8207,Revised,1392,Stawell,Grampians,NORTH WEST,REST OF VIC.
21392,SA2,2015-06-30,8105,Preliminary,1392,Stawell,Grampians,NORTH WEST,REST OF VIC.
21393,SA2,2005-06-30,3174,Final,1393,West Wimmera,Grampians,NORTH WEST,REST OF VIC.
21393,SA2,2006-06-30,3143,Final,1393,West Wimmera,Grampians,NORTH WEST,REST OF VIC.
21393,SA2,2007-06-30,3088,Final,1393,West Wimmera,Grampians,NORTH WEST,REST OF VIC.
21393,SA2,2008-06-30,3047,Final,1393,West Wimmera,Grampians,NORTH WEST,REST OF VIC.
21393,SA2,2009-06-30,3018,Final,1393,West Wimmera,Grampians,NORTH WEST,REST OF VIC.
21393,SA2,2010-06-30,2974,Final,1393,West Wimmera,Grampians,NORTH WEST,REST OF VIC.
21393,SA2,2011-06-30,2902,Final,1393,West Wimmera,Grampians,NORTH WEST,REST OF VIC.
21393,SA2,2012-06-30,2835,Revised,1393,West Wimmera,Grampians,NORTH WEST,REST OF VIC.
21393,SA2,2013-06-30,2766,Revised,1393,West Wimmera,Grampians,NORTH WEST,REST OF VIC.
21393,SA2,2014-06-30,2686,Revised,1393,West Wimmera,Grampians,NORTH WEST,REST OF VIC.
21393,SA2,2015-06-30,2611,Preliminary,1393,West Wimmera,Grampians,NORTH WEST,REST OF VIC.
21394,SA2,2005-06-30,7654,Final,1394,Yarriambiack,Grampians,NORTH WEST,REST OF VIC.
21394,SA2,2006-06-30,7552,Final,1394,Yarriambiack,Grampians,NORTH WEST,REST OF VIC.
21394,SA2,2007-06-30,7450,Final,1394,Yarriambiack,Grampians,NORTH WEST,REST OF VIC.
21394,SA2,2008-06-30,7378,Final,1394,Yarriambiack,Grampians,NORTH WEST,REST OF VIC.
21394,SA2,2009-06-30,7352,Final,1394,Yarriambiack,Grampians,NORTH WEST,REST OF VIC.
21394,SA2,2010-06-30,7248,Final,1394,Yarriambiack,Grampians,NORTH WEST,REST OF VIC.
21394,SA2,2011-06-30,7120,Final,1394,Yarriambiack,Grampians,NORTH WEST,REST OF VIC.
21394,SA2,2012-06-30,7036,Revised,1394,Yarriambiack,Grampians,NORTH WEST,REST OF VIC.
21394,SA2,2013-06-30,6963,Revised,1394,Yarriambiack,Grampians,NORTH WEST,REST OF VIC.
21394,SA2,2014-06-30,6827,Revised,1394,Yarriambiack,Grampians,NORTH WEST,REST OF VIC.
21394,SA2,2015-06-30,6702,Preliminary,1394,Yarriambiack,Grampians,NORTH WEST,REST OF VIC.
21395,SA2,2005-06-30,6430,Final,1395,Irymple,Mildura,NORTH WEST,REST OF VIC.
21395,SA2,2006-06-30,6458,Final,1395,Irymple,Mildura,NORTH WEST,REST OF VIC.
21395,SA2,2007-06-30,6487,Final,1395,Irymple,Mildura,NORTH WEST,REST OF VIC.
21395,SA2,2008-06-30,6506,Final,1395,Irymple,Mildura,NORTH WEST,REST OF VIC.
21395,SA2,2009-06-30,6553,Final,1395,Irymple,Mildura,NORTH WEST,REST OF VIC.
21395,SA2,2010-06-30,6566,Final,1395,Irymple,Mildura,NORTH WEST,REST OF VIC.
21395,SA2,2011-06-30,6574,Final,1395,Irymple,Mildura,NORTH WEST,REST OF VIC.
21395,SA2,2012-06-30,6604,Revised,1395,Irymple,Mildura,NORTH WEST,REST OF VIC.
21395,SA2,2013-06-30,6611,Revised,1395,Irymple,Mildura,NORTH WEST,REST OF VIC.
21395,SA2,2014-06-30,6555,Revised,1395,Irymple,Mildura,NORTH WEST,REST OF VIC.
21395,SA2,2015-06-30,6455,Preliminary,1395,Irymple,Mildura,NORTH WEST,REST OF VIC.
21396,SA2,2005-06-30,4790,Final,1396,Merbein,Mildura,NORTH WEST,REST OF VIC.
21396,SA2,2006-06-30,4783,Final,1396,Merbein,Mildura,NORTH WEST,REST OF VIC.
21396,SA2,2007-06-30,4698,Final,1396,Merbein,Mildura,NORTH WEST,REST OF VIC.
21396,SA2,2008-06-30,4677,Final,1396,Merbein,Mildura,NORTH WEST,REST OF VIC.
21396,SA2,2009-06-30,4693,Final,1396,Merbein,Mildura,NORTH WEST,REST OF VIC.
21396,SA2,2010-06-30,4682,Final,1396,Merbein,Mildura,NORTH WEST,REST OF VIC.
21396,SA2,2011-06-30,4670,Final,1396,Merbein,Mildura,NORTH WEST,REST OF VIC.
21396,SA2,2012-06-30,4576,Revised,1396,Merbein,Mildura,NORTH WEST,REST OF VIC.
21396,SA2,2013-06-30,4575,Revised,1396,Merbein,Mildura,NORTH WEST,REST OF VIC.
21396,SA2,2014-06-30,4565,Revised,1396,Merbein,Mildura,NORTH WEST,REST OF VIC.
21396,SA2,2015-06-30,4530,Preliminary,1396,Merbein,Mildura,NORTH WEST,REST OF VIC.
21397,SA2,2005-06-30,28858,Final,1397,Mildura,Mildura,NORTH WEST,REST OF VIC.
21397,SA2,2006-06-30,29517,Final,1397,Mildura,Mildura,NORTH WEST,REST OF VIC.
21397,SA2,2007-06-30,29995,Final,1397,Mildura,Mildura,NORTH WEST,REST OF VIC.
21397,SA2,2008-06-30,30394,Final,1397,Mildura,Mildura,NORTH WEST,REST OF VIC.
21397,SA2,2009-06-30,30629,Final,1397,Mildura,Mildura,NORTH WEST,REST OF VIC.
21397,SA2,2010-06-30,30975,Final,1397,Mildura,Mildura,NORTH WEST,REST OF VIC.
21397,SA2,2011-06-30,31288,Final,1397,Mildura,Mildura,NORTH WEST,REST OF VIC.
21397,SA2,2012-06-30,31729,Revised,1397,Mildura,Mildura,NORTH WEST,REST OF VIC.
21397,SA2,2013-06-30,32206,Revised,1397,Mildura,Mildura,NORTH WEST,REST OF VIC.
21397,SA2,2014-06-30,32642,Revised,1397,Mildura,Mildura,NORTH WEST,REST OF VIC.
21397,SA2,2015-06-30,32969,Preliminary,1397,Mildura,Mildura,NORTH WEST,REST OF VIC.
21398,SA2,2005-06-30,4239,Final,1398,Mildura Region,Mildura,NORTH WEST,REST OF VIC.
21398,SA2,2006-06-30,4182,Final,1398,Mildura Region,Mildura,NORTH WEST,REST OF VIC.
21398,SA2,2007-06-30,4126,Final,1398,Mildura Region,Mildura,NORTH WEST,REST OF VIC.
21398,SA2,2008-06-30,4053,Final,1398,Mildura Region,Mildura,NORTH WEST,REST OF VIC.
21398,SA2,2009-06-30,4000,Final,1398,Mildura Region,Mildura,NORTH WEST,REST OF VIC.
21398,SA2,2010-06-30,3923,Final,1398,Mildura Region,Mildura,NORTH WEST,REST OF VIC.
21398,SA2,2011-06-30,3833,Final,1398,Mildura Region,Mildura,NORTH WEST,REST OF VIC.
21398,SA2,2012-06-30,3813,Revised,1398,Mildura Region,Mildura,NORTH WEST,REST OF VIC.
21398,SA2,2013-06-30,3760,Revised,1398,Mildura Region,Mildura,NORTH WEST,REST OF VIC.
21398,SA2,2014-06-30,3715,Revised,1398,Mildura Region,Mildura,NORTH WEST,REST OF VIC.
21398,SA2,2015-06-30,3589,Preliminary,1398,Mildura Region,Mildura,NORTH WEST,REST OF VIC.
21399,SA2,2005-06-30,5664,Final,1399,Red Cliffs,Mildura,NORTH WEST,REST OF VIC.
21399,SA2,2006-06-30,5600,Final,1399,Red Cliffs,Mildura,NORTH WEST,REST OF VIC.
21399,SA2,2007-06-30,5549,Final,1399,Red Cliffs,Mildura,NORTH WEST,REST OF VIC.
21399,SA2,2008-06-30,5510,Final,1399,Red Cliffs,Mildura,NORTH WEST,REST OF VIC.
21399,SA2,2009-06-30,5498,Final,1399,Red Cliffs,Mildura,NORTH WEST,REST OF VIC.
21399,SA2,2010-06-30,5479,Final,1399,Red Cliffs,Mildura,NORTH WEST,REST OF VIC.
21399,SA2,2011-06-30,5457,Final,1399,Red Cliffs,Mildura,NORTH WEST,REST OF VIC.
21399,SA2,2012-06-30,5475,Revised,1399,Red Cliffs,Mildura,NORTH WEST,REST OF VIC.
21399,SA2,2013-06-30,5481,Revised,1399,Red Cliffs,Mildura,NORTH WEST,REST OF VIC.
21399,SA2,2014-06-30,5541,Revised,1399,Red Cliffs,Mildura,NORTH WEST,REST OF VIC.
21399,SA2,2015-06-30,5472,Preliminary,1399,Red Cliffs,Mildura,NORTH WEST,REST OF VIC.
21400,SA2,2005-06-30,6998,Final,1400,Buloke,Murray River - Swan Hill,NORTH WEST,REST OF VIC.
21400,SA2,2006-06-30,6959,Final,1400,Buloke,Murray River - Swan Hill,NORTH WEST,REST OF VIC.
21400,SA2,2007-06-30,6868,Final,1400,Buloke,Murray River - Swan Hill,NORTH WEST,REST OF VIC.
21400,SA2,2008-06-30,6785,Final,1400,Buloke,Murray River - Swan Hill,NORTH WEST,REST OF VIC.
21400,SA2,2009-06-30,6733,Final,1400,Buloke,Murray River - Swan Hill,NORTH WEST,REST OF VIC.
21400,SA2,2010-06-30,6616,Final,1400,Buloke,Murray River - Swan Hill,NORTH WEST,REST OF VIC.
21400,SA2,2011-06-30,6468,Final,1400,Buloke,Murray River - Swan Hill,NORTH WEST,REST OF VIC.
21400,SA2,2012-06-30,6358,Revised,1400,Buloke,Murray River - Swan Hill,NORTH WEST,REST OF VIC.
21400,SA2,2013-06-30,6217,Revised,1400,Buloke,Murray River - Swan Hill,NORTH WEST,REST OF VIC.
21400,SA2,2014-06-30,6087,Revised,1400,Buloke,Murray River - Swan Hill,NORTH WEST,REST OF VIC.
21400,SA2,2015-06-30,5955,Preliminary,1400,Buloke,Murray River - Swan Hill,NORTH WEST,REST OF VIC.
21401,SA2,2005-06-30,7257,Final,1401,Gannawarra,Murray River - Swan Hill,NORTH WEST,REST OF VIC.
21401,SA2,2006-06-30,7205,Final,1401,Gannawarra,Murray River - Swan Hill,NORTH WEST,REST OF VIC.
21401,SA2,2007-06-30,7037,Final,1401,Gannawarra,Murray River - Swan Hill,NORTH WEST,REST OF VIC.
21401,SA2,2008-06-30,6945,Final,1401,Gannawarra,Murray River - Swan Hill,NORTH WEST,REST OF VIC.
21401,SA2,2009-06-30,6851,Final,1401,Gannawarra,Murray River - Swan Hill,NORTH WEST,REST OF VIC.
21401,SA2,2010-06-30,6713,Final,1401,Gannawarra,Murray River - Swan Hill,NORTH WEST,REST OF VIC.
21401,SA2,2011-06-30,6531,Final,1401,Gannawarra,Murray River - Swan Hill,NORTH WEST,REST OF VIC.
21401,SA2,2012-06-30,6480,Revised,1401,Gannawarra,Murray River - Swan Hill,NORTH WEST,REST OF VIC.
21401,SA2,2013-06-30,6443,Revised,1401,Gannawarra,Murray River - Swan Hill,NORTH WEST,REST OF VIC.
21401,SA2,2014-06-30,6332,Revised,1401,Gannawarra,Murray River - Swan Hill,NORTH WEST,REST OF VIC.
21401,SA2,2015-06-30,6227,Preliminary,1401,Gannawarra,Murray River - Swan Hill,NORTH WEST,REST OF VIC.
21402,SA2,2005-06-30,4180,Final,1402,Kerang,Murray River - Swan Hill,NORTH WEST,REST OF VIC.
21402,SA2,2006-06-30,4190,Final,1402,Kerang,Murray River - Swan Hill,NORTH WEST,REST OF VIC.
21402,SA2,2007-06-30,4155,Final,1402,Kerang,Murray River - Swan Hill,NORTH WEST,REST OF VIC.
21402,SA2,2008-06-30,4130,Final,1402,Kerang,Murray River - Swan Hill,NORTH WEST,REST OF VIC.
21402,SA2,2009-06-30,4075,Final,1402,Kerang,Murray River - Swan Hill,NORTH WEST,REST OF VIC.
21402,SA2,2010-06-30,4006,Final,1402,Kerang,Murray River - Swan Hill,NORTH WEST,REST OF VIC.
21402,SA2,2011-06-30,3916,Final,1402,Kerang,Murray River - Swan Hill,NORTH WEST,REST OF VIC.
21402,SA2,2012-06-30,3886,Revised,1402,Kerang,Murray River - Swan Hill,NORTH WEST,REST OF VIC.
21402,SA2,2013-06-30,3862,Revised,1402,Kerang,Murray River - Swan Hill,NORTH WEST,REST OF VIC.
21402,SA2,2014-06-30,3804,Revised,1402,Kerang,Murray River - Swan Hill,NORTH WEST,REST OF VIC.
21402,SA2,2015-06-30,3786,Preliminary,1402,Kerang,Murray River - Swan Hill,NORTH WEST,REST OF VIC.
21403,SA2,2005-06-30,3818,Final,1403,Robinvale,Murray River - Swan Hill,NORTH WEST,REST OF VIC.
21403,SA2,2006-06-30,3837,Final,1403,Robinvale,Murray River - Swan Hill,NORTH WEST,REST OF VIC.
21403,SA2,2007-06-30,3776,Final,1403,Robinvale,Murray River - Swan Hill,NORTH WEST,REST OF VIC.
21403,SA2,2008-06-30,3724,Final,1403,Robinvale,Murray River - Swan Hill,NORTH WEST,REST OF VIC.
21403,SA2,2009-06-30,3689,Final,1403,Robinvale,Murray River - Swan Hill,NORTH WEST,REST OF VIC.
21403,SA2,2010-06-30,3671,Final,1403,Robinvale,Murray River - Swan Hill,NORTH WEST,REST OF VIC.
21403,SA2,2011-06-30,3609,Final,1403,Robinvale,Murray River - Swan Hill,NORTH WEST,REST OF VIC.
21403,SA2,2012-06-30,3572,Revised,1403,Robinvale,Murray River - Swan Hill,NORTH WEST,REST OF VIC.
21403,SA2,2013-06-30,3553,Revised,1403,Robinvale,Murray River - Swan Hill,NORTH WEST,REST OF VIC.
21403,SA2,2014-06-30,3441,Revised,1403,Robinvale,Murray River - Swan Hill,NORTH WEST,REST OF VIC.
21403,SA2,2015-06-30,3411,Preliminary,1403,Robinvale,Murray River - Swan Hill,NORTH WEST,REST OF VIC.
21404,SA2,2005-06-30,10088,Final,1404,Swan Hill,Murray River - Swan Hill,NORTH WEST,REST OF VIC.
21404,SA2,2006-06-30,10090,Final,1404,Swan Hill,Murray River - Swan Hill,NORTH WEST,REST OF VIC.
21404,SA2,2007-06-30,10228,Final,1404,Swan Hill,Murray River - Swan Hill,NORTH WEST,REST OF VIC.
21404,SA2,2008-06-30,10333,Final,1404,Swan Hill,Murray River - Swan Hill,NORTH WEST,REST OF VIC.
21404,SA2,2009-06-30,10516,Final,1404,Swan Hill,Murray River - Swan Hill,NORTH WEST,REST OF VIC.
21404,SA2,2010-06-30,10536,Final,1404,Swan Hill,Murray River - Swan Hill,NORTH WEST,REST OF VIC.
21404,SA2,2011-06-30,10610,Final,1404,Swan Hill,Murray River - Swan Hill,NORTH WEST,REST OF VIC.
21404,SA2,2012-06-30,10767,Revised,1404,Swan Hill,Murray River - Swan Hill,NORTH WEST,REST OF VIC.
21404,SA2,2013-06-30,10782,Revised,1404,Swan Hill,Murray River - Swan Hill,NORTH WEST,REST OF VIC.
21404,SA2,2014-06-30,10746,Revised,1404,Swan Hill,Murray River - Swan Hill,NORTH WEST,REST OF VIC.
21404,SA2,2015-06-30,10809,Preliminary,1404,Swan Hill,Murray River - Swan Hill,NORTH WEST,REST OF VIC.
21405,SA2,2005-06-30,7086,Final,1405,Swan Hill Region,Murray River - Swan Hill,NORTH WEST,REST OF VIC.
21405,SA2,2006-06-30,7039,Final,1405,Swan Hill Region,Murray River - Swan Hill,NORTH WEST,REST OF VIC.
21405,SA2,2007-06-30,6976,Final,1405,Swan Hill Region,Murray River - Swan Hill,NORTH WEST,REST OF VIC.
21405,SA2,2008-06-30,6900,Final,1405,Swan Hill Region,Murray River - Swan Hill,NORTH WEST,REST OF VIC.
21405,SA2,2009-06-30,6853,Final,1405,Swan Hill Region,Murray River - Swan Hill,NORTH WEST,REST OF VIC.
21405,SA2,2010-06-30,6754,Final,1405,Swan Hill Region,Murray River - Swan Hill,NORTH WEST,REST OF VIC.
21405,SA2,2011-06-30,6649,Final,1405,Swan Hill Region,Murray River - Swan Hill,NORTH WEST,REST OF VIC.
21405,SA2,2012-06-30,6618,Revised,1405,Swan Hill Region,Murray River - Swan Hill,NORTH WEST,REST OF VIC.
21405,SA2,2013-06-30,6517,Revised,1405,Swan Hill Region,Murray River - Swan Hill,NORTH WEST,REST OF VIC.
21405,SA2,2014-06-30,6390,Revised,1405,Swan Hill Region,Murray River - Swan Hill,NORTH WEST,REST OF VIC.
21405,SA2,2015-06-30,6192,Preliminary,1405,Swan Hill Region,Murray River - Swan Hill,NORTH WEST,REST OF VIC.
21406,SA2,2005-06-30,13651,Final,1406,Echuca,Campaspe,SHEPPARTON,REST OF VIC.
21406,SA2,2006-06-30,13848,Final,1406,Echuca,Campaspe,SHEPPARTON,REST OF VIC.
21406,SA2,2007-06-30,13961,Final,1406,Echuca,Campaspe,SHEPPARTON,REST OF VIC.
21406,SA2,2008-06-30,14085,Final,1406,Echuca,Campaspe,SHEPPARTON,REST OF VIC.
21406,SA2,2009-06-30,14175,Final,1406,Echuca,Campaspe,SHEPPARTON,REST OF VIC.
21406,SA2,2010-06-30,14278,Final,1406,Echuca,Campaspe,SHEPPARTON,REST OF VIC.
21406,SA2,2011-06-30,14367,Final,1406,Echuca,Campaspe,SHEPPARTON,REST OF VIC.
21406,SA2,2012-06-30,14400,Revised,1406,Echuca,Campaspe,SHEPPARTON,REST OF VIC.
21406,SA2,2013-06-30,14507,Revised,1406,Echuca,Campaspe,SHEPPARTON,REST OF VIC.
21406,SA2,2014-06-30,14606,Revised,1406,Echuca,Campaspe,SHEPPARTON,REST OF VIC.
21406,SA2,2015-06-30,14672,Preliminary,1406,Echuca,Campaspe,SHEPPARTON,REST OF VIC.
21407,SA2,2005-06-30,10832,Final,1407,Kyabram,Campaspe,SHEPPARTON,REST OF VIC.
21407,SA2,2006-06-30,10819,Final,1407,Kyabram,Campaspe,SHEPPARTON,REST OF VIC.
21407,SA2,2007-06-30,10834,Final,1407,Kyabram,Campaspe,SHEPPARTON,REST OF VIC.
21407,SA2,2008-06-30,10816,Final,1407,Kyabram,Campaspe,SHEPPARTON,REST OF VIC.
21407,SA2,2009-06-30,10823,Final,1407,Kyabram,Campaspe,SHEPPARTON,REST OF VIC.
21407,SA2,2010-06-30,10855,Final,1407,Kyabram,Campaspe,SHEPPARTON,REST OF VIC.
21407,SA2,2011-06-30,10871,Final,1407,Kyabram,Campaspe,SHEPPARTON,REST OF VIC.
21407,SA2,2012-06-30,10886,Revised,1407,Kyabram,Campaspe,SHEPPARTON,REST OF VIC.
21407,SA2,2013-06-30,10925,Revised,1407,Kyabram,Campaspe,SHEPPARTON,REST OF VIC.
21407,SA2,2014-06-30,10911,Revised,1407,Kyabram,Campaspe,SHEPPARTON,REST OF VIC.
21407,SA2,2015-06-30,10806,Preliminary,1407,Kyabram,Campaspe,SHEPPARTON,REST OF VIC.
21408,SA2,2005-06-30,4240,Final,1408,Lockington - Gunbower,Campaspe,SHEPPARTON,REST OF VIC.
21408,SA2,2006-06-30,4221,Final,1408,Lockington - Gunbower,Campaspe,SHEPPARTON,REST OF VIC.
21408,SA2,2007-06-30,4139,Final,1408,Lockington - Gunbower,Campaspe,SHEPPARTON,REST OF VIC.
21408,SA2,2008-06-30,4100,Final,1408,Lockington - Gunbower,Campaspe,SHEPPARTON,REST OF VIC.
21408,SA2,2009-06-30,4056,Final,1408,Lockington - Gunbower,Campaspe,SHEPPARTON,REST OF VIC.
21408,SA2,2010-06-30,3935,Final,1408,Lockington - Gunbower,Campaspe,SHEPPARTON,REST OF VIC.
21408,SA2,2011-06-30,3814,Final,1408,Lockington - Gunbower,Campaspe,SHEPPARTON,REST OF VIC.
21408,SA2,2012-06-30,3802,Revised,1408,Lockington - Gunbower,Campaspe,SHEPPARTON,REST OF VIC.
21408,SA2,2013-06-30,3776,Revised,1408,Lockington - Gunbower,Campaspe,SHEPPARTON,REST OF VIC.
21408,SA2,2014-06-30,3742,Revised,1408,Lockington - Gunbower,Campaspe,SHEPPARTON,REST OF VIC.
21408,SA2,2015-06-30,3698,Preliminary,1408,Lockington - Gunbower,Campaspe,SHEPPARTON,REST OF VIC.
21409,SA2,2005-06-30,3675,Final,1409,Rochester,Campaspe,SHEPPARTON,REST OF VIC.
21409,SA2,2006-06-30,3685,Final,1409,Rochester,Campaspe,SHEPPARTON,REST OF VIC.
21409,SA2,2007-06-30,3747,Final,1409,Rochester,Campaspe,SHEPPARTON,REST OF VIC.
21409,SA2,2008-06-30,3800,Final,1409,Rochester,Campaspe,SHEPPARTON,REST OF VIC.
21409,SA2,2009-06-30,3839,Final,1409,Rochester,Campaspe,SHEPPARTON,REST OF VIC.
21409,SA2,2010-06-30,3872,Final,1409,Rochester,Campaspe,SHEPPARTON,REST OF VIC.
21409,SA2,2011-06-30,3876,Final,1409,Rochester,Campaspe,SHEPPARTON,REST OF VIC.
21409,SA2,2012-06-30,3930,Revised,1409,Rochester,Campaspe,SHEPPARTON,REST OF VIC.
21409,SA2,2013-06-30,3868,Revised,1409,Rochester,Campaspe,SHEPPARTON,REST OF VIC.
21409,SA2,2014-06-30,3871,Revised,1409,Rochester,Campaspe,SHEPPARTON,REST OF VIC.
21409,SA2,2015-06-30,3837,Preliminary,1409,Rochester,Campaspe,SHEPPARTON,REST OF VIC.
21410,SA2,2005-06-30,4334,Final,1410,Rushworth,Campaspe,SHEPPARTON,REST OF VIC.
21410,SA2,2006-06-30,4326,Final,1410,Rushworth,Campaspe,SHEPPARTON,REST OF VIC.
21410,SA2,2007-06-30,4284,Final,1410,Rushworth,Campaspe,SHEPPARTON,REST OF VIC.
21410,SA2,2008-06-30,4263,Final,1410,Rushworth,Campaspe,SHEPPARTON,REST OF VIC.
21410,SA2,2009-06-30,4240,Final,1410,Rushworth,Campaspe,SHEPPARTON,REST OF VIC.
21410,SA2,2010-06-30,4200,Final,1410,Rushworth,Campaspe,SHEPPARTON,REST OF VIC.
21410,SA2,2011-06-30,4129,Final,1410,Rushworth,Campaspe,SHEPPARTON,REST OF VIC.
21410,SA2,2012-06-30,4131,Revised,1410,Rushworth,Campaspe,SHEPPARTON,REST OF VIC.
21410,SA2,2013-06-30,3994,Revised,1410,Rushworth,Campaspe,SHEPPARTON,REST OF VIC.
21410,SA2,2014-06-30,3928,Revised,1410,Rushworth,Campaspe,SHEPPARTON,REST OF VIC.
21410,SA2,2015-06-30,3902,Preliminary,1410,Rushworth,Campaspe,SHEPPARTON,REST OF VIC.
21411,SA2,2005-06-30,5926,Final,1411,Cobram,Moira,SHEPPARTON,REST OF VIC.
21411,SA2,2006-06-30,6037,Final,1411,Cobram,Moira,SHEPPARTON,REST OF VIC.
21411,SA2,2007-06-30,6048,Final,1411,Cobram,Moira,SHEPPARTON,REST OF VIC.
21411,SA2,2008-06-30,6153,Final,1411,Cobram,Moira,SHEPPARTON,REST OF VIC.
21411,SA2,2009-06-30,6203,Final,1411,Cobram,Moira,SHEPPARTON,REST OF VIC.
21411,SA2,2010-06-30,6287,Final,1411,Cobram,Moira,SHEPPARTON,REST OF VIC.
21411,SA2,2011-06-30,6305,Final,1411,Cobram,Moira,SHEPPARTON,REST OF VIC.
21411,SA2,2012-06-30,6340,Revised,1411,Cobram,Moira,SHEPPARTON,REST OF VIC.
21411,SA2,2013-06-30,6332,Revised,1411,Cobram,Moira,SHEPPARTON,REST OF VIC.
21411,SA2,2014-06-30,6371,Revised,1411,Cobram,Moira,SHEPPARTON,REST OF VIC.
21411,SA2,2015-06-30,6315,Preliminary,1411,Cobram,Moira,SHEPPARTON,REST OF VIC.
21412,SA2,2005-06-30,2681,Final,1412,Moira,Moira,SHEPPARTON,REST OF VIC.
21412,SA2,2006-06-30,2724,Final,1412,Moira,Moira,SHEPPARTON,REST OF VIC.
21412,SA2,2007-06-30,2707,Final,1412,Moira,Moira,SHEPPARTON,REST OF VIC.
21412,SA2,2008-06-30,2683,Final,1412,Moira,Moira,SHEPPARTON,REST OF VIC.
21412,SA2,2009-06-30,2655,Final,1412,Moira,Moira,SHEPPARTON,REST OF VIC.
21412,SA2,2010-06-30,2627,Final,1412,Moira,Moira,SHEPPARTON,REST OF VIC.
21412,SA2,2011-06-30,2582,Final,1412,Moira,Moira,SHEPPARTON,REST OF VIC.
21412,SA2,2012-06-30,2534,Revised,1412,Moira,Moira,SHEPPARTON,REST OF VIC.
21412,SA2,2013-06-30,2525,Revised,1412,Moira,Moira,SHEPPARTON,REST OF VIC.
21412,SA2,2014-06-30,2522,Revised,1412,Moira,Moira,SHEPPARTON,REST OF VIC.
21412,SA2,2015-06-30,2507,Preliminary,1412,Moira,Moira,SHEPPARTON,REST OF VIC.
21413,SA2,2005-06-30,12391,Final,1413,Numurkah,Moira,SHEPPARTON,REST OF VIC.
21413,SA2,2006-06-30,12425,Final,1413,Numurkah,Moira,SHEPPARTON,REST OF VIC.
21413,SA2,2007-06-30,12457,Final,1413,Numurkah,Moira,SHEPPARTON,REST OF VIC.
21413,SA2,2008-06-30,12481,Final,1413,Numurkah,Moira,SHEPPARTON,REST OF VIC.
21413,SA2,2009-06-30,12451,Final,1413,Numurkah,Moira,SHEPPARTON,REST OF VIC.
21413,SA2,2010-06-30,12436,Final,1413,Numurkah,Moira,SHEPPARTON,REST OF VIC.
21413,SA2,2011-06-30,12386,Final,1413,Numurkah,Moira,SHEPPARTON,REST OF VIC.
21413,SA2,2012-06-30,12460,Revised,1413,Numurkah,Moira,SHEPPARTON,REST OF VIC.
21413,SA2,2013-06-30,12339,Revised,1413,Numurkah,Moira,SHEPPARTON,REST OF VIC.
21413,SA2,2014-06-30,12332,Revised,1413,Numurkah,Moira,SHEPPARTON,REST OF VIC.
21413,SA2,2015-06-30,12274,Preliminary,1413,Numurkah,Moira,SHEPPARTON,REST OF VIC.
21414,SA2,2005-06-30,5971,Final,1414,Yarrawonga,Moira,SHEPPARTON,REST OF VIC.
21414,SA2,2006-06-30,6291,Final,1414,Yarrawonga,Moira,SHEPPARTON,REST OF VIC.
21414,SA2,2007-06-30,6491,Final,1414,Yarrawonga,Moira,SHEPPARTON,REST OF VIC.
21414,SA2,2008-06-30,6651,Final,1414,Yarrawonga,Moira,SHEPPARTON,REST OF VIC.
21414,SA2,2009-06-30,6831,Final,1414,Yarrawonga,Moira,SHEPPARTON,REST OF VIC.
21414,SA2,2010-06-30,6981,Final,1414,Yarrawonga,Moira,SHEPPARTON,REST OF VIC.
21414,SA2,2011-06-30,7133,Final,1414,Yarrawonga,Moira,SHEPPARTON,REST OF VIC.
21414,SA2,2012-06-30,7313,Revised,1414,Yarrawonga,Moira,SHEPPARTON,REST OF VIC.
21414,SA2,2013-06-30,7449,Revised,1414,Yarrawonga,Moira,SHEPPARTON,REST OF VIC.
21414,SA2,2014-06-30,7600,Revised,1414,Yarrawonga,Moira,SHEPPARTON,REST OF VIC.
21414,SA2,2015-06-30,7724,Preliminary,1414,Yarrawonga,Moira,SHEPPARTON,REST OF VIC.
21415,SA2,2005-06-30,7771,Final,1415,Mooroopna,Shepparton,SHEPPARTON,REST OF VIC.
21415,SA2,2006-06-30,7808,Final,1415,Mooroopna,Shepparton,SHEPPARTON,REST OF VIC.
21415,SA2,2007-06-30,7841,Final,1415,Mooroopna,Shepparton,SHEPPARTON,REST OF VIC.
21415,SA2,2008-06-30,7939,Final,1415,Mooroopna,Shepparton,SHEPPARTON,REST OF VIC.
21415,SA2,2009-06-30,7983,Final,1415,Mooroopna,Shepparton,SHEPPARTON,REST OF VIC.
21415,SA2,2010-06-30,8001,Final,1415,Mooroopna,Shepparton,SHEPPARTON,REST OF VIC.
21415,SA2,2011-06-30,7939,Final,1415,Mooroopna,Shepparton,SHEPPARTON,REST OF VIC.
21415,SA2,2012-06-30,7917,Revised,1415,Mooroopna,Shepparton,SHEPPARTON,REST OF VIC.
21415,SA2,2013-06-30,7833,Revised,1415,Mooroopna,Shepparton,SHEPPARTON,REST OF VIC.
21415,SA2,2014-06-30,7788,Revised,1415,Mooroopna,Shepparton,SHEPPARTON,REST OF VIC.
21415,SA2,2015-06-30,7738,Preliminary,1415,Mooroopna,Shepparton,SHEPPARTON,REST OF VIC.
21416,SA2,2005-06-30,16474,Final,1416,Shepparton - North,Shepparton,SHEPPARTON,REST OF VIC.
21416,SA2,2006-06-30,16523,Final,1416,Shepparton - North,Shepparton,SHEPPARTON,REST OF VIC.
21416,SA2,2007-06-30,16592,Final,1416,Shepparton - North,Shepparton,SHEPPARTON,REST OF VIC.
21416,SA2,2008-06-30,16762,Final,1416,Shepparton - North,Shepparton,SHEPPARTON,REST OF VIC.
21416,SA2,2009-06-30,17033,Final,1416,Shepparton - North,Shepparton,SHEPPARTON,REST OF VIC.
21416,SA2,2010-06-30,17293,Final,1416,Shepparton - North,Shepparton,SHEPPARTON,REST OF VIC.
21416,SA2,2011-06-30,17620,Final,1416,Shepparton - North,Shepparton,SHEPPARTON,REST OF VIC.
21416,SA2,2012-06-30,17857,Revised,1416,Shepparton - North,Shepparton,SHEPPARTON,REST OF VIC.
21416,SA2,2013-06-30,18050,Revised,1416,Shepparton - North,Shepparton,SHEPPARTON,REST OF VIC.
21416,SA2,2014-06-30,18340,Revised,1416,Shepparton - North,Shepparton,SHEPPARTON,REST OF VIC.
21416,SA2,2015-06-30,18503,Preliminary,1416,Shepparton - North,Shepparton,SHEPPARTON,REST OF VIC.
21417,SA2,2005-06-30,19477,Final,1417,Shepparton - South,Shepparton,SHEPPARTON,REST OF VIC.
21417,SA2,2006-06-30,19765,Final,1417,Shepparton - South,Shepparton,SHEPPARTON,REST OF VIC.
21417,SA2,2007-06-30,20206,Final,1417,Shepparton - South,Shepparton,SHEPPARTON,REST OF VIC.
21417,SA2,2008-06-30,20603,Final,1417,Shepparton - South,Shepparton,SHEPPARTON,REST OF VIC.
21417,SA2,2009-06-30,21247,Final,1417,Shepparton - South,Shepparton,SHEPPARTON,REST OF VIC.
21417,SA2,2010-06-30,21774,Final,1417,Shepparton - South,Shepparton,SHEPPARTON,REST OF VIC.
21417,SA2,2011-06-30,22012,Final,1417,Shepparton - South,Shepparton,SHEPPARTON,REST OF VIC.
21417,SA2,2012-06-30,22417,Revised,1417,Shepparton - South,Shepparton,SHEPPARTON,REST OF VIC.
21417,SA2,2013-06-30,22704,Revised,1417,Shepparton - South,Shepparton,SHEPPARTON,REST OF VIC.
21417,SA2,2014-06-30,22934,Revised,1417,Shepparton - South,Shepparton,SHEPPARTON,REST OF VIC.
21417,SA2,2015-06-30,23130,Preliminary,1417,Shepparton - South,Shepparton,SHEPPARTON,REST OF VIC.
21418,SA2,2005-06-30,4054,Final,1418,Shepparton Region - East,Shepparton,SHEPPARTON,REST OF VIC.
21418,SA2,2006-06-30,4015,Final,1418,Shepparton Region - East,Shepparton,SHEPPARTON,REST OF VIC.
21418,SA2,2007-06-30,4009,Final,1418,Shepparton Region - East,Shepparton,SHEPPARTON,REST OF VIC.
21418,SA2,2008-06-30,4034,Final,1418,Shepparton Region - East,Shepparton,SHEPPARTON,REST OF VIC.
21418,SA2,2009-06-30,4031,Final,1418,Shepparton Region - East,Shepparton,SHEPPARTON,REST OF VIC.
21418,SA2,2010-06-30,4001,Final,1418,Shepparton Region - East,Shepparton,SHEPPARTON,REST OF VIC.
21418,SA2,2011-06-30,3973,Final,1418,Shepparton Region - East,Shepparton,SHEPPARTON,REST OF VIC.
21418,SA2,2012-06-30,3952,Revised,1418,Shepparton Region - East,Shepparton,SHEPPARTON,REST OF VIC.
21418,SA2,2013-06-30,3925,Revised,1418,Shepparton Region - East,Shepparton,SHEPPARTON,REST OF VIC.
21418,SA2,2014-06-30,3899,Revised,1418,Shepparton Region - East,Shepparton,SHEPPARTON,REST OF VIC.
21418,SA2,2015-06-30,3893,Preliminary,1418,Shepparton Region - East,Shepparton,SHEPPARTON,REST OF VIC.
21419,SA2,2005-06-30,9848,Final,1419,Shepparton Region - West,Shepparton,SHEPPARTON,REST OF VIC.
21419,SA2,2006-06-30,9847,Final,1419,Shepparton Region - West,Shepparton,SHEPPARTON,REST OF VIC.
21419,SA2,2007-06-30,9887,Final,1419,Shepparton Region - West,Shepparton,SHEPPARTON,REST OF VIC.
21419,SA2,2008-06-30,9970,Final,1419,Shepparton Region - West,Shepparton,SHEPPARTON,REST OF VIC.
21419,SA2,2009-06-30,9995,Final,1419,Shepparton Region - West,Shepparton,SHEPPARTON,REST OF VIC.
21419,SA2,2010-06-30,9993,Final,1419,Shepparton Region - West,Shepparton,SHEPPARTON,REST OF VIC.
21419,SA2,2011-06-30,9995,Final,1419,Shepparton Region - West,Shepparton,SHEPPARTON,REST OF VIC.
21419,SA2,2012-06-30,10020,Revised,1419,Shepparton Region - West,Shepparton,SHEPPARTON,REST OF VIC.
21419,SA2,2013-06-30,9993,Revised,1419,Shepparton Region - West,Shepparton,SHEPPARTON,REST OF VIC.
21419,SA2,2014-06-30,9969,Revised,1419,Shepparton Region - West,Shepparton,SHEPPARTON,REST OF VIC.
21419,SA2,2015-06-30,9905,Preliminary,1419,Shepparton Region - West,Shepparton,SHEPPARTON,REST OF VIC.
21420,SA2,2005-06-30,9254,Final,1420,Glenelg (Vic.),Glenelg - Southern Grampians,WARRNAMBOOL AND SOUTH WEST,REST OF VIC.
21420,SA2,2006-06-30,9246,Final,1420,Glenelg (Vic.),Glenelg - Southern Grampians,WARRNAMBOOL AND SOUTH WEST,REST OF VIC.
21420,SA2,2007-06-30,9201,Final,1420,Glenelg (Vic.),Glenelg - Southern Grampians,WARRNAMBOOL AND SOUTH WEST,REST OF VIC.
21420,SA2,2008-06-30,9205,Final,1420,Glenelg (Vic.),Glenelg - Southern Grampians,WARRNAMBOOL AND SOUTH WEST,REST OF VIC.
21420,SA2,2009-06-30,9171,Final,1420,Glenelg (Vic.),Glenelg - Southern Grampians,WARRNAMBOOL AND SOUTH WEST,REST OF VIC.
21420,SA2,2010-06-30,9068,Final,1420,Glenelg (Vic.),Glenelg - Southern Grampians,WARRNAMBOOL AND SOUTH WEST,REST OF VIC.
21420,SA2,2011-06-30,8922,Final,1420,Glenelg (Vic.),Glenelg - Southern Grampians,WARRNAMBOOL AND SOUTH WEST,REST OF VIC.
21420,SA2,2012-06-30,8807,Revised,1420,Glenelg (Vic.),Glenelg - Southern Grampians,WARRNAMBOOL AND SOUTH WEST,REST OF VIC.
21420,SA2,2013-06-30,8624,Revised,1420,Glenelg (Vic.),Glenelg - Southern Grampians,WARRNAMBOOL AND SOUTH WEST,REST OF VIC.
21420,SA2,2014-06-30,8518,Revised,1420,Glenelg (Vic.),Glenelg - Southern Grampians,WARRNAMBOOL AND SOUTH WEST,REST OF VIC.
21420,SA2,2015-06-30,8382,Preliminary,1420,Glenelg (Vic.),Glenelg - Southern Grampians,WARRNAMBOOL AND SOUTH WEST,REST OF VIC.
21421,SA2,2005-06-30,10375,Final,1421,Hamilton (Vic.),Glenelg - Southern Grampians,WARRNAMBOOL AND SOUTH WEST,REST OF VIC.
21421,SA2,2006-06-30,10334,Final,1421,Hamilton (Vic.),Glenelg - Southern Grampians,WARRNAMBOOL AND SOUTH WEST,REST OF VIC.
21421,SA2,2007-06-30,10386,Final,1421,Hamilton (Vic.),Glenelg - Southern Grampians,WARRNAMBOOL AND SOUTH WEST,REST OF VIC.
21421,SA2,2008-06-30,10388,Final,1421,Hamilton (Vic.),Glenelg - Southern Grampians,WARRNAMBOOL AND SOUTH WEST,REST OF VIC.
21421,SA2,2009-06-30,10378,Final,1421,Hamilton (Vic.),Glenelg - Southern Grampians,WARRNAMBOOL AND SOUTH WEST,REST OF VIC.
21421,SA2,2010-06-30,10344,Final,1421,Hamilton (Vic.),Glenelg - Southern Grampians,WARRNAMBOOL AND SOUTH WEST,REST OF VIC.
21421,SA2,2011-06-30,10225,Final,1421,Hamilton (Vic.),Glenelg - Southern Grampians,WARRNAMBOOL AND SOUTH WEST,REST OF VIC.
21421,SA2,2012-06-30,10115,Revised,1421,Hamilton (Vic.),Glenelg - Southern Grampians,WARRNAMBOOL AND SOUTH WEST,REST OF VIC.
21421,SA2,2013-06-30,9989,Revised,1421,Hamilton (Vic.),Glenelg - Southern Grampians,WARRNAMBOOL AND SOUTH WEST,REST OF VIC.
21421,SA2,2014-06-30,9879,Revised,1421,Hamilton (Vic.),Glenelg - Southern Grampians,WARRNAMBOOL AND SOUTH WEST,REST OF VIC.
21421,SA2,2015-06-30,9821,Preliminary,1421,Hamilton (Vic.),Glenelg - Southern Grampians,WARRNAMBOOL AND SOUTH WEST,REST OF VIC.
21422,SA2,2005-06-30,10768,Final,1422,Portland,Glenelg - Southern Grampians,WARRNAMBOOL AND SOUTH WEST,REST OF VIC.
21422,SA2,2006-06-30,10804,Final,1422,Portland,Glenelg - Southern Grampians,WARRNAMBOOL AND SOUTH WEST,REST OF VIC.
21422,SA2,2007-06-30,10800,Final,1422,Portland,Glenelg - Southern Grampians,WARRNAMBOOL AND SOUTH WEST,REST OF VIC.
21422,SA2,2008-06-30,10812,Final,1422,Portland,Glenelg - Southern Grampians,WARRNAMBOOL AND SOUTH WEST,REST OF VIC.
21422,SA2,2009-06-30,10812,Final,1422,Portland,Glenelg - Southern Grampians,WARRNAMBOOL AND SOUTH WEST,REST OF VIC.
21422,SA2,2010-06-30,10856,Final,1422,Portland,Glenelg - Southern Grampians,WARRNAMBOOL AND SOUTH WEST,REST OF VIC.
21422,SA2,2011-06-30,10894,Final,1422,Portland,Glenelg - Southern Grampians,WARRNAMBOOL AND SOUTH WEST,REST OF VIC.
21422,SA2,2012-06-30,10923,Revised,1422,Portland,Glenelg - Southern Grampians,WARRNAMBOOL AND SOUTH WEST,REST OF VIC.
21422,SA2,2013-06-30,10839,Revised,1422,Portland,Glenelg - Southern Grampians,WARRNAMBOOL AND SOUTH WEST,REST OF VIC.
21422,SA2,2014-06-30,10803,Revised,1422,Portland,Glenelg - Southern Grampians,WARRNAMBOOL AND SOUTH WEST,REST OF VIC.
21422,SA2,2015-06-30,10744,Preliminary,1422,Portland,Glenelg - Southern Grampians,WARRNAMBOOL AND SOUTH WEST,REST OF VIC.
21423,SA2,2005-06-30,6634,Final,1423,Southern Grampians,Glenelg - Southern Grampians,WARRNAMBOOL AND SOUTH WEST,REST OF VIC.
21423,SA2,2006-06-30,6635,Final,1423,Southern Grampians,Glenelg - Southern Grampians,WARRNAMBOOL AND SOUTH WEST,REST OF VIC.
21423,SA2,2007-06-30,6638,Final,1423,Southern Grampians,Glenelg - Southern Grampians,WARRNAMBOOL AND SOUTH WEST,REST OF VIC.
21423,SA2,2008-06-30,6626,Final,1423,Southern Grampians,Glenelg - Southern Grampians,WARRNAMBOOL AND SOUTH WEST,REST OF VIC.
21423,SA2,2009-06-30,6604,Final,1423,Southern Grampians,Glenelg - Southern Grampians,WARRNAMBOOL AND SOUTH WEST,REST OF VIC.
21423,SA2,2010-06-30,6495,Final,1423,Southern Grampians,Glenelg - Southern Grampians,WARRNAMBOOL AND SOUTH WEST,REST OF VIC.
21423,SA2,2011-06-30,6437,Final,1423,Southern Grampians,Glenelg - Southern Grampians,WARRNAMBOOL AND SOUTH WEST,REST OF VIC.
21423,SA2,2012-06-30,6345,Revised,1423,Southern Grampians,Glenelg - Southern Grampians,WARRNAMBOOL AND SOUTH WEST,REST OF VIC.
21423,SA2,2013-06-30,6235,Revised,1423,Southern Grampians,Glenelg - Southern Grampians,WARRNAMBOOL AND SOUTH WEST,REST OF VIC.
21423,SA2,2014-06-30,6119,Revised,1423,Southern Grampians,Glenelg - Southern Grampians,WARRNAMBOOL AND SOUTH WEST,REST OF VIC.
21423,SA2,2015-06-30,6019,Preliminary,1423,Southern Grampians,Glenelg - Southern Grampians,WARRNAMBOOL AND SOUTH WEST,REST OF VIC.
21424,SA2,2005-06-30,3583,Final,1424,Camperdown,Warrnambool - Otway Ranges,WARRNAMBOOL AND SOUTH WEST,REST OF VIC.
21424,SA2,2006-06-30,3566,Final,1424,Camperdown,Warrnambool - Otway Ranges,WARRNAMBOOL AND SOUTH WEST,REST OF VIC.
21424,SA2,2007-06-30,3531,Final,1424,Camperdown,Warrnambool - Otway Ranges,WARRNAMBOOL AND SOUTH WEST,REST OF VIC.
21424,SA2,2008-06-30,3515,Final,1424,Camperdown,Warrnambool - Otway Ranges,WARRNAMBOOL AND SOUTH WEST,REST OF VIC.
21424,SA2,2009-06-30,3529,Final,1424,Camperdown,Warrnambool - Otway Ranges,WARRNAMBOOL AND SOUTH WEST,REST OF VIC.
21424,SA2,2010-06-30,3506,Final,1424,Camperdown,Warrnambool - Otway Ranges,WARRNAMBOOL AND SOUTH WEST,REST OF VIC.
21424,SA2,2011-06-30,3477,Final,1424,Camperdown,Warrnambool - Otway Ranges,WARRNAMBOOL AND SOUTH WEST,REST OF VIC.
21424,SA2,2012-06-30,3469,Revised,1424,Camperdown,Warrnambool - Otway Ranges,WARRNAMBOOL AND SOUTH WEST,REST OF VIC.
21424,SA2,2013-06-30,3446,Revised,1424,Camperdown,Warrnambool - Otway Ranges,WARRNAMBOOL AND SOUTH WEST,REST OF VIC.
21424,SA2,2014-06-30,3422,Revised,1424,Camperdown,Warrnambool - Otway Ranges,WARRNAMBOOL AND SOUTH WEST,REST OF VIC.
21424,SA2,2015-06-30,3358,Preliminary,1424,Camperdown,Warrnambool - Otway Ranges,WARRNAMBOOL AND SOUTH WEST,REST OF VIC.
21425,SA2,2005-06-30,11543,Final,1425,Colac,Warrnambool - Otway Ranges,WARRNAMBOOL AND SOUTH WEST,REST OF VIC.
21425,SA2,2006-06-30,11519,Final,1425,Colac,Warrnambool - Otway Ranges,WARRNAMBOOL AND SOUTH WEST,REST OF VIC.
21425,SA2,2007-06-30,11583,Final,1425,Colac,Warrnambool - Otway Ranges,WARRNAMBOOL AND SOUTH WEST,REST OF VIC.
21425,SA2,2008-06-30,11655,Final,1425,Colac,Warrnambool - Otway Ranges,WARRNAMBOOL AND SOUTH WEST,REST OF VIC.
21425,SA2,2009-06-30,11759,Final,1425,Colac,Warrnambool - Otway Ranges,WARRNAMBOOL AND SOUTH WEST,REST OF VIC.
21425,SA2,2010-06-30,11888,Final,1425,Colac,Warrnambool - Otway Ranges,WARRNAMBOOL AND SOUTH WEST,REST OF VIC.
21425,SA2,2011-06-30,11981,Final,1425,Colac,Warrnambool - Otway Ranges,WARRNAMBOOL AND SOUTH WEST,REST OF VIC.
21425,SA2,2012-06-30,12013,Revised,1425,Colac,Warrnambool - Otway Ranges,WARRNAMBOOL AND SOUTH WEST,REST OF VIC.
21425,SA2,2013-06-30,12015,Revised,1425,Colac,Warrnambool - Otway Ranges,WARRNAMBOOL AND SOUTH WEST,REST OF VIC.
21425,SA2,2014-06-30,11935,Revised,1425,Colac,Warrnambool - Otway Ranges,WARRNAMBOOL AND SOUTH WEST,REST OF VIC.
21425,SA2,2015-06-30,11817,Preliminary,1425,Colac,Warrnambool - Otway Ranges,WARRNAMBOOL AND SOUTH WEST,REST OF VIC.
21426,SA2,2005-06-30,5708,Final,1426,Colac Region,Warrnambool - Otway Ranges,WARRNAMBOOL AND SOUTH WEST,REST OF VIC.
21426,SA2,2006-06-30,5663,Final,1426,Colac Region,Warrnambool - Otway Ranges,WARRNAMBOOL AND SOUTH WEST,REST OF VIC.
21426,SA2,2007-06-30,5632,Final,1426,Colac Region,Warrnambool - Otway Ranges,WARRNAMBOOL AND SOUTH WEST,REST OF VIC.
21426,SA2,2008-06-30,5641,Final,1426,Colac Region,Warrnambool - Otway Ranges,WARRNAMBOOL AND SOUTH WEST,REST OF VIC.
21426,SA2,2009-06-30,5605,Final,1426,Colac Region,Warrnambool - Otway Ranges,WARRNAMBOOL AND SOUTH WEST,REST OF VIC.
21426,SA2,2010-06-30,5520,Final,1426,Colac Region,Warrnambool - Otway Ranges,WARRNAMBOOL AND SOUTH WEST,REST OF VIC.
21426,SA2,2011-06-30,5419,Final,1426,Colac Region,Warrnambool - Otway Ranges,WARRNAMBOOL AND SOUTH WEST,REST OF VIC.
21426,SA2,2012-06-30,5359,Revised,1426,Colac Region,Warrnambool - Otway Ranges,WARRNAMBOOL AND SOUTH WEST,REST OF VIC.
21426,SA2,2013-06-30,5314,Revised,1426,Colac Region,Warrnambool - Otway Ranges,WARRNAMBOOL AND SOUTH WEST,REST OF VIC.
21426,SA2,2014-06-30,5301,Revised,1426,Colac Region,Warrnambool - Otway Ranges,WARRNAMBOOL AND SOUTH WEST,REST OF VIC.
21426,SA2,2015-06-30,5272,Preliminary,1426,Colac Region,Warrnambool - Otway Ranges,WARRNAMBOOL AND SOUTH WEST,REST OF VIC.
21427,SA2,2005-06-30,5596,Final,1427,Corangamite - North,Warrnambool - Otway Ranges,WARRNAMBOOL AND SOUTH WEST,REST OF VIC.
21427,SA2,2006-06-30,5576,Final,1427,Corangamite - North,Warrnambool - Otway Ranges,WARRNAMBOOL AND SOUTH WEST,REST OF VIC.
21427,SA2,2007-06-30,5552,Final,1427,Corangamite - North,Warrnambool - Otway Ranges,WARRNAMBOOL AND SOUTH WEST,REST OF VIC.
21427,SA2,2008-06-30,5523,Final,1427,Corangamite - North,Warrnambool - Otway Ranges,WARRNAMBOOL AND SOUTH WEST,REST OF VIC.
21427,SA2,2009-06-30,5530,Final,1427,Corangamite - North,Warrnambool - Otway Ranges,WARRNAMBOOL AND SOUTH WEST,REST OF VIC.
21427,SA2,2010-06-30,5496,Final,1427,Corangamite - North,Warrnambool - Otway Ranges,WARRNAMBOOL AND SOUTH WEST,REST OF VIC.
21427,SA2,2011-06-30,5467,Final,1427,Corangamite - North,Warrnambool - Otway Ranges,WARRNAMBOOL AND SOUTH WEST,REST OF VIC.
21427,SA2,2012-06-30,5388,Revised,1427,Corangamite - North,Warrnambool - Otway Ranges,WARRNAMBOOL AND SOUTH WEST,REST OF VIC.
21427,SA2,2013-06-30,5287,Revised,1427,Corangamite - North,Warrnambool - Otway Ranges,WARRNAMBOOL AND SOUTH WEST,REST OF VIC.
21427,SA2,2014-06-30,5248,Revised,1427,Corangamite - North,Warrnambool - Otway Ranges,WARRNAMBOOL AND SOUTH WEST,REST OF VIC.
21427,SA2,2015-06-30,5159,Preliminary,1427,Corangamite - North,Warrnambool - Otway Ranges,WARRNAMBOOL AND SOUTH WEST,REST OF VIC.
21428,SA2,2005-06-30,7700,Final,1428,Corangamite - South,Warrnambool - Otway Ranges,WARRNAMBOOL AND SOUTH WEST,REST OF VIC.
21428,SA2,2006-06-30,7683,Final,1428,Corangamite - South,Warrnambool - Otway Ranges,WARRNAMBOOL AND SOUTH WEST,REST OF VIC.
21428,SA2,2007-06-30,7627,Final,1428,Corangamite - South,Warrnambool - Otway Ranges,WARRNAMBOOL AND SOUTH WEST,REST OF VIC.
21428,SA2,2008-06-30,7567,Final,1428,Corangamite - South,Warrnambool - Otway Ranges,WARRNAMBOOL AND SOUTH WEST,REST OF VIC.
21428,SA2,2009-06-30,7513,Final,1428,Corangamite - South,Warrnambool - Otway Ranges,WARRNAMBOOL AND SOUTH WEST,REST OF VIC.
21428,SA2,2010-06-30,7509,Final,1428,Corangamite - South,Warrnambool - Otway Ranges,WARRNAMBOOL AND SOUTH WEST,REST OF VIC.
21428,SA2,2011-06-30,7534,Final,1428,Corangamite - South,Warrnambool - Otway Ranges,WARRNAMBOOL AND SOUTH WEST,REST OF VIC.
21428,SA2,2012-06-30,7455,Revised,1428,Corangamite - South,Warrnambool - Otway Ranges,WARRNAMBOOL AND SOUTH WEST,REST OF VIC.
21428,SA2,2013-06-30,7329,Revised,1428,Corangamite - South,Warrnambool - Otway Ranges,WARRNAMBOOL AND SOUTH WEST,REST OF VIC.
21428,SA2,2014-06-30,7212,Revised,1428,Corangamite - South,Warrnambool - Otway Ranges,WARRNAMBOOL AND SOUTH WEST,REST OF VIC.
21428,SA2,2015-06-30,7120,Preliminary,1428,Corangamite - South,Warrnambool - Otway Ranges,WARRNAMBOOL AND SOUTH WEST,REST OF VIC.
21429,SA2,2005-06-30,6638,Final,1429,Moyne - East,Warrnambool - Otway Ranges,WARRNAMBOOL AND SOUTH WEST,REST OF VIC.
21429,SA2,2006-06-30,6652,Final,1429,Moyne - East,Warrnambool - Otway Ranges,WARRNAMBOOL AND SOUTH WEST,REST OF VIC.
21429,SA2,2007-06-30,6606,Final,1429,Moyne - East,Warrnambool - Otway Ranges,WARRNAMBOOL AND SOUTH WEST,REST OF VIC.
21429,SA2,2008-06-30,6631,Final,1429,Moyne - East,Warrnambool - Otway Ranges,WARRNAMBOOL AND SOUTH WEST,REST OF VIC.
21429,SA2,2009-06-30,6703,Final,1429,Moyne - East,Warrnambool - Otway Ranges,WARRNAMBOOL AND SOUTH WEST,REST OF VIC.
21429,SA2,2010-06-30,6739,Final,1429,Moyne - East,Warrnambool - Otway Ranges,WARRNAMBOOL AND SOUTH WEST,REST OF VIC.
21429,SA2,2011-06-30,6779,Final,1429,Moyne - East,Warrnambool - Otway Ranges,WARRNAMBOOL AND SOUTH WEST,REST OF VIC.
21429,SA2,2012-06-30,6775,Revised,1429,Moyne - East,Warrnambool - Otway Ranges,WARRNAMBOOL AND SOUTH WEST,REST OF VIC.
21429,SA2,2013-06-30,6697,Revised,1429,Moyne - East,Warrnambool - Otway Ranges,WARRNAMBOOL AND SOUTH WEST,REST OF VIC.
21429,SA2,2014-06-30,6682,Revised,1429,Moyne - East,Warrnambool - Otway Ranges,WARRNAMBOOL AND SOUTH WEST,REST OF VIC.
21429,SA2,2015-06-30,6529,Preliminary,1429,Moyne - East,Warrnambool - Otway Ranges,WARRNAMBOOL AND SOUTH WEST,REST OF VIC.
21430,SA2,2005-06-30,8517,Final,1430,Moyne - West,Warrnambool - Otway Ranges,WARRNAMBOOL AND SOUTH WEST,REST OF VIC.
21430,SA2,2006-06-30,8601,Final,1430,Moyne - West,Warrnambool - Otway Ranges,WARRNAMBOOL AND SOUTH WEST,REST OF VIC.
21430,SA2,2007-06-30,8694,Final,1430,Moyne - West,Warrnambool - Otway Ranges,WARRNAMBOOL AND SOUTH WEST,REST OF VIC.
21430,SA2,2008-06-30,8792,Final,1430,Moyne - West,Warrnambool - Otway Ranges,WARRNAMBOOL AND SOUTH WEST,REST OF VIC.
21430,SA2,2009-06-30,8878,Final,1430,Moyne - West,Warrnambool - Otway Ranges,WARRNAMBOOL AND SOUTH WEST,REST OF VIC.
21430,SA2,2010-06-30,8965,Final,1430,Moyne - West,Warrnambool - Otway Ranges,WARRNAMBOOL AND SOUTH WEST,REST OF VIC.
21430,SA2,2011-06-30,9024,Final,1430,Moyne - West,Warrnambool - Otway Ranges,WARRNAMBOOL AND SOUTH WEST,REST OF VIC.
21430,SA2,2012-06-30,9138,Revised,1430,Moyne - West,Warrnambool - Otway Ranges,WARRNAMBOOL AND SOUTH WEST,REST OF VIC.
21430,SA2,2013-06-30,9238,Revised,1430,Moyne - West,Warrnambool - Otway Ranges,WARRNAMBOOL AND SOUTH WEST,REST OF VIC.
21430,SA2,2014-06-30,9296,Revised,1430,Moyne - West,Warrnambool - Otway Ranges,WARRNAMBOOL AND SOUTH WEST,REST OF VIC.
21430,SA2,2015-06-30,9342,Preliminary,1430,Moyne - West,Warrnambool - Otway Ranges,WARRNAMBOOL AND SOUTH WEST,REST OF VIC.
21431,SA2,2005-06-30,3492,Final,1431,Otway,Warrnambool - Otway Ranges,WARRNAMBOOL AND SOUTH WEST,REST OF VIC.
21431,SA2,2006-06-30,3459,Final,1431,Otway,Warrnambool - Otway Ranges,WARRNAMBOOL AND SOUTH WEST,REST OF VIC.
21431,SA2,2007-06-30,3489,Final,1431,Otway,Warrnambool - Otway Ranges,WARRNAMBOOL AND SOUTH WEST,REST OF VIC.
21431,SA2,2008-06-30,3501,Final,1431,Otway,Warrnambool - Otway Ranges,WARRNAMBOOL AND SOUTH WEST,REST OF VIC.
21431,SA2,2009-06-30,3490,Final,1431,Otway,Warrnambool - Otway Ranges,WARRNAMBOOL AND SOUTH WEST,REST OF VIC.
21431,SA2,2010-06-30,3460,Final,1431,Otway,Warrnambool - Otway Ranges,WARRNAMBOOL AND SOUTH WEST,REST OF VIC.
21431,SA2,2011-06-30,3420,Final,1431,Otway,Warrnambool - Otway Ranges,WARRNAMBOOL AND SOUTH WEST,REST OF VIC.
21431,SA2,2012-06-30,3403,Revised,1431,Otway,Warrnambool - Otway Ranges,WARRNAMBOOL AND SOUTH WEST,REST OF VIC.
21431,SA2,2013-06-30,3349,Revised,1431,Otway,Warrnambool - Otway Ranges,WARRNAMBOOL AND SOUTH WEST,REST OF VIC.
21431,SA2,2014-06-30,3279,Revised,1431,Otway,Warrnambool - Otway Ranges,WARRNAMBOOL AND SOUTH WEST,REST OF VIC.
21431,SA2,2015-06-30,3176,Preliminary,1431,Otway,Warrnambool - Otway Ranges,WARRNAMBOOL AND SOUTH WEST,REST OF VIC.
21432,SA2,2005-06-30,18172,Final,1432,Warrnambool - North,Warrnambool - Otway Ranges,WARRNAMBOOL AND SOUTH WEST,REST OF VIC.
21432,SA2,2006-06-30,18528,Final,1432,Warrnambool - North,Warrnambool - Otway Ranges,WARRNAMBOOL AND SOUTH WEST,REST OF VIC.
21432,SA2,2007-06-30,18877,Final,1432,Warrnambool - North,Warrnambool - Otway Ranges,WARRNAMBOOL AND SOUTH WEST,REST OF VIC.
21432,SA2,2008-06-30,19107,Final,1432,Warrnambool - North,Warrnambool - Otway Ranges,WARRNAMBOOL AND SOUTH WEST,REST OF VIC.
21432,SA2,2009-06-30,19369,Final,1432,Warrnambool - North,Warrnambool - Otway Ranges,WARRNAMBOOL AND SOUTH WEST,REST OF VIC.
21432,SA2,2010-06-30,19634,Final,1432,Warrnambool - North,Warrnambool - Otway Ranges,WARRNAMBOOL AND SOUTH WEST,REST OF VIC.
21432,SA2,2011-06-30,19879,Final,1432,Warrnambool - North,Warrnambool - Otway Ranges,WARRNAMBOOL AND SOUTH WEST,REST OF VIC.
21432,SA2,2012-06-30,20165,Revised,1432,Warrnambool - North,Warrnambool - Otway Ranges,WARRNAMBOOL AND SOUTH WEST,REST OF VIC.
21432,SA2,2013-06-30,20477,Revised,1432,Warrnambool - North,Warrnambool - Otway Ranges,WARRNAMBOOL AND SOUTH WEST,REST OF VIC.
21432,SA2,2014-06-30,20717,Revised,1432,Warrnambool - North,Warrnambool - Otway Ranges,WARRNAMBOOL AND SOUTH WEST,REST OF VIC.
21432,SA2,2015-06-30,20847,Preliminary,1432,Warrnambool - North,Warrnambool - Otway Ranges,WARRNAMBOOL AND SOUTH WEST,REST OF VIC.
21433,SA2,2005-06-30,12748,Final,1433,Warrnambool - South,Warrnambool - Otway Ranges,WARRNAMBOOL AND SOUTH WEST,REST OF VIC.
21433,SA2,2006-06-30,12792,Final,1433,Warrnambool - South,Warrnambool - Otway Ranges,WARRNAMBOOL AND SOUTH WEST,REST OF VIC.
21433,SA2,2007-06-30,12839,Final,1433,Warrnambool - South,Warrnambool - Otway Ranges,WARRNAMBOOL AND SOUTH WEST,REST OF VIC.
21433,SA2,2008-06-30,12903,Final,1433,Warrnambool - South,Warrnambool - Otway Ranges,WARRNAMBOOL AND SOUTH WEST,REST OF VIC.
21433,SA2,2009-06-30,12965,Final,1433,Warrnambool - South,Warrnambool - Otway Ranges,WARRNAMBOOL AND SOUTH WEST,REST OF VIC.
21433,SA2,2010-06-30,13057,Final,1433,Warrnambool - South,Warrnambool - Otway Ranges,WARRNAMBOOL AND SOUTH WEST,REST OF VIC.
21433,SA2,2011-06-30,13141,Final,1433,Warrnambool - South,Warrnambool - Otway Ranges,WARRNAMBOOL AND SOUTH WEST,REST OF VIC.
21433,SA2,2012-06-30,13167,Revised,1433,Warrnambool - South,Warrnambool - Otway Ranges,WARRNAMBOOL AND SOUTH WEST,REST OF VIC.
21433,SA2,2013-06-30,13115,Revised,1433,Warrnambool - South,Warrnambool - Otway Ranges,WARRNAMBOOL AND SOUTH WEST,REST OF VIC.
21433,SA2,2014-06-30,13129,Revised,1433,Warrnambool - South,Warrnambool - Otway Ranges,WARRNAMBOOL AND SOUTH WEST,REST OF VIC.
21433,SA2,2015-06-30,13132,Preliminary,1433,Warrnambool - South,Warrnambool - Otway Ranges,WARRNAMBOOL AND SOUTH WEST,REST OF VIC.
