objectid,sub_catchment_nbr,sub_catchment_name,major_catchment_nbr,major_catchment_name,primary_catchment_name,river_basin_catchment_name,awr_division,awr_river_basin,area_sq_km,date_captured,record_last_updated_year,display_name_draft,receiving_drain_classification_draft
1,4470,MERRI CREEK (UPPER),4420,MERRI CREEK,YARRA RIVER,Yarra,DIV 2 - SOUTHEAST COAST,29 YARRA RIVER,19.51,2003-08-11T00:00:00Z,2013,Merri Creek (Upper),Waterway section
2,7617,TRIB OF REILLY CREEK,7600,LITTLE RIVER (UPPER),LITTLE RIVER,Werribee,DIV 2 - SOUTHEAST COAST,32 MOORABOOL RIVER,2.42,2006-02-20T00:00:00Z,2013,Tributary Of Reilly Creek,Waterway section
3,7618,TRIB OF REILLY CREEK,7600,LITTLE RIVER (UPPER),LITTLE RIVER,Werribee,DIV 2 - SOUTHEAST COAST,32 MOORABOOL RIVER,7.67,2006-02-20T00:00:00Z,2013,Tributary Of Reilly Creek,Waterway section
4,8729,TRIB OF KORJAMNUNNIP CREEK,8700,PYKES CREEK,WERRIBEE RIVER,Werribee,DIV 2 - SOUTHEAST COAST,31 WERRIBEE RIVER,1.27,2006-03-20T00:00:00Z,2013,Tributary Of Korjamnunnip Creek,Waterway section
5,5689,DONNELLYS CREEK,5670,WATTS RIVER,YARRA RIVER,Yarra,DIV 2 - SOUTHEAST COAST,29 YARRA RIVER,7.46,2003-10-29T00:00:00Z,2013,Donnellys Creek,Waterway section
6,0509,DANDENONG SOUTH D.S.,0500,EUMEMMERRRING CREEK,PATTERSON RIVER,Dandenong,DIV 2 - SOUTHEAST COAST,28 BUNYIP RIVER,3.45,2002-10-17T00:00:00Z,2013,Dandenong South Downstream.,Waterway section
7,0510,GREENS LANE D.S.,0500,EUMEMMERRRING CREEK,PATTERSON RIVER,Dandenong,DIV 2 - SOUTHEAST COAST,28 BUNYIP RIVER,3.56,2002-10-17T00:00:00Z,2013,Greens Lane Downstream.,Waterway section
8,0511,GREENS LANE EAST,0500,EUMEMMERRING CREEK,PATTERSON RIVER,Dandenong,DIV 2 - SOUTHEAST COAST,28 BUNYIP RIVER,0.79,2002-10-17T00:00:00Z,2013,Greens Lane East,Waterway section
9,1008,DUERDIN STREET,1000,MILE CREEK,PATTERSON RIVER,Dandenong,DIV 2 - SOUTHEAST COAST,28 BUNYIP RIVER,2.63,2002-11-26T00:00:00Z,2013,Duerdin Street,Waterway section
10,1010,MILE CREEK (D/S CORRIGAN RD),1000,MILE CREEK,PATTERSON RIVER,Dandenong,DIV 2 - SOUTHEAST COAST,28 BUNYIP RIVER,7.82,2002-10-09T00:00:00Z,2013,Mile Creek (Downstream Corrigan Rd),Waterway section
11,1011,MILE CREEK (U/S CORRIGAN RD),1000,MILE CREEK,PATTERSON RIVER,Dandenong,DIV 2 - SOUTHEAST COAST,28 BUNYIP RIVER,5.35,2002-10-09T00:00:00Z,2013,Mile Creek (Upstream Corrigan Rd),Waterway section
12,1012,CLAYTON NORTH,1000,MILE CREEK,PATTERSON RIVER,Dandenong,DIV 2 - SOUTHEAST COAST,28 BUNYIP RIVER,1.22,2002-11-26T00:00:00Z,2013,Clayton North,Waterway section
13,1309,STONEY CREEK,1300,CARDINIA CREEK,CARDINIA CREEK,Western Port,DIV 2 - SOUTHEAST COAST,28 BUNYIP RIVER,13.03,2002-10-30T00:00:00Z,2013,Stoney Creek,Waterway section
14,1310,CARDINIA CREEK (LOWER),1300,CARDINIA CREEK,CARDINIA CREEK,Western Port,DIV 2 - SOUTHEAST COAST,28 BUNYIP RIVER,24.74,2002-11-06T00:00:00Z,2013,Cardinia Creek (Lower),Waterway section
15,1609,McDONALDS RD DRAIN,1600,DEEP CREEK,DEEP CREEK,Western Port,DIV 2 - SOUTHEAST COAST,28 BUNYIP RIVER,6.54,2002-10-17T00:00:00Z,2013,Mcdonalds Rd Drain,Waterway section
16,1610,HANCOCK'S GULLY,1600,DEEP CREEK,DEEP CREEK,Western Port,DIV 2 - SOUTHEAST COAST,28 BUNYIP RIVER,14.41,2002-10-17T00:00:00Z,2013,Hancock's Gully,Waterway section
17,1611,MOUNT ARARAT DRAIN,1600,DEEP CREEK,DEEP CREEK,Western Port,DIV 2 - SOUTHEAST COAST,28 BUNYIP RIVER,5.04,2002-10-24T00:00:00Z,2013,Mount Ararat Drain,Waterway section
18,1700,BALLAR CREEK,1700,BALLAR CREEK CATCHMENT,MORN'N PENINSULA / PORT PHILLIP,Western Port,DIV 2 - SOUTHEAST COAST,28 BUNYIP RIVER,1.2,2003-12-08T00:00:00Z,2013,Ballar Creek,Waterway section
19,0102,PATTERSON RIVER WATERWAY,0100,CARRUM OUTFALL DRAIN,PATTERSON RIVER,Dandenong,DIV 2 - SOUTHEAST COAST,28 BUNYIP RIVER,0.49,2002-11-06T00:00:00Z,2013,Patterson River Waterway,Waterway section
20,0103,CARRUM LOWLANDS SOUTH D.S.,0100,CARRUM OUTFALL DRAIN,PATTERSON RIVER,Dandenong,DIV 2 - SOUTHEAST COAST,28 BUNYIP RIVER,3.01,2002-10-29T00:00:00Z,2013,Carrum Lowlands South Downstream.,Waterway section
21,0104,SPRINGS DRAIN,0100,CARRUM OUTFALL DRAIN,PATTERSON RIVER,Dandenong,DIV 2 - SOUTHEAST COAST,28 BUNYIP RIVER,3.5,2002-10-29T00:00:00Z,2013,Springs Drain,Waterway section
22,0512,EUMEMMERRING CREEK (LOWER),0500,EUMEMMERRRING CREEK,PATTERSON RIVER,Dandenong,DIV 2 - SOUTHEAST COAST,28 BUNYIP RIVER,4.71,2002-10-30T00:00:00Z,2013,Eumemmerring Creek (Lower),Waterway section
23,0513,EUMEMMERRING CREEK CENTRAL,0500,EUMEMMERRRING CREEK,PATTERSON RIVER,Dandenong,DIV 2 - SOUTHEAST COAST,28 BUNYIP RIVER,1.42,2002-11-06T00:00:00Z,2013,Eumemmerring Creek Central,Waterway section
24,0514,HAMPTON PK INDUSTRIAL AREA D.S,0500,EUMEMMERRRING CREEK,PATTERSON RIVER,Dandenong,DIV 2 - SOUTHEAST COAST,28 BUNYIP RIVER,1.22,2002-10-17T00:00:00Z,2013,Hampton Pk Industrial Area Downstream,Waterway section
25,0515,EUMEMMERRING CREEK CENTRAL,0500,EUMEMMERRRING CREEK,PATTERSON RIVER,Dandenong,DIV 2 - SOUTHEAST COAST,28 BUNYIP RIVER,2.21,2002-11-29T00:00:00Z,2013,Eumemmerring Creek Central,Waterway section
26,0516,GUNNS RD,0500,EUMEMMERRRING CREEK,PATTERSON RIVER,Dandenong,DIV 2 - SOUTHEAST COAST,28 BUNYIP RIVER,2.8,2002-12-03T00:00:00Z,2013,Gunns Rd,Waterway section
27,0517,HEATHERTON RD EAST DRAIN,0500,EUMEMMERRRING CREEK,PATTERSON RIVER,Dandenong,DIV 2 - SOUTHEAST COAST,28 BUNYIP RIVER,13.24,2002-10-15T00:00:00Z,2013,Heatherton Rd East Drain,Waterway section
28,0608,HALLAM VALLEY D.S.,0600,HALLAM VALLEY CONTOUR DRAIN,PATTERSON RIVER,Dandenong,DIV 2 - SOUTHEAST COAST,28 BUNYIP RIVER,1.76,2002-10-17T00:00:00Z,2013,Hallam Valley Downstream.,Waterway section
29,1101,CARRUM LOWLANDS NORTH D.S.,1100,MORDIALLOC CREEK,MORDIALLOC CREEK,Dandenong,DIV 2 - SOUTHEAST COAST,28 BUNYIP RIVER,2.73,2002-10-17T00:00:00Z,2013,Carrum Lowlands North Downstream.,Waterway section
30,1103,CHANDLER RD D.S.,1100,MORDIALLOC CREEK,MORDIALLOC CREEK,Dandenong,DIV 2 - SOUTHEAST COAST,28 BUNYIP RIVER,1.02,2002-10-17T00:00:00Z,2013,Chandler Rd Downstream.,Waterway section
31,1711,FISHERMANS CREEK,1700,BALLAR CREEK,MORN'N PENINSULA / PORT PHILLIP,Western Port,DIV 2 - SOUTHEAST COAST,28 BUNYIP RIVER,2.53,NA,2013,Fishermans Creek,Waterway section
32,2119,CAMP BUXTON,2100,HASTINGS SOUTH,MORN'N PENINSULA / WESTERN PORT,Western Port,DIV 2 - SOUTHEAST COAST,28 BUNYIP RIVER,1.39,NA,2013,Camp Buxton,Waterway section
33,2120,EAST CREEK,2100,HASTINGS SOUTH,MORN'N PENINSULA / WESTERN PORT,Western Port,DIV 2 - SOUTHEAST COAST,28 BUNYIP RIVER,9.97,2003-12-15T00:00:00Z,2013,East Creek,Waterway section
34,2121,2121 TRIB OF EAST CREEK,2100,HASTINGS SOUTH,MORN'N PENINSULA / WESTERN PORT,Western Port,DIV 2 - SOUTHEAST COAST,28 BUNYIP RIVER,2.16,2003-12-15T00:00:00Z,2013,Tributary Of East Creek,Waterway section
35,2122,WATERHOLES CREEK,2100,HASTINGS SOUTH,MORN'N PENINSULA / WESTERN PORT,Western Port,DIV 2 - SOUTHEAST COAST,28 BUNYIP RIVER,4.17,2003-12-15T00:00:00Z,2013,Waterholes Creek,Waterway section
36,0304,JELLS RD SOUTH D.S.,0300,DANDENONG CREEK(Police Rd. To Bayswater Rd.),PATTERSON RIVER,Dandenong,DIV 2 - SOUTHEAST COAST,28 BUNYIP RIVER,1.57,2002-10-11T00:00:00Z,2013,Jells Rd South Downstream.,Waterway section
37,0305,DEVIATION RD D.S.,0300,DANDENONG CREEK(Police Rd. To Bayswater Rd.),PATTERSON RIVER,Dandenong,DIV 2 - SOUTHEAST COAST,28 BUNYIP RIVER,1.04,2002-10-11T00:00:00Z,2013,Deviation Rd Downstream.,Waterway section
38,0609,CENTRE RD DRAIN D.S.,0600,HALLAM VALLEY CONTOUR DRAIN,PATTERSON RIVER,Dandenong,DIV 2 - SOUTHEAST COAST,28 BUNYIP RIVER,0.71,2002-10-17T00:00:00Z,2013,Centre Rd Drain Downstream.,Waterway section
39,0610,TROUPS CREEK EAST BRANCH D.S.,0600,HALLAM VALLEY CONTOUR DRAIN,PATTERSON RIVER,Dandenong,DIV 2 - SOUTHEAST COAST,28 BUNYIP RIVER,6.08,2002-10-18T00:00:00Z,2013,Troups Creek East Branch Downstream.,Waterway section
40,0629,GOLF LINKS RD D.S.,0600,HALLAM VALLEY CONTOUR DRAIN,PATTERSON RIVER,Dandenong,DIV 2 - SOUTHEAST COAST,28 BUNYIP RIVER,0.55,2002-10-17T00:00:00Z,2013,Golf Links Rd Downstream.,Waterway section
41,1128,BRAESIDE SOUTH D.S.,1100,MORDIALLOC CREEK,MORDIALLOC CREEK,Dandenong,DIV 2 - SOUTHEAST COAST,28 BUNYIP RIVER,0.17,2002-10-17T00:00:00Z,2013,Braeside South Downstream.,Waterway section
42,1201,WELLS RD EXTENSION D.S.,1260,BOGGY CREEK,KANANOOK CREEK,Dandenong,DIV 2 - SOUTHEAST COAST,28 BUNYIP RIVER,0.33,2002-10-18T00:00:00Z,2013,Wells Rd Extension Downstream.,Waterway section
43,1203,BOGGY CREEK (UPPER) D.S.,1260,BOGGY CREEK,KANANOOK CREEK,Dandenong,DIV 2 - SOUTHEAST COAST,28 BUNYIP RIVER,7.82,2002-10-17T00:00:00Z,2013,Boggy Creek (Upper) Downstream.,Waterway section
44,1204,LANGWARRIN D.S.,1260,BOGGY CREEK,KANANOOK CREEK,Dandenong,DIV 2 - SOUTHEAST COAST,28 BUNYIP RIVER,1.73,2002-10-18T00:00:00Z,2013,Langwarrin Downstream.,Waterway section
45,1205,SKYE RD NORTH D.S.,1200,KANANOOK CREEK,KANANOOK CREEK,Dandenong,DIV 2 - SOUTHEAST COAST,28 BUNYIP RIVER,2.24,2002-10-18T00:00:00Z,2013,Skye Rd North Downstream.,Waterway section
46,1206,LEE ST D.S.,1200,KANANOOK CREEK,KANANOOK CREEK,Dandenong,DIV 2 - SOUTHEAST COAST,28 BUNYIP RIVER,4.62,2002-10-18T00:00:00Z,2013,Lee St Downstream.,Waterway section
47,1207,SANDGATE AVE D.S.,1200,KANANOOK CREEK,KANANOOK CREEK,Dandenong,DIV 2 - SOUTHEAST COAST,28 BUNYIP RIVER,3.21,2002-10-18T00:00:00Z,2013,Sandgate Ave Downstream.,Waterway section
48,2123,WATERHOLES CREEK NORTH BRANCH,2100,HASTINGS SOUTH,MORN'N PENINSULA / WESTERN PORT,Western Port,DIV 2 - SOUTHEAST COAST,28 BUNYIP RIVER,3.02,2003-12-15T00:00:00Z,2013,Waterholes Creek North Branch,Waterway section
49,2130,MERRICKS CREEK,2100,HASTINGS SOUTH,MORN'N PENINSULA / WESTERN PORT,Western Port,DIV 2 - SOUTHEAST COAST,28 BUNYIP RIVER,25.2,2003-12-15T00:00:00Z,2013,Merricks Creek,Waterway section
50,2131,COOLART CREEK,2100,HASTINGS SOUTH,MORN'N PENINSULA / WESTERN PORT,Western Port,DIV 2 - SOUTHEAST COAST,28 BUNYIP RIVER,5.82,2003-12-15T00:00:00Z,2013,Coolart Creek,Waterway section
51,2132,TRIB OF COOLART CREEK,2100,HASTINGS SOUTH,MORN'N PENINSULA / WESTERN PORT,Western Port,DIV 2 - SOUTHEAST COAST,28 BUNYIP RIVER,7.22,2003-12-15T00:00:00Z,2013,Tributary Of Coolart Creek,Waterway section
52,2133,2133 TRIB OF MERRICKS CREEK,2100,HASTINGS SOUTH,MORN'N PENINSULA / WESTERN PORT,Western Port,DIV 2 - SOUTHEAST COAST,28 BUNYIP RIVER,6.81,2003-12-15T00:00:00Z,2013,Tributary Of Merricks Creek,Waterway section
53,0327,DANDENONG CK (D/S BORONIA RD),0300,DANDENONG CREEK(Police Rd. To Bayswater Rd.),PATTERSON RIVER,Dandenong,DIV 2 - SOUTHEAST COAST,28 BUNYIP RIVER,1.13,2002-11-06T00:00:00Z,2013,Dandenong Ck (Downstream Boronia Rd),Waterway section
54,0328,THE MEWS CATCHMENT,0300,DANDENONG CREEK(Police Rd. To Bayswater Rd.),PATTERSON RIVER,Dandenong,DIV 2 - SOUTHEAST COAST,28 BUNYIP RIVER,0.65,2002-12-03T00:00:00Z,2013,The Mews Catchment,Waterway section
55,0631,HOMESTEAD RD EXTENSION D.S.,0600,HALLAM VALLEY CONTOUR DRAIN,PATTERSON RIVER,Dandenong,DIV 2 - SOUTHEAST COAST,28 BUNYIP RIVER,0.86,2002-10-17T00:00:00Z,2013,Homestead Rd Extension Downstream.,Waterway section
56,0701,MONAHANS RD D.S.,0700,EASTERN CONTOUR DRAIN,PATTERSON RIVER,Dandenong,DIV 2 - SOUTHEAST COAST,28 BUNYIP RIVER,5.7,2002-10-18T00:00:00Z,2013,Monahans Rd Downstream.,Waterway section
57,0702,FAIRBAIRN RD D.S.,0700,EASTERN CONTOUR DRAIN,PATTERSON RIVER,Dandenong,DIV 2 - SOUTHEAST COAST,28 BUNYIP RIVER,1.88,2002-10-18T00:00:00Z,2013,Fairbairn Rd Downstream.,Waterway section
58,0703,CRANBOURNE CENTRAL D.S.,0700,EASTERN CONTOUR DRAIN,PATTERSON RIVER,Dandenong,DIV 2 - SOUTHEAST COAST,28 BUNYIP RIVER,4.35,2002-10-18T00:00:00Z,2013,Cranbourne Central Downstream.,Waterway section
59,0704,LYNDHURST SOUTH D.S.,0700,EASTERN CONTOUR DRAIN,PATTERSON RIVER,Dandenong,DIV 2 - SOUTHEAST COAST,28 BUNYIP RIVER,4.13,2002-10-18T00:00:00Z,2013,Lyndhurst South Downstream.,Waterway section
60,0705,LYNDHURST NORTH D.S.,0700,EASTERN CONTOUR DRAIN,PATTERSON RIVER,Dandenong,DIV 2 - SOUTHEAST COAST,28 BUNYIP RIVER,10.64,2002-10-18T00:00:00Z,2013,Lyndhurst North Downstream.,Waterway section
61,0706,EASTERN CONTOUR DRAIN,0700,EASTERN CONTOUR DRAIN,PATTERSON RIVER,Dandenong,DIV 2 - SOUTHEAST COAST,28 BUNYIP RIVER,5.55,2002-11-06T00:00:00Z,2013,Eastern Contour Drain,Waterway section
62,0711,CRANBOURNE OUTFALL DRAIN,0700,EASTERN CONTOUR DRAIN,PATTERSON RIVER,Dandenong,DIV 2 - SOUTHEAST COAST,28 BUNYIP RIVER,5.33,2002-10-18T00:00:00Z,2013,Cranbourne Outfall Drain,Waterway section
63,0801,KELLETTS RD D.S.,0800,CORHANWARRABUL CREEK,PATTERSON RIVER,Dandenong,DIV 2 - SOUTHEAST COAST,28 BUNYIP RIVER,3.09,2002-08-30T00:00:00Z,2013,Kelletts Rd Downstream.,Waterway section
64,0802,LYSTERFIELD WEST D.S.,0800,CORHANWARRABUL CREEK,PATTERSON RIVER,Dandenong,DIV 2 - SOUTHEAST COAST,28 BUNYIP RIVER,10.78,2002-10-15T00:00:00Z,2013,Lysterfield West Downstream.,Waterway section
65,1210,WELLS RD D.S.,1260,BOGGY CREEK,KANANOOK CREEK,Dandenong,DIV 2 - SOUTHEAST COAST,28 BUNYIP RIVER,2.38,2002-10-18T00:00:00Z,2013,Wells Rd Downstream.,Waterway section
66,1211,SKYE RD / KARINGAL,1200,KANANOOK CREEK,KANANOOK CREEK,Dandenong,DIV 2 - SOUTHEAST COAST,28 BUNYIP RIVER,11.65,2002-10-21T00:00:00Z,2013,Skye Rd / Karingal,Waterway section
67,1212,BARDIA AVE DRAIN,1200,KANANOOK CREEK,KANANOOK CREEK,Dandenong,DIV 2 - SOUTHEAST COAST,28 BUNYIP RIVER,2.24,2002-10-21T00:00:00Z,2013,Bardia Ave Drain,Waterway section
68,1213,TAMARISK CREEK DIVERSION,1260,BOGGY CREEK,KANANOOK CREEK,Dandenong,DIV 2 - SOUTHEAST COAST,28 BUNYIP RIVER,1.81,2002-10-30T00:00:00Z,2013,Tamarisk Creek Diversion,Waterway section
69,1215,SEAFORD LOWLANDS,1200,KANANOOK CREEK,KANANOOK CREEK,Dandenong,DIV 2 - SOUTHEAST COAST,28 BUNYIP RIVER,2.33,2002-10-30T00:00:00Z,2013,Seaford Lowlands,Waterway section
70,1216,EXCELSIOR DR DRAIN,1260,BOGGY CREEK,KANANOOK CREEK,Dandenong,DIV 2 - SOUTHEAST COAST,28 BUNYIP RIVER,1.78,2002-11-14T00:00:00Z,2013,Excelsior Dr Drain,Waterway section
71,1104,PARKMORE D.S.,1100,MORDIALLOC CREEK,MORDIALLOC CREEK,Dandenong,DIV 2 - SOUTHEAST COAST,28 BUNYIP RIVER,1.12,2002-10-17T00:00:00Z,2013,Parkmore Downstream.,Waterway section
72,1105,KEYSBOROUGH D.S.,1100,MORDIALLOC CREEK,MORDIALLOC CREEK,Dandenong,DIV 2 - SOUTHEAST COAST,28 BUNYIP RIVER,0.77,2002-10-17T00:00:00Z,2013,Keysborough Downstream.,Waterway section
73,1760,MANMANGUR CREEK,1700,BALLAR CREEK,MORN'N PENINSULA / PORT PHILLIP,Western Port,DIV 2 - SOUTHEAST COAST,28 BUNYIP RIVER,1.51,NA,2013,Manmangur Creek,Waterway section
74,1770,GUNYONG CREEK,1700,BALLAR CREEK,MORN'N PENINSULA / PORT PHILLIP,Western Port,DIV 2 - SOUTHEAST COAST,28 BUNYIP RIVER,2.05,NA,2013,Gunyong Creek,Waterway section
75,1780,EARIMIL CREEK,1700,BALLAR CREEK,MORN'N PENINSULA / PORT PHILLIP,Western Port,DIV 2 - SOUTHEAST COAST,28 BUNYIP RIVER,2.75,NA,2013,Earimil Creek,Waterway section
76,9854,9854 DIRECT TO BAY CATACHMENTS,1700,BALLAR CREEK,MORN'N PENINSULA / PORT PHILLIP,Western Port,DIV 2 - SOUTHEAST COAST,28 BUNYIP RIVER,3.72,2005-10-06T00:00:00Z,2013,Direct To Bay Catachments,Waterway section
77,1800,SWEETWATER CREEK,1800,SWEETWATER CREEK,MORN'N PENINSULA / PORT PHILLIP,Western Port,DIV 2 - SOUTHEAST COAST,28 BUNYIP RIVER,6.4,2003-10-20T00:00:00Z,2013,Sweetwater Creek,Waterway section
78,1801,TRIB OF SWEETWATER CREEK,1800,SWEETWATER CREEK,MORN'N PENINSULA / PORT PHILLIP,Western Port,DIV 2 - SOUTHEAST COAST,28 BUNYIP RIVER,0.61,2003-10-20T00:00:00Z,2013,Tributary Of Sweetwater Creek,Waterway section
79,0329,METRO PARK EAST,0300,DANDENONG CREEK(Police Rd. To Bayswater Rd.),PATTERSON RIVER,Dandenong,DIV 2 - SOUTHEAST COAST,28 BUNYIP RIVER,2.03,2002-11-27T00:00:00Z,2013,Metro Park East,Waterway section
80,0330,PALMERSTON RD DRAIN,0300,DANDENONG CREEK(Police Rd. To Bayswater Rd.),PATTERSON RIVER,Dandenong,DIV 2 - SOUTHEAST COAST,28 BUNYIP RIVER,1.91,2002-09-04T00:00:00Z,2013,Palmerston Rd Drain,Waterway section
81,0331,HEATHMONT EAST,0300,DANDENONG CREEK(Police Rd. To Bayswater Rd.),PATTERSON RIVER,Dandenong,DIV 2 - SOUTHEAST COAST,28 BUNYIP RIVER,1.79,2003-09-05T00:00:00Z,2013,Heathmont East,Waterway section
82,0333,BLANTON DRV CATCHMENT,0300,DANDENONG CREEK(Police Rd. To Bayswater Rd.),PATTERSON RIVER,Dandenong,DIV 2 - SOUTHEAST COAST,28 BUNYIP RIVER,0.31,2002-11-26T00:00:00Z,2013,Blanton Drv Catchment,Waterway section
83,0401,OLD JOES CREEK (UPPER) D.S.,0400,UPPER DANDENONG CREEK,PATTERSON RIVER,Dandenong,DIV 2 - SOUTHEAST COAST,28 BUNYIP RIVER,3.57,2002-10-15T00:00:00Z,2013,Old Joes Creek (Upper) Downstream.,Waterway section
84,0402,OLD JOES CREEK D.S.,0400,UPPER DANDENONG CREEK,PATTERSON RIVER,Dandenong,DIV 2 - SOUTHEAST COAST,28 BUNYIP RIVER,4.98,2002-10-15T00:00:00Z,2013,Old Joes Creek Downstream.,Waterway section
85,0404,BUNGALOOK CREEK (UPPER),0400,UPPER DANDENONG CREEK,PATTERSON RIVER,Dandenong,DIV 2 - SOUTHEAST COAST,28 BUNYIP RIVER,4.04,2002-10-11T00:00:00Z,2013,Bungalook Creek (Upper),Waterway section
86,0803,KENT PARK D.S.,0800,CORHANWARRABUL CREEK,PATTERSON RIVER,Dandenong,DIV 2 - SOUTHEAST COAST,28 BUNYIP RIVER,0.76,2002-10-15T00:00:00Z,2013,Kent Park Downstream.,Waterway section
87,0611,NARRE WARREN TOWNSHIP D.S.,0600,HALLAM VALLEY CONTOUR DRAIN,PATTERSON RIVER,Dandenong,DIV 2 - SOUTHEAST COAST,28 BUNYIP RIVER,5.48,2002-10-18T00:00:00Z,2013,Narre Warren Township Downstream.,Waterway section
88,0612,NARRE WARREN SOUTH,0600,HALLAM VALLEY CONTOUR DRAIN,PATTERSON RIVER,Dandenong,DIV 2 - SOUTHEAST COAST,28 BUNYIP RIVER,1.5,2002-10-18T00:00:00Z,2013,Narre Warren South,Waterway section
89,0613,HOMESTEAD RD DRAIN,0600,HALLAM VALLEY CONTOUR DRAIN,PATTERSON RIVER,Dandenong,DIV 2 - SOUTHEAST COAST,28 BUNYIP RIVER,0.94,2002-10-17T00:00:00Z,2013,Homestead Rd Drain,Waterway section
90,0614,O'SHEAS RD D.S.,0600,HALLAM VALLEY CONTOUR DRAIN,PATTERSON RIVER,Dandenong,DIV 2 - SOUTHEAST COAST,28 BUNYIP RIVER,3.27,2002-10-17T00:00:00Z,2013,O'sheas Rd Downstream.,Waterway section
91,1106,SHELTONS DRAIN WEST BR,1100,MORDIALLOC CREEK,MORDIALLOC CREEK,Dandenong,DIV 2 - SOUTHEAST COAST,28 BUNYIP RIVER,3.02,2002-10-17T00:00:00Z,2013,Sheltons Drain West Br,Waterway section
92,1107,GARTSIDES SOUTH D.S.,1100,MORDIALLOC CREEK,MORDIALLOC CREEK,Dandenong,DIV 2 - SOUTHEAST COAST,28 BUNYIP RIVER,0.57,2002-10-17T00:00:00Z,2013,Gartsides South Downstream.,Waterway section
93,1601,DEEP CREEK SOUTH D.S.,1600,DEEP CREEK,DEEP CREEK,Western Port,DIV 2 - SOUTHEAST COAST,28 BUNYIP RIVER,4.46,2002-10-18T00:00:00Z,2013,Deep Creek South Downstream.,Waterway section
94,1602,PAKENHAM CREEK D.S.,1600,DEEP CREEK,DEEP CREEK,Western Port,DIV 2 - SOUTHEAST COAST,28 BUNYIP RIVER,6.13,2002-10-18T00:00:00Z,2013,Pakenham Creek Downstream.,Waterway section
95,1603,EASTERN DRAIN D.S.,1600,DEEP CREEK,DEEP CREEK,Western Port,DIV 2 - SOUTHEAST COAST,28 BUNYIP RIVER,2.86,2002-10-18T00:00:00Z,2013,Eastern Drain Downstream.,Waterway section
96,1604,KENNEDY CREEK,1600,DEEP CREEK,DEEP CREEK,Western Port,DIV 2 - SOUTHEAST COAST,28 BUNYIP RIVER,8.68,2002-10-18T00:00:00Z,2013,Kennedy Creek,Waterway section
97,1605,GREENHILLS ROAD DRAIN,1600,DEEP CREEK,DEEP CREEK,Western Port,DIV 2 - SOUTHEAST COAST,28 BUNYIP RIVER,1.65,2003-01-09T00:00:00Z,2013,Greenhills Road Drain,Waterway section
98,1606,DEEP CREEK (LOWER ),1600,DEEP CREEK,DEEP CREEK,Western Port,DIV 2 - SOUTHEAST COAST,28 BUNYIP RIVER,10.01,2003-09-09T00:00:00Z,2013,Deep Creek (Lower ),Waterway section
99,1607,DEEP CREEK (UPPER),1600,DEEP CREEK,DEEP CREEK,Western Port,DIV 2 - SOUTHEAST COAST,28 BUNYIP RIVER,14.33,2002-10-30T00:00:00Z,2013,Deep Creek (Upper),Waterway section
100,2350,CHRISTIES DRAIN,2300,WATSON INLET,MORN'N PENINSULA / WESTERN PORT,Western Port,DIV 2 - SOUTHEAST COAST,28 BUNYIP RIVER,4.11,2003-12-02T00:00:00Z,2013,Christies Drain,Waterway section
101,2351,CHRISTIES DRAIN BRANCH D,2300,WATSON INLET,MORN'N PENINSULA / WESTERN PORT,Western Port,DIV 2 - SOUTHEAST COAST,28 BUNYIP RIVER,10.2,2003-12-02T00:00:00Z,2013,Christies Drain Branch D,Waterway section
102,2352,CHRISTIES DRAIN BRANCH A,2300,WATSON INLET,MORN'N PENINSULA / WESTERN PORT,Western Port,DIV 2 - SOUTHEAST COAST,28 BUNYIP RIVER,5.52,2003-12-02T00:00:00Z,2013,Christies Drain Branch A,Waterway section
103,2361,WYLIES DRAIN MAIN BRANCH,2300,WATSON INLET,MORN'N PENINSULA / WESTERN PORT,Western Port,DIV 2 - SOUTHEAST COAST,28 BUNYIP RIVER,21.09,2003-12-19T00:00:00Z,2013,Wylies Drain Main Branch,Waterway section
104,2362,WYLIES DRAIN BRANCH F,2300,WATSON INLET,MORN'N PENINSULA / WESTERN PORT,Western Port,DIV 2 - SOUTHEAST COAST,28 BUNYIP RIVER,5.99,2003-12-02T00:00:00Z,2013,Wylies Drain Branch F,Waterway section
105,0405,LITTLE BUNGALOOK CREEK D.S.(A),0400,UPPER DANDENONG CREEK,PATTERSON RIVER,Dandenong,DIV 2 - SOUTHEAST COAST,28 BUNYIP RIVER,0.07,2002-10-11T00:00:00Z,2013,Little Bungalook Creek Downstream.(A),Waterway section
106,0306,JELLS RD/FERNTREE GULLY RD D.S,0300,DANDENONG CREEK(Police Rd. To Bayswater Rd.),PATTERSON RIVER,Dandenong,DIV 2 - SOUTHEAST COAST,28 BUNYIP RIVER,0.99,2002-10-11T00:00:00Z,2013,Jells Rd/Ferntree Gully Rd Downstream,Waterway section
107,0307,SCORESBY OUTFALL D.S.,0300,DANDENONG CREEK(Police Rd. To Bayswater Rd.),PATTERSON RIVER,Dandenong,DIV 2 - SOUTHEAST COAST,28 BUNYIP RIVER,3.67,2002-10-15T00:00:00Z,2013,Scoresby Outfall Downstream.,Waterway section
108,0308,LUM RD/JELLS RD D.S.,0300,DANDENONG CREEK(Police Rd. To Bayswater Rd.),PATTERSON RIVER,Dandenong,DIV 2 - SOUTHEAST COAST,28 BUNYIP RIVER,1.12,2002-10-10T00:00:00Z,2013,Lum Rd/Jells Rd Downstream.,Waterway section
109,0309,NUNAWADING OUTFALL,0300,DANDENONG CREEK(Police Rd. To Bayswater Rd.),PATTERSON RIVER,Dandenong,DIV 2 - SOUTHEAST COAST,28 BUNYIP RIVER,4.17,2002-10-18T00:00:00Z,2013,Nunawading Outfall,Waterway section
110,0310,EAST BURWOOD D.S.,0300,DANDENONG CREEK(Police Rd. To Bayswater Rd.),PATTERSON RIVER,Dandenong,DIV 2 - SOUTHEAST COAST,28 BUNYIP RIVER,4.06,2002-10-11T00:00:00Z,2013,East Burwood Downstream.,Waterway section
111,0311,BURWOOD SOUTH D.S.,0300,DANDENONG CREEK(Police Rd. To Bayswater Rd.),PATTERSON RIVER,Dandenong,DIV 2 - SOUTHEAST COAST,28 BUNYIP RIVER,0.92,2002-10-11T00:00:00Z,2013,Burwood South Downstream.,Waterway section
112,0615,BERWICK SOUTH D.S.,0600,HALLAM VALLEY CONTOUR DRAIN,PATTERSON RIVER,Dandenong,DIV 2 - SOUTHEAST COAST,28 BUNYIP RIVER,3.39,2002-10-18T00:00:00Z,2013,Berwick South Downstream.,Waterway section
113,0616,BERWICK TOWNSHIP D.S.,0600,HALLAM VALLEY CONTOUR DRAIN,PATTERSON RIVER,Dandenong,DIV 2 - SOUTHEAST COAST,28 BUNYIP RIVER,2.78,2002-10-18T00:00:00Z,2013,Berwick Township Downstream.,Waterway section
114,0617,BERWICK WEST D.S.,0600,HALLAM VALLEY CONTOUR DRAIN,PATTERSON RIVER,Dandenong,DIV 2 - SOUTHEAST COAST,28 BUNYIP RIVER,2.08,2002-10-18T00:00:00Z,2013,Berwick West Downstream.,Waterway section
115,0618,CRANBOURNE EAST D.S.,0600,HALLAM VALLEY CONTOUR DRAIN,PATTERSON RIVER,Dandenong,DIV 2 - SOUTHEAST COAST,28 BUNYIP RIVER,2.15,2002-10-18T00:00:00Z,2013,Cranbourne East Downstream.,Waterway section
116,1108,GARTSIDES D.S.,1100,MORDIALLOC CREEK,MORDIALLOC CREEK,Dandenong,DIV 2 - SOUTHEAST COAST,28 BUNYIP RIVER,0.99,2002-10-17T00:00:00Z,2013,Gartsides Downstream.,Waterway section
117,1109,SHELTONS DRAIN DIVERSION D.S.,1100,MORDIALLOC CREEK,MORDIALLOC CREEK,Dandenong,DIV 2 - SOUTHEAST COAST,28 BUNYIP RIVER,2.87,2002-10-15T00:00:00Z,2013,Sheltons Drain Diversion Downstream.,Waterway section
118,1110,EDITHVALE RD D.S.,1100,MORDIALLOC CREEK,MORDIALLOC CREEK,Dandenong,DIV 2 - SOUTHEAST COAST,28 BUNYIP RIVER,3.1,2002-10-17T00:00:00Z,2013,Edithvale Rd Downstream.,Waterway section
119,1111,GARTSIDES NORTH D.S.,1100,MORDIALLOC CREEK,MORDIALLOC CREEK,Dandenong,DIV 2 - SOUTHEAST COAST,28 BUNYIP RIVER,2.42,2002-10-17T00:00:00Z,2013,Gartsides North Downstream.,Waterway section
120,2140,TULUM CREEK,2100,HASTINGS SOUTH,MORN'N PENINSULA / WESTERN PORT,Western Port,DIV 2 - SOUTHEAST COAST,28 BUNYIP RIVER,9.67,2003-12-15T00:00:00Z,2013,Tulum Creek,Waterway section
121,2150,SOMERS CATCHMENT,2100,HASTINGS SOUTH,MORN'N PENINSULA / WESTERN PORT,Western Port,DIV 2 - SOUTHEAST COAST,28 BUNYIP RIVER,8.23,2005-10-06T00:00:00Z,2013,Somers Catchment,Waterway section
122,0312,VERMONT SOUTH D.S.,0300,DANDENONG CREEK(Police Rd. To Bayswater Rd.),PATTERSON RIVER,Dandenong,DIV 2 - SOUTHEAST COAST,28 BUNYIP RIVER,3.37,2002-10-11T00:00:00Z,2013,Vermont South Downstream.,Waterway section
123,0313,VERMONT EAST D.S.,0300,DANDENONG CREEK(Police Rd. To Bayswater Rd.),PATTERSON RIVER,Dandenong,DIV 2 - SOUTHEAST COAST,28 BUNYIP RIVER,0.39,2002-10-11T00:00:00Z,2013,Vermont East Downstream.,Waterway section
124,0620,AUSTRALIA POST WETLANDS,0600,HALLAM VALLEY CONTOUR DRAIN,PATTERSON RIVER,Dandenong,DIV 2 - SOUTHEAST COAST,28 BUNYIP RIVER,1.58,2002-11-29T00:00:00Z,2013,Australia Post Wetlands,Waterway section
125,0621,HALLAM VALLEY,0600,HALLAM VALLEY CONTOUR DRAIN,PATTERSON RIVER,Dandenong,DIV 2 - SOUTHEAST COAST,28 BUNYIP RIVER,4.84,2002-10-17T00:00:00Z,2013,Hallam Valley,Waterway section
126,0624,GREAVES RD D.S.,0600,HALLAM VALLEY CONTOUR DRAIN,PATTERSON RIVER,Dandenong,DIV 2 - SOUTHEAST COAST,28 BUNYIP RIVER,1.77,2002-10-17T00:00:00Z,2013,Greaves Rd Downstream.,Waterway section
127,1112,DUNLOPS DRAIN D.S.,1100,MORDIALLOC CREEK,MORDIALLOC CREEK,Dandenong,DIV 2 - SOUTHEAST COAST,28 BUNYIP RIVER,3.8,2002-10-17T00:00:00Z,2013,Dunlops Drain Downstream.,Waterway section
128,1113,OLD DANDENONG RD DRAIN,1100,MORDIALLOC CREEK,MORDIALLOC CREEK,Dandenong,DIV 2 - SOUTHEAST COAST,28 BUNYIP RIVER,2.82,2002-10-17T00:00:00Z,2013,Old Dandenong Rd Drain,Waterway section
129,1115,KEYSBOROUGH SOUTH D.S.,1100,MORDIALLOC CREEK,MORDIALLOC CREEK,Dandenong,DIV 2 - SOUTHEAST COAST,28 BUNYIP RIVER,2.9,2002-10-17T00:00:00Z,2013,Keysborough South Downstream.,Waterway section
130,1116,SMYTHES DRAIN,1100,MORDIALLOC CREEK,MORDIALLOC CREEK,Dandenong,DIV 2 - SOUTHEAST COAST,28 BUNYIP RIVER,5.36,2002-10-29T00:00:00Z,2013,Smythes Drain,Waterway section
131,1117,DINGLEY DRAIN,1100,MORDIALLOC CREEK,MORDIALLOC CREEK,Dandenong,DIV 2 - SOUTHEAST COAST,28 BUNYIP RIVER,7.06,2002-10-17T00:00:00Z,2013,Dingley Drain,Waterway section
132,1118,SPRINGVALE SOUTH,1100,MORDIALLOC CREEK,MORDIALLOC CREEK,Dandenong,DIV 2 - SOUTHEAST COAST,28 BUNYIP RIVER,3.29,2002-10-17T00:00:00Z,2013,Springvale South,Waterway section
133,1119,FIVE WAYS D.S.,1100,MORDIALLOC CREEK,MORDIALLOC CREEK,Dandenong,DIV 2 - SOUTHEAST COAST,28 BUNYIP RIVER,0.39,2002-10-17T00:00:00Z,2013,Five Ways Downstream.,Waterway section
134,1802,SWEETWATER CREEK SOUTH BRANCH,1800,SWEETWATER CREEK,MORN'N PENINSULA / PORT PHILLIP,Western Port,DIV 2 - SOUTHEAST COAST,28 BUNYIP RIVER,1.5,2003-10-20T00:00:00Z,2013,Sweetwater Creek South Branch,Waterway section
135,1803,TRIB OF SWEETWATER CK STH BR,1800,SWEETWATER CREEK,MORN'N PENINSULA / PORT PHILLIP,Western Port,DIV 2 - SOUTHEAST COAST,28 BUNYIP RIVER,0.38,2003-10-20T00:00:00Z,2013,Tributary Of Sweetwater Ck Sth Br,Waterway section
136,1900,KACKERABOITE CREEK,1900,KACKERABOITE CREEK,MORN'N PENINSULA / PORT PHILLIP,Western Port,DIV 2 - SOUTHEAST COAST,28 BUNYIP RIVER,4.74,2003-12-08T00:00:00Z,2013,Kackeraboite Creek,Waterway section
137,1901,TRIB OF KACKERABOITE CREEK,1900,KACKERABOITE CREEK,MORN'N PENINSULA / PORT PHILLIP,Western Port,DIV 2 - SOUTHEAST COAST,28 BUNYIP RIVER,1.04,2003-12-08T00:00:00Z,2013,Tributary Of Kackeraboite Creek,Waterway section
138,1902,TRIB OF KACKERABOITE CREEK,1900,KACKERABOITE CREEK,MORN'N PENINSULA / PORT PHILLIP,Western Port,DIV 2 - SOUTHEAST COAST,28 BUNYIP RIVER,0.57,2003-12-08T00:00:00Z,2013,Tributary Of Kackeraboite Creek,Waterway section
139,1903,TRIB OF KACKERABOITE CREEK,1900,KACKERABOITE CREEK,MORN'N PENINSULA / PORT PHILLIP,Western Port,DIV 2 - SOUTHEAST COAST,28 BUNYIP RIVER,1.03,2003-12-08T00:00:00Z,2013,Tributary Of Kackeraboite Creek,Waterway section
140,0314,KOOMBA RD D.S.,0300,DANDENONG CREEK(Police Rd. To Bayswater Rd.),PATTERSON RIVER,Dandenong,DIV 2 - SOUTHEAST COAST,28 BUNYIP RIVER,1.6,2002-10-15T00:00:00Z,2013,Koomba Rd Downstream.,Waterway section
141,0315,WANTIRNA WEST CATHMENT,0300,DANDENONG CREEK(Police Rd. To Bayswater Rd.),PATTERSON RIVER,Dandenong,DIV 2 - SOUTHEAST COAST,28 BUNYIP RIVER,0.96,2002-10-30T00:00:00Z,2013,Wantirna West Cathment,Waterway section
142,0316,WANTIRNA NORTH D.S.,0300,DANDENONG CREEK(Police Rd. To Bayswater Rd.),PATTERSON RIVER,Dandenong,DIV 2 - SOUTHEAST COAST,28 BUNYIP RIVER,1.72,2002-10-15T00:00:00Z,2013,Wantirna North Downstream.,Waterway section
143,0317,STUD RD NORTH D.S.,0300,DANDENONG CREEK(Police Rd. To Bayswater Rd.),PATTERSON RIVER,Dandenong,DIV 2 - SOUTHEAST COAST,28 BUNYIP RIVER,0.67,2002-10-15T00:00:00Z,2013,Stud Rd North Downstream.,Waterway section
144,0318,HEATHERDALE CREEK,0300,DANDENONG CREEK(Police Rd. To Bayswater Rd.),PATTERSON RIVER,Dandenong,DIV 2 - SOUTHEAST COAST,28 BUNYIP RIVER,4.66,2002-09-04T00:00:00Z,2013,Heatherdale Creek,Waterway section
145,0319,RINGWOOD SOUTH D.S.,0300,DANDENONG CREEK(Police Rd. To Bayswater Rd.),PATTERSON RIVER,Dandenong,DIV 2 - SOUTHEAST COAST,28 BUNYIP RIVER,3.25,2002-09-04T00:00:00Z,2013,Ringwood South Downstream.,Waterway section
146,0627,HAMPTON PARK WEST D.S.,0600,HALLAM VALLEY CONTOUR DRAIN,PATTERSON RIVER,Dandenong,DIV 2 - SOUTHEAST COAST,28 BUNYIP RIVER,1.75,2002-10-17T00:00:00Z,2013,Hampton Park West Downstream.,Waterway section
147,0628,KNOWLES RD D.S.,0600,HALLAM VALLEY CONTOUR DRAIN,PATTERSON RIVER,Dandenong,DIV 2 - SOUTHEAST COAST,28 BUNYIP RIVER,0.15,2002-10-17T00:00:00Z,2013,Knowles Rd Downstream.,Waterway section
148,0604,FORDHOLM RD EAST D.S.,0600,HALLAM VALLEY CONTOUR DRAIN,PATTERSON RIVER,Dandenong,DIV 2 - SOUTHEAST COAST,28 BUNYIP RIVER,0.98,2002-10-17T00:00:00Z,2013,Fordholm Rd East Downstream.,Waterway section
149,0605,HAMPTON PARK EAST DRAIN EXTN,0600,HALLAM VALLEY CONTOUR DRAIN,PATTERSON RIVER,Dandenong,DIV 2 - SOUTHEAST COAST,28 BUNYIP RIVER,12.14,2003-09-09T00:00:00Z,2013,Hampton Park East Drain Extn,Waterway section
150,1120,GOVERNOR RD DRAIN,1100,MORDIALLOC CREEK,MORDIALLOC CREEK,Dandenong,DIV 2 - SOUTHEAST COAST,28 BUNYIP RIVER,1.56,2003-12-09T00:00:00Z,2013,Governor Rd Drain,Waterway section
151,1121,EDITHVALE/ASPENDALE,1100,MORDIALLOC CREEK,MORDIALLOC CREEK,Dandenong,DIV 2 - SOUTHEAST COAST,28 BUNYIP RIVER,3.59,2002-10-17T00:00:00Z,2013,Edithvale/Aspendale,Waterway section
152,1123,EDITHVALE WETLANDS,1100,MORDIALLOC CREEK,MORDIALLOC CREEK,Dandenong,DIV 2 - SOUTHEAST COAST,28 BUNYIP RIVER,2.81,2002-10-17T00:00:00Z,2013,Edithvale Wetlands,Waterway section
153,1124,BOWEN RD D.S.,1100,MORDIALLOC CREEK,MORDIALLOC CREEK,Dandenong,DIV 2 - SOUTHEAST COAST,28 BUNYIP RIVER,1.01,2002-10-17T00:00:00Z,2013,Bowen Rd Downstream.,Waterway section
154,2363,WYLIES DRAIN BRANCH B,2300,WATSON INLET,MORN'N PENINSULA / WESTERN PORT,Western Port,DIV 2 - SOUTHEAST COAST,28 BUNYIP RIVER,6.82,2003-12-02T00:00:00Z,2013,Wylies Drain Branch B,Waterway section
155,2364,WYLIES DRAIN BRANCH H,2300,WATSON INLET,MORN'N PENINSULA / WESTERN PORT,Western Port,DIV 2 - SOUTHEAST COAST,28 BUNYIP RIVER,1.82,2003-12-02T00:00:00Z,2013,Wylies Drain Branch H,Waterway section
156,2370,WESTERN OUTFALL DRAIN,2300,WATSON INLET,MORN'N PENINSULA / WESTERN PORT,Western Port,DIV 2 - SOUTHEAST COAST,28 BUNYIP RIVER,16.42,2003-12-19T00:00:00Z,2013,Western Outfall Drain,Waterway section
157,2371,CLYDE CREEK,2300,WATSON INLET,MORN'N PENINSULA / WESTERN PORT,Western Port,DIV 2 - SOUTHEAST COAST,28 BUNYIP RIVER,13.8,2003-12-19T00:00:00Z,2013,Clyde Creek,Waterway section
158,2372,TRIB OF CLYDE OUTFALL,2300,WATSON INLET,MORN'N PENINSULA / WESTERN PORT,Western Port,DIV 2 - SOUTHEAST COAST,28 BUNYIP RIVER,3.34,2003-12-19T00:00:00Z,2013,Tributary Of Clyde Outfall,Waterway section
159,2381,LANGWARRIN CREEK WEST BRANCH,2300,WATSON INLET,MORN'N PENINSULA / WESTERN PORT,Western Port,DIV 2 - SOUTHEAST COAST,28 BUNYIP RIVER,3.58,2003-12-01T00:00:00Z,2013,Langwarrin Creek West Branch,Waterway section
160,0320,DANDENONG CK (TIRHATUAN PARK),0300,DANDENONG CREEK(Police Rd. To Bayswater Rd.),PATTERSON RIVER,Dandenong,DIV 2 - SOUTHEAST COAST,28 BUNYIP RIVER,2.27,2002-11-07T00:00:00Z,2013,Dandenong Ck (Tirhatuan Park),Waterway section
161,0321,DANDENONG CREEK (METRO PARK),0300,DANDENONG CREEK(Police Rd. To Bayswater Rd.),PATTERSON RIVER,Dandenong,DIV 2 - SOUTHEAST COAST,28 BUNYIP RIVER,4.34,2002-11-06T00:00:00Z,2013,Dandenong Creek (Metro Park),Waterway section
162,0322,DANDENONG CK (U/S BORONIA RD),0300,DANDENONG CREEK(Police Rd. To Bayswater Rd.),PATTERSON RIVER,Dandenong,DIV 2 - SOUTHEAST COAST,28 BUNYIP RIVER,3.39,2002-11-06T00:00:00Z,2013,Dandenong Ck (Upstream Boronia Rd),Waterway section
163,0323,EXELLS D.S.,0300,DANDENONG CREEK(Police Rd. To Bayswater Rd.),PATTERSON RIVER,Dandenong,DIV 2 - SOUTHEAST COAST,28 BUNYIP RIVER,1.1,2002-10-15T00:00:00Z,2013,Exells Downstream.,Waterway section
164,0324,OUTLOOK DR DRAIN,0300,DANDENONG CREEK(Police Rd. To Bayswater Rd.),PATTERSON RIVER,Dandenong,DIV 2 - SOUTHEAST COAST,28 BUNYIP RIVER,1.25,2002-11-26T00:00:00Z,2013,Outlook Dr Drain,Waterway section
165,0325,TIRHATUAN HILLS,0300,DANDENONG CREEK(Police Rd. To Bayswater Rd.),PATTERSON RIVER,Dandenong,DIV 2 - SOUTHEAST COAST,28 BUNYIP RIVER,1.39,2002-11-26T00:00:00Z,2013,Tirhatuan Hills,Waterway section
166,0326,SHEPHARDS BUSH,0300,DANDENONG CREEK(Police Rd. To Bayswater Rd.),PATTERSON RIVER,Dandenong,DIV 2 - SOUTHEAST COAST,28 BUNYIP RIVER,2.23,2002-11-26T00:00:00Z,2013,Shephards Bush,Waterway section
167,0606,TROUPS CREEK WEST BRANCH D.S.,0600,HALLAM VALLEY CONTOUR DRAIN,PATTERSON RIVER,Dandenong,DIV 2 - SOUTHEAST COAST,28 BUNYIP RIVER,13.34,2002-10-18T00:00:00Z,2013,Troups Creek West Branch Downstream.,Waterway section
168,0607,FITZGERALD RD D.S.,0600,HALLAM VALLEY CONTOUR DRAIN,PATTERSON RIVER,Dandenong,DIV 2 - SOUTHEAST COAST,28 BUNYIP RIVER,1.14,2002-10-17T00:00:00Z,2013,Fitzgerald Rd Downstream.,Waterway section
169,0912,BLIND CREEK (U/S BURWOOD HWY),0900,BLIND CREEK,PATTERSON RIVER,Dandenong,DIV 2 - SOUTHEAST COAST,28 BUNYIP RIVER,0.76,2002-11-14T00:00:00Z,2013,Blind Creek (Upstream Burwood Hwy),Waterway section
170,1006,MILE CREEK (LOWER) EAST BRANCH,1000,MILE CREEK,PATTERSON RIVER,Dandenong,DIV 2 - SOUTHEAST COAST,28 BUNYIP RIVER,2.72,2002-10-24T00:00:00Z,2013,Mile Creek (Lower) East Branch,Waterway section
171,1007,WESTALL DRAIN,1000,MILE CREEK,PATTERSON RIVER,Dandenong,DIV 2 - SOUTHEAST COAST,28 BUNYIP RIVER,3.58,2002-10-24T00:00:00Z,2013,Westall Drain,Waterway section
172,1312,CARDINIA CREEK (UPPER),1300,CARDINIA CREEK,CARDINIA CREEK,Western Port,DIV 2 - SOUTHEAST COAST,28 BUNYIP RIVER,12.8,2002-10-30T00:00:00Z,2013,Cardinia Creek (Upper),Waterway section
173,1735,YUILLES RD DRAIN,1700,BALLAR CREEK,MORN'N PENINSULA / PORT PHILLIP,Western Port,DIV 2 - SOUTHEAST COAST,28 BUNYIP RIVER,0.94,NA,2013,Yuilles Rd Drain,Waterway section
174,1740,TARANA ST DRAIN,1700,BALLAR CREEK,MORN'N PENINSULA / PORT PHILLIP,Western Port,DIV 2 - SOUTHEAST COAST,28 BUNYIP RIVER,2.81,NA,2013,Tarana St Drain,Waterway section
175,0301,POLICE RD/JACKSONS RD D.S.,0300,DANDENONG CREEK(Police Rd. To Bayswater Rd.),PATTERSON RIVER,Dandenong,DIV 2 - SOUTHEAST COAST,28 BUNYIP RIVER,0.98,2002-10-15T00:00:00Z,2013,Police Rd/Jacksons Rd Downstream.,Waterway section
176,0302,JACKSONS RD NORTH D.S.,0300,DANDENONG CREEK(Police Rd. To Bayswater Rd.),PATTERSON RIVER,Dandenong,DIV 2 - SOUTHEAST COAST,28 BUNYIP RIVER,0.9,2002-10-21T00:00:00Z,2013,Jacksons Rd North Downstream.,Waterway section
177,0303,ROWVILLE M.D.,0300,DANDENONG CREEK(Police Rd. To Bayswater Rd.),PATTERSON RIVER,Dandenong,DIV 2 - SOUTHEAST COAST,28 BUNYIP RIVER,8.86,2002-10-15T00:00:00Z,2013,Rowville Main Drain.,Melbourne Water main drain
178,0915,BLIND CREEK (D/S BURWOOD HWY),0900,BLIND CREEK,PATTERSON RIVER,Dandenong,DIV 2 - SOUTHEAST COAST,28 BUNYIP RIVER,3.83,2002-11-29T00:00:00Z,2013,Blind Creek (Downstream Burwood Hwy),Waterway section
179,0916,BLIND CREEK (U/S BURWOOD HWY),0900,BLIND CREEK,PATTERSON RIVER,Dandenong,DIV 2 - SOUTHEAST COAST,28 BUNYIP RIVER,6.03,2002-09-04T00:00:00Z,2013,Blind Creek (Upstream Burwood Hwy),Waterway section
180,1001,YARRAMAN CREEK,1000,MILE CREEK,PATTERSON RIVER,Dandenong,DIV 2 - SOUTHEAST COAST,28 BUNYIP RIVER,6.52,2002-10-15T00:00:00Z,2013,Yarraman Creek,Waterway section
181,1002,MONASH UNIVERSITY,1000,MILE CREEK,PATTERSON RIVER,Dandenong,DIV 2 - SOUTHEAST COAST,28 BUNYIP RIVER,1.74,2002-10-24T00:00:00Z,2013,Monash University,Waterway section
182,1316,EDRINGTON PARK D.S.,1300,CARDINIA CREEK,CARDINIA CREEK,Western Port,DIV 2 - SOUTHEAST COAST,28 BUNYIP RIVER,1.21,2002-10-18T00:00:00Z,2013,Edrington Park Downstream.,Waterway section
183,1361,BEACONSFIELD TOWNSHIP CORRIDOR,1300,CARDINIA CREEK,CARDINIA CREEK,Western Port,DIV 2 - SOUTHEAST COAST,28 BUNYIP RIVER,3.27,2002-11-06T00:00:00Z,2013,Beaconsfield Township Corridor,Waterway section
184,1401,QUIRKS CREEK,1400,GUM SCRUB CREEK,CARDINIA CREEK,Western Port,DIV 2 - SOUTHEAST COAST,28 BUNYIP RIVER,5.57,2002-10-18T00:00:00Z,2013,Quirks Creek,Waterway section
185,1402,GUM SCRUB CREEK (LOWER),1400,GUM SCRUB CREEK,CARDINIA CREEK,Western Port,DIV 2 - SOUTHEAST COAST,28 BUNYIP RIVER,19.9,2002-11-06T00:00:00Z,2013,Gum Scrub Creek (Lower),Waterway section
186,1403,GUM SCRUB CREEK (UPPER),1400,GUM SCRUB CREEK,CARDINIA CREEK,Western Port,DIV 2 - SOUTHEAST COAST,28 BUNYIP RIVER,6.06,2002-10-18T00:00:00Z,2013,Gum Scrub Creek (Upper),Waterway section
187,1404,HAUNTED GULLY CREEK,1400,GUM SCRUB CREEK,CARDINIA CREEK,Western Port,DIV 2 - SOUTHEAST COAST,28 BUNYIP RIVER,2.05,2002-10-18T00:00:00Z,2013,Haunted Gully Creek,Waterway section
188,1405,BEACONSFIELD RESERVOIR,1400,GUM SCRUB CREEK,CARDINIA CREEK,Western Port,DIV 2 - SOUTHEAST COAST,28 BUNYIP RIVER,3.32,2002-11-29T00:00:00Z,2013,Beaconsfield Reservoir,Waterway section
189,1904,TRIB OF KACKERABOITE CREEK,1900,KACKERABOITE CREEK,MORN'N PENINSULA / PORT PHILLIP,Western Port,DIV 2 - SOUTHEAST COAST,28 BUNYIP RIVER,0.57,2003-12-08T00:00:00Z,2013,Tributary Of Kackeraboite Creek,Waterway section
190,1905,TRIB OF KACKERABOITE CREEK,1900,KACKERABOITE CREEK,MORN'N PENINSULA / PORT PHILLIP,Western Port,DIV 2 - SOUTHEAST COAST,28 BUNYIP RIVER,0.74,2003-12-08T00:00:00Z,2013,Tributary Of Kackeraboite Creek,Waterway section
191,2110,STONY CREEK,2100,HASTINGS SOUTH,MORN'N PENINSULA / WESTERN PORT,Western Port,DIV 2 - SOUTHEAST COAST,28 BUNYIP RIVER,14.95,2005-09-13T00:00:00Z,2013,Stony Creek,Waterway section
192,1509,PAKENHAM SOUTH,1500,TOOMUC CREEK,TOOMUC CREEK,Western Port,DIV 2 - SOUTHEAST COAST,28 BUNYIP RIVER,6.46,2003-01-09T00:00:00Z,2013,Pakenham South,Waterway section
193,0518,ROCKLEIGH PARK D.S.,0500,EUMEMMERRRING CREEK,PATTERSON RIVER,Dandenong,DIV 2 - SOUTHEAST COAST,28 BUNYIP RIVER,1.08,2002-11-29T00:00:00Z,2013,Rockleigh Park Downstream.,Waterway section
194,0601,PRINCES DOMAIN D.S.,0600,HALLAM VALLEY CONTOUR DRAIN,PATTERSON RIVER,Dandenong,DIV 2 - SOUTHEAST COAST,28 BUNYIP RIVER,2.02,2002-10-17T00:00:00Z,2013,Princes Domain Downstream.,Waterway section
195,1003,MILE CREEK WEST BRANCH D.S.,1000,MILE CREEK,PATTERSON RIVER,Dandenong,DIV 2 - SOUTHEAST COAST,28 BUNYIP RIVER,2.19,2002-10-10T00:00:00Z,2013,Mile Creek West Branch Downstream.,Waterway section
196,1004,MILE CREEK EAST BRANCH D.S.,1000,MILE CREEK,PATTERSON RIVER,Dandenong,DIV 2 - SOUTHEAST COAST,28 BUNYIP RIVER,8.12,2002-10-10T00:00:00Z,2013,Mile Creek East Branch Downstream.,Waterway section
197,1005,POLICE ROAD,1000,MILE CREEK,PATTERSON RIVER,Dandenong,DIV 2 - SOUTHEAST COAST,28 BUNYIP RIVER,4.01,2002-10-24T00:00:00Z,2013,Police Road,Waterway section
198,0804,WINDERMERE D.S.,0800,CORHANWARRABUL CREEK,PATTERSON RIVER,Dandenong,DIV 2 - SOUTHEAST COAST,28 BUNYIP RIVER,1.53,2002-10-15T00:00:00Z,2013,Windermere Downstream.,Waterway section
199,1501,MCGREGOR RD D.S.,1500,TOOMUC CREEK,TOOMUC CREEK,Western Port,DIV 2 - SOUTHEAST COAST,28 BUNYIP RIVER,3.69,2002-10-18T00:00:00Z,2013,Mcgregor Rd Downstream.,Waterway section
200,1502,CARDINIA RD DRAIN,1500,TOOMUC CREEK,TOOMUC CREEK,Western Port,DIV 2 - SOUTHEAST COAST,28 BUNYIP RIVER,11.48,2002-10-18T00:00:00Z,2013,Cardinia Rd Drain,Waterway section
201,1503,HEIN CREEK,1500,TOOMUC CREEK,TOOMUC CREEK,Western Port,DIV 2 - SOUTHEAST COAST,28 BUNYIP RIVER,4.42,2002-10-24T00:00:00Z,2013,Hein Creek,Waterway section
202,1504,KITCHEN CREEK,1500,TOOMUC CREEK,TOOMUC CREEK,Western Port,DIV 2 - SOUTHEAST COAST,28 BUNYIP RIVER,5.29,2002-10-24T00:00:00Z,2013,Kitchen Creek,Waterway section
203,1505,WALFORD CREEK,1500,TOOMUC CREEK,TOOMUC CREEK,Western Port,DIV 2 - SOUTHEAST COAST,28 BUNYIP RIVER,4.81,2002-10-24T00:00:00Z,2013,Walford Creek,Waterway section
204,1506,BOURKE CREEK,1500,TOOMUC CREEK,TOOMUC CREEK,Western Port,DIV 2 - SOUTHEAST COAST,28 BUNYIP RIVER,6.62,2002-10-17T00:00:00Z,2013,Bourke Creek,Waterway section
205,1507,TOOMUC CREEK (LOWER),1500,TOOMUC CREEK,TOOMUC CREEK,Western Port,DIV 2 - SOUTHEAST COAST,28 BUNYIP RIVER,8.06,2002-10-18T00:00:00Z,2013,Toomuc Creek (Lower),Waterway section
206,1508,TOOMUC CREEK (UPPER),1500,TOOMUC CREEK,TOOMUC CREEK,Western Port,DIV 2 - SOUTHEAST COAST,28 BUNYIP RIVER,17.7,2002-11-29T00:00:00Z,2013,Toomuc Creek (Upper),Waterway section
207,2382,LANGWARRIN CREEK EAST BRANCH,2300,WATSON INLET,MORN'N PENINSULA / WESTERN PORT,Western Port,DIV 2 - SOUTHEAST COAST,28 BUNYIP RIVER,6.5,2003-12-17T00:00:00Z,2013,Langwarrin Creek East Branch,Waterway section
208,2383,TRIB OF LANGWARRIN CREEK,2300,WATSON INLET,MORN'N PENINSULA / WESTERN PORT,Western Port,DIV 2 - SOUTHEAST COAST,28 BUNYIP RIVER,3.27,2003-12-17T00:00:00Z,2013,Tributary Of Langwarrin Creek,Waterway section
209,2610,TELEGRAPH CREEK,2600,TARAGO RIVER,BUNYIP RIVER,Western Port,DIV 2 - SOUTHEAST COAST,28 BUNYIP RIVER,2.28,2003-09-19T00:00:00Z,2013,Telegraph Creek,Waterway section
210,0602,HALLAM SOUTH D.S.,0600,HALLAM VALLEY CONTOUR DRAIN,PATTERSON RIVER,Dandenong,DIV 2 - SOUTHEAST COAST,28 BUNYIP RIVER,3.59,2002-10-17T00:00:00Z,2013,Hallam South Downstream.,Waterway section
211,0603,HAMPTON PARK EAST D.S.,0600,HALLAM VALLEY CONTOUR DRAIN,PATTERSON RIVER,Dandenong,DIV 2 - SOUTHEAST COAST,28 BUNYIP RIVER,0.79,2002-10-17T00:00:00Z,2013,Hampton Park East Downstream.,Waterway section
212,0805,FERNTREE GULLY SOUTH D.S.,0800,CORHANWARRABUL CREEK,PATTERSON RIVER,Dandenong,DIV 2 - SOUTHEAST COAST,28 BUNYIP RIVER,0.68,2002-10-15T00:00:00Z,2013,Ferntree Gully South Downstream.,Waterway section
213,0806,KNOXFIELD OUTFALL DRAIN,0800,CORHANWARRABUL CREEK,PATTERSON RIVER,Dandenong,DIV 2 - SOUTHEAST COAST,28 BUNYIP RIVER,1.15,2002-10-30T00:00:00Z,2013,Knoxfield Outfall Drain,Waterway section
214,0809,FERNTREE GULLY CREEK,0800,CORHANWARRABUL CREEK,PATTERSON RIVER,Dandenong,DIV 2 - SOUTHEAST COAST,28 BUNYIP RIVER,2.88,2002-10-21T00:00:00Z,2013,Ferntree Gully Creek,Waterway section
215,1217,MILNE AVENUE,1200,KANANOOK CREEK,KANANOOK CREEK,Dandenong,DIV 2 - SOUTHEAST COAST,28 BUNYIP RIVER,1.45,2002-07-24T00:00:00Z,2013,Milne Avenue,Waterway section
216,0105,CHELSEA,0100,CARRUM OUTFALL DRAIN,PATTERSON RIVER,Dandenong,DIV 2 - SOUTHEAST COAST,28 BUNYIP RIVER,2.23,2002-11-26T00:00:00Z,2013,Chelsea,Waterway section
217,0106,WHATLEYS DRAIN,0100,CARRUM OUTFALL DRAIN,PATTERSON RIVER,Dandenong,DIV 2 - SOUTHEAST COAST,28 BUNYIP RIVER,0.74,2002-10-29T00:00:00Z,2013,Whatleys Drain,Waterway section
218,0107,VALETTA ST CATCHMENT,0100,CARRUM OUTFALL DRAIN,PATTERSON RIVER,Dandenong,DIV 2 - SOUTHEAST COAST,28 BUNYIP RIVER,0.47,2002-11-26T00:00:00Z,2013,Valetta St Catchment,Waterway section
219,0406,LITTLE BUNGALOOK CK D.S. (B),0400,UPPER DANDENONG CREEK,PATTERSON RIVER,Dandenong,DIV 2 - SOUTHEAST COAST,28 BUNYIP RIVER,0.7,2002-10-11T00:00:00Z,2013,Little Bungalook Ck Downstream. (B),Waterway section
220,0407,BUNGALOOK CREEK D.S.,0400,UPPER DANDENONG CREEK,PATTERSON RIVER,Dandenong,DIV 2 - SOUTHEAST COAST,28 BUNYIP RIVER,0.52,2002-10-11T00:00:00Z,2013,Bungalook Creek Downstream.,Waterway section
221,0408,GARDEN ST D.S.,0400,UPPER DANDENONG CREEK,PATTERSON RIVER,Dandenong,DIV 2 - SOUTHEAST COAST,28 BUNYIP RIVER,1.12,2002-10-11T00:00:00Z,2013,Garden St Downstream.,Waterway section
222,0409,KILSYTH M.D. D.S.,0400,UPPER DANDENONG CREEK,PATTERSON RIVER,Dandenong,DIV 2 - SOUTHEAST COAST,28 BUNYIP RIVER,3.14,2002-10-11T00:00:00Z,2013,Kilsyth Main Drain. Downstream.,Melbourne Water main drain
223,0810,FERNY CREEK (U/S RB),0800,CORHANWARRABUL CREEK,PATTERSON RIVER,Dandenong,DIV 2 - SOUTHEAST COAST,28 BUNYIP RIVER,7.11,2002-10-25T00:00:00Z,2013,Ferny Creek (Upstream Rb),Waterway section
224,0813,FERNY CREEK,0800,CORHANWARRABUL CREEK,PATTERSON RIVER,Dandenong,DIV 2 - SOUTHEAST COAST,28 BUNYIP RIVER,4.48,2002-10-21T00:00:00Z,2013,Ferny Creek,Waterway section
225,0814,MONBULK CREEK,0800,CORHANWARRABUL CREEK,PATTERSON RIVER,Dandenong,DIV 2 - SOUTHEAST COAST,28 BUNYIP RIVER,7.24,2002-11-21T00:00:00Z,2013,Monbulk Creek,Waterway section
226,0815,CORHANWARRABUL CREEK,0800,CORHANWARRABUL CREEK,PATTERSON RIVER,Dandenong,DIV 2 - SOUTHEAST COAST,28 BUNYIP RIVER,6.88,2002-11-01T00:00:00Z,2013,Corhanwarrabul Creek,Waterway section
227,0817,UPWEY CREEK,0800,CORHANWARRABUL CREEK,PATTERSON RIVER,Dandenong,DIV 2 - SOUTHEAST COAST,28 BUNYIP RIVER,1.24,2002-10-25T00:00:00Z,2013,Upwey Creek,Waterway section
228,0818,SHERBROOKE CREEK,0800,CORHANWARRABUL CREEK,PATTERSON RIVER,Dandenong,DIV 2 - SOUTHEAST COAST,28 BUNYIP RIVER,12.67,2002-10-30T00:00:00Z,2013,Sherbrooke Creek,Waterway section
229,1220,SEAFORD WETLANDS,1200,KANANOOK CREEK,KANANOOK CREEK,Dandenong,DIV 2 - SOUTHEAST COAST,28 BUNYIP RIVER,0.9,2002-10-29T00:00:00Z,2013,Seaford Wetlands,Waterway section
230,1224,OVERPORT OUTFALL,1200,KANANOOK CREEK,KANANOOK CREEK,Dandenong,DIV 2 - SOUTHEAST COAST,28 BUNYIP RIVER,2.89,2002-11-26T00:00:00Z,2013,Overport Outfall,Waterway section
231,1225,SEAFORD NORTH,1200,KANANOOK CREEK,KANANOOK CREEK,Dandenong,DIV 2 - SOUTHEAST COAST,28 BUNYIP RIVER,0.77,2002-10-30T00:00:00Z,2013,Seaford North,Waterway section
232,1226,TAMARISK CREEK (UPPER),1260,BOGGYCREEK,KANANOOK CREEK,Dandenong,DIV 2 - SOUTHEAST COAST,28 BUNYIP RIVER,2.37,2002-10-31T00:00:00Z,2013,Tamarisk Creek (Upper),Waterway section
233,1227,KANANOOK CK (D/S MILE BRIDGE),1200,KANANOOK CREEK,KANANOOK CREEK,Dandenong,DIV 2 - SOUTHEAST COAST,28 BUNYIP RIVER,0.1,2002-10-31T00:00:00Z,2013,Kananook Ck (Downstream Mile Bridge),Waterway section
234,0108,CARRUM OUTFALL DRAIN,0100,CARRUM OUTFALL DRAIN,PATTERSON RIVER,Dandenong,DIV 2 - SOUTHEAST COAST,28 BUNYIP RIVER,0.9,2002-11-06T00:00:00Z,2013,Carrum Outfall Drain,Waterway section
235,0201,ORDISH RD NORTH D.S.,0200,DANDENONG CREEK (Pillars Crossing/Police Rd),PATTERSON RIVER,Dandenong,DIV 2 - SOUTHEAST COAST,28 BUNYIP RIVER,2.18,2002-11-26T00:00:00Z,2013,Ordish Rd North Downstream.,Waterway section
236,0203,DANDENONG EAST,0200,DANDENONG CREEK (Pillars Crossing/Police Rd),PATTERSON RIVER,Dandenong,DIV 2 - SOUTHEAST COAST,28 BUNYIP RIVER,0.98,2002-10-30T00:00:00Z,2013,Dandenong East,Waterway section
237,0204,HEATHERTON - POWER RD D.S.,0200,DANDENONG CREEK (Pillars Crossing/Police Rd),PATTERSON RIVER,Dandenong,DIV 2 - SOUTHEAST COAST,28 BUNYIP RIVER,2.13,2002-10-15T00:00:00Z,2013,Heatherton - Power Rd Downstream.,Waterway section
238,0410,KILSYTH WEST D.S.,0400,UPPER DANDENONG CREEK,PATTERSON RIVER,Dandenong,DIV 2 - SOUTHEAST COAST,28 BUNYIP RIVER,0.73,2002-10-11T00:00:00Z,2013,Kilsyth West Downstream.,Waterway section
239,0411,CROYDON M.D.,0400,UPPER DANDENONG CREEK,PATTERSON RIVER,Dandenong,DIV 2 - SOUTHEAST COAST,28 BUNYIP RIVER,6.92,2002-11-27T00:00:00Z,2013,Croydon Main Drain.,Melbourne Water main drain
240,0412,KILSYTH M.D.,0400,UPPER DANDENONG CREEK,PATTERSON RIVER,Dandenong,DIV 2 - SOUTHEAST COAST,28 BUNYIP RIVER,5.64,2002-12-03T00:00:00Z,2013,Kilsyth Main Drain.,Melbourne Water main drain
241,0413,BUNGALOOK CREEK (LOWER),0400,UPPER DANDENONG CREEK,PATTERSON RIVER,Dandenong,DIV 2 - SOUTHEAST COAST,28 BUNYIP RIVER,1.95,2002-10-11T00:00:00Z,2013,Bungalook Creek (Lower),Waterway section
242,0414,FUSSEL RD DRAIN,0400,UPPER DANDENONG CREEK,PATTERSON RIVER,Dandenong,DIV 2 - SOUTHEAST COAST,28 BUNYIP RIVER,5.5,2003-09-05T00:00:00Z,2013,Fussel Rd Drain,Waterway section
243,0501,HALLAM NORTH RD D.S.,0500,EUMEMMERRRING CREEK,PATTERSON RIVER,Dandenong,DIV 2 - SOUTHEAST COAST,28 BUNYIP RIVER,4.09,2002-10-15T00:00:00Z,2013,Hallam North Rd Downstream.,Waterway section
244,0819,MAST GULLY CREEK,0800,CORHANWARRABUL CREEK,PATTERSON RIVER,Dandenong,DIV 2 - SOUTHEAST COAST,28 BUNYIP RIVER,3.77,2002-10-25T00:00:00Z,2013,Mast Gully Creek,Waterway section
245,0901,GEORGE ST D.S.,0900,BLIND CREEK,PATTERSON RIVER,Dandenong,DIV 2 - SOUTHEAST COAST,28 BUNYIP RIVER,0.46,2002-10-15T00:00:00Z,2013,George St Downstream.,Waterway section
246,0902,COPPELIA ST D.S.,0900,BLIND CREEK,PATTERSON RIVER,Dandenong,DIV 2 - SOUTHEAST COAST,28 BUNYIP RIVER,1.19,2002-10-15T00:00:00Z,2013,Coppelia St Downstream.,Waterway section
247,1228,KANANOOK CK (U/S MILE BRIDGE),1200,KANANOOK CREEK,KANANOOK CREEK,Dandenong,DIV 2 - SOUTHEAST COAST,28 BUNYIP RIVER,1.22,2002-10-30T00:00:00Z,2013,Kananook Ck (Upstream Mile Bridge),Waterway section
248,0205,ESSEX PARK D.S.,0200,DANDENONG CREEK (Pillars Crossing/Police Rd),PATTERSON RIVER,Dandenong,DIV 2 - SOUTHEAST COAST,28 BUNYIP RIVER,4,2002-10-15T00:00:00Z,2013,Essex Park Downstream.,Waterway section
249,0206,ESSEX PARK D.S. EXTENSION,0200,DANDENONG CREEK (Pillars Crossing/Police Rd),PATTERSON RIVER,Dandenong,DIV 2 - SOUTHEAST COAST,28 BUNYIP RIVER,6.42,2002-10-15T00:00:00Z,2013,Essex Park Downstream. Extension,Waterway section
250,0208,DANDENONG CREEK (LOWER),0200,DANDENONG CREEK (Pillars Crossing/Police Rd),PATTERSON RIVER,Dandenong,DIV 2 - SOUTHEAST COAST,28 BUNYIP RIVER,11.21,2002-11-26T00:00:00Z,2013,Dandenong Creek (Lower),Waterway section
251,0209,DANDENONG CK (NTH DANDENONG),0200,DANDENONG CREEK (Pillars Crossing/Police Rd),PATTERSON RIVER,Dandenong,DIV 2 - SOUTHEAST COAST,28 BUNYIP RIVER,3.47,2002-10-30T00:00:00Z,2013,Dandenong Ck (Nth Dandenong),Waterway section
252,0211,DOVETON,0200,DANDENONG CREEK (Pillars Crossing/Police Rd),PATTERSON RIVER,Dandenong,DIV 2 - SOUTHEAST COAST,28 BUNYIP RIVER,1.52,2002-11-26T00:00:00Z,2013,Doveton,Waterway section
253,0213,POLICE PADDOCKS,0200,DANDENONG CREEK (Pillars Crossing/Police Rd),PATTERSON RIVER,Dandenong,DIV 2 - SOUTHEAST COAST,28 BUNYIP RIVER,3.74,2002-11-26T00:00:00Z,2013,Police Paddocks,Waterway section
254,0214,MCFEE'S DRAIN,0200,DANDENONG CREEK (Pillars Crossing/Police Rd),PATTERSON RIVER,Dandenong,DIV 2 - SOUTHEAST COAST,28 BUNYIP RIVER,3.81,2002-11-26T00:00:00Z,2013,Mcfee's Drain,Waterway section
255,0215,RINGS DRAIN,0200,DANDENONG CREEK (Pillars Crossing/Police Rd),PATTERSON RIVER,Dandenong,DIV 2 - SOUTHEAST COAST,28 BUNYIP RIVER,1.75,2002-11-26T00:00:00Z,2013,Rings Drain,Waterway section
256,9835,SANDSTONE ISLAND,9999,MINOR WESTERN PORT ISLANDS,WESTERN PORT ISLANDS,Western Port,DIV 2 - SOUTHEAST COAST,28 BUNYIP RIVER,0.17,2005-10-21T00:00:00Z,2013,Sandstone Island,Waterway section
257,9880,9880 COUNCIL DRAINAGE DIRECT TO BAY,4110,KOROROIT CREEK,KOROROIT CREEK,Werribee,DIV 2 - SOUTHEAST COAST,31 WERRIBEE RIVER,5.27,2005-10-24T00:00:00Z,2013,Council Drainage Direct To Bay,Council drainage discharging directly
258,0503,EUMEMMERRING CREEK (LOWER),0500,EUMEMMERRRING CREEK,PATTERSON RIVER,Dandenong,DIV 2 - SOUTHEAST COAST,28 BUNYIP RIVER,0.54,2002-11-06T00:00:00Z,2013,Eumemmerring Creek (Lower),Waterway section
259,0903,RIDDELL RD D.S.,0900,BLIND CREEK,PATTERSON RIVER,Dandenong,DIV 2 - SOUTHEAST COAST,28 BUNYIP RIVER,2.03,2002-10-15T00:00:00Z,2013,Riddell Rd Downstream.,Waterway section
260,0904,WANTIRNA SOUTH D.S.,0900,BLIND CREEK,PATTERSON RIVER,Dandenong,DIV 2 - SOUTHEAST COAST,28 BUNYIP RIVER,2.23,2002-10-15T00:00:00Z,2013,Wantirna South Downstream.,Waterway section
261,0905,TEMPLETON ST D.S.,0900,BLIND CREEK,PATTERSON RIVER,Dandenong,DIV 2 - SOUTHEAST COAST,28 BUNYIP RIVER,1.34,2002-10-15T00:00:00Z,2013,Templeton St Downstream.,Waterway section
262,0906,STUDFIELD WEST D.S.,0900,BLIND CREEK,PATTERSON RIVER,Dandenong,DIV 2 - SOUTHEAST COAST,28 BUNYIP RIVER,1.97,2002-10-15T00:00:00Z,2013,Studfield West Downstream.,Waterway section
263,0907,SASSES AVE D.S.,0900,BLIND CREEK,PATTERSON RIVER,Dandenong,DIV 2 - SOUTHEAST COAST,28 BUNYIP RIVER,4.08,2002-10-15T00:00:00Z,2013,Sasses Ave Downstream.,Waterway section
264,1230,LATHAMS RD D.S.,1260,BOGGY CREEK,KANANOOK CREEK,Dandenong,DIV 2 - SOUTHEAST COAST,28 BUNYIP RIVER,1.98,2002-10-18T00:00:00Z,2013,Lathams Rd Downstream.,Waterway section
265,1301,MANUKA RD D.S.,1300,CARDINIA CREEK,CARDINIA CREEK,Western Port,DIV 2 - SOUTHEAST COAST,28 BUNYIP RIVER,0.81,2002-10-18T00:00:00Z,2013,Manuka Rd Downstream.,Waterway section
266,1302,GRASMERE CREEK,1300,CARDINIA CREEK,CARDINIA CREEK,Western Port,DIV 2 - SOUTHEAST COAST,28 BUNYIP RIVER,8.49,2002-10-18T00:00:00Z,2013,Grasmere Creek,Waterway section
267,1303,LANGRIDGE ST DRAIN,1300,CARDINIA CREEK,CARDINIA CREEK,Western Port,DIV 2 - SOUTHEAST COAST,28 BUNYIP RIVER,2.62,2002-10-18T00:00:00Z,2013,Langridge St Drain,Waterway section
268,9877,9877 COUNCIL DRAINAGE DIRECT TO BAY,4400,YARRA RIVER MAIN STREAM,YARRA RIVER,Yarra,DIV 2 - SOUTHEAST COAST,29 YARRA RIVER,1.14,2005-10-24T00:00:00Z,2013,Council Drainage Direct To Bay,Council drainage discharging directly
269,9883,9883 COUNCIL DRAINAGE DIRECT TO BAY,4100,CHERRY MAIN DRAIN,LAVERTON CREEK,Werribee,DIV 2 - SOUTHEAST COAST,31 WERRIBEE RIVER,0.84,2005-10-24T00:00:00Z,2013,Council Drainage Direct To Bay,Council drainage discharging directly
270,0101,PATTERSON LAKES STH PROJECT,0100,CARRUM OUTFALL DRAIN,PATTERSON RIVER,Dandenong,DIV 2 - SOUTHEAST COAST,28 BUNYIP RIVER,2.63,2002-10-29T00:00:00Z,2013,Patterson Lakes Sth Project,Waterway section
271,0506,EUMEMMERRING CK UPPER SOUTH BR,0500,EUMEMMERRRING CREEK,PATTERSON RIVER,Dandenong,DIV 2 - SOUTHEAST COAST,28 BUNYIP RIVER,2.56,2002-10-29T00:00:00Z,2013,Eumemmerring Ck Upper South Br,Waterway section
272,0508,ORDISH RD SOUTH D.S.,0500,EUMEMMERRRING CREEK,PATTERSON RIVER,Dandenong,DIV 2 - SOUTHEAST COAST,28 BUNYIP RIVER,1.85,2002-10-17T00:00:00Z,2013,Ordish Rd South Downstream.,Waterway section
273,0910,FOREST RD DRAIN,0900,BLIND CREEK,PATTERSON RIVER,Dandenong,DIV 2 - SOUTHEAST COAST,28 BUNYIP RIVER,3.99,2003-09-05T00:00:00Z,2013,Forest Rd Drain,Waterway section
274,0911,BORONIA TOWNSHIP,0900,BLIND CREEK,PATTERSON RIVER,Dandenong,DIV 2 - SOUTHEAST COAST,28 BUNYIP RIVER,1.68,2002-09-04T00:00:00Z,2013,Boronia Township,Waterway section
275,1304,OFFICER SOUTH DRAIN,1300,CARDINIA CREEK,CARDINIA CREEK,Western Port,DIV 2 - SOUTHEAST COAST,28 BUNYIP RIVER,4.44,2002-10-18T00:00:00Z,2013,Officer South Drain,Waterway section
276,1305,DAVIDSON'S CREEK,1300,CARDINIA CREEK,CARDINIA CREEK,Western Port,DIV 2 - SOUTHEAST COAST,28 BUNYIP RIVER,3.44,2002-10-18T00:00:00Z,2013,Davidson's Creek,Waterway section
277,1306,O'NEILS RD D.S.,1300,CARDINIA CREEK,CARDINIA CREEK,Western Port,DIV 2 - SOUTHEAST COAST,28 BUNYIP RIVER,2.72,2002-10-18T00:00:00Z,2013,O'neils Rd Downstream.,Waterway section
278,1307,OFFICER CREEK,1300,CARDINIA CREEK,CARDINIA CREEK,Western Port,DIV 2 - SOUTHEAST COAST,28 BUNYIP RIVER,3.01,2002-10-18T00:00:00Z,2013,Officer Creek,Waterway section
279,1308,BRISBANE CREEK,1300,CARDINIA CREEK,CARDINIA CREEK,Western Port,DIV 2 - SOUTHEAST COAST,28 BUNYIP RIVER,7.48,2002-10-28T00:00:00Z,2013,Brisbane Creek,Waterway section
280,2880,BUNYIP RIVER (LOWER),2800,BUNYIP RIVER,BUNYIP RIVER,Western Port,DIV 2 - SOUTHEAST COAST,28 BUNYIP RIVER,5.33,2003-09-24T00:00:00Z,2013,Bunyip River (Lower),Waterway section
281,2881,BUNYIP TOWNSHIP D.S.,2800,BUNYIP RIVER,BUNYIP RIVER,Western Port,DIV 2 - SOUTHEAST COAST,28 BUNYIP RIVER,1.79,2002-12-02T00:00:00Z,2013,Bunyip Township Downstream.,Waterway section
282,2819,SMEDLEYS CREEK,2800,BUNYIP RIVER,BUNYIP RIVER,Western Port,DIV 2 - SOUTHEAST COAST,28 BUNYIP RIVER,3.61,2003-09-23T00:00:00Z,2013,Smedleys Creek,Waterway section
283,2820,BUNYIP RIVER (MIDDLE),2800,BUNYIP RIVER,BUNYIP RIVER,Western Port,DIV 2 - SOUTHEAST COAST,28 BUNYIP RIVER,26.03,2003-09-23T00:00:00Z,2013,Bunyip River (Middle),Waterway section
284,2825,TWO MILE CREEK WEST,2800,BUNYIP RIVER,BUNYIP RIVER,Western Port,DIV 2 - SOUTHEAST COAST,28 BUNYIP RIVER,18.48,2003-09-23T00:00:00Z,2013,Two Mile Creek West,Waterway section
285,2160,MANTON CREEK,2100,HASTINGS SOUTH,MORN'N PENINSULA / WESTERN PORT,Western Port,DIV 2 - SOUTHEAST COAST,28 BUNYIP RIVER,7.4,NA,2013,Manton Creek,Waterway section
286,2165,MANTON CREEK SOUTH BRANCH,2100,HASTINGS SOUTH,MORN'N PENINSULA / WESTERN PORT,Western Port,DIV 2 - SOUTHEAST COAST,28 BUNYIP RIVER,3.37,2005-09-13T00:00:00Z,2013,Manton Creek South Branch,Waterway section
287,2170,COTTON TREE CREEK,2100,HASTINGS SOUTH,MORN'N PENINSULA / WESTERN PORT,Western Port,DIV 2 - SOUTHEAST COAST,28 BUNYIP RIVER,3.99,NA,2013,Cotton Tree Creek,Waterway section
288,2175,MUSK CREEK,2100,HASTINGS SOUTH,MORN'N PENINSULA / WESTERN PORT,Western Port,DIV 2 - SOUTHEAST COAST,28 BUNYIP RIVER,5.43,NA,2013,Musk Creek,Waterway section
289,2826,BUNYIP RIVER SYPHON,2800,BUNYIP RIVER,BUNYIP RIVER,Western Port,DIV 2 - SOUTHEAST COAST,28 BUNYIP RIVER,12.11,2003-09-23T00:00:00Z,2013,Bunyip River Syphon,Waterway section
290,2827,BULLOCK CREEK,2800,BUNYIP RIVER,BUNYIP RIVER,Western Port,DIV 2 - SOUTHEAST COAST,28 BUNYIP RIVER,5.31,2003-09-23T00:00:00Z,2013,Bullock Creek,Waterway section
291,2830,DIAMOND CREEK SOUTH EAST,2800,BUNYIP RIVER,BUNYIP RIVER,Western Port,DIV 2 - SOUTHEAST COAST,28 BUNYIP RIVER,53.27,2003-09-23T00:00:00Z,2013,Diamond Creek South East,Waterway section
292,2831,WILLIAM WALLACE CREEK,2800,BUNYIP RIVER,BUNYIP RIVER,Western Port,DIV 2 - SOUTHEAST COAST,28 BUNYIP RIVER,10.23,2003-09-23T00:00:00Z,2013,William Wallace Creek,Waterway section
293,2832,TYNONG CREEK,2800,BUNYIP RIVER,BUNYIP RIVER,Western Port,DIV 2 - SOUTHEAST COAST,28 BUNYIP RIVER,1.17,2003-09-23T00:00:00Z,2013,Tynong Creek,Waterway section
294,2833,TRIANGLE CREEK,2800,BUNYIP RIVER,BUNYIP RIVER,Western Port,DIV 2 - SOUTHEAST COAST,28 BUNYIP RIVER,4.18,2003-09-23T00:00:00Z,2013,Triangle Creek,Waterway section
295,2180,DODDS CREEK,2100,HASTINGS SOUTH,MORN'N PENINSULA / WESTERN PORT,Western Port,DIV 2 - SOUTHEAST COAST,28 BUNYIP RIVER,2.9,NA,2013,Dodds Creek,Waterway section
296,9838,9838 DIRECT TO BAY CATCHMENTS,2100,HASTINGS SOUTH,MORN'N PENINSULA / WESTERN PORT,Western Port,DIV 2 - SOUTHEAST COAST,28 BUNYIP RIVER,3.39,2005-09-13T00:00:00Z,2013,Direct To Bay Catchments,Waterway section
297,2220,WARRINGINE CREEK,2200,HASTINGS NORTH,MORN'N PENINSULA / WESTERN PORT,Western Port,DIV 2 - SOUTHEAST COAST,28 BUNYIP RIVER,47.06,2003-12-15T00:00:00Z,2013,Warringine Creek,Waterway section
298,2221,WARRINGINE CREEK D.S.,2200,HASTINGS NORTH,MORN'N PENINSULA / WESTERN PORT,Western Port,DIV 2 - SOUTHEAST COAST,28 BUNYIP RIVER,1.14,2002-10-18T00:00:00Z,2013,Warringine Creek Downstream.,Waterway section
299,2223,TRIB OF WARRINGINE CREEK,2200,HASTINGS NORTH,MORN'N PENINSULA / WESTERN PORT,Western Port,DIV 2 - SOUTHEAST COAST,28 BUNYIP RIVER,7.11,2003-12-15T00:00:00Z,2013,Tributary Of Warringine Creek,Waterway section
300,2230,KINGS CREEK,2200,HASTINGS NORTH,MORN'N PENINSULA / WESTERN PORT,Western Port,DIV 2 - SOUTHEAST COAST,28 BUNYIP RIVER,7.69,2003-12-15T00:00:00Z,2013,Kings Creek,Waterway section
301,2634,DINGO CREEK,2800,BUNYIP RIVER,BUNYIP RIVER,Western Port,DIV 2 - SOUTHEAST COAST,28 BUNYIP RIVER,9.43,2003-09-23T00:00:00Z,2013,Dingo Creek,Waterway section
302,2840,TWO MILE CREEK EAST,2800,BUNYIP RIVER,BUNYIP RIVER,Western Port,DIV 2 - SOUTHEAST COAST,28 BUNYIP RIVER,6.34,2003-09-23T00:00:00Z,2013,Two Mile Creek East,Waterway section
303,2241,TRIB OF OLIVERS CREEK,2200,HASTINGS NORTH,MORN'N PENINSULA / WESTERN PORT,Western Port,DIV 2 - SOUTHEAST COAST,28 BUNYIP RIVER,4.89,2003-12-15T00:00:00Z,2013,Tributary Of Olivers Creek,Waterway section
304,2242,TRIB OF OLIVERS CREEK TYABB DN,2200,HASTINGS NORTH,MORN'N PENINSULA / WESTERN PORT,Western Port,DIV 2 - SOUTHEAST COAST,28 BUNYIP RIVER,3.86,2003-12-15T00:00:00Z,2013,Tributary Of Olivers Creek Tyabb Dn,Waterway section
305,2251,CRIB POINT D.S.,2200,HASTINGS NORTH,MORN'N PENINSULA / WESTERN PORT,Western Port,DIV 2 - SOUTHEAST COAST,28 BUNYIP RIVER,0.39,2002-10-18T00:00:00Z,2013,Crib Point Downstream.,Waterway section
306,2310,McKIRDY RD DRAIN,2300,WATSON INLET,MORN'N PENINSULA / WESTERN PORT,Western Port,DIV 2 - SOUTHEAST COAST,28 BUNYIP RIVER,12.79,2003-12-17T00:00:00Z,2013,Mckirdy Rd Drain,Waterway section
307,2320,WATSON CREEK,2300,WATSON INLET,MORN'N PENINSULA / WESTERN PORT,Western Port,DIV 2 - SOUTHEAST COAST,28 BUNYIP RIVER,26.67,2003-12-17T00:00:00Z,2013,Watson Creek,Waterway section
308,2321,TRIB WATSONS CK HENDERSON RD,2300,WATSON INLET,MORN'N PENINSULA / WESTERN PORT,Western Port,DIV 2 - SOUTHEAST COAST,28 BUNYIP RIVER,0.57,2003-12-17T00:00:00Z,2013,Tributary Watsons Ck Henderson Rd,Waterway section
309,2322,BAXTER CENTRAL OUTFALL,2300,WATSON INLET,MORN'N PENINSULA / WESTERN PORT,Western Port,DIV 2 - SOUTHEAST COAST,28 BUNYIP RIVER,0.35,2003-12-17T00:00:00Z,2013,Baxter Central Outfall,Waterway section
310,2323,BAXTER WEST D.S.,2300,WATSON INLET,MORN'N PENINSULA / WESTERN PORT,Western Port,DIV 2 - SOUTHEAST COAST,28 BUNYIP RIVER,5.69,2002-10-18T00:00:00Z,2013,Baxter West Downstream.,Waterway section
311,2324,BAXTER EAST D.S.,2300,WATSON INLET,MORN'N PENINSULA / WESTERN PORT,Western Port,DIV 2 - SOUTHEAST COAST,28 BUNYIP RIVER,6.31,2002-10-18T00:00:00Z,2013,Baxter East Downstream.,Waterway section
312,2326,KINLORA D.S.,2300,WATSON INLET,MORN'N PENINSULA / WESTERN PORT,Western Port,DIV 2 - SOUTHEAST COAST,28 BUNYIP RIVER,1.67,2002-10-18T00:00:00Z,2013,Kinlora Downstream.,Waterway section
313,2327,GOMMS RD D.S.,2300,WATSON INLET,MORN'N PENINSULA / WESTERN PORT,Western Port,DIV 2 - SOUTHEAST COAST,28 BUNYIP RIVER,0.93,2002-10-18T00:00:00Z,2013,Gomms Rd Downstream.,Waterway section
314,2328,SOMERVILLE D.S.,2300,WATSON INLET,MORN'N PENINSULA / WESTERN PORT,Western Port,DIV 2 - SOUTHEAST COAST,28 BUNYIP RIVER,3.31,2002-10-18T00:00:00Z,2013,Somerville Downstream.,Waterway section
315,2329,TRIB OF WATSONS CREEK,2300,WATSON INLET,MORN'N PENINSULA / WESTERN PORT,Western Port,DIV 2 - SOUTHEAST COAST,28 BUNYIP RIVER,4.91,2003-12-17T00:00:00Z,2013,Tributary Of Watsons Creek,Waterway section
316,2330,PEARCEDALE SOUTH,2300,WATSON INLET,MORN'N PENINSULA / WESTERN PORT,Western Port,DIV 2 - SOUTHEAST COAST,28 BUNYIP RIVER,4.65,2003-12-17T00:00:00Z,2013,Pearcedale South,Waterway section
317,2331,LANGWARRIN SOUTH D.S.,2300,WATSON INLET,MORN'N PENINSULA / WESTERN PORT,Western Port,DIV 2 - SOUTHEAST COAST,28 BUNYIP RIVER,5.96,2002-10-18T00:00:00Z,2013,Langwarrin South Downstream.,Waterway section
318,2340,QUAIL INLET DRAIN,2300,WATSON INLET,MORN'N PENINSULA / WESTERN PORT,Western Port,DIV 2 - SOUTHEAST COAST,28 BUNYIP RIVER,9.09,2003-12-18T00:00:00Z,2013,Quail Inlet Drain,Waterway section
319,2341,QUAIL INLET DRAIN WEST,2300,WATSON INLET,MORN'N PENINSULA / WESTERN PORT,Western Port,DIV 2 - SOUTHEAST COAST,28 BUNYIP RIVER,3.34,2003-12-17T00:00:00Z,2013,Quail Inlet Drain West,Waterway section
320,2651,TRIB OF MUDDY CREEK EAST,2600,TARAGO RIVER,BUNYIP RIVER,Western Port,DIV 2 - SOUTHEAST COAST,28 BUNYIP RIVER,3.2,2003-09-18T00:00:00Z,2013,Tributary Of Muddy Creek East,Waterway section
321,2652,BRANDY CREEK,2600,TARAGO RIVER,BUNYIP RIVER,Western Port,DIV 2 - SOUTHEAST COAST,28 BUNYIP RIVER,5.55,2003-09-18T00:00:00Z,2013,Brandy Creek,Waterway section
322,2660,RED JACKET CREEK,2600,TARAGO RIVER,BUNYIP RIVER,Western Port,DIV 2 - SOUTHEAST COAST,28 BUNYIP RIVER,3.97,2003-09-18T00:00:00Z,2013,Red Jacket Creek,Waterway section
323,2811,LINK CREEK,2800,BUNYIP RIVER,BUNYIP RIVER,Western Port,DIV 2 - SOUTHEAST COAST,28 BUNYIP RIVER,3.64,2003-09-23T00:00:00Z,2013,Link Creek,Waterway section
324,2812,TRIB OF BACK CREEK,2800,BUNYIP RIVER,BUNYIP RIVER,Western Port,DIV 2 - SOUTHEAST COAST,28 BUNYIP RIVER,3.66,2003-09-23T00:00:00Z,2013,Tributary Of Back Creek,Waterway section
325,2813,RUSSELL CREEK (2813),2800,BUNYIP RIVER,BUNYIP RIVER,Western Port,DIV 2 - SOUTHEAST COAST,28 BUNYIP RIVER,6.51,2003-09-23T00:00:00Z,2013,Russell Creek (2813),Waterway section
326,2814,LAWLESS CREEK,2800,BUNYIP RIVER,BUNYIP RIVER,Western Port,DIV 2 - SOUTHEAST COAST,28 BUNYIP RIVER,2.93,2003-09-23T00:00:00Z,2013,Lawless Creek,Waterway section
327,2815,DYER CREEK,2800,BUNYIP RIVER,BUNYIP RIVER,Western Port,DIV 2 - SOUTHEAST COAST,28 BUNYIP RIVER,5.88,2003-09-23T00:00:00Z,2013,Dyer Creek,Waterway section
328,2816,MORRIS CREEK,2800,BUNYIP RIVER,BUNYIP RIVER,Western Port,DIV 2 - SOUTHEAST COAST,28 BUNYIP RIVER,3.86,2003-09-23T00:00:00Z,2013,Morris Creek,Waterway section
329,2817,NASH CREEK,2800,BUNYIP RIVER,BUNYIP RIVER,Western Port,DIV 2 - SOUTHEAST COAST,28 BUNYIP RIVER,2.39,2003-09-23T00:00:00Z,2013,Nash Creek,Waterway section
330,2661,PILGRIM CREEK,2600,TARAGO RIVER,BUNYIP RIVER,Western Port,DIV 2 - SOUTHEAST COAST,28 BUNYIP RIVER,2.19,2003-09-18T00:00:00Z,2013,Pilgrim Creek,Waterway section
331,2683,QUARRY RD CREEK,2600,TARAGO RIVER,BUNYIP RIVER,Western Port,DIV 2 - SOUTHEAST COAST,28 BUNYIP RIVER,4.42,2003-09-18T00:00:00Z,2013,Quarry Rd Creek,Waterway section
332,2684,MOSQUITO CREEK,2600,TARAGO RIVER,BUNYIP RIVER,Western Port,DIV 2 - SOUTHEAST COAST,28 BUNYIP RIVER,2.72,2002-11-14T00:00:00Z,2013,Mosquito Creek,Waterway section
333,2685,KELVIN TRACK CREEK,2600,TARAGO RIVER,BUNYIP RIVER,Western Port,DIV 2 - SOUTHEAST COAST,28 BUNYIP RIVER,2.08,2003-09-19T00:00:00Z,2013,Kelvin Track Creek,Waterway section
334,2686,TRIB OF LOWER TARAGO RIVER,2600,TARAGO RIVER,BUNYIP RIVER,Western Port,DIV 2 - SOUTHEAST COAST,28 BUNYIP RIVER,8.05,2002-11-14T00:00:00Z,2013,Tributary Of Lower Tarago River,Waterway section
335,2687,TRIB OF LOWER TARAGO RIVER,2600,TARAGO RIVER,BUNYIP RIVER,Western Port,DIV 2 - SOUTHEAST COAST,28 BUNYIP RIVER,5.4,2003-09-19T00:00:00Z,2013,Tributary Of Lower Tarago River,Waterway section
336,2720,ARARAT CREEK,2700,ARARAT CREEK,BUNYIP RIVER,Western Port,DIV 2 - SOUTHEAST COAST,28 BUNYIP RIVER,30.98,2003-10-07T00:00:00Z,2013,Ararat Creek,Waterway section
337,2721,BESSIE CREEK,2700,ARARAT CREEK,BUNYIP RIVER,Western Port,DIV 2 - SOUTHEAST COAST,28 BUNYIP RIVER,12.67,2003-11-28T00:00:00Z,2013,Bessie Creek,Waterway section
338,2722,BACK CREEK SOUTH EAST,2700,ARARAT CREEK,BUNYIP RIVER,Western Port,DIV 2 - SOUTHEAST COAST,28 BUNYIP RIVER,20.15,2003-10-07T00:00:00Z,2013,Back Creek South East,Waterway section
339,2723,MARYKNOLL TRIB OF BACK CREEK,2700,ARARAT CREEK,BUNYIP RIVER,Western Port,DIV 2 - SOUTHEAST COAST,28 BUNYIP RIVER,4.02,2002-11-14T00:00:00Z,2013,Maryknoll Tributary Of Back Creek,Waterway section
340,2724,FORBES RD TRIB OF BACK CREEK,2700,ARARAT CREEK,BUNYIP RIVER,Western Port,DIV 2 - SOUTHEAST COAST,28 BUNYIP RIVER,4.67,2003-12-08T00:00:00Z,2013,Forbes Rd Tributary Of Back Creek,Waterway section
341,2801,DODD CREEK,2800,BUNYIP RIVER,BUNYIP RIVER,Western Port,DIV 2 - SOUTHEAST COAST,28 BUNYIP RIVER,1.03,2003-09-19T00:00:00Z,2013,Dodd Creek,Waterway section
342,2802,WORLLEY CREEK,2800,BUNYIP RIVER,BUNYIP RIVER,Western Port,DIV 2 - SOUTHEAST COAST,28 BUNYIP RIVER,5.52,2003-09-19T00:00:00Z,2013,Worlley Creek,Waterway section
343,2803,HEAD CREEK,2800,BUNYIP RIVER,BUNYIP RIVER,Western Port,DIV 2 - SOUTHEAST COAST,28 BUNYIP RIVER,1.93,2003-09-19T00:00:00Z,2013,Head Creek,Waterway section
344,2804,MOOMBA CREEK,2800,BUNYIP RIVER,BUNYIP RIVER,Western Port,DIV 2 - SOUTHEAST COAST,28 BUNYIP RIVER,0.85,2003-09-19T00:00:00Z,2013,Moomba Creek,Waterway section
345,2805,BILLOW CREEK,2800,BUNYIP RIVER,BUNYIP RIVER,Western Port,DIV 2 - SOUTHEAST COAST,28 BUNYIP RIVER,2.22,2003-09-19T00:00:00Z,2013,Billow Creek,Waterway section
346,2807,SEVEN ACRES CREEK,2800,BUNYIP RIVER,BUNYIP RIVER,Western Port,DIV 2 - SOUTHEAST COAST,28 BUNYIP RIVER,4.09,2003-09-19T00:00:00Z,2013,Seven Acres Creek,Waterway section
347,2809,HAROLD CREEK,2800,BUNYIP RIVER,BUNYIP RIVER,Western Port,DIV 2 - SOUTHEAST COAST,28 BUNYIP RIVER,3.45,2003-09-23T00:00:00Z,2013,Harold Creek,Waterway section
348,2810,BACK CREEK,2800,BUNYIP RIVER,BUNYIP RIVER,Western Port,DIV 2 - SOUTHEAST COAST,28 BUNYIP RIVER,26.67,2003-09-23T00:00:00Z,2013,Back Creek,Waterway section
349,2622,TRIB OF NINE MILE CREEK,2600,TARAGO RIVER,BUNYIP RIVER,Western Port,DIV 2 - SOUTHEAST COAST,28 BUNYIP RIVER,4.14,2003-09-18T00:00:00Z,2013,Tributary Of Nine Mile Creek,Waterway section
350,2623,WATTLE CREEK (2623),2600,TARAGO RIVER,BUNYIP RIVER,Western Port,DIV 2 - SOUTHEAST COAST,28 BUNYIP RIVER,5.61,2002-11-14T00:00:00Z,2013,Wattle Creek (2623),Waterway section
351,2630,WHISKEY CREEK,2600,TARAGO RIVER,BUNYIP RIVER,Western Port,DIV 2 - SOUTHEAST COAST,28 BUNYIP RIVER,9.25,2003-09-18T00:00:00Z,2013,Whiskey Creek,Waterway section
352,2640,GUM SCRUB CREEK EAST,2600,TARAGO RIVER,BUNYIP RIVER,Western Port,DIV 2 - SOUTHEAST COAST,28 BUNYIP RIVER,15.75,2003-09-18T00:00:00Z,2013,Gum Scrub Creek East,Waterway section
353,2650,MUDDY CREEK EAST,2600,TARAGO RIVER,BUNYIP RIVER,Western Port,DIV 2 - SOUTHEAST COAST,28 BUNYIP RIVER,12.36,2003-09-18T00:00:00Z,2013,Muddy Creek East,Waterway section
354,2853,TEA TREE CREEK,2800,BUNYIP RIVER,BUNYIP RIVER,Western Port,DIV 2 - SOUTHEAST COAST,28 BUNYIP RIVER,11.38,2003-09-23T00:00:00Z,2013,Tea Tree Creek,Waterway section
355,2870,LONGWARRY DRAIN,2800,BUNYIP RIVER,BUNYIP RIVER,Western Port,DIV 2 - SOUTHEAST COAST,28 BUNYIP RIVER,7.76,2002-11-08T00:00:00Z,2013,Longwarry Drain,Waterway section
356,2904,SOUTHERN BOUNDARY DRAIN,2900,YALLOCK CREEK,YALLOCK CREEK,Western Port,DIV 2 - SOUTHEAST COAST,28 BUNYIP RIVER,15.37,2003-09-25T00:00:00Z,2013,Southern Boundary Drain,Waterway section
357,2818,JONAS CREEK,2800,BUNYIP RIVER,BUNYIP RIVER,Western Port,DIV 2 - SOUTHEAST COAST,28 BUNYIP RIVER,3.3,2003-09-23T00:00:00Z,2013,Jonas Creek,Waterway section
358,4504,LEHMANNS RD DRAIN,4510,DAREBIN CREEK,YARRA RIVER,Yarra,DIV 2 - SOUTHEAST COAST,29 YARRA RIVER,0.63,2002-10-29T00:00:00Z,2013,Lehmanns Rd Drain,Waterway section
359,4216,SUNSHINE M.D.,4200,STONY CREEK,KOROROIT CREEK,Werribee,DIV 2 - SOUTHEAST COAST,31 WERRIBEE RIVER,1.34,2002-07-24T00:00:00Z,2013,Sunshine Main Drain.,Melbourne Water main drain
360,4217,CUMBERLAND ST DRAIN,4200,STONY CREEK,KOROROIT CREEK,Werribee,DIV 2 - SOUTHEAST COAST,31 WERRIBEE RIVER,1.37,2002-10-30T00:00:00Z,2013,Cumberland St Drain,Waterway section
361,4220,MARIBYRNONG RIVER (LOWER),4220,MARIBYRNONG RIVER,MARIBYRNONG RIVER,Maribyrnong,DIV 2 - SOUTHEAST COAST,30 MARIBYRNONG RIVER,11.94,2003-07-30T00:00:00Z,2013,Maribyrnong River (Lower),Waterway section
362,4442,THOMASTOWN DRAIN,4420,MERRI CREEK,YARRA RIVER,Yarra,DIV 2 - SOUTHEAST COAST,29 YARRA RIVER,1.71,2002-10-09T00:00:00Z,2013,Thomastown Drain,Waterway section
363,4443,KEON PARK DRAIN,4420,MERRI CREEK,YARRA RIVER,Yarra,DIV 2 - SOUTHEAST COAST,29 YARRA RIVER,0.22,2002-10-09T00:00:00Z,2013,Keon Park Drain,Waterway section
364,4444,EPPING DRAIN,4420,MERRI CREEK,YARRA RIVER,Yarra,DIV 2 - SOUTHEAST COAST,29 YARRA RIVER,2.65,2002-10-30T00:00:00Z,2013,Epping Drain,Waterway section
365,4445,YALE DR DRAIN,4420,MERRI CREEK,YARRA RIVER,Yarra,DIV 2 - SOUTHEAST COAST,29 YARRA RIVER,3.09,2002-10-21T00:00:00Z,2013,Yale Dr Drain,Waterway section
366,4446,CHAUVEL ST DRAIN,4420,MERRI CREEK,YARRA RIVER,Yarra,DIV 2 - SOUTHEAST COAST,29 YARRA RIVER,0.94,2002-10-09T00:00:00Z,2013,Chauvel St Drain,Waterway section
367,4447,VEARINGS RD DRAIN,4420,MERRI CREEK,YARRA RIVER,Yarra,DIV 2 - SOUTHEAST COAST,29 YARRA RIVER,5.98,2002-11-14T00:00:00Z,2013,Vearings Rd Drain,Waterway section
368,4448,TRIB OF VEARINGS RD DRAIN,4420,MERRI CREEK,YARRA RIVER,Yarra,DIV 2 - SOUTHEAST COAST,29 YARRA RIVER,1.59,2003-10-29T00:00:00Z,2013,Tributary Of Vearings Rd Drain,Waterway section
369,4449,TRIB OF EDGARS CREEK,4420,MERRI CREEK,YARRA RIVER,Yarra,DIV 2 - SOUTHEAST COAST,29 YARRA RIVER,2,2002-10-22T00:00:00Z,2013,Tributary Of Edgars Creek,Waterway section
370,4130,KOROROIT CREEK (MIDDLE),4110,KOROROIT CREEK,KOROROIT CREEK,Werribee,DIV 2 - SOUTHEAST COAST,31 WERRIBEE RIVER,8.02,2003-07-30T00:00:00Z,2013,Kororoit Creek (Middle),Waterway section
371,4131,JONES CREEK,4110,KOROROIT CREEK,KOROROIT CREEK,Werribee,DIV 2 - SOUTHEAST COAST,31 WERRIBEE RIVER,2.61,2002-10-30T00:00:00Z,2013,Jones Creek,Waterway section
372,4132,GLADSTONE ST DRAIN,4110,KOROROIT CREEK,KOROROIT CREEK,Werribee,DIV 2 - SOUTHEAST COAST,31 WERRIBEE RIVER,2.77,2002-10-10T00:00:00Z,2013,Gladstone St Drain,Waterway section
373,4261,ARUNDEL CREEK,4220,MARIBYRNONG RIVER,MARIBYRNONG RIVER,Maribyrnong,DIV 2 - SOUTHEAST COAST,30 MARIBYRNONG RIVER,5.23,NA,2013,Arundel Creek,Waterway section
374,4366,SOMERTON RESERVOIR OVERFLOW DR,4310,MOONEE PONDS CREEK,YARRA RIVER,Yarra,DIV 2 - SOUTHEAST COAST,29 YARRA RIVER,0.85,2002-10-09T00:00:00Z,2013,Somerton Reservoir Overflow Dr,Waterway section
375,4221,FOOTSCRAY M.D.,4220,MARIBYRNONG RIVER,MARIBYRNONG RIVER,Maribyrnong,DIV 2 - SOUTHEAST COAST,30 MARIBYRNONG RIVER,1.98,2002-10-29T00:00:00Z,2013,Footscray Main Drain.,Melbourne Water main drain
376,4340,WESTBREEN CREEK,4310,MOONEE PONDS CREEK,YARRA RIVER,Yarra,DIV 2 - SOUTHEAST COAST,29 YARRA RIVER,2.29,2002-10-21T00:00:00Z,2013,Westbreen Creek,Waterway section
377,3580,TUBBARUBBA CREEK,3500,SAFETY BEACH,MORN'N PENINSULA / PORT PHILLIP,Western Port,DIV 2 - SOUTHEAST COAST,28 BUNYIP RIVER,4.82,NA,2013,Tubbarubba Creek,Waterway section
378,3585,BULLDOG CREEK,3500,SAFETY BEACH,MORN'N PENINSULA / PORT PHILLIP,Western Port,DIV 2 - SOUTHEAST COAST,28 BUNYIP RIVER,5.51,NA,2013,Bulldog Creek,Waterway section
379,3587,TRIB OF TUBBARUBBA CREEK,3500,SAFETY BEACH,MORN'N PENINSULA / PORT PHILLIP,Western Port,DIV 2 - SOUTHEAST COAST,28 BUNYIP RIVER,2.63,2005-07-25T00:00:00Z,2013,Tributary Of Tubbarubba Creek,Waterway section
380,9847,9847 DIRECT TO BAY CATCHMENTS,3500,SAFETY BEACH,MORN'N PENINSULA / PORT PHILLIP,Western Port,DIV 2 - SOUTHEAST COAST,28 BUNYIP RIVER,1.14,2005-09-22T00:00:00Z,2013,Direct To Bay Catchments,Waterway section
381,3612,KAROONDA ST DRAIN,3600,CHINAMANS CREEK,MORN'N PENINSULA / PORT PHILLIP,Western Port,DIV 2 - SOUTHEAST COAST,28 BUNYIP RIVER,0.87,NA,2013,Karoonda St Drain,Waterway section
382,4133,ST ALBANS WEST DRAIN,4110,KOROROIT CREEK,KOROROIT CREEK,Werribee,DIV 2 - SOUTHEAST COAST,31 WERRIBEE RIVER,5.34,2002-10-10T00:00:00Z,2013,St Albans West Drain,Waterway section
383,4134,FURLONG RD DRAIN,4110,KOROROIT CREEK,KOROROIT CREEK,Werribee,DIV 2 - SOUTHEAST COAST,31 WERRIBEE RIVER,1.38,2002-10-10T00:00:00Z,2013,Furlong Rd Drain,Waterway section
384,4135,STATION RD NORTH DRAIN,4110,KOROROIT CREEK,KOROROIT CREEK,Werribee,DIV 2 - SOUTHEAST COAST,31 WERRIBEE RIVER,3.28,2002-07-23T00:00:00Z,2013,Station Rd North Drain,Waterway section
385,4136,CHRISTIE ST DRAIN,4110,KOROROIT CREEK,KOROROIT CREEK,Werribee,DIV 2 - SOUTHEAST COAST,31 WERRIBEE RIVER,0.91,2002-07-23T00:00:00Z,2013,Christie St Drain,Waterway section
386,4367,TRIB OF GREENVALE DRAIN,4310,MOONEE PONDS CREEK,YARRA RIVER,Yarra,DIV 2 - SOUTHEAST COAST,29 YARRA RIVER,0.78,2003-08-13T00:00:00Z,2013,Tributary Of Greenvale Drain,Waterway section
387,4368,TRIB OF YUROKE CREEK,4310,MOONEE PONDS CREEK,YARRA RIVER,Yarra,DIV 2 - SOUTHEAST COAST,29 YARRA RIVER,2.01,2003-08-13T00:00:00Z,2013,Tributary Of Yuroke Creek,Waterway section
388,4482,FLAX-LILY CREEK,4420,MERRI CREEK,YARRA RIVER,Yarra,DIV 2 - SOUTHEAST COAST,29 YARRA RIVER,1.59,2002-10-29T00:00:00Z,2013,Flax-Lily Creek,Waterway section
389,4483,TRIB OF AITKEN CREEK,4420,MERRI CREEK,YARRA RIVER,Yarra,DIV 2 - SOUTHEAST COAST,29 YARRA RIVER,3.13,2002-10-23T00:00:00Z,2013,Tributary Of Aitken Creek,Waterway section
390,4484,AITKEN CREEK NORTH,4420,MERRI CREEK,YARRA RIVER,Yarra,DIV 2 - SOUTHEAST COAST,29 YARRA RIVER,2.5,2002-10-29T00:00:00Z,2013,Aitken Creek North,Waterway section
391,4485,TRIB OF AITKEN CREEK,4420,MERRI CREEK,YARRA RIVER,Yarra,DIV 2 - SOUTHEAST COAST,29 YARRA RIVER,1.08,2002-10-29T00:00:00Z,2013,Tributary Of Aitken Creek,Waterway section
392,4341,ACACIA ST DRAIN,4310,MOONEE PONDS CREEK,YARRA RIVER,Yarra,DIV 2 - SOUTHEAST COAST,29 YARRA RIVER,1.21,2003-08-13T00:00:00Z,2013,Acacia St Drain,Waterway section
393,4342,CARDINAL RD DRAIN,4310,MOONEE PONDS CREEK,YARRA RIVER,Yarra,DIV 2 - SOUTHEAST COAST,29 YARRA RIVER,0.97,2003-08-13T00:00:00Z,2013,Cardinal Rd Drain,Waterway section
394,4404,YARRA PARK M.D.,4400,YARRA RIVER MAIN STREAM,YARRA RIVER,Yarra,DIV 2 - SOUTHEAST COAST,29 YARRA RIVER,1.24,2002-08-23T00:00:00Z,2013,Yarra Park Main Drain.,Melbourne Water main drain
395,3843,CREEK 3843,3830,MULTIPLE OUTFALLS DIRECT TO BAY,BASS RIVER,Western Port,DIV 2 - SOUTHEAST COAST,27 SOUTH GIPPSLAND,1.77,2006-02-03T00:00:00Z,2013,Creek 3843,Waterway section
396,3947,TRIB OF WATTLE CREEK,3940,WATTLE CREEK,BASS RIVER,Western Port,DIV 2 - SOUTHEAST COAST,27 SOUTH GIPPSLAND,1.82,2006-02-03T00:00:00Z,2013,Tributary Of Wattle Creek,Waterway section
397,3948,TRIB OF WATTLE CREEK,3940,WATTLE CREEK,BASS RIVER,Western Port,DIV 2 - SOUTHEAST COAST,27 SOUTH GIPPSLAND,2.98,2006-02-03T00:00:00Z,2013,Tributary Of Wattle Creek,Waterway section
398,4137,BILLINGHAM RD DRAIN,4110,KOROROIT CREEK,KOROROIT CREEK,Werribee,DIV 2 - SOUTHEAST COAST,31 WERRIBEE RIVER,8.47,2002-07-23T00:00:00Z,2013,Billingham Rd Drain,Waterway section
399,4138,KURUNG PARK DRAIN,4110,KOROROIT CREEK,KOROROIT CREEK,Werribee,DIV 2 - SOUTHEAST COAST,31 WERRIBEE RIVER,3.67,2002-10-21T00:00:00Z,2013,Kurung Park Drain,Waterway section
400,4139,EAST MORETON D.S.,4110,KOROROIT CREEK,KOROROIT CREEK,Werribee,DIV 2 - SOUTHEAST COAST,31 WERRIBEE RIVER,4.08,2002-07-24T00:00:00Z,2013,East Moreton Downstream.,Waterway section
401,4140,KOROROIT CREEK (UPPER),4110,KOROROIT CREEK,KOROROIT CREEK,Werribee,DIV 2 - SOUTHEAST COAST,31 WERRIBEE RIVER,55.85,NA,2013,Kororoit Creek (Upper),Waterway section
402,4487,CRAIGIEBURN SOUTH DRAIN,4420,MERRI CREEK,YARRA RIVER,Yarra,DIV 2 - SOUTHEAST COAST,29 YARRA RIVER,1.02,2002-10-29T00:00:00Z,2013,Craigieburn South Drain,Waterway section
403,4488,ABERCARN AVE DIVERSION DR,4420,MERRI CREEK,YARRA RIVER,Yarra,DIV 2 - SOUTHEAST COAST,29 YARRA RIVER,1.03,2002-10-29T00:00:00Z,2013,Abercarn Ave Diversion Dr,Waterway section
404,4490,MALCOLM CREEK,4420,MERRI CREEK,YARRA RIVER,Yarra,DIV 2 - SOUTHEAST COAST,29 YARRA RIVER,12.96,NA,2013,Malcolm Creek,Waterway section
405,4405,RICHMOND QUARRY M.D.,4400,YARRA RIVER MAIN STREAM,YARRA RIVER,Yarra,DIV 2 - SOUTHEAST COAST,29 YARRA RIVER,3.26,2002-08-23T00:00:00Z,2013,Richmond Quarry Main Drain.,Melbourne Water main drain
406,4410,ALEXANDRA PARADE M.D.,4400,YARRA RIVER MAIN STREAM,YARRA RIVER,Yarra,DIV 2 - SOUTHEAST COAST,29 YARRA RIVER,10.54,2002-10-21T00:00:00Z,2013,Alexandra Parade Main Drain.,Melbourne Water main drain
407,4420,MERRI CREEK (LOWER),4420,MERRI CREEK,YARRA RIVER,Yarra,DIV 2 - SOUTHEAST COAST,29 YARRA RIVER,4.75,2003-10-29T00:00:00Z,2013,Merri Creek (Lower),Waterway section
408,4506,TRIB OF FINDONS CREEK,4510,DAREBIN CREEK,YARRA RIVER,Yarra,DIV 2 - SOUTHEAST COAST,29 YARRA RIVER,1.08,2002-10-29T00:00:00Z,2013,Tributary Of Findons Creek,Waterway section
409,3949,TRIB OF WATTLE CREEK,3940,WATTLE CREEK,BASS RIVER,Western Port,DIV 2 - SOUTHEAST COAST,27 SOUTH GIPPSLAND,0.99,2006-02-03T00:00:00Z,2013,Tributary Of Wattle Creek,Waterway section
410,3950,TRIB OF WATTLE CREEK,3940,WATTLE CREEK,BASS RIVER,Western Port,DIV 2 - SOUTHEAST COAST,27 SOUTH GIPPSLAND,0.57,2006-02-03T00:00:00Z,2013,Tributary Of Wattle Creek,Waterway section
411,4070,SKELETON CREEK,4070,SKELETON CREEK,SKELETON CREEK,Werribee,DIV 2 - SOUTHEAST COAST,31 WERRIBEE RIVER,18.86,2003-07-29T00:00:00Z,2013,Skeleton Creek,Waterway section
412,4149,TRIB OF 4143,4110,KOROROIT CREEK,KOROROIT CREEK,Werribee,DIV 2 - SOUTHEAST COAST,31 WERRIBEE RIVER,1.34,NA,2013,Tributary Of 4143,Waterway section
413,4117,TRIB OF 4143,4110,KOROROIT CREEK,KOROROIT CREEK,Werribee,DIV 2 - SOUTHEAST COAST,31 WERRIBEE RIVER,3.41,NA,2013,Tributary Of 4143,Waterway section
414,4196,TRIB OF KOROROIT CREEK EAST BR,4180,KOROROIT CREEK EAST BRANCH,KOROROIT CREEK,Werribee,DIV 2 - SOUTHEAST COAST,31 WERRIBEE RIVER,3.13,NA,2013,Tributary Of Kororoit Creek East Br,Waterway section
415,4197,TRIB OF KOROROIT CREEK EAST BR,4180,KOROROIT CREEK EAST BRANCH,KOROROIT CREEK,Werribee,DIV 2 - SOUTHEAST COAST,31 WERRIBEE RIVER,2.11,NA,2013,Tributary Of Kororoit Creek East Br,Waterway section
416,4198,TRIB OF 4197,4180,KOROROIT CREEK EAST BRANCH,KOROROIT CREEK,Werribee,DIV 2 - SOUTHEAST COAST,31 WERRIBEE RIVER,0.83,NA,2013,Tributary Of 4197,Waterway section
417,4507,TRIB OF FINDONS CREEK,4510,DAREBIN CREEK,YARRA RIVER,Yarra,DIV 2 - SOUTHEAST COAST,29 YARRA RIVER,1.61,2003-08-13T00:00:00Z,2013,Tributary Of Findons Creek,Waterway section
418,4508,TRIB OF FINDONS CREEK,4510,DAREBIN CREEK,YARRA RIVER,Yarra,DIV 2 - SOUTHEAST COAST,29 YARRA RIVER,1.95,2003-08-13T00:00:00Z,2013,Tributary Of Findons Creek,Waterway section
419,4510,DAREBIN CREEK (LOWER),4510,DAREBIN CREEK,YARRA RIVER,Yarra,DIV 2 - SOUTHEAST COAST,29 YARRA RIVER,5.6,2005-09-30T00:00:00Z,2013,Darebin Creek (Lower),Waterway section
420,4071,TRIB OF SKELETON CREEK,4070,SKELETON CREEK,SKELETON CREEK,Werribee,DIV 2 - SOUTHEAST COAST,31 WERRIBEE RIVER,1.21,2003-07-29T00:00:00Z,2013,Tributary Of Skeleton Creek,Waterway section
421,4072,SAYERS DRAIN,4070,SKELETON CREEK,SKELETON CREEK,Werribee,DIV 2 - SOUTHEAST COAST,31 WERRIBEE RIVER,3.96,2002-07-29T00:00:00Z,2013,Sayers Drain,Waterway section
422,4074,HOPPERS CROSSING DRAIN,4070,SKELETON CREEK,SKELETON CREEK,Werribee,DIV 2 - SOUTHEAST COAST,31 WERRIBEE RIVER,5.29,2002-07-29T00:00:00Z,2013,Hoppers Crossing Drain,Waterway section
423,4161,KOROROIT CK WEST BRANCH,4160,KOROROIT CREEK WEST BRANCH,KOROROIT CREEK,Werribee,DIV 2 - SOUTHEAST COAST,31 WERRIBEE RIVER,13.17,NA,2013,Kororoit Ck West Branch,Waterway section
424,4162,TRIB OF KOROROIT CREEK WEST BR,4160,KOROROIT CREEK WEST BRANCH,KOROROIT CREEK,Werribee,DIV 2 - SOUTHEAST COAST,31 WERRIBEE RIVER,1.86,NA,2013,Tributary Of Kororoit Creek West Br,Waterway section
425,4163,TRIB OF KOROROIT CREEK WEST BR,4160,KOROROIT CREEK WEST BRANCH,KOROROIT CREEK,Werribee,DIV 2 - SOUTHEAST COAST,31 WERRIBEE RIVER,3.62,NA,2013,Tributary Of Kororoit Creek West Br,Waterway section
426,4164,TRIB OF 4163,4160,KOROROIT CREEK WEST BRANCH,KOROROIT CREEK,Werribee,DIV 2 - SOUTHEAST COAST,31 WERRIBEE RIVER,1.65,NA,2013,Tributary Of 4163,Waterway section
427,4165,TRIB OF KOROROIT CREEK WEST BR,4160,KOROROIT CREEK WEST BRANCH,KOROROIT CREEK,Werribee,DIV 2 - SOUTHEAST COAST,31 WERRIBEE RIVER,1.99,NA,2013,Tributary Of Kororoit Creek West Br,Waterway section
428,4166,TRIB OF KOROROIT CREEK WEST BR,4160,KOROROIT CREEK WEST BRANCH,KOROROIT CREEK,Werribee,DIV 2 - SOUTHEAST COAST,31 WERRIBEE RIVER,2.24,NA,2013,Tributary Of Kororoit Creek West Br,Waterway section
429,4167,TRIB OF KOROROIT CREEK WEST BR,4160,KOROROIT CREEK WEST BRANCH,KOROROIT CREEK,Werribee,DIV 2 - SOUTHEAST COAST,31 WERRIBEE RIVER,1.86,NA,2013,Tributary Of Kororoit Creek West Br,Waterway section
430,4262,TRIB OF ARUNDEL CREEK,4220,MARIBYRNONG RIVER,MARIBYRNONG RIVER,Maribyrnong,DIV 2 - SOUTHEAST COAST,30 MARIBYRNONG RIVER,2.03,2003-08-11T00:00:00Z,2013,Tributary Of Arundel Creek,Waterway section
431,4263,TRIB OF ARUNDEL CREEK,4220,MARIBYRNONG RIVER,MARIBYRNONG RIVER,Maribyrnong,DIV 2 - SOUTHEAST COAST,30 MARIBYRNONG RIVER,0.35,2003-08-11T00:00:00Z,2013,Tributary Of Arundel Creek,Waterway section
432,4264,TRIB OF ARUNDEL CREEK,4220,MARIBYRNONG RIVER,MARIBYRNONG RIVER,Maribyrnong,DIV 2 - SOUTHEAST COAST,30 MARIBYRNONG RIVER,2.64,NA,2013,Tributary Of Arundel Creek,Waterway section
433,4265,KEILOR M.D.,4220,MARIBYRNONG RIVER,MARIBYRNONG RIVER,Maribyrnong,DIV 2 - SOUTHEAST COAST,30 MARIBYRNONG RIVER,1.11,2002-07-22T00:00:00Z,2013,Keilor Main Drain.,Melbourne Water main drain
434,4266,TRIB OF ARUNDEL CREEK,4220,MARIBYRNONG RIVER,MARIBYRNONG RIVER,Maribyrnong,DIV 2 - SOUTHEAST COAST,30 MARIBYRNONG RIVER,0.73,2003-08-11T00:00:00Z,2013,Tributary Of Arundel Creek,Waterway section
435,4222,SUMMERHILL RD M.D.,4220,MARIBYRNONG RIVER,MARIBYRNONG RIVER,Maribyrnong,DIV 2 - SOUTHEAST COAST,30 MARIBYRNONG RIVER,3.55,2002-10-29T00:00:00Z,2013,Summerhill Rd Main Drain.,Melbourne Water main drain
436,4223,ASCOT VALE M.D.,4220,MARIBYRNONG RIVER,MARIBYRNONG RIVER,Maribyrnong,DIV 2 - SOUTHEAST COAST,30 MARIBYRNONG RIVER,3.49,2002-07-18T00:00:00Z,2013,Ascot Vale Main Drain.,Melbourne Water main drain
437,4075,MARPLE CRES DRAIN,4070,SKELETON CREEK,SKELETON CREEK,Werribee,DIV 2 - SOUTHEAST COAST,31 WERRIBEE RIVER,0.6,2002-07-29T00:00:00Z,2013,Marple Cres Drain,Waterway section
438,4076,BELLBRIDGE DR DRAIN,4070,SKELETON CREEK,SKELETON CREEK,Werribee,DIV 2 - SOUTHEAST COAST,31 WERRIBEE RIVER,1.05,2002-10-08T00:00:00Z,2013,Bellbridge Dr Drain,Waterway section
439,4077,FORSYTH RD DRAIN,4070,SKELETON CREEK,SKELETON CREEK,Werribee,DIV 2 - SOUTHEAST COAST,31 WERRIBEE RIVER,11.07,2003-07-29T00:00:00Z,2013,Forsyth Rd Drain,Waterway section
440,4142,TRIB OF KOROROIT CREEK (UPPER),4110,KOROROIT CREEK,KOROROIT CREEK,Werribee,DIV 2 - SOUTHEAST COAST,31 WERRIBEE RIVER,5.2,2002-11-14T00:00:00Z,2013,Tributary Of Kororoit Creek (Upper),Waterway section
441,4143,TRIB OF KOROROIT CREEK (UPPER),4110,KOROROIT CREEK,KOROROIT CREEK,Werribee,DIV 2 - SOUTHEAST COAST,31 WERRIBEE RIVER,6.29,NA,2013,Tributary Of Kororoit Creek (Upper),Waterway section
442,4144,TRIB OF BILLINGHAM RD DRAIN,4110,KOROROIT CREEK,KOROROIT CREEK,Werribee,DIV 2 - SOUTHEAST COAST,31 WERRIBEE RIVER,1.11,2003-07-24T00:00:00Z,2013,Tributary Of Billingham Rd Drain,Waterway section
443,4145,TRIB OF BILLINGHAM RD DRAIN,4110,KOROROIT CREEK,KOROROIT CREEK,Werribee,DIV 2 - SOUTHEAST COAST,31 WERRIBEE RIVER,2.42,2003-07-24T00:00:00Z,2013,Tributary Of Billingham Rd Drain,Waterway section
444,4369,KIRKHAM DR DRAIN,4310,MOONEE PONDS CREEK,YARRA RIVER,Yarra,DIV 2 - SOUTHEAST COAST,29 YARRA RIVER,0.76,2002-10-21T00:00:00Z,2013,Kirkham Dr Drain,Waterway section
445,4370,TRIB OF MOONEE PONDS CK (UPP),4310,MOONEE PONDS CREEK,YARRA RIVER,Yarra,DIV 2 - SOUTHEAST COAST,29 YARRA RIVER,7.21,NA,2013,Tributary Of Moonee Ponds Ck (Upp),Waterway section
446,4371,TRIB OF MOONEE PONDS CK (UPP),4310,MOONEE PONDS CREEK,YARRA RIVER,Yarra,DIV 2 - SOUTHEAST COAST,29 YARRA RIVER,1.73,NA,2013,Tributary Of Moonee Ponds Ck (Upp),Waterway section
447,4225,HOLMES RD M.D.,4220,MARIBYRNONG RIVER,MARIBYRNONG RIVER,Maribyrnong,DIV 2 - SOUTHEAST COAST,30 MARIBYRNONG RIVER,2.9,2002-07-18T00:00:00Z,2013,Holmes Rd Main Drain.,Melbourne Water main drain
448,4343,WEST ST DRAIN,4310,MOONEE PONDS CREEK,YARRA RIVER,Yarra,DIV 2 - SOUTHEAST COAST,29 YARRA RIVER,2.23,2003-08-13T00:00:00Z,2013,West St Drain,Waterway section
449,4344,MASCOMA ST DRAIN,4310,MOONEE PONDS CREEK,YARRA RIVER,Yarra,DIV 2 - SOUTHEAST COAST,29 YARRA RIVER,1.06,2002-07-24T00:00:00Z,2013,Mascoma St Drain,Waterway section
450,4078,NOTLA ESTATE M.D.,4080,LAVERTON M.D.,LAVERTON CREEK,Werribee,DIV 2 - SOUTHEAST COAST,31 WERRIBEE RIVER,2.63,2002-10-29T00:00:00Z,2013,Notla Estate Main Drain.,Melbourne Water main drain
451,4079,TARNEIT CREEK,4070,SKELETON CREEK,SKELETON CREEK,Werribee,DIV 2 - SOUTHEAST COAST,31 WERRIBEE RIVER,1.45,2002-10-29T00:00:00Z,2013,Tarneit Creek,Waterway section
452,4080,LAVERTON M.D.,4080,LAVERTON M.D.,LAVERTON CREEK,Werribee,DIV 2 - SOUTHEAST COAST,31 WERRIBEE RIVER,22.79,2002-10-29T00:00:00Z,2013,Laverton Main Drain.,Melbourne Water main drain
453,4082,CAMPBELLS M.D.,4080,LAVERTON M.D.,LAVERTON CREEK,Werribee,DIV 2 - SOUTHEAST COAST,31 WERRIBEE RIVER,1.61,2002-07-29T00:00:00Z,2013,Campbells Main Drain.,Melbourne Water main drain
454,4083,THOMPSONS DRAIN,4080,LAVERTON M.D.,LAVERTON CREEK,Werribee,DIV 2 - SOUTHEAST COAST,31 WERRIBEE RIVER,1.22,2002-11-13T00:00:00Z,2013,Thompsons Drain,Waterway section
455,4151,TRIB OF 4143,4110,KOROROIT CREEK,KOROROIT CREEK,Werribee,DIV 2 - SOUTHEAST COAST,31 WERRIBEE RIVER,1.53,NA,2013,Tributary Of 4143,Waterway section
456,4168,TRIB OF KOROROIT CREEK (UPPER),4110,KOROROIT CREEK,KOROROIT CREEK,Werribee,DIV 2 - SOUTHEAST COAST,31 WERRIBEE RIVER,4.8,NA,2013,Tributary Of Kororoit Creek (Upper),Waterway section
457,4153,TRIB OF 4168,4110,KOROROIT CREEK,KOROROIT CREEK,Werribee,DIV 2 - SOUTHEAST COAST,31 WERRIBEE RIVER,6.38,NA,2013,Tributary Of 4168,Waterway section
458,4154,TRIB OF KOROROIT CREEK (UPPER),4110,KOROROIT CREEK,KOROROIT CREEK,Werribee,DIV 2 - SOUTHEAST COAST,31 WERRIBEE RIVER,10.46,NA,2013,Tributary Of Kororoit Creek (Upper),Waterway section
459,4155,TRIB OF 4154,4110,KOROROIT CREEK,KOROROIT CREEK,Werribee,DIV 2 - SOUTHEAST COAST,31 WERRIBEE RIVER,2.6,NA,2013,Tributary Of 4154,Waterway section
460,4372,TRIB OF MOONEE PONDS CK (UPP),4310,MOONEE PONDS CREEK,YARRA RIVER,Yarra,DIV 2 - SOUTHEAST COAST,29 YARRA RIVER,1.19,NA,2013,Tributary Of Moonee Ponds Ck (Upp),Waterway section
461,4491,TRIB OF MALCOLM CREEK,4420,MERRI CREEK,YARRA RIVER,Yarra,DIV 2 - SOUTHEAST COAST,29 YARRA RIVER,0.76,2002-10-29T00:00:00Z,2013,Tributary Of Malcolm Creek,Waterway section
462,4492,TRIB OF MALCOLM CREEK,4420,MERRI CREEK,YARRA RIVER,Yarra,DIV 2 - SOUTHEAST COAST,29 YARRA RIVER,1.21,2002-10-29T00:00:00Z,2013,Tributary Of Malcolm Creek,Waterway section
463,4345,CHAPMAN AVE M.D.,4310,MOONEE PONDS CREEK,YARRA RIVER,Yarra,DIV 2 - SOUTHEAST COAST,29 YARRA RIVER,2.34,2002-07-19T00:00:00Z,2013,Chapman Ave Main Drain.,Melbourne Water main drain
464,4422,GREEN ST M.D.,4420,MERRI CREEK,YARRA RIVER,Yarra,DIV 2 - SOUTHEAST COAST,29 YARRA RIVER,1.43,2003-08-11T00:00:00Z,2013,Green St Main Drain.,Melbourne Water main drain
465,4084,DUNES DRAIN,4080,LAVERTON M.D.,LAVERTON CREEK,Werribee,DIV 2 - SOUTHEAST COAST,31 WERRIBEE RIVER,3.6,2002-10-29T00:00:00Z,2013,Dunes Drain,Waterway section
466,4085,ROBINSONS DRAIN,4080,LAVERTON M.D.,LAVERTON CREEK,Werribee,DIV 2 - SOUTHEAST COAST,31 WERRIBEE RIVER,1.66,2002-10-29T00:00:00Z,2013,Robinsons Drain,Waterway section
467,4086,WHITESIDE DRAIN,4080,LAVERTON M.D.,LAVERTON CREEK,Werribee,DIV 2 - SOUTHEAST COAST,31 WERRIBEE RIVER,1.57,2002-11-13T00:00:00Z,2013,Whiteside Drain,Waterway section
468,4175,TRIB OF KOROROIT CREEK EAST BR,4180,KOROROIT CREEK EAST BRANCH,KOROROIT CREEK,Werribee,DIV 2 - SOUTHEAST COAST,31 WERRIBEE RIVER,1.35,NA,2013,Tributary Of Kororoit Creek East Br,Waterway section
469,4176,TRIB OF KOROROIT CREEK EAST BR,4180,KOROROIT CREEK EAST BRANCH,KOROROIT CREEK,Werribee,DIV 2 - SOUTHEAST COAST,31 WERRIBEE RIVER,0.64,NA,2013,Tributary Of Kororoit Creek East Br,Waterway section
470,4181,KOROROIT CK EAST BRANCH,4180,KOROROIT CREEK EAST BRANCH,KOROROIT CREEK,Werribee,DIV 2 - SOUTHEAST COAST,31 WERRIBEE RIVER,16.26,NA,2013,Kororoit Ck East Branch,Waterway section
471,4182,TRIB OF KOROROIT CREEK EAST BR,4180,KOROROIT CREEK EAST BRANCH,KOROROIT CREEK,Werribee,DIV 2 - SOUTHEAST COAST,31 WERRIBEE RIVER,2.57,NA,2013,Tributary Of Kororoit Creek East Br,Waterway section
472,4183,TRIB OF KOROROIT CREEK EAST BR,4180,KOROROIT CREEK EAST BRANCH,KOROROIT CREEK,Werribee,DIV 2 - SOUTHEAST COAST,31 WERRIBEE RIVER,3.57,NA,2013,Tributary Of Kororoit Creek East Br,Waterway section
473,4493,MOUNT RIDLEY RD DRAIN,4420,MERRI CREEK,YARRA RIVER,Yarra,DIV 2 - SOUTHEAST COAST,29 YARRA RIVER,1.22,2002-10-29T00:00:00Z,2013,Mount Ridley Rd Drain,Waterway section
474,4494,GRAND BLVD DRAIN,4420,MERRI CREEK,YARRA RIVER,Yarra,DIV 2 - SOUTHEAST COAST,29 YARRA RIVER,1.02,2002-10-29T00:00:00Z,2013,Grand Blvd Drain,Waterway section
475,4199,TRIB OF KOROROIT CREEK EAST BR,4180,KOROROIT CREEK EAST BRANCH,KOROROIT CREEK,Werribee,DIV 2 - SOUTHEAST COAST,31 WERRIBEE RIVER,0.74,NA,2013,Tributary Of Kororoit Creek East Br,Waterway section
476,4423,GLENLYON RD DRAIN,4420,MERRI CREEK,YARRA RIVER,Yarra,DIV 2 - SOUTHEAST COAST,29 YARRA RIVER,1.6,2002-08-28T00:00:00Z,2013,Glenlyon Rd Drain,Waterway section
477,4424,SUMNER AVE M.D.,4420,MERRI CREEK,YARRA RIVER,Yarra,DIV 2 - SOUTHEAST COAST,29 YARRA RIVER,2.87,2002-08-28T00:00:00Z,2013,Sumner Ave Main Drain.,Melbourne Water main drain
478,4430,MERRI CREEK (MIDDLE),4420,MERRI CREEK,YARRA RIVER,Yarra,DIV 2 - SOUTHEAST COAST,29 YARRA RIVER,2.8,2003-08-11T00:00:00Z,2013,Merri Creek (Middle),Waterway section
479,4431,PRESTON M.D.,4420,MERRI CREEK,YARRA RIVER,Yarra,DIV 2 - SOUTHEAST COAST,29 YARRA RIVER,5.22,2002-07-19T00:00:00Z,2013,Preston Main Drain.,Melbourne Water main drain
480,4432,SPRING ST M.D.,4420,MERRI CREEK,YARRA RIVER,Yarra,DIV 2 - SOUTHEAST COAST,29 YARRA RIVER,1.56,2003-08-13T00:00:00Z,2013,Spring St Main Drain.,Melbourne Water main drain
481,4511,HEIDELBERG WEST M.D.,4510,DAREBIN CREEK,YARRA RIVER,Yarra,DIV 2 - SOUTHEAST COAST,29 YARRA RIVER,4.23,2002-10-23T00:00:00Z,2013,Heidelberg West Main Drain.,Melbourne Water main drain
482,4087,CLARKES DRAIN,4080,LAVERTON M.D.,LAVERTON CREEK,Werribee,DIV 2 - SOUTHEAST COAST,31 WERRIBEE RIVER,2.99,2002-10-29T00:00:00Z,2013,Clarkes Drain,Waterway section
483,4088,DOHERTYS DRAIN,4080,LAVERTON M.D.,LAVERTON CREEK,Werribee,DIV 2 - SOUTHEAST COAST,31 WERRIBEE RIVER,10.46,2002-10-29T00:00:00Z,2013,Dohertys Drain,Waterway section
484,4089,CROPLEYS DRAIN,4080,LAVERTON M.D.,LAVERTON CREEK,Werribee,DIV 2 - SOUTHEAST COAST,31 WERRIBEE RIVER,2.2,2002-07-29T00:00:00Z,2013,Cropleys Drain,Waterway section
485,4090,KAYES DRAIN,4080,LAVERTON M.D.,LAVERTON CREEK,Werribee,DIV 2 - SOUTHEAST COAST,31 WERRIBEE RIVER,9.21,2002-10-29T00:00:00Z,2013,Kayes Drain,Waterway section
486,4146,COALVILLE RD DRAIN,4110,KOROROIT CREEK,KOROROIT CREEK,Werribee,DIV 2 - SOUTHEAST COAST,31 WERRIBEE RIVER,0.4,2002-07-24T00:00:00Z,2013,Coalville Rd Drain,Waterway section
487,4147,TRIB OF 4143,4110,KOROROIT CREEK,KOROROIT CREEK,Werribee,DIV 2 - SOUTHEAST COAST,31 WERRIBEE RIVER,0.94,NA,2013,Tributary Of 4143,Waterway section
488,4202,BURLEIGH ST DRAIN,4200,STONY CREEK,KOROROIT CREEK,Werribee,DIV 2 - SOUTHEAST COAST,31 WERRIBEE RIVER,0.92,2002-07-24T00:00:00Z,2013,Burleigh St Drain,Waterway section
489,4210,STONY CREEK (LOWER),4200,STONY CREEK,KOROROIT CREEK,Werribee,DIV 2 - SOUTHEAST COAST,31 WERRIBEE RIVER,7.07,2002-11-14T00:00:00Z,2013,Stony Creek (Lower),Waterway section
490,4211,YARRAVILLE M.D.,4200,STONY CREEK,KOROROIT CREEK,Werribee,DIV 2 - SOUTHEAST COAST,31 WERRIBEE RIVER,2.35,2002-07-24T00:00:00Z,2013,Yarraville Main Drain.,Melbourne Water main drain
491,4212,SCHUTTS ESTATE M.D.,4200,STONY CREEK,KOROROIT CREEK,Werribee,DIV 2 - SOUTHEAST COAST,31 WERRIBEE RIVER,1.76,2002-07-24T00:00:00Z,2013,Schutts Estate Main Drain.,Melbourne Water main drain
492,4268,TRIB OF MARIBYRNONG RIVER,4220,MARIBYRNONG RIVER,MARIBYRNONG RIVER,Maribyrnong,DIV 2 - SOUTHEAST COAST,30 MARIBYRNONG RIVER,0.94,2003-08-13T00:00:00Z,2013,Tributary Of Maribyrnong River,Waterway section
493,4310,MOONEE PONDS CREEK (LOWER),4310,MOONEE PONDS CREEK,YARRA RIVER,Yarra,DIV 2 - SOUTHEAST COAST,29 YARRA RIVER,13.96,2003-08-13T00:00:00Z,2013,Moonee Ponds Creek (Lower),Waterway section
494,4512,BELL ST M.D.,4510,DAREBIN CREEK,YARRA RIVER,Yarra,DIV 2 - SOUTHEAST COAST,29 YARRA RIVER,1.68,2002-10-21T00:00:00Z,2013,Bell St Main Drain.,Melbourne Water main drain
495,4513,SOUTHERN RD M.D.,4510,DAREBIN CREEK,YARRA RIVER,Yarra,DIV 2 - SOUTHEAST COAST,29 YARRA RIVER,1.83,2002-10-09T00:00:00Z,2013,Southern Rd Main Drain.,Melbourne Water main drain
496,4226,ABERFELDIE M.D.,4220,MARIBYRNONG RIVER,MARIBYRNONG RIVER,Maribyrnong,DIV 2 - SOUTHEAST COAST,30 MARIBYRNONG RIVER,1.56,2002-07-25T00:00:00Z,2013,Aberfeldie Main Drain.,Melbourne Water main drain
497,4091,LAVERTON EAST M.D.,4080,LAVERTON M.D.,LAVERTON CREEK,Werribee,DIV 2 - SOUTHEAST COAST,31 WERRIBEE RIVER,1.1,2002-07-29T00:00:00Z,2013,Laverton East Main Drain.,Melbourne Water main drain
498,4092,IMMS DRAIN,4080,LAVERTON M.D.,LAVERTON CREEK,Werribee,DIV 2 - SOUTHEAST COAST,31 WERRIBEE RIVER,1.89,2002-10-29T00:00:00Z,2013,Imms Drain,Waterway section
499,4097,GALVIN DIVERSION DRAIN,4080,LAVERTON M.D.,LAVERTON CREEK,Werribee,DIV 2 - SOUTHEAST COAST,31 WERRIBEE RIVER,1.21,2002-10-21T00:00:00Z,2013,Galvin Diversion Drain,Waterway section
500,4156,TRIB OF 4155,4110,KOROROIT CREEK,KOROROIT CREEK,Werribee,DIV 2 - SOUTHEAST COAST,31 WERRIBEE RIVER,0.98,NA,2013,Tributary Of 4155,Waterway section
501,4157,TRIB OF 4154,4110,KOROROIT CREEK,KOROROIT CREEK,Werribee,DIV 2 - SOUTHEAST COAST,31 WERRIBEE RIVER,1.5,NA,2013,Tributary Of 4154,Waterway section
502,4158,TRIB OF 4154,4110,KOROROIT CREEK,KOROROIT CREEK,Werribee,DIV 2 - SOUTHEAST COAST,31 WERRIBEE RIVER,0.91,NA,2013,Tributary Of 4154,Waterway section
503,4159,TRIB OF 4154,4110,KOROROIT CREEK,KOROROIT CREEK,Werribee,DIV 2 - SOUTHEAST COAST,31 WERRIBEE RIVER,1.78,NA,2013,Tributary Of 4154,Waterway section
504,4312,ARDEN ST DRAIN,4310,MOONEE PONDS CREEK,YARRA RIVER,Yarra,DIV 2 - SOUTHEAST COAST,29 YARRA RIVER,2.49,2002-07-22T00:00:00Z,2013,Arden St Drain,Waterway section
505,4313,ROYAL PARK M.D.,4310,MOONEE PONDS CREEK,YARRA RIVER,Yarra,DIV 2 - SOUTHEAST COAST,29 YARRA RIVER,2.18,2002-07-22T00:00:00Z,2013,Royal Park Main Drain.,Melbourne Water main drain
506,4314,BENT ST M.D.,4310,MOONEE PONDS CREEK,YARRA RIVER,Yarra,DIV 2 - SOUTHEAST COAST,29 YARRA RIVER,1.43,2002-07-18T00:00:00Z,2013,Bent St Main Drain.,Melbourne Water main drain
507,4227,HOFFMANS RD M.D.,4220,MARIBYRNONG RIVER,MARIBYRNONG RIVER,Maribyrnong,DIV 2 - SOUTHEAST COAST,30 MARIBYRNONG RIVER,3.03,2002-10-29T00:00:00Z,2013,Hoffmans Rd Main Drain.,Melbourne Water main drain
508,4229,DYNON RD TIDAL CANAL,4220,MARIBYRNONG RIVER,MARIBYRNONG RIVER,Maribyrnong,DIV 2 - SOUTHEAST COAST,30 MARIBYRNONG RIVER,0.82,2002-10-29T00:00:00Z,2013,Dynon Rd Tidal Canal,Waterway section
509,4231,HUTCHISON ST DRAIN,4220,MARIBYRNONG RIVER,MARIBYRNONG RIVER,Maribyrnong,DIV 2 - SOUTHEAST COAST,30 MARIBYRNONG RIVER,0.72,2002-10-09T00:00:00Z,2013,Hutchison St Drain,Waterway section
510,4232,CLYDESDALE RD DRAIN,4220,MARIBYRNONG RIVER,MARIBYRNONG RIVER,Maribyrnong,DIV 2 - SOUTHEAST COAST,30 MARIBYRNONG RIVER,2.83,2002-10-21T00:00:00Z,2013,Clydesdale Rd Drain,Waterway section
511,4233,AIRPORT WEST DRAIN,4220,MARIBYRNONG RIVER,MARIBYRNONG RIVER,Maribyrnong,DIV 2 - SOUTHEAST COAST,30 MARIBYRNONG RIVER,1.42,2003-08-11T00:00:00Z,2013,Airport West Drain,Waterway section
512,4098,MULGA AVE DRAIN,4100,CHERRY MAIN DRAIN,LAVERTON CREEK,Werribee,DIV 2 - SOUTHEAST COAST,31 WERRIBEE RIVER,1.98,2002-10-21T00:00:00Z,2013,Mulga Ave Drain,Waterway section
513,4099,NELLIE ST M.D.,4100,CHERRY MAIN DRAIN,LAVERTON CREEK,Werribee,DIV 2 - SOUTHEAST COAST,31 WERRIBEE RIVER,1.22,2002-07-24T00:00:00Z,2013,Nellie St Main Drain.,Melbourne Water main drain
514,4100,CHERRYS M.D.,4100,CHERRY MAIN DRAIN,LAVERTON CREEK,Werribee,DIV 2 - SOUTHEAST COAST,31 WERRIBEE RIVER,15.27,2002-10-21T00:00:00Z,2013,Cherrys Main Drain.,Melbourne Water main drain
515,4101,BROOKLYN M.D.,4100,CHERRY MAIN DRAIN,LAVERTON CREEK,Werribee,DIV 2 - SOUTHEAST COAST,31 WERRIBEE RIVER,2.69,2002-10-29T00:00:00Z,2013,Brooklyn Main Drain.,Melbourne Water main drain
516,4184,TRIB OF 4183,4180,KOROROIT CREEK EAST BRANCH,KOROROIT CREEK,Werribee,DIV 2 - SOUTHEAST COAST,31 WERRIBEE RIVER,2.28,NA,2013,Tributary Of 4183,Waterway section
517,4185,TRIB OF 4183,4180,KOROROIT CREEK EAST BRANCH,KOROROIT CREEK,Werribee,DIV 2 - SOUTHEAST COAST,31 WERRIBEE RIVER,1.87,NA,2013,Tributary Of 4183,Waterway section
518,3347,TRIB OF BASS RIVER,3300,BASS RIVER MAIN STREAM,BASS RIVER,Western Port,DIV 2 - SOUTHEAST COAST,27 SOUTH GIPPSLAND,0.69,2006-02-03T00:00:00Z,2013,Tributary Of Bass River,Waterway section
519,4373,TRIB OF MOONEE PONDS CK (UPP),4310,MOONEE PONDS CREEK,YARRA RIVER,Yarra,DIV 2 - SOUTHEAST COAST,29 YARRA RIVER,1.11,NA,2013,Tributary Of Moonee Ponds Ck (Upp),Waterway section
520,4374,TRIB OF MOONEE PONDS CK (UPP),4310,MOONEE PONDS CREEK,YARRA RIVER,Yarra,DIV 2 - SOUTHEAST COAST,29 YARRA RIVER,1.9,NA,2013,Tributary Of Moonee Ponds Ck (Upp),Waterway section
521,4375,TRIB OF 4370,4310,MOONEE PONDS CREEK,YARRA RIVER,Yarra,DIV 2 - SOUTHEAST COAST,29 YARRA RIVER,2.41,NA,2013,Tributary Of 4370,Waterway section
522,4376,TRIB OF 4370,4310,MOONEE PONDS CREEK,YARRA RIVER,Yarra,DIV 2 - SOUTHEAST COAST,29 YARRA RIVER,1.33,NA,2013,Tributary Of 4370,Waterway section
523,4496,TRIB OF MERRI CREEK,4420,MERRI CREEK,YARRA RIVER,Yarra,DIV 2 - SOUTHEAST COAST,29 YARRA RIVER,0.83,2003-08-08T00:00:00Z,2013,Tributary Of Merri Creek,Waterway section
524,4346,GLADSTONE PARK DR,4310,MOONEE PONDS CREEK,YARRA RIVER,Yarra,DIV 2 - SOUTHEAST COAST,29 YARRA RIVER,0.58,2002-07-25T00:00:00Z,2013,Gladstone Park Dr,Waterway section
525,4347,WIDFORD RD DRAIN,4310,MOONEE PONDS CREEK,YARRA RIVER,Yarra,DIV 2 - SOUTHEAST COAST,29 YARRA RIVER,1.68,2002-10-21T00:00:00Z,2013,Widford Rd Drain,Waterway section
526,4102,HUMES M.D.,4100,CHERRY MAIN DRAIN,LAVERTON CREEK,Werribee,DIV 2 - SOUTHEAST COAST,31 WERRIBEE RIVER,3.76,2002-08-27T00:00:00Z,2013,Humes Main Drain.,Melbourne Water main drain
527,4103,DERRIMUT DRAIN,4100,CHERRY MAIN DRAIN,LAVERTON CREEK,Werribee,DIV 2 - SOUTHEAST COAST,31 WERRIBEE RIVER,1.18,2002-10-29T00:00:00Z,2013,Derrimut Drain,Waterway section
528,4104,CHERRYS DIVERSION DRAIN,4110,KOROROIT CREEK,KOROROIT CREEK,Werribee,DIV 2 - SOUTHEAST COAST,31 WERRIBEE RIVER,1.31,2002-10-08T00:00:00Z,2013,Cherrys Diversion Drain,Waterway section
529,4110,KOROROIT CREEK (LOWER),4110,KOROROIT CREEK,KOROROIT CREEK,Werribee,DIV 2 - SOUTHEAST COAST,31 WERRIBEE RIVER,13.01,2003-07-30T00:00:00Z,2013,Kororoit Creek (Lower),Waterway section
530,4111,TRIB OF KOROROIT CREEK,4110,KOROROIT CREEK,KOROROIT CREEK,Werribee,DIV 2 - SOUTHEAST COAST,31 WERRIBEE RIVER,0.53,2002-07-24T00:00:00Z,2013,Tributary Of Kororoit Creek,Waterway section
531,4364,SHANKLAND DRAIN,4310,MOONEE PONDS CREEK,YARRA RIVER,Yarra,DIV 2 - SOUTHEAST COAST,29 YARRA RIVER,2.55,2002-07-18T00:00:00Z,2013,Shankland Drain,Waterway section
532,4365,BRODIES CREEK,4310,MOONEE PONDS CREEK,YARRA RIVER,Yarra,DIV 2 - SOUTHEAST COAST,29 YARRA RIVER,2.77,2003-08-13T00:00:00Z,2013,Brodies Creek,Waterway section
533,4497,TRIB OF MALCOLM CREEK,4420,MERRI CREEK,YARRA RIVER,Yarra,DIV 2 - SOUTHEAST COAST,29 YARRA RIVER,0.64,2003-08-18T00:00:00Z,2013,Tributary Of Malcolm Creek,Waterway section
534,4500,YARRA RIVER MAIN STREAM (4500),4400,YARRA RIVER MAIN STREAM,YARRA RIVER,Yarra,DIV 2 - SOUTHEAST COAST,29 YARRA RIVER,33,2003-08-25T00:00:00Z,2013,Yarra River Main Stream (4500),Waterway section
535,4213,FRANCIS ST M.D.,4200,STONY CREEK,KOROROIT CREEK,Werribee,DIV 2 - SOUTHEAST COAST,31 WERRIBEE RIVER,4.28,2002-07-24T00:00:00Z,2013,Francis St Main Drain.,Melbourne Water main drain
536,4433,ELIZABETH ST M.D. (COBURG),4420,MERRI CREEK,YARRA RIVER,Yarra,DIV 2 - SOUTHEAST COAST,29 YARRA RIVER,2.26,2002-07-19T00:00:00Z,2013,Elizabeth St Main Drain. (Coburg),Melbourne Water main drain
537,4434,HARDING ST M.D.,4420,MERRI CREEK,YARRA RIVER,Yarra,DIV 2 - SOUTHEAST COAST,29 YARRA RIVER,1.81,2002-07-19T00:00:00Z,2013,Harding St Main Drain.,Melbourne Water main drain
538,4435,THE AVENUE M.D.,4420,MERRI CREEK,YARRA RIVER,Yarra,DIV 2 - SOUTHEAST COAST,29 YARRA RIVER,0.96,2002-07-19T00:00:00Z,2013,The Avenue Main Drain.,Melbourne Water main drain
539,4440,EDGARS CREEK,4420,MERRI CREEK,YARRA RIVER,Yarra,DIV 2 - SOUTHEAST COAST,29 YARRA RIVER,19,2003-10-29T00:00:00Z,2013,Edgars Creek,Waterway section
540,4112,FAIRBAIRN RD DRAIN,4110,KOROROIT CREEK,KOROROIT CREEK,Werribee,DIV 2 - SOUTHEAST COAST,31 WERRIBEE RIVER,1.55,2002-07-24T00:00:00Z,2013,Fairbairn Rd Drain,Waterway section
541,4113,MILLERS RD DRAIN,4110,KOROROIT CREEK,KOROROIT CREEK,Werribee,DIV 2 - SOUTHEAST COAST,31 WERRIBEE RIVER,1.81,2002-07-24T00:00:00Z,2013,Millers Rd Drain,Waterway section
542,4114,CHAMBERS RD DRAIN,4110,KOROROIT CREEK,KOROROIT CREEK,Werribee,DIV 2 - SOUTHEAST COAST,31 WERRIBEE RIVER,0.44,2002-07-24T00:00:00Z,2013,Chambers Rd Drain,Waterway section
543,4115,BURGESS ST DRAIN,4110,KOROROIT CREEK,KOROROIT CREEK,Werribee,DIV 2 - SOUTHEAST COAST,31 WERRIBEE RIVER,3.25,2002-07-24T00:00:00Z,2013,Burgess St Drain,Waterway section
544,4474,BENAROON DR DRAIN,4420,MERRI CREEK,YARRA RIVER,Yarra,DIV 2 - SOUTHEAST COAST,29 YARRA RIVER,1.4,2002-10-21T00:00:00Z,2013,Benaroon Dr Drain,Waterway section
545,4475,SOMERSET RD DRAIN,4420,MERRI CREEK,YARRA RIVER,Yarra,DIV 2 - SOUTHEAST COAST,29 YARRA RIVER,3.04,2002-07-18T00:00:00Z,2013,Somerset Rd Drain,Waterway section
546,4477,AINSLIE RD DRAIN,4420,MERRI CREEK,YARRA RIVER,Yarra,DIV 2 - SOUTHEAST COAST,29 YARRA RIVER,1.74,2002-07-22T00:00:00Z,2013,Ainslie Rd Drain,Waterway section
547,4478,PATULLOS DRAIN,4420,MERRI CREEK,YARRA RIVER,Yarra,DIV 2 - SOUTHEAST COAST,29 YARRA RIVER,2.96,2002-10-29T00:00:00Z,2013,Patullos Drain,Waterway section
548,4479,COOPERS RD DRAIN,4420,MERRI CREEK,YARRA RIVER,Yarra,DIV 2 - SOUTHEAST COAST,29 YARRA RIVER,5.89,2002-10-29T00:00:00Z,2013,Coopers Rd Drain,Waterway section
549,4214,GRAINGERS RD M.D.,4200,STONY CREEK,KOROROIT CREEK,Werribee,DIV 2 - SOUTHEAST COAST,31 WERRIBEE RIVER,2.49,2002-07-24T00:00:00Z,2013,Graingers Rd Main Drain.,Melbourne Water main drain
550,4215,TOTTENHAM STORES M.D.,4200,STONY CREEK,KOROROIT CREEK,Werribee,DIV 2 - SOUTHEAST COAST,31 WERRIBEE RIVER,1.49,2002-07-24T00:00:00Z,2013,Tottenham Stores Main Drain.,Melbourne Water main drain
551,4320,MELVILLE M.D.,4310,MOONEE PONDS CREEK,YARRA RIVER,Yarra,DIV 2 - SOUTHEAST COAST,29 YARRA RIVER,7.59,2002-10-21T00:00:00Z,2013,Melville Main Drain.,Melbourne Water main drain
552,4325,COONANS RD M.D.,4310,MOONEE PONDS CREEK,YARRA RIVER,Yarra,DIV 2 - SOUTHEAST COAST,29 YARRA RIVER,1.45,2002-10-21T00:00:00Z,2013,Coonans Rd Main Drain.,Melbourne Water main drain
553,4330,FIVE MILE CREEK,4310,MOONEE PONDS CREEK,YARRA RIVER,Yarra,DIV 2 - SOUTHEAST COAST,29 YARRA RIVER,2.87,2002-07-18T00:00:00Z,2013,Five Mile Creek,Waterway section
554,4441,MERRILANDS DRAIN,4420,MERRI CREEK,YARRA RIVER,Yarra,DIV 2 - SOUTHEAST COAST,29 YARRA RIVER,3.26,2002-10-09T00:00:00Z,2013,Merrilands Drain,Waterway section
555,4514,STEANE ST DRAIN,4510,DAREBIN CREEK,YARRA RIVER,Yarra,DIV 2 - SOUTHEAST COAST,29 YARRA RIVER,2.24,2002-08-28T00:00:00Z,2013,Steane St Drain,Waterway section
556,4116,GLENGALA DRAIN,4110,KOROROIT CREEK,KOROROIT CREEK,Werribee,DIV 2 - SOUTHEAST COAST,31 WERRIBEE RIVER,3.2,2002-07-24T00:00:00Z,2013,Glengala Drain,Waterway section
557,4118,KELLAWAY ST DRAIN,4110,KOROROIT CREEK,KOROROIT CREEK,Werribee,DIV 2 - SOUTHEAST COAST,31 WERRIBEE RIVER,1.58,2002-07-23T00:00:00Z,2013,Kellaway St Drain,Waterway section
558,4119,CENTRAL AVE DRAIN,4110,KOROROIT CREEK,KOROROIT CREEK,Werribee,DIV 2 - SOUTHEAST COAST,31 WERRIBEE RIVER,1,2002-07-24T00:00:00Z,2013,Central Ave Drain,Waterway section
559,4120,ANDERSON RD DIVERSION DRAIN,4110,KOROROIT CREEK,KOROROIT CREEK,Werribee,DIV 2 - SOUTHEAST COAST,31 WERRIBEE RIVER,0.45,2002-10-30T00:00:00Z,2013,Anderson Rd Diversion Drain,Waterway section
560,4480,AITKEN CREEK,4420,MERRI CREEK,YARRA RIVER,Yarra,DIV 2 - SOUTHEAST COAST,29 YARRA RIVER,7.81,2002-11-14T00:00:00Z,2013,Aitken Creek,Waterway section
561,4481,CRAIGIEBURN WEST DRAIN,4420,MERRI CREEK,YARRA RIVER,Yarra,DIV 2 - SOUTHEAST COAST,29 YARRA RIVER,1.96,2002-10-29T00:00:00Z,2013,Craigieburn West Drain,Waterway section
562,4193,NEWPORT WORKSHOPS DRAIN,4110,KOROROIT CREEK,KOROROIT CREEK,Werribee,DIV 2 - SOUTHEAST COAST,31 WERRIBEE RIVER,1.36,2003-07-28T00:00:00Z,2013,Newport Workshops Drain,Waterway section
563,4331,MAGDALA AVE M.D.,4310,MOONEE PONDS CREEK,YARRA RIVER,Yarra,DIV 2 - SOUTHEAST COAST,29 YARRA RIVER,1.33,2002-10-29T00:00:00Z,2013,Magdala Ave Main Drain.,Melbourne Water main drain
564,4377,TRIB OF 4370,4310,MOONEE PONDS CREEK,YARRA RIVER,Yarra,DIV 2 - SOUTHEAST COAST,29 YARRA RIVER,0.97,NA,2013,Tributary Of 4370,Waterway section
565,4378,TRIB OF 4377,4310,MOONEE PONDS CREEK,YARRA RIVER,Yarra,DIV 2 - SOUTHEAST COAST,29 YARRA RIVER,0.9,NA,2013,Tributary Of 4377,Waterway section
566,4400,YARRA RIVER (MOUTH TO MERRI),4400,YARRA RIVER MAIN STREAM,YARRA RIVER,Yarra,DIV 2 - SOUTHEAST COAST,29 YARRA RIVER,20.84,2003-12-10T00:00:00Z,2013,Yarra River (Mouth To Merri),Waterway section
567,4515,POWER ST DRAIN,4510,DAREBIN CREEK,YARRA RIVER,Yarra,DIV 2 - SOUTHEAST COAST,29 YARRA RIVER,0.83,2002-10-21T00:00:00Z,2013,Power St Drain,Waterway section
568,4516,QUARRY ST DRAIN,4510,DAREBIN CREEK,YARRA RIVER,Yarra,DIV 2 - SOUTHEAST COAST,29 YARRA RIVER,0.66,2003-08-13T00:00:00Z,2013,Quarry St Drain,Waterway section
569,4234,STEELE CREEK NORTH,4220,MARIBYRNONG RIVER,MARIBYRNONG RIVER,Maribyrnong,DIV 2 - SOUTHEAST COAST,30 MARIBYRNONG RIVER,6.6,2003-08-13T00:00:00Z,2013,Steele Creek North,Waterway section
570,4235,THERESA ST DRAIN,4220,MARIBYRNONG RIVER,MARIBYRNONG RIVER,Maribyrnong,DIV 2 - SOUTHEAST COAST,30 MARIBYRNONG RIVER,0.76,2003-08-11T00:00:00Z,2013,Theresa St Drain,Waterway section
571,4121,WESTMORELAND RD DRAIN,4110,KOROROIT CREEK,KOROROIT CREEK,Werribee,DIV 2 - SOUTHEAST COAST,31 WERRIBEE RIVER,1.3,2002-07-24T00:00:00Z,2013,Westmoreland Rd Drain,Waterway section
572,4122,ST ALBANS EAST DRAIN,4110,KOROROIT CREEK,KOROROIT CREEK,Werribee,DIV 2 - SOUTHEAST COAST,31 WERRIBEE RIVER,3.19,2002-10-10T00:00:00Z,2013,St Albans East Drain,Waterway section
573,4123,ST ALBANS SOUTH DRAIN,4110,KOROROIT CREEK,KOROROIT CREEK,Werribee,DIV 2 - SOUTHEAST COAST,31 WERRIBEE RIVER,1.96,2002-07-24T00:00:00Z,2013,St Albans South Drain,Waterway section
574,4124,STONY CREEK (UPPER),4110,KOROROIT CREEK,KOROROIT CREEK,Werribee,DIV 2 - SOUTHEAST COAST,31 WERRIBEE RIVER,4.83,2002-10-30T00:00:00Z,2013,Stony Creek (Upper),Waterway section
575,4195,TRIB OF 4188,4180,KOROROIT CREEK EAST BRANCH,KOROROIT CREEK,Werribee,DIV 2 - SOUTHEAST COAST,31 WERRIBEE RIVER,1.26,NA,2013,Tributary Of 4188,Waterway section
576,4256,VICTORIA RD DRAIN,4220,MARIBYRNONG RIVER,MARIBYRNONG RIVER,Maribyrnong,DIV 2 - SOUTHEAST COAST,30 MARIBYRNONG RIVER,0.99,2002-10-21T00:00:00Z,2013,Victoria Rd Drain,Waterway section
577,4257,SYDENHAM WEST DRAIN,4220,MARIBYRNONG RIVER,MARIBYRNONG RIVER,Maribyrnong,DIV 2 - SOUTHEAST COAST,30 MARIBYRNONG RIVER,0.92,2002-10-21T00:00:00Z,2013,Sydenham West Drain,Waterway section
578,4260,MARIBYRNONG RIVER (UPPER),4220,MARIBYRNONG RIVER,MARIBYRNONG RIVER,Maribyrnong,DIV 2 - SOUTHEAST COAST,30 MARIBYRNONG RIVER,12.22,2003-07-30T00:00:00Z,2013,Maribyrnong River (Upper),Waterway section
579,4401,ELIZABETH ST DRAIN (CITY),4400,YARRA RIVER MAIN STREAM,YARRA RIVER,Yarra,DIV 2 - SOUTHEAST COAST,29 YARRA RIVER,3.12,2002-08-23T00:00:00Z,2013,Elizabeth St Drain (City),Waterway section
580,4501,FAIRFIELD M.D.,4510,DAREBIN CREEK,YARRA RIVER,Yarra,DIV 2 - SOUTHEAST COAST,29 YARRA RIVER,3.38,2002-08-28T00:00:00Z,2013,Fairfield Main Drain.,Melbourne Water main drain
581,4502,KELLETT ST M.D.,4510,DAREBIN CREEK,YARRA RIVER,Yarra,DIV 2 - SOUTHEAST COAST,29 YARRA RIVER,0.93,2003-08-14T00:00:00Z,2013,Kellett St Main Drain.,Melbourne Water main drain
582,4236,KEILOR PARK DRAIN,4220,MARIBYRNONG RIVER,MARIBYRNONG RIVER,Maribyrnong,DIV 2 - SOUTHEAST COAST,30 MARIBYRNONG RIVER,1.33,2003-08-11T00:00:00Z,2013,Keilor Park Drain,Waterway section
583,4237,STEELE CREEK NORTH BRANCH,4220,MARIBYRNONG RIVER,MARIBYRNONG RIVER,Maribyrnong,DIV 2 - SOUTHEAST COAST,30 MARIBYRNONG RIVER,0.83,2002-10-29T00:00:00Z,2013,Steele Creek North Branch,Waterway section
584,4240,MARIBYRNONG RIVER (MIDDLE),4220,MARIBYRNONG RIVER,MARIBYRNONG RIVER,Maribyrnong,DIV 2 - SOUTHEAST COAST,30 MARIBYRNONG RIVER,11.7,2003-07-30T00:00:00Z,2013,Maribyrnong River (Middle),Waterway section
585,4348,RAILWAY CRES DRAIN,4310,MOONEE PONDS CREEK,YARRA RIVER,Yarra,DIV 2 - SOUTHEAST COAST,29 YARRA RIVER,2.04,2002-07-18T00:00:00Z,2013,Railway Cres Drain,Waterway section
586,4350,MOONEE PONDS CREEK (UPPER),4310,MOONEE PONDS CREEK,YARRA RIVER,Yarra,DIV 2 - SOUTHEAST COAST,29 YARRA RIVER,31.87,NA,2013,Moonee Ponds Creek (Upper),Waterway section
587,4352,BROAD ST DRAIN,4310,MOONEE PONDS CREEK,YARRA RIVER,Yarra,DIV 2 - SOUTHEAST COAST,29 YARRA RIVER,5.3,2002-10-29T00:00:00Z,2013,Broad St Drain,Waterway section
588,4353,BOOTHS DRAIN,4310,MOONEE PONDS CREEK,YARRA RIVER,Yarra,DIV 2 - SOUTHEAST COAST,29 YARRA RIVER,1.02,2002-07-25T00:00:00Z,2013,Booths Drain,Waterway section
589,4126,TRIB OF 4154,4110,KOROROIT CREEK,KOROROIT CREEK,Werribee,DIV 2 - SOUTHEAST COAST,31 WERRIBEE RIVER,1.48,NA,2013,Tributary Of 4154,Waterway section
590,4127,TRIB OF KOROROIT CREEK (UPPER),4110,KOROROIT CREEK,KOROROIT CREEK,Werribee,DIV 2 - SOUTHEAST COAST,31 WERRIBEE RIVER,2.37,NA,2013,Tributary Of Kororoit Creek (Upper),Waterway section
591,4128,TRIB OF KOROROIT CREEK (UPPER),4110,KOROROIT CREEK,KOROROIT CREEK,Werribee,DIV 2 - SOUTHEAST COAST,31 WERRIBEE RIVER,1.08,NA,2013,Tributary Of Kororoit Creek (Upper),Waterway section
592,4129,TRIB OF KOROROIT CREEK (UPPER),4110,KOROROIT CREEK,KOROROIT CREEK,Werribee,DIV 2 - SOUTHEAST COAST,31 WERRIBEE RIVER,1.6,NA,2013,Tributary Of Kororoit Creek (Upper),Waterway section
593,3266,CREEK 3266,3260,PHILLIP ISLAND,WESTERN PORT ISLANDS,Western Port - Phillip Island,DIV 2 - SOUTHEAST COAST,28 BUNYIP RIVER,3.79,2006-04-11T00:00:00Z,2013,Creek 3266,Waterway section
594,3267,CREEK 3267,3260,PHILLIP ISLAND,WESTERN PORT ISLANDS,Western Port - Phillip Island,DIV 2 - SOUTHEAST COAST,28 BUNYIP RIVER,5.58,2006-04-11T00:00:00Z,2013,Creek 3267,Waterway section
595,3334,TRIB OF 3333,3300,BASS RIVER MAIN STREAM,BASS RIVER,Western Port,DIV 2 - SOUTHEAST COAST,27 SOUTH GIPPSLAND,0.96,2006-02-03T00:00:00Z,2013,Tributary Of 3333,Waterway section
596,3335,TRIB OF 3333,3300,BASS RIVER MAIN STREAM,BASS RIVER,Western Port,DIV 2 - SOUTHEAST COAST,27 SOUTH GIPPSLAND,1.84,2006-02-03T00:00:00Z,2013,Tributary Of 3333,Waterway section
597,3336,TRIB OF 3333,3300,BASS RIVER MAIN STREAM,BASS RIVER,Western Port,DIV 2 - SOUTHEAST COAST,27 SOUTH GIPPSLAND,1.11,2006-02-03T00:00:00Z,2013,Tributary Of 3333,Waterway section
598,3339,TRIB OF 3338,3300,BASS RIVER MAIN STREAM,BASS RIVER,Western Port,DIV 2 - SOUTHEAST COAST,27 SOUTH GIPPSLAND,0.72,2006-02-03T00:00:00Z,2013,Tributary Of 3338,Waterway section
599,4556,SOUTH MORANG DRAIN (LOWER),4510,DAREBIN CREEK,YARRA RIVER,Yarra,DIV 2 - SOUTHEAST COAST,29 YARRA RIVER,1.11,2002-10-18T00:00:00Z,2013,South Morang Drain (Lower),Waterway section
600,4560,DAREBIN CREEK (UPPER),4510,DAREBIN CREEK,YARRA RIVER,Yarra,DIV 2 - SOUTHEAST COAST,29 YARRA RIVER,15.25,2003-08-13T00:00:00Z,2013,Darebin Creek (Upper),Waterway section
601,4561,TRIB OF DAREBIN CREEK (UPPER),4510,DAREBIN CREEK,YARRA RIVER,Yarra,DIV 2 - SOUTHEAST COAST,29 YARRA RIVER,1.85,2003-08-12T00:00:00Z,2013,Tributary Of Darebin Creek (Upper),Waterway section
602,4562,TRIB OF DAREBIN CREEK (UPPER),4510,DAREBIN CREEK,YARRA RIVER,Yarra,DIV 2 - SOUTHEAST COAST,29 YARRA RIVER,0.83,2003-08-13T00:00:00Z,2013,Tributary Of Darebin Creek (Upper),Waterway section
603,4563,TRIB OF DAREBIN CREEK (UPPER),4510,DAREBIN CREEK,YARRA RIVER,Yarra,DIV 2 - SOUTHEAST COAST,29 YARRA RIVER,0.68,2003-08-13T00:00:00Z,2013,Tributary Of Darebin Creek (Upper),Waterway section
604,3110,RIDGEWAYS DRAIN,3100,TOORADIN/DALMORE,MORN'N PENINSULA / WESTERN PORT,Western Port,DIV 2 - SOUTHEAST COAST,28 BUNYIP RIVER,0.91,2003-12-16T00:00:00Z,2013,Ridgeways Drain,Waterway section
605,3111,RUTTERS RD DRAIN,3100,TOORADIN/DALMORE,MORN'N PENINSULA / WESTERN PORT,Western Port,DIV 2 - SOUTHEAST COAST,28 BUNYIP RIVER,2.41,2003-12-16T00:00:00Z,2013,Rutters Rd Drain,Waterway section
606,3244,CREEK 3244,3200,FRENCH ISLAND,WESTERN PORT ISLANDS,Western Port - French Island,DIV 2 - SOUTHEAST COAST,28 BUNYIP RIVER,1.74,2006-04-11T00:00:00Z,2013,Creek 3244,Waterway section
607,3245,CREEK 3245,3200,FRENCH ISLAND,WESTERN PORT ISLANDS,Western Port - French Island,DIV 2 - SOUTHEAST COAST,28 BUNYIP RIVER,2.51,2006-04-11T00:00:00Z,2013,Creek 3245,Waterway section
608,3246,TRIB OF 3245,3200,FRENCH ISLAND,WESTERN PORT ISLANDS,Western Port - French Island,DIV 2 - SOUTHEAST COAST,28 BUNYIP RIVER,0.53,2006-04-11T00:00:00Z,2013,Tributary Of 3245,Waterway section
609,3344,TRIB OF 3343,3300,BASS RIVER MAIN STREAM,BASS RIVER,Western Port,DIV 2 - SOUTHEAST COAST,27 SOUTH GIPPSLAND,0.63,2006-02-03T00:00:00Z,2013,Tributary Of 3343,Waterway section
610,3345,TRIB OF BASS RIVER,3300,BASS RIVER MAIN STREAM,BASS RIVER,Western Port,DIV 2 - SOUTHEAST COAST,27 SOUTH GIPPSLAND,0.79,2006-02-03T00:00:00Z,2013,Tributary Of Bass River,Waterway section
611,4564,TRIB OF DAREBIN CREEK (UPPER),4510,DAREBIN CREEK,YARRA RIVER,Yarra,DIV 2 - SOUTHEAST COAST,29 YARRA RIVER,1.61,2003-08-12T00:00:00Z,2013,Tributary Of Darebin Creek (Upper),Waterway section
612,4565,TRIB OF DAREBIN CREEK (UPPER),4510,DAREBIN CREEK,YARRA RIVER,Yarra,DIV 2 - SOUTHEAST COAST,29 YARRA RIVER,2.75,2003-08-13T00:00:00Z,2013,Tributary Of Darebin Creek (Upper),Waterway section
613,4566,TRIB OF DAREBIN CREEK (UPPER),4510,DAREBIN CREEK,YARRA RIVER,Yarra,DIV 2 - SOUTHEAST COAST,29 YARRA RIVER,2.6,2003-08-12T00:00:00Z,2013,Tributary Of Darebin Creek (Upper),Waterway section
614,4567,TRIB OF DAREBIN CREEK (UPPER),4510,DAREBIN CREEK,YARRA RIVER,Yarra,DIV 2 - SOUTHEAST COAST,29 YARRA RIVER,2.47,2003-08-13T00:00:00Z,2013,Tributary Of Darebin Creek (Upper),Waterway section
615,3112,TOORADIN INLET WEST CATCH DR,3100,TOORADIN/DALMORE,MORN'N PENINSULA / WESTERN PORT,Western Port,DIV 2 - SOUTHEAST COAST,28 BUNYIP RIVER,2.23,2003-12-15T00:00:00Z,2013,Tooradin Inlet West Catch Dr,Waterway section
616,3113,TOORADIN INLET EAST CATCH DR,3100,TOORADIN/DALMORE,MORN'N PENINSULA / WESTERN PORT,Western Port,DIV 2 - SOUTHEAST COAST,28 BUNYIP RIVER,2.39,2003-12-16T00:00:00Z,2013,Tooradin Inlet East Catch Dr,Waterway section
617,3114,BOWDENS DRAIN,3100,TOORADIN/DALMORE,MORN'N PENINSULA / WESTERN PORT,Western Port,DIV 2 - SOUTHEAST COAST,28 BUNYIP RIVER,0.95,2003-12-16T00:00:00Z,2013,Bowdens Drain,Waterway section
618,3247,TRIB OF 3245,3200,FRENCH ISLAND,WESTERN PORT ISLANDS,Western Port - French Island,DIV 2 - SOUTHEAST COAST,28 BUNYIP RIVER,0.8,2006-04-11T00:00:00Z,2013,Tributary Of 3245,Waterway section
619,3248,TRIB OF 3249,3200,FRENCH ISLAND,WESTERN PORT ISLANDS,Western Port - French Island,DIV 2 - SOUTHEAST COAST,28 BUNYIP RIVER,1.85,2006-04-11T00:00:00Z,2013,Tributary Of 3249,Waterway section
620,3249,CREEK 3249,3200,FRENCH ISLAND,WESTERN PORT ISLANDS,Western Port - French Island,DIV 2 - SOUTHEAST COAST,28 BUNYIP RIVER,2.56,2006-04-11T00:00:00Z,2013,Creek 3249,Waterway section
621,3250,CREEK 3250,3200,FRENCH ISLAND,WESTERN PORT ISLANDS,Western Port - French Island,DIV 2 - SOUTHEAST COAST,28 BUNYIP RIVER,1.7,2006-04-11T00:00:00Z,2013,Creek 3250,Waterway section
622,3251,CREEK 3251,3200,FRENCH ISLAND,WESTERN PORT ISLANDS,Western Port - French Island,DIV 2 - SOUTHEAST COAST,28 BUNYIP RIVER,1.94,2006-04-11T00:00:00Z,2013,Creek 3251,Waterway section
623,3252,TRIB OF 3251,3200,FRENCH ISLAND,WESTERN PORT ISLANDS,Western Port - French Island,DIV 2 - SOUTHEAST COAST,28 BUNYIP RIVER,1.74,2006-04-11T00:00:00Z,2013,Tributary Of 3251,Waterway section
624,3312,TRIB OF 3311,3300,BASS RIVER MAIN STREAM,BASS RIVER,Western Port,DIV 2 - SOUTHEAST COAST,27 SOUTH GIPPSLAND,0.75,2006-02-03T00:00:00Z,2013,Tributary Of 3311,Waterway section
625,3313,TRIB OF 3311,3300,BASS RIVER MAIN STREAM,BASS RIVER,Western Port,DIV 2 - SOUTHEAST COAST,27 SOUTH GIPPSLAND,0.83,2006-02-03T00:00:00Z,2013,Tributary Of 3311,Waterway section
626,4568,TRIB OF DAREBIN CREEK (UPPER),4510,DAREBIN CREEK,YARRA RIVER,Yarra,DIV 2 - SOUTHEAST COAST,29 YARRA RIVER,1.15,2003-08-12T00:00:00Z,2013,Tributary Of Darebin Creek (Upper),Waterway section
627,4569,TRIB OF DAREBIN CREEK (UPPER),4510,DAREBIN CREEK,YARRA RIVER,Yarra,DIV 2 - SOUTHEAST COAST,29 YARRA RIVER,1.61,2003-08-13T00:00:00Z,2013,Tributary Of Darebin Creek (Upper),Waterway section
628,4601,LOCKSLEY RD M.D.,4600,PLENTY RIVER,YARRA RIVER,Yarra,DIV 2 - SOUTHEAST COAST,29 YARRA RIVER,2.28,2002-08-28T00:00:00Z,2013,Locksley Rd Main Drain.,Melbourne Water main drain
629,4602,IRVINE RD DRAIN,4600,PLENTY RIVER,YARRA RIVER,Yarra,DIV 2 - SOUTHEAST COAST,29 YARRA RIVER,0.77,2002-10-18T00:00:00Z,2013,Irvine Rd Drain,Waterway section
630,4603,BANKSIA ST DRAIN,4600,PLENTY RIVER,YARRA RIVER,Yarra,DIV 2 - SOUTHEAST COAST,29 YARRA RIVER,0.82,2002-08-28T00:00:00Z,2013,Banksia St Drain,Waterway section
631,3115,ADAMS DRAIN,3100,TOORADIN/DALMORE,MORN'N PENINSULA / WESTERN PORT,Western Port,DIV 2 - SOUTHEAST COAST,28 BUNYIP RIVER,0.53,2003-12-16T00:00:00Z,2013,Adams Drain,Waterway section
632,3131,MUDDY GATES DRAIN WEST BR,3100,TOORADIN/DALMORE,MORN'N PENINSULA / WESTERN PORT,Western Port,DIV 2 - SOUTHEAST COAST,28 BUNYIP RIVER,1.47,2003-12-15T00:00:00Z,2013,Muddy Gates Drain West Br,Waterway section
633,3132,MUDDY GATES DRAIN CENTRAL BR,3100,TOORADIN/DALMORE,MORN'N PENINSULA / WESTERN PORT,Western Port,DIV 2 - SOUTHEAST COAST,28 BUNYIP RIVER,5.03,2003-12-15T00:00:00Z,2013,Muddy Gates Drain Central Br,Waterway section
634,3133,MUDDY GATES DRAIN EAST BR,3100,TOORADIN/DALMORE,MORN'N PENINSULA / WESTERN PORT,Western Port,DIV 2 - SOUTHEAST COAST,28 BUNYIP RIVER,3.01,2003-12-15T00:00:00Z,2013,Muddy Gates Drain East Br,Waterway section
635,3201,CREEK 3201,3200,FRENCH ISLAND,WESTERN PORT ISLANDS,Western Port - French Island,DIV 2 - SOUTHEAST COAST,28 BUNYIP RIVER,0.85,2006-04-11T00:00:00Z,2013,Creek 3201,Waterway section
636,3202,CREEK 3202,3200,FRENCH ISLAND,WESTERN PORT ISLANDS,Western Port - French Island,DIV 2 - SOUTHEAST COAST,28 BUNYIP RIVER,2.59,2006-04-11T00:00:00Z,2013,Creek 3202,Waterway section
637,3253,CREEK 3253,3200,FRENCH ISLAND,WESTERN PORT ISLANDS,Western Port - French Island,DIV 2 - SOUTHEAST COAST,28 BUNYIP RIVER,1.69,2006-04-11T00:00:00Z,2013,Creek 3253,Waterway section
638,3254,CREEK 3254,3200,FRENCH ISLAND,WESTERN PORT ISLANDS,Western Port - French Island,DIV 2 - SOUTHEAST COAST,28 BUNYIP RIVER,1.05,2006-04-11T00:00:00Z,2013,Creek 3254,Waterway section
639,3314,TRIB OF BASS RIVER,3300,BASS RIVER MAIN STREAM,BASS RIVER,Western Port,DIV 2 - SOUTHEAST COAST,27 SOUTH GIPPSLAND,1.73,2006-02-03T00:00:00Z,2013,Tributary Of Bass River,Waterway section
640,3315,TRIB OF BASS RIVER,3300,BASS RIVER MAIN STREAM,BASS RIVER,Western Port,DIV 2 - SOUTHEAST COAST,27 SOUTH GIPPSLAND,1.88,2006-02-03T00:00:00Z,2013,Tributary Of Bass River,Waterway section
641,3316,TRIB OF BASS RIVER,3300,BASS RIVER MAIN STREAM,BASS RIVER,Western Port,DIV 2 - SOUTHEAST COAST,27 SOUTH GIPPSLAND,0.63,2006-02-03T00:00:00Z,2013,Tributary Of Bass River,Waterway section
642,4604,SALT CREEK,4600,PLENTY RIVER,YARRA RIVER,Yarra,DIV 2 - SOUTHEAST COAST,29 YARRA RIVER,7.42,2002-11-14T00:00:00Z,2013,Salt Creek,Waterway section
643,4606,MACLEOD HIGH SCHOOL DRAIN,4600,PLENTY RIVER,YARRA RIVER,Yarra,DIV 2 - SOUTHEAST COAST,29 YARRA RIVER,0.98,2002-10-09T00:00:00Z,2013,Macleod High School Drain,Waterway section
644,4607,BANYULE DRAIN,4600,PLENTY RIVER,YARRA RIVER,Yarra,DIV 2 - SOUTHEAST COAST,29 YARRA RIVER,3.23,2002-08-28T00:00:00Z,2013,Banyule Drain,Waterway section
645,3203,BRELLA CREEK,3200,FRENCH ISLAND,WESTERN PORT ISLANDS,Western Port - French Island,DIV 2 - SOUTHEAST COAST,28 BUNYIP RIVER,3.91,2006-04-11T00:00:00Z,2013,Brella Creek,Waterway section
646,3204,TRIB OF BRELLA CREEK,3200,FRENCH ISLAND,WESTERN PORT ISLANDS,Western Port - French Island,DIV 2 - SOUTHEAST COAST,28 BUNYIP RIVER,1.9,2006-04-11T00:00:00Z,2013,Tributary Of Brella Creek,Waterway section
647,3205,TRIB OF BRELLA CREEK,3200,FRENCH ISLAND,WESTERN PORT ISLANDS,Western Port - French Island,DIV 2 - SOUTHEAST COAST,28 BUNYIP RIVER,2.06,2006-04-11T00:00:00Z,2013,Tributary Of Brella Creek,Waterway section
648,3255,CREEK 3255,3200,FRENCH ISLAND,WESTERN PORT ISLANDS,Western Port - French Island,DIV 2 - SOUTHEAST COAST,28 BUNYIP RIVER,1.25,2006-04-11T00:00:00Z,2013,Creek 3255,Waterway section
649,3256,CREEK 3256,3200,FRENCH ISLAND,WESTERN PORT ISLANDS,Western Port - French Island,DIV 2 - SOUTHEAST COAST,28 BUNYIP RIVER,0.66,2006-04-11T00:00:00Z,2013,Creek 3256,Waterway section
650,3257,CREEK 3257,3200,FRENCH ISLAND,WESTERN PORT ISLANDS,Western Port - French Island,DIV 2 - SOUTHEAST COAST,28 BUNYIP RIVER,0.94,2006-04-11T00:00:00Z,2013,Creek 3257,Waterway section
651,3317,TRIB OF BASS RIVER,3300,BASS RIVER MAIN STREAM,BASS RIVER,Western Port,DIV 2 - SOUTHEAST COAST,27 SOUTH GIPPSLAND,5.62,2006-02-03T00:00:00Z,2013,Tributary Of Bass River,Waterway section
652,3318,TRIB OF 3317,3300,BASS RIVER MAIN STREAM,BASS RIVER,Western Port,DIV 2 - SOUTHEAST COAST,27 SOUTH GIPPSLAND,0.61,2006-02-03T00:00:00Z,2013,Tributary Of 3317,Waterway section
653,3319,TRIB OF 3317,3300,BASS RIVER MAIN STREAM,BASS RIVER,Western Port,DIV 2 - SOUTHEAST COAST,27 SOUTH GIPPSLAND,0.98,2006-02-03T00:00:00Z,2013,Tributary Of 3317,Waterway section
654,3357,TRIB OF BASS RIVER,3300,BASS RIVER MAIN STREAM,BASS RIVER,Western Port,DIV 2 - SOUTHEAST COAST,27 SOUTH GIPPSLAND,1.74,2006-02-03T00:00:00Z,2013,Tributary Of Bass River,Waterway section
655,3321,TRIB OF BASS RIVER,3300,BASS RIVER MAIN STREAM,BASS RIVER,Western Port,DIV 2 - SOUTHEAST COAST,27 SOUTH GIPPSLAND,3.29,2006-02-03T00:00:00Z,2013,Tributary Of Bass River,Waterway section
656,4608,BANYULE EAST DRAIN,4600,PLENTY RIVER,YARRA RIVER,Yarra,DIV 2 - SOUTHEAST COAST,29 YARRA RIVER,1.22,2002-10-09T00:00:00Z,2013,Banyule East Drain,Waterway section
657,4610,PLENTY RIVER (LOWER),4600,PLENTY RIVER,YARRA RIVER,Yarra,DIV 2 - SOUTHEAST COAST,29 YARRA RIVER,8.96,2002-11-14T00:00:00Z,2013,Plenty River (Lower),Waterway section
658,4611,CLEVELAND AVE DRAIN,4600,PLENTY RIVER,YARRA RIVER,Yarra,DIV 2 - SOUTHEAST COAST,29 YARRA RIVER,1.43,2002-10-09T00:00:00Z,2013,Cleveland Ave Drain,Waterway section
659,4612,CASTLETON RD DRAIN,4600,PLENTY RIVER,YARRA RIVER,Yarra,DIV 2 - SOUTHEAST COAST,29 YARRA RIVER,1.21,2002-08-28T00:00:00Z,2013,Castleton Rd Drain,Waterway section
660,4613,WATSONIA DRAIN,4600,PLENTY RIVER,YARRA RIVER,Yarra,DIV 2 - SOUTHEAST COAST,29 YARRA RIVER,2.98,2002-10-09T00:00:00Z,2013,Watsonia Drain,Waterway section
661,4186,TRIB OF KOROROIT CREEK EAST BR,4180,KOROROIT CREEK EAST BRANCH,KOROROIT CREEK,Werribee,DIV 2 - SOUTHEAST COAST,31 WERRIBEE RIVER,4.28,NA,2013,Tributary Of Kororoit Creek East Br,Waterway section
662,3206,CREEK 3206,3200,FRENCH ISLAND,WESTERN PORT ISLANDS,Western Port - French Island,DIV 2 - SOUTHEAST COAST,28 BUNYIP RIVER,0.67,2006-04-11T00:00:00Z,2013,Creek 3206,Waterway section
663,3207,CREEK 3207,3200,FRENCH ISLAND,WESTERN PORT ISLANDS,Western Port - French Island,DIV 2 - SOUTHEAST COAST,28 BUNYIP RIVER,2.61,2006-04-11T00:00:00Z,2013,Creek 3207,Waterway section
664,2960,MONOMEITH DRAIN,2960,MONOMEITH DRAIN,YALLOCK CREEK,Western Port,DIV 2 - SOUTHEAST COAST,28 BUNYIP RIVER,56.52,2003-12-19T00:00:00Z,2013,Monomeith Drain,Waterway section
665,2984,WHITES DRAIN,2900,YALLOCK CREEK,YALLOCK CREEK,Western Port,DIV 2 - SOUTHEAST COAST,28 BUNYIP RIVER,10.06,2003-12-19T00:00:00Z,2013,Whites Drain,Waterway section
666,2986,KOO-WEE-RUP SOUTH DRAIN,2900,YALLOCK CREEK,YALLOCK CREEK,Western Port,DIV 2 - SOUTHEAST COAST,28 BUNYIP RIVER,20.83,2003-09-25T00:00:00Z,2013,Koo-Wee-Rup South Drain,Waterway section
667,3000,KOO-WEE-RUP,3000,KOO-WEE-RUP,BUNYIP RIVER,Western Port,DIV 2 - SOUTHEAST COAST,28 BUNYIP RIVER,150.24,2002-11-14T00:00:00Z,2013,Koo-Wee-Rup,Waterway section
668,3239,CREEK 3239,3200,FRENCH ISLAND,WESTERN PORT ISLANDS,Western Port - French Island,DIV 2 - SOUTHEAST COAST,28 BUNYIP RIVER,2.43,2006-07-21T00:00:00Z,2013,Creek 3239,Waterway section
669,3240,TRIB OF REDHILL CREEK,3200,FRENCH ISLAND,WESTERN PORT ISLANDS,Western Port - French Island,DIV 2 - SOUTHEAST COAST,28 BUNYIP RIVER,0.66,2006-04-11T00:00:00Z,2013,Tributary Of Redhill Creek,Waterway section
670,3241,TRIB OF REDHILL CREEK,3200,FRENCH ISLAND,WESTERN PORT ISLANDS,Western Port - French Island,DIV 2 - SOUTHEAST COAST,28 BUNYIP RIVER,5.43,2006-04-11T00:00:00Z,2013,Tributary Of Redhill Creek,Waterway section
671,3322,TRIB OF 3321,3300,BASS RIVER MAIN STREAM,BASS RIVER,Western Port,DIV 2 - SOUTHEAST COAST,27 SOUTH GIPPSLAND,2.22,2006-02-03T00:00:00Z,2013,Tributary Of 3321,Waterway section
672,3323,TRIB OF 3321,3300,BASS RIVER MAIN STREAM,BASS RIVER,Western Port,DIV 2 - SOUTHEAST COAST,27 SOUTH GIPPSLAND,1.75,2006-02-03T00:00:00Z,2013,Tributary Of 3321,Waterway section
673,3324,TRIB OF BASS RIVER,3300,BASS RIVER MAIN STREAM,BASS RIVER,Western Port,DIV 2 - SOUTHEAST COAST,27 SOUTH GIPPSLAND,2.34,2006-02-03T00:00:00Z,2013,Tributary Of Bass River,Waterway section
674,3325,TRIB OF 3324,3300,BASS RIVER MAIN STREAM,BASS RIVER,Western Port,DIV 2 - SOUTHEAST COAST,27 SOUTH GIPPSLAND,1.3,2006-02-03T00:00:00Z,2013,Tributary Of 3324,Waterway section
675,3326,TRIB OF 3324,3300,BASS RIVER MAIN STREAM,BASS RIVER,Western Port,DIV 2 - SOUTHEAST COAST,27 SOUTH GIPPSLAND,0.98,2006-02-03T00:00:00Z,2013,Tributary Of 3324,Waterway section
676,3327,TRIB OF BASS RIVER,3300,BASS RIVER MAIN STREAM,BASS RIVER,Western Port,DIV 2 - SOUTHEAST COAST,27 SOUTH GIPPSLAND,2.46,2006-02-03T00:00:00Z,2013,Tributary Of Bass River,Waterway section
677,3358,TRIB OF BASS RIVER,3300,BASS RIVER MAIN STREAM,BASS RIVER,Western Port,DIV 2 - SOUTHEAST COAST,27 SOUTH GIPPSLAND,2.44,2006-02-03T00:00:00Z,2013,Tributary Of Bass River,Waterway section
678,3332,TRIB OF BASS RIVER,3300,BASS RIVER MAIN STREAM,BASS RIVER,Western Port,DIV 2 - SOUTHEAST COAST,27 SOUTH GIPPSLAND,1.12,2006-02-03T00:00:00Z,2013,Tributary Of Bass River,Waterway section
679,3333,TRIB OF BASS RIVER,3300,BASS RIVER MAIN STREAM,BASS RIVER,Western Port,DIV 2 - SOUTHEAST COAST,27 SOUTH GIPPSLAND,6.63,2006-02-03T00:00:00Z,2013,Tributary Of Bass River,Waterway section
680,3303,TRIB OF GORGE CREEK,3300,BASS RIVER MAIN STREAM,BASS RIVER,Western Port,DIV 2 - SOUTHEAST COAST,27 SOUTH GIPPSLAND,0.95,2006-02-03T00:00:00Z,2013,Tributary Of Gorge Creek,Waterway section
681,3304,TRIB OF BASS RIVER,3300,BASS RIVER MAIN STREAM,BASS RIVER,Western Port,DIV 2 - SOUTHEAST COAST,27 SOUTH GIPPSLAND,1.93,2006-02-03T00:00:00Z,2013,Tributary Of Bass River,Waterway section
682,4191,BLENHEIM RD DRAIN,4110,KOROROIT CREEK,KOROROIT CREEK,Werribee,DIV 2 - SOUTHEAST COAST,31 WERRIBEE RIVER,1.57,2003-07-28T00:00:00Z,2013,Blenheim Rd Drain,Waterway section
683,4192,CHALLIS ST M.D.,4110,KOROROIT CREEK,KOROROIT CREEK,Werribee,DIV 2 - SOUTHEAST COAST,31 WERRIBEE RIVER,1.88,2003-07-28T00:00:00Z,2013,Challis St Main Drain.,Melbourne Water main drain
684,4251,KEALBA PARK DRAIN,4220,MARIBYRNONG RIVER,MARIBYRNONG RIVER,Maribyrnong,DIV 2 - SOUTHEAST COAST,30 MARIBYRNONG RIVER,2.13,2002-10-21T00:00:00Z,2013,Kealba Park Drain,Waterway section
685,3054,3054 TRIB OF MACKEYS DRAIN,2800,BUNYIP RIVER,BUNYIP RIVER,Western Port,DIV 2 - SOUTHEAST COAST,28 BUNYIP RIVER,7.11,2003-12-03T00:00:00Z,2013,Tributary Of Mackeys Drain,Waterway section
686,3071,CORDUROY DRAIN,2800,BUNYIP RIVER,BUNYIP RIVER,Western Port,DIV 2 - SOUTHEAST COAST,28 BUNYIP RIVER,1.72,2003-12-04T00:00:00Z,2013,Corduroy Drain,Waterway section
687,3076,THOMPSONS DRAIN,2800,BUNYIP RIVER,BUNYIP RIVER,Western Port,DIV 2 - SOUTHEAST COAST,28 BUNYIP RIVER,18.11,2003-10-17T00:00:00Z,2013,Thompsons Drain,Waterway section
688,3102,WEST DALMORE RD DRAIN,3100,TOORADIN/DALMORE,MORN'N PENINSULA / WESTERN PORT,Western Port,DIV 2 - SOUTHEAST COAST,28 BUNYIP RIVER,9.79,2003-12-16T00:00:00Z,2013,West Dalmore Rd Drain,Waterway section
689,3286,CREEK 3286,3260,PHILLIP ISLAND,WESTERN PORT ISLANDS,Western Port - Phillip Island,DIV 2 - SOUTHEAST COAST,28 BUNYIP RIVER,0.72,2006-04-11T00:00:00Z,2013,Creek 3286,Waterway section
690,3287,TRIB OF 3286,3260,PHILLIP ISLAND,WESTERN PORT ISLANDS,Western Port - Phillip Island,DIV 2 - SOUTHEAST COAST,28 BUNYIP RIVER,1.14,2006-04-11T00:00:00Z,2013,Tributary Of 3286,Waterway section
691,3305,TRIB OF BASS RIVER,3300,BASS RIVER MAIN STREAM,BASS RIVER,Western Port,DIV 2 - SOUTHEAST COAST,27 SOUTH GIPPSLAND,2.03,2006-02-03T00:00:00Z,2013,Tributary Of Bass River,Waterway section
692,3306,TRIB OF BASS RIVER,3300,BASS RIVER MAIN STREAM,BASS RIVER,Western Port,DIV 2 - SOUTHEAST COAST,27 SOUTH GIPPSLAND,2.63,2006-02-03T00:00:00Z,2013,Tributary Of Bass River,Waterway section
693,3307,TRIB OF BASS RIVER,3300,BASS RIVER MAIN STREAM,BASS RIVER,Western Port,DIV 2 - SOUTHEAST COAST,27 SOUTH GIPPSLAND,0.74,2006-02-03T00:00:00Z,2013,Tributary Of Bass River,Waterway section
694,3308,TRIB OF 3307,3300,BASS RIVER MAIN STREAM,BASS RIVER,Western Port,DIV 2 - SOUTHEAST COAST,27 SOUTH GIPPSLAND,0.69,2006-02-03T00:00:00Z,2013,Tributary Of 3307,Waterway section
695,4187,TRIB OF KOROROIT CREEK EAST BR,4180,KOROROIT CREEK EAST BRANCH,KOROROIT CREEK,Werribee,DIV 2 - SOUTHEAST COAST,31 WERRIBEE RIVER,4.96,NA,2013,Tributary Of Kororoit Creek East Br,Waterway section
696,4188,TRIB OF 4187,4180,KOROROIT CREEK EAST BRANCH,KOROROIT CREEK,Werribee,DIV 2 - SOUTHEAST COAST,31 WERRIBEE RIVER,1.14,NA,2013,Tributary Of 4187,Waterway section
697,4189,TRIB OF 4188,4180,KOROROIT CREEK EAST BRANCH,KOROROIT CREEK,Werribee,DIV 2 - SOUTHEAST COAST,31 WERRIBEE RIVER,0.7,NA,2013,Tributary Of 4188,Waterway section
698,4190,PAISLEY DRAIN,4110,KOROROIT CREEK,KOROROIT CREEK,Werribee,DIV 2 - SOUTHEAST COAST,31 WERRIBEE RIVER,3.38,2002-07-24T00:00:00Z,2013,Paisley Drain,Waterway section
699,3258,TRIB OF 3229,3200,FRENCH ISLAND,WESTERN PORT ISLANDS,Western Port - French Island,DIV 2 - SOUTHEAST COAST,28 BUNYIP RIVER,0.71,2006-04-11T00:00:00Z,2013,Tributary Of 3229,Waterway section
700,3231,TRIB OF 3258,3200,FRENCH ISLAND,WESTERN PORT ISLANDS,Western Port - French Island,DIV 2 - SOUTHEAST COAST,28 BUNYIP RIVER,1.95,2006-04-11T00:00:00Z,2013,Tributary Of 3258,Waterway section
701,3288,CREEK 3288,3260,PHILLIP ISLAND,WESTERN PORT ISLANDS,Western Port - Phillip Island,DIV 2 - SOUTHEAST COAST,28 BUNYIP RIVER,1.46,2006-04-11T00:00:00Z,2013,Creek 3288,Waterway section
702,3289,SMITHS BEACH DRAIN,3260,PHILLIP ISLAND,WESTERN PORT ISLANDS,Western Port - Phillip Island,DIV 2 - SOUTHEAST COAST,28 BUNYIP RIVER,1.99,2006-04-11T00:00:00Z,2013,Smiths Beach Drain,Waterway section
703,3290,TRIB OF SMITHS BEACH DRAIN,3260,PHILLIP ISLAND,WESTERN PORT ISLANDS,Western Port - Phillip Island,DIV 2 - SOUTHEAST COAST,28 BUNYIP RIVER,1.14,2006-04-11T00:00:00Z,2013,Tributary Of Smiths Beach Drain,Waterway section
704,4242,STENSON RD DRAIN,4220,MARIBYRNONG RIVER,MARIBYRNONG RIVER,Maribyrnong,DIV 2 - SOUTHEAST COAST,30 MARIBYRNONG RIVER,1.62,2002-07-23T00:00:00Z,2013,Stenson Rd Drain,Waterway section
705,4245,BOSQUET ST M.D.,4220,MARIBYRNONG RIVER,MARIBYRNONG RIVER,Maribyrnong,DIV 2 - SOUTHEAST COAST,30 MARIBYRNONG RIVER,0.77,2002-10-29T00:00:00Z,2013,Bosquet St Main Drain.,Melbourne Water main drain
706,4356,TRIB OF MOONEE PONDS CK (UPP),4310,MOONEE PONDS CREEK,YARRA RIVER,Yarra,DIV 2 - SOUTHEAST COAST,29 YARRA RIVER,2.23,2003-08-11T00:00:00Z,2013,Tributary Of Moonee Ponds Ck (Upp),Waterway section
707,4357,KENNY ST DRAIN,4310,MOONEE PONDS CREEK,YARRA RIVER,Yarra,DIV 2 - SOUTHEAST COAST,29 YARRA RIVER,0.99,2002-10-10T00:00:00Z,2013,Kenny St Drain,Waterway section
708,4360,YUROKE CREEK,4310,MOONEE PONDS CREEK,YARRA RIVER,Yarra,DIV 2 - SOUTHEAST COAST,29 YARRA RIVER,11.49,2002-07-18T00:00:00Z,2013,Yuroke Creek,Waterway section
709,4361,WARRATINA DRAIN,4310,MOONEE PONDS CREEK,YARRA RIVER,Yarra,DIV 2 - SOUTHEAST COAST,29 YARRA RIVER,0.86,2002-10-09T00:00:00Z,2013,Warratina Drain,Waterway section
710,4362,OTWAY CRES DRAIN,4310,MOONEE PONDS CREEK,YARRA RIVER,Yarra,DIV 2 - SOUTHEAST COAST,29 YARRA RIVER,4.82,2002-10-21T00:00:00Z,2013,Otway Cres Drain,Waterway section
711,4363,GREENVALE DRAIN,4310,MOONEE PONDS CREEK,YARRA RIVER,Yarra,DIV 2 - SOUTHEAST COAST,29 YARRA RIVER,2.36,2002-07-18T00:00:00Z,2013,Greenvale Drain,Waterway section
712,3232,TRIB OF 3258,3200,FRENCH ISLAND,WESTERN PORT ISLANDS,Western Port - French Island,DIV 2 - SOUTHEAST COAST,28 BUNYIP RIVER,0.64,2006-04-11T00:00:00Z,2013,Tributary Of 3258,Waterway section
713,3233,TRIB OF 3229,3200,FRENCH ISLAND,WESTERN PORT ISLANDS,Western Port - French Island,DIV 2 - SOUTHEAST COAST,28 BUNYIP RIVER,2.89,2006-04-11T00:00:00Z,2013,Tributary Of 3229,Waterway section
714,3234,CREEK 3234,3200,FRENCH ISLAND,WESTERN PORT ISLANDS,Western Port - French Island,DIV 2 - SOUTHEAST COAST,28 BUNYIP RIVER,1.96,2006-04-11T00:00:00Z,2013,Creek 3234,Waterway section
715,3235,CREEK 3235,3200,FRENCH ISLAND,WESTERN PORT ISLANDS,Western Port - French Island,DIV 2 - SOUTHEAST COAST,28 BUNYIP RIVER,3.19,2006-04-11T00:00:00Z,2013,Creek 3235,Waterway section
716,3236,REDHILL CREEK,3200,FRENCH ISLAND,WESTERN PORT ISLANDS,Western Port - French Island,DIV 2 - SOUTHEAST COAST,28 BUNYIP RIVER,7.28,2006-04-11T00:00:00Z,2013,Redhill Creek,Waterway section
717,3237,TRIB OF REDHILL CREEK,3200,FRENCH ISLAND,WESTERN PORT ISLANDS,Western Port - French Island,DIV 2 - SOUTHEAST COAST,28 BUNYIP RIVER,12.45,2006-04-11T00:00:00Z,2013,Tributary Of Redhill Creek,Waterway section
718,3238,TRIB OF 3237,3200,FRENCH ISLAND,WESTERN PORT ISLANDS,Western Port - French Island,DIV 2 - SOUTHEAST COAST,28 BUNYIP RIVER,3.36,2006-04-11T00:00:00Z,2013,Tributary Of 3237,Waterway section
719,3302,GORGE CREEK,3300,BASS RIVER MAIN STREAM,BASS RIVER,Western Port,DIV 2 - SOUTHEAST COAST,27 SOUTH GIPPSLAND,3.82,2006-02-03T00:00:00Z,2013,Gorge Creek,Waterway section
720,3268,SETTLEMENT RD DRAIN,3260,PHILLIP ISLAND,WESTERN PORT ISLANDS,Western Port - Phillip Island,DIV 2 - SOUTHEAST COAST,28 BUNYIP RIVER,1.16,2006-04-11T00:00:00Z,2013,Settlement Rd Drain,Waterway section
721,3269,BLUE GUM DRAIN,3260,PHILLIP ISLAND,WESTERN PORT ISLANDS,Western Port - Phillip Island,DIV 2 - SOUTHEAST COAST,28 BUNYIP RIVER,1.5,2006-04-11T00:00:00Z,2013,Blue Gum Drain,Waterway section
722,4354,TRIB OF MOONEE PONDS CK (UPP),4310,MOONEE PONDS CREEK,YARRA RIVER,Yarra,DIV 2 - SOUTHEAST COAST,29 YARRA RIVER,1.48,2003-08-11T00:00:00Z,2013,Tributary Of Moonee Ponds Ck (Upp),Waterway section
723,4355,TRIB OF MOONEE PONDS CK (UPP),4310,MOONEE PONDS CREEK,YARRA RIVER,Yarra,DIV 2 - SOUTHEAST COAST,29 YARRA RIVER,1,2003-08-11T00:00:00Z,2013,Tributary Of Moonee Ponds Ck (Upp),Waterway section
724,4252,WANAKA DR DRAIN,4220,MARIBYRNONG RIVER,MARIBYRNONG RIVER,Maribyrnong,DIV 2 - SOUTHEAST COAST,30 MARIBYRNONG RIVER,3.36,2003-08-13T00:00:00Z,2013,Wanaka Dr Drain,Waterway section
725,4253,AGONIS DR DRAIN,4220,MARIBYRNONG RIVER,MARIBYRNONG RIVER,Maribyrnong,DIV 2 - SOUTHEAST COAST,30 MARIBYRNONG RIVER,2.23,2002-10-21T00:00:00Z,2013,Agonis Dr Drain,Waterway section
726,4254,SYDENHAM DRAIN,4220,MARIBYRNONG RIVER,MARIBYRNONG RIVER,Maribyrnong,DIV 2 - SOUTHEAST COAST,30 MARIBYRNONG RIVER,2.47,2002-10-21T00:00:00Z,2013,Sydenham Drain,Waterway section
727,4255,HONEYEATER CRES DRAIN,4220,MARIBYRNONG RIVER,MARIBYRNONG RIVER,Maribyrnong,DIV 2 - SOUTHEAST COAST,30 MARIBYRNONG RIVER,1.48,2002-10-21T00:00:00Z,2013,Honeyeater Cres Drain,Waterway section
728,3217,TRIB OF 3213,3200,FRENCH ISLAND,WESTERN PORT ISLANDS,Western Port - French Island,DIV 2 - SOUTHEAST COAST,28 BUNYIP RIVER,0.64,2006-04-11T00:00:00Z,2013,Tributary Of 3213,Waterway section
729,3218,TRIB OF MOSQUITO CREEK,3200,FRENCH ISLAND,WESTERN PORT ISLANDS,Western Port - French Island,DIV 2 - SOUTHEAST COAST,28 BUNYIP RIVER,0.45,2006-04-11T00:00:00Z,2013,Tributary Of Mosquito Creek,Waterway section
730,3219,CREEK 3219,3200,FRENCH ISLAND,WESTERN PORT ISLANDS,Western Port - French Island,DIV 2 - SOUTHEAST COAST,28 BUNYIP RIVER,1.92,2006-04-11T00:00:00Z,2013,Creek 3219,Waterway section
731,3270,RED ROCKS DRAIN,3260,PHILLIP ISLAND,WESTERN PORT ISLANDS,Western Port - Phillip Island,DIV 2 - SOUTHEAST COAST,28 BUNYIP RIVER,1.27,2006-04-11T00:00:00Z,2013,Red Rocks Drain,Waterway section
732,3278,SALTWATER CREEK,3260,PHILLIP ISLAND,WESTERN PORT ISLANDS,Western Port - Phillip Island,DIV 2 - SOUTHEAST COAST,28 BUNYIP RIVER,6.45,2006-04-11T00:00:00Z,2013,Saltwater Creek,Waterway section
733,3272,TRIB OF SALTWATER CREEK,3260,PHILLIP ISLAND,WESTERN PORT ISLANDS,Western Port - Phillip Island,DIV 2 - SOUTHEAST COAST,28 BUNYIP RIVER,4.39,2006-04-11T00:00:00Z,2013,Tributary Of Saltwater Creek,Waterway section
734,3273,TRIB OF 3272,3260,PHILLIP ISLAND,WESTERN PORT ISLANDS,Western Port - Phillip Island,DIV 2 - SOUTHEAST COAST,28 BUNYIP RIVER,1.36,2006-04-11T00:00:00Z,2013,Tributary Of 3272,Waterway section
735,4450,MERLYNSTON M.D.,4420,MERRI CREEK,YARRA RIVER,Yarra,DIV 2 - SOUTHEAST COAST,29 YARRA RIVER,3.79,2002-11-14T00:00:00Z,2013,Merlynston Main Drain.,Melbourne Water main drain
736,4452,MIDDLE ST DRAIN,4420,MERRI CREEK,YARRA RIVER,Yarra,DIV 2 - SOUTHEAST COAST,29 YARRA RIVER,0.99,2003-10-29T00:00:00Z,2013,Middle St Drain,Waterway section
737,4453,LYNCH RD M.D.,4420,MERRI CREEK,YARRA RIVER,Yarra,DIV 2 - SOUTHEAST COAST,29 YARRA RIVER,0.79,2003-08-11T00:00:00Z,2013,Lynch Rd Main Drain.,Melbourne Water main drain
738,4460,MERLYNSTON CREEK,4420,MERRI CREEK,YARRA RIVER,Yarra,DIV 2 - SOUTHEAST COAST,29 YARRA RIVER,10.01,2003-10-29T00:00:00Z,2013,Merlynston Creek,Waterway section
739,4461,CAMPBELLFIELD CREEK,4420,MERRI CREEK,YARRA RIVER,Yarra,DIV 2 - SOUTHEAST COAST,29 YARRA RIVER,4.03,2002-10-29T00:00:00Z,2013,Campbellfield Creek,Waterway section
740,4465,MAFFRA ST DRAIN,4420,MERRI CREEK,YARRA RIVER,Yarra,DIV 2 - SOUTHEAST COAST,29 YARRA RIVER,0.66,2003-08-13T00:00:00Z,2013,Maffra St Drain,Waterway section
741,4246,CHURCHILL AVE M.D.,4220,MARIBYRNONG RIVER,MARIBYRNONG RIVER,Maribyrnong,DIV 2 - SOUTHEAST COAST,30 MARIBYRNONG RIVER,1.25,2002-10-29T00:00:00Z,2013,Churchill Ave Main Drain.,Melbourne Water main drain
742,4247,VINE ST M.D.,4220,MARIBYRNONG RIVER,MARIBYRNONG RIVER,Maribyrnong,DIV 2 - SOUTHEAST COAST,30 MARIBYRNONG RIVER,1.11,2002-10-29T00:00:00Z,2013,Vine St Main Drain.,Melbourne Water main drain
743,4248,CUMBERLAND ST DIVERSION DRAIN,4200,STONY CREEK,KOROROIT CREEK,Werribee,DIV 2 - SOUTHEAST COAST,31 WERRIBEE RIVER,2.03,2002-07-24T00:00:00Z,2013,Cumberland St Diversion Drain,Waterway section
744,4250,TAYLORS CREEK,4220,MARIBYRNONG RIVER,MARIBYRNONG RIVER,Maribyrnong,DIV 2 - SOUTHEAST COAST,30 MARIBYRNONG RIVER,12.86,2002-11-14T00:00:00Z,2013,Taylors Creek,Waterway section
745,3220,CREEK 3220,3200,FRENCH ISLAND,WESTERN PORT ISLANDS,Western Port - French Island,DIV 2 - SOUTHEAST COAST,28 BUNYIP RIVER,0.78,2006-04-11T00:00:00Z,2013,Creek 3220,Waterway section
746,3221,CREEK 3221,3200,FRENCH ISLAND,WESTERN PORT ISLANDS,Western Port - French Island,DIV 2 - SOUTHEAST COAST,28 BUNYIP RIVER,2.31,2006-04-11T00:00:00Z,2013,Creek 3221,Waterway section
747,3222,TRIB OF 3221,3200,FRENCH ISLAND,WESTERN PORT ISLANDS,Western Port - French Island,DIV 2 - SOUTHEAST COAST,28 BUNYIP RIVER,0.71,2006-04-11T00:00:00Z,2013,Tributary Of 3221,Waterway section
748,3274,TRIB OF 3272,3260,PHILLIP ISLAND,WESTERN PORT ISLANDS,Western Port - Phillip Island,DIV 2 - SOUTHEAST COAST,28 BUNYIP RIVER,0.51,2006-04-11T00:00:00Z,2013,Tributary Of 3272,Waterway section
749,3275,TRIB OF SALTWATER CREEK,3260,PHILLIP ISLAND,WESTERN PORT ISLANDS,Western Port - Phillip Island,DIV 2 - SOUTHEAST COAST,28 BUNYIP RIVER,5.91,2006-04-11T00:00:00Z,2013,Tributary Of Saltwater Creek,Waterway section
750,3276,BOAT CREEK,3260,PHILLIP ISLAND,WESTERN PORT ISLANDS,Western Port - Phillip Island,DIV 2 - SOUTHEAST COAST,28 BUNYIP RIVER,1.81,2006-04-11T00:00:00Z,2013,Boat Creek,Waterway section
751,4520,DAREBIN CREEK (MIDDLE),4510,DAREBIN CREEK,YARRA RIVER,Yarra,DIV 2 - SOUTHEAST COAST,29 YARRA RIVER,13.57,2005-09-30T00:00:00Z,2013,Darebin Creek (Middle),Waterway section
752,4521,LILLIMUR AVE DRAIN,4510,DAREBIN CREEK,YARRA RIVER,Yarra,DIV 2 - SOUTHEAST COAST,29 YARRA RIVER,2.41,2002-10-29T00:00:00Z,2013,Lillimur Ave Drain,Waterway section
753,4522,BROADWAY DRAIN,4510,DAREBIN CREEK,YARRA RIVER,Yarra,DIV 2 - SOUTHEAST COAST,29 YARRA RIVER,2.04,2002-08-28T00:00:00Z,2013,Broadway Drain,Waterway section
754,4523,MONT PARK DRAIN,4510,DAREBIN CREEK,YARRA RIVER,Yarra,DIV 2 - SOUTHEAST COAST,29 YARRA RIVER,3.13,2002-10-07T00:00:00Z,2013,Mont Park Drain,Waterway section
755,4524,TRIB OF DAREBIN CREEK (MIDDLE),4510,DAREBIN CREEK,YARRA RIVER,Yarra,DIV 2 - SOUTHEAST COAST,29 YARRA RIVER,0.85,2003-08-13T00:00:00Z,2013,Tributary Of Darebin Creek (Middle),Waterway section
756,4525,BUNDOORA DRAIN,4510,DAREBIN CREEK,YARRA RIVER,Yarra,DIV 2 - SOUTHEAST COAST,29 YARRA RIVER,2.14,2002-08-26T00:00:00Z,2013,Bundoora Drain,Waterway section
757,4471,FAWKNER EAST DRAIN,4420,MERRI CREEK,YARRA RIVER,Yarra,DIV 2 - SOUTHEAST COAST,29 YARRA RIVER,2.21,2002-07-19T00:00:00Z,2013,Fawkner East Drain,Waterway section
758,4472,CENTRAL CREEK,4420,MERRI CREEK,YARRA RIVER,Yarra,DIV 2 - SOUTHEAST COAST,29 YARRA RIVER,8.09,2002-11-14T00:00:00Z,2013,Central Creek,Waterway section
759,4473,THOMASTOWN WEST DRAIN,4420,MERRI CREEK,YARRA RIVER,Yarra,DIV 2 - SOUTHEAST COAST,29 YARRA RIVER,2.79,2002-09-23T00:00:00Z,2013,Thomastown West Drain,Waterway section
760,3223,CREEK 3223,3200,FRENCH ISLAND,WESTERN PORT ISLANDS,Western Port - French Island,DIV 2 - SOUTHEAST COAST,28 BUNYIP RIVER,1.28,2006-04-11T00:00:00Z,2013,Creek 3223,Waterway section
761,3277,CREEK 3277,3260,PHILLIP ISLAND,WESTERN PORT ISLANDS,Western Port - Phillip Island,DIV 2 - SOUTHEAST COAST,28 BUNYIP RIVER,0.97,2006-04-11T00:00:00Z,2013,Creek 3277,Waterway section
762,3280,SWAN LAKE DRAIN,3260,PHILLIP ISLAND,WESTERN PORT ISLANDS,Western Port - Phillip Island,DIV 2 - SOUTHEAST COAST,28 BUNYIP RIVER,8.3,2006-04-11T00:00:00Z,2013,Swan Lake Drain,Waterway section
763,4526,JANEFIELD DRAIN,4510,DAREBIN CREEK,YARRA RIVER,Yarra,DIV 2 - SOUTHEAST COAST,29 YARRA RIVER,1.3,2002-10-09T00:00:00Z,2013,Janefield Drain,Waterway section
764,4527,MILL PARK DRAIN,4510,DAREBIN CREEK,YARRA RIVER,Yarra,DIV 2 - SOUTHEAST COAST,29 YARRA RIVER,3.32,2002-07-18T00:00:00Z,2013,Mill Park Drain,Waterway section
765,4528,SOUTH MORANG DRAIN (UPPER),4510,DAREBIN CREEK,YARRA RIVER,Yarra,DIV 2 - SOUTHEAST COAST,29 YARRA RIVER,3.25,2002-10-21T00:00:00Z,2013,South Morang Drain (Upper),Waterway section
766,4529,THOMASTOWN EAST DRAIN,4510,DAREBIN CREEK,YARRA RIVER,Yarra,DIV 2 - SOUTHEAST COAST,29 YARRA RIVER,1.33,2002-07-22T00:00:00Z,2013,Thomastown East Drain,Waterway section
767,4530,LALOR DRAIN,4510,DAREBIN CREEK,YARRA RIVER,Yarra,DIV 2 - SOUTHEAST COAST,29 YARRA RIVER,4.13,2002-10-09T00:00:00Z,2013,Lalor Drain,Waterway section
768,2841,ROBERTSON CREEK,2800,BUNYIP RIVER,BUNYIP RIVER,Western Port,DIV 2 - SOUTHEAST COAST,28 BUNYIP RIVER,9.42,2003-09-23T00:00:00Z,2013,Robertson Creek,Waterway section
769,2842,GYPSY CREEK,2800,BUNYIP RIVER,BUNYIP RIVER,Western Port,DIV 2 - SOUTHEAST COAST,28 BUNYIP RIVER,8.15,2003-09-23T00:00:00Z,2013,Gypsy Creek,Waterway section
770,2850,CANNIBAL CREEK,2800,BUNYIP RIVER,BUNYIP RIVER,Western Port,DIV 2 - SOUTHEAST COAST,28 BUNYIP RIVER,38.03,2003-09-23T00:00:00Z,2013,Cannibal Creek,Waterway section
771,2851,TRIB OF CANNIBAL CREEK,2800,BUNYIP RIVER,BUNYIP RIVER,Western Port,DIV 2 - SOUTHEAST COAST,28 BUNYIP RIVER,2.06,2003-09-23T00:00:00Z,2013,Tributary Of Cannibal Creek,Waterway section
772,2852,HAMILTON CREEK,2800,BUNYIP RIVER,BUNYIP RIVER,Western Port,DIV 2 - SOUTHEAST COAST,28 BUNYIP RIVER,8.04,2003-09-23T00:00:00Z,2013,Hamilton Creek,Waterway section
773,3224,CREEK 3224,3200,FRENCH ISLAND,WESTERN PORT ISLANDS,Western Port - French Island,DIV 2 - SOUTHEAST COAST,28 BUNYIP RIVER,1.58,2006-04-11T00:00:00Z,2013,Creek 3224,Waterway section
774,3225,CREEK 3225,3200,FRENCH ISLAND,WESTERN PORT ISLANDS,Western Port - French Island,DIV 2 - SOUTHEAST COAST,28 BUNYIP RIVER,1.51,2006-04-11T00:00:00Z,2013,Creek 3225,Waterway section
775,3281,TRIB OF SWAN LAKE DRAIN,3260,PHILLIP ISLAND,WESTERN PORT ISLANDS,Western Port - Phillip Island,DIV 2 - SOUTHEAST COAST,28 BUNYIP RIVER,1.69,2006-04-11T00:00:00Z,2013,Tributary Of Swan Lake Drain,Waterway section
776,4531,WATERLILY DR DRAIN,4510,DAREBIN CREEK,YARRA RIVER,Yarra,DIV 2 - SOUTHEAST COAST,29 YARRA RIVER,0.76,2003-08-13T00:00:00Z,2013,Waterlily Dr Drain,Waterway section
777,4532,HENDERSONS RD DRAIN,4510,DAREBIN CREEK,YARRA RIVER,Yarra,DIV 2 - SOUTHEAST COAST,29 YARRA RIVER,6.27,2002-11-14T00:00:00Z,2013,Hendersons Rd Drain,Waterway section
778,4533,PURINUAN RD DRAIN,4510,DAREBIN CREEK,YARRA RIVER,Yarra,DIV 2 - SOUTHEAST COAST,29 YARRA RIVER,0.92,2002-08-28T00:00:00Z,2013,Purinuan Rd Drain,Waterway section
779,4534,KERRI ST DRAIN,4510,DAREBIN CREEK,YARRA RIVER,Yarra,DIV 2 - SOUTHEAST COAST,29 YARRA RIVER,1.06,2002-10-09T00:00:00Z,2013,Kerri St Drain,Waterway section
780,4535,FINDONS CREEK WEST BRANCH,4510,DAREBIN CREEK,YARRA RIVER,Yarra,DIV 2 - SOUTHEAST COAST,29 YARRA RIVER,5.92,2002-11-14T00:00:00Z,2013,Findons Creek West Branch,Waterway section
781,4536,TRIB OF DAREBIN CREEK (MIDDLE),4510,DAREBIN CREEK,YARRA RIVER,Yarra,DIV 2 - SOUTHEAST COAST,29 YARRA RIVER,1.05,2002-10-09T00:00:00Z,2013,Tributary Of Darebin Creek (Middle),Waterway section
782,3103,TOORADIN INLET DRAIN,3100,TOORADIN/DALMORE,MORN'N PENINSULA / WESTERN PORT,Western Port,DIV 2 - SOUTHEAST COAST,28 BUNYIP RIVER,5.51,2003-12-16T00:00:00Z,2013,Tooradin Inlet Drain,Waterway section
783,3105,CARDINIA CATCH DRAIN,3100,TOORADIN/DALMORE,MORN'N PENINSULA / WESTERN PORT,Western Port,DIV 2 - SOUTHEAST COAST,28 BUNYIP RIVER,6.3,2003-12-16T00:00:00Z,2013,Cardinia Catch Drain,Waterway section
784,3107,TOORADIN RD DRAIN,3100,TOORADIN/DALMORE,MORN'N PENINSULA / WESTERN PORT,Western Port,DIV 2 - SOUTHEAST COAST,28 BUNYIP RIVER,21,2003-12-16T00:00:00Z,2013,Tooradin Rd Drain,Waterway section
785,3226,CREEK 3226,3200,FRENCH ISLAND,WESTERN PORT ISLANDS,Western Port - French Island,DIV 2 - SOUTHEAST COAST,28 BUNYIP RIVER,1.75,2006-04-11T00:00:00Z,2013,Creek 3226,Waterway section
786,3227,TANKERTON CREEK,3200,FRENCH ISLAND,WESTERN PORT ISLANDS,Western Port - French Island,DIV 2 - SOUTHEAST COAST,28 BUNYIP RIVER,3.84,2006-04-11T00:00:00Z,2013,Tankerton Creek,Waterway section
787,3282,NATIVE DOG CREEK,3260,PHILLIP ISLAND,WESTERN PORT ISLANDS,Western Port - Phillip Island,DIV 2 - SOUTHEAST COAST,28 BUNYIP RIVER,2.12,2006-04-11T00:00:00Z,2013,Native Dog Creek,Waterway section
788,3283,TRIB OF NATIVE DOG CREEK,3260,PHILLIP ISLAND,WESTERN PORT ISLANDS,Western Port - Phillip Island,DIV 2 - SOUTHEAST COAST,28 BUNYIP RIVER,0.62,2006-04-11T00:00:00Z,2013,Tributary Of Native Dog Creek,Waterway section
789,4537,MCDONALDS RD DRAIN,4510,DAREBIN CREEK,YARRA RIVER,Yarra,DIV 2 - SOUTHEAST COAST,29 YARRA RIVER,1.79,2002-10-09T00:00:00Z,2013,Mcdonalds Rd Drain,Waterway section
790,4538,EUCALYPT DRAIN,4510,DAREBIN CREEK,YARRA RIVER,Yarra,DIV 2 - SOUTHEAST COAST,29 YARRA RIVER,0.94,2003-08-13T00:00:00Z,2013,Eucalypt Drain,Waterway section
791,4539,TRIB OF FINDONS CREEK,4510,DAREBIN CREEK,YARRA RIVER,Yarra,DIV 2 - SOUTHEAST COAST,29 YARRA RIVER,3,2002-10-29T00:00:00Z,2013,Tributary Of Findons Creek,Waterway section
792,4540,TRIB OF MERRI CREEK (UPPER),4420,MERRI CREEK,YARRA RIVER,Yarra,DIV 2 - SOUTHEAST COAST,29 YARRA RIVER,11.74,2003-10-29T00:00:00Z,2013,Tributary Of Merri Creek (Upper),Waterway section
793,4541,TRIB OF 4540,4420,MERRI CREEK,YARRA RIVER,Yarra,DIV 2 - SOUTHEAST COAST,29 YARRA RIVER,0.89,2003-10-29T00:00:00Z,2013,Tributary Of 4540,Waterway section
794,3109,MUDDY GATES DRAIN,3100,TOORADIN/DALMORE,MORN'N PENINSULA / WESTERN PORT,Western Port,DIV 2 - SOUTHEAST COAST,28 BUNYIP RIVER,14.61,2003-12-16T00:00:00Z,2013,Muddy Gates Drain,Waterway section
795,3208,TRIB OF 3207,3200,FRENCH ISLAND,WESTERN PORT ISLANDS,Western Port - French Island,DIV 2 - SOUTHEAST COAST,28 BUNYIP RIVER,1.13,2006-04-11T00:00:00Z,2013,Tributary Of 3207,Waterway section
796,3228,TRIB OF TANKERTON CREEK,3200,FRENCH ISLAND,WESTERN PORT ISLANDS,Western Port - French Island,DIV 2 - SOUTHEAST COAST,28 BUNYIP RIVER,1.46,2006-04-11T00:00:00Z,2013,Tributary Of Tankerton Creek,Waterway section
797,3229,TRIB OF TANKERTON CREEK,3200,FRENCH ISLAND,WESTERN PORT ISLANDS,Western Port - French Island,DIV 2 - SOUTHEAST COAST,28 BUNYIP RIVER,6.9,2006-04-11T00:00:00Z,2013,Tributary Of Tankerton Creek,Waterway section
798,3284,TRIB OF NATIVE DOG CREEK,3260,PHILLIP ISLAND,WESTERN PORT ISLANDS,Western Port - Phillip Island,DIV 2 - SOUTHEAST COAST,28 BUNYIP RIVER,0.5,2006-04-11T00:00:00Z,2013,Tributary Of Native Dog Creek,Waterway section
799,3285,CREEK 3285,3260,PHILLIP ISLAND,WESTERN PORT ISLANDS,Western Port - Phillip Island,DIV 2 - SOUTHEAST COAST,28 BUNYIP RIVER,0.63,2006-04-11T00:00:00Z,2013,Creek 3285,Waterway section
800,3309,TRIB OF BASS RIVER,3300,BASS RIVER MAIN STREAM,BASS RIVER,Western Port,DIV 2 - SOUTHEAST COAST,27 SOUTH GIPPSLAND,2.36,2006-02-03T00:00:00Z,2013,Tributary Of Bass River,Waterway section
801,4542,TRIB OF 4540,4420,MERRI CREEK,YARRA RIVER,Yarra,DIV 2 - SOUTHEAST COAST,29 YARRA RIVER,1.38,2003-10-29T00:00:00Z,2013,Tributary Of 4540,Waterway section
802,4543,FINDONS CREEK EAST BRANCH,4510,DAREBIN CREEK,YARRA RIVER,Yarra,DIV 2 - SOUTHEAST COAST,29 YARRA RIVER,3.4,2002-10-29T00:00:00Z,2013,Findons Creek East Branch,Waterway section
803,4545,TRIB OF 4540,4420,MERRI CREEK,YARRA RIVER,Yarra,DIV 2 - SOUTHEAST COAST,29 YARRA RIVER,2.41,2003-10-29T00:00:00Z,2013,Tributary Of 4540,Waterway section
804,4546,TRIB OF 4540,4420,MERRI CREEK,YARRA RIVER,Yarra,DIV 2 - SOUTHEAST COAST,29 YARRA RIVER,0.82,2003-08-08T00:00:00Z,2013,Tributary Of 4540,Waterway section
805,4547,TRIB OF 4540,4420,MERRI CREEK,YARRA RIVER,Yarra,DIV 2 - SOUTHEAST COAST,29 YARRA RIVER,0.92,2003-10-29T00:00:00Z,2013,Tributary Of 4540,Waterway section
806,3209,TRIB OF 3207,3200,FRENCH ISLAND,WESTERN PORT ISLANDS,Western Port - French Island,DIV 2 - SOUTHEAST COAST,28 BUNYIP RIVER,1.63,2006-04-11T00:00:00Z,2013,Tributary Of 3207,Waterway section
807,3210,CREEK 3210,3200,FRENCH ISLAND,WESTERN PORT ISLANDS,Western Port - French Island,DIV 2 - SOUTHEAST COAST,28 BUNYIP RIVER,2.49,2006-04-11T00:00:00Z,2013,Creek 3210,Waterway section
808,3259,MOSQUITO CREEK,3200,FRENCH ISLAND,WESTERN PORT ISLANDS,Western Port - French Island,DIV 2 - SOUTHEAST COAST,28 BUNYIP RIVER,5.31,2006-04-11T00:00:00Z,2013,Mosquito Creek,Waterway section
809,3212,TRIB OF MOSQUITO CREEK,3200,FRENCH ISLAND,WESTERN PORT ISLANDS,Western Port - French Island,DIV 2 - SOUTHEAST COAST,28 BUNYIP RIVER,2.07,2006-04-11T00:00:00Z,2013,Tributary Of Mosquito Creek,Waterway section
810,3213,TRIB OF MOSQUITO CREEK,3200,FRENCH ISLAND,WESTERN PORT ISLANDS,Western Port - French Island,DIV 2 - SOUTHEAST COAST,28 BUNYIP RIVER,4.4,2006-04-11T00:00:00Z,2013,Tributary Of Mosquito Creek,Waterway section
811,3242,TRIB OF 3241,3200,FRENCH ISLAND,WESTERN PORT ISLANDS,Western Port - French Island,DIV 2 - SOUTHEAST COAST,28 BUNYIP RIVER,1.05,2006-04-11T00:00:00Z,2013,Tributary Of 3241,Waterway section
812,3243,TRIB OF REDHILL CREEK,3200,FRENCH ISLAND,WESTERN PORT ISLANDS,Western Port - French Island,DIV 2 - SOUTHEAST COAST,28 BUNYIP RIVER,1.12,2006-04-11T00:00:00Z,2013,Tributary Of Redhill Creek,Waterway section
813,3356,TRIB OF 3309,3300,BASS RIVER MAIN STREAM,BASS RIVER,Western Port,DIV 2 - SOUTHEAST COAST,27 SOUTH GIPPSLAND,1.22,2006-02-03T00:00:00Z,2013,Tributary Of 3309,Waterway section
814,3311,TRIB OF BASS RIVER,3300,BASS RIVER MAIN STREAM,BASS RIVER,Western Port,DIV 2 - SOUTHEAST COAST,27 SOUTH GIPPSLAND,2.65,2006-02-03T00:00:00Z,2013,Tributary Of Bass River,Waterway section
815,4548,TRIB OF 4540,4420,MERRI CREEK,YARRA RIVER,Yarra,DIV 2 - SOUTHEAST COAST,29 YARRA RIVER,2.54,2003-10-29T00:00:00Z,2013,Tributary Of 4540,Waterway section
816,4551,THE LAKES BLV DRAIN,4510,DAREBIN CREEK,YARRA RIVER,Yarra,DIV 2 - SOUTHEAST COAST,29 YARRA RIVER,3.48,2002-10-09T00:00:00Z,2013,The Lakes Blv Drain,Waterway section
817,4552,THE GREAT EASTERN WAY DRAIN,4510,DAREBIN CREEK,YARRA RIVER,Yarra,DIV 2 - SOUTHEAST COAST,29 YARRA RIVER,2.09,2002-10-09T00:00:00Z,2013,The Great Eastern Way Drain,Waterway section
818,4554,DRANSFIELD WAY DRAIN,4510,DAREBIN CREEK,YARRA RIVER,Yarra,DIV 2 - SOUTHEAST COAST,29 YARRA RIVER,1.93,2002-10-09T00:00:00Z,2013,Dransfield Way Drain,Waterway section
819,3214,TRIB OF 3213,3200,FRENCH ISLAND,WESTERN PORT ISLANDS,Western Port - French Island,DIV 2 - SOUTHEAST COAST,28 BUNYIP RIVER,0.64,2006-04-11T00:00:00Z,2013,Tributary Of 3213,Waterway section
820,3215,TRIB OF 3213,3200,FRENCH ISLAND,WESTERN PORT ISLANDS,Western Port - French Island,DIV 2 - SOUTHEAST COAST,28 BUNYIP RIVER,1.14,2006-04-11T00:00:00Z,2013,Tributary Of 3213,Waterway section
821,3216,TRIB OF 3213,3200,FRENCH ISLAND,WESTERN PORT ISLANDS,Western Port - French Island,DIV 2 - SOUTHEAST COAST,28 BUNYIP RIVER,2.41,2006-04-11T00:00:00Z,2013,Tributary Of 3213,Waterway section
822,3261,CREEK 3261,3260,PHILLIP ISLAND,WESTERN PORT ISLANDS,Western Port - Phillip Island,DIV 2 - SOUTHEAST COAST,28 BUNYIP RIVER,1.63,2006-04-11T00:00:00Z,2013,Creek 3261,Waterway section
823,3262,TRIB OF 3261,3260,PHILLIP ISLAND,WESTERN PORT ISLANDS,Western Port - Phillip Island,DIV 2 - SOUTHEAST COAST,28 BUNYIP RIVER,1.45,2006-04-11T00:00:00Z,2013,Tributary Of 3261,Waterway section
824,5407,TRIB OF STONY CREEK,4400,YARRA RIVER MAIN STREAM,YARRA RIVER,Yarra,DIV 2 - SOUTHEAST COAST,29 YARRA RIVER,0.88,2002-09-04T00:00:00Z,2013,Tributary Of Stony Creek,Waterway section
825,5457,TRIB OF BELLELL CREEK,4400,YARRA RIVER MAIN STREAM,YARRA RIVER,Yarra,DIV 2 - SOUTHEAST COAST,29 YARRA RIVER,1.34,2003-11-07T00:00:00Z,2013,Tributary Of Bellell Creek,Waterway section
826,5458,TRIB OF BELLELL CREEK,4400,YARRA RIVER MAIN STREAM,YARRA RIVER,Yarra,DIV 2 - SOUTHEAST COAST,29 YARRA RIVER,1.51,2003-11-07T00:00:00Z,2013,Tributary Of Bellell Creek,Waterway section
827,5459,TRIB OF BELLELL CREEK,4400,YARRA RIVER MAIN STREAM,YARRA RIVER,Yarra,DIV 2 - SOUTHEAST COAST,29 YARRA RIVER,1.62,2003-11-07T00:00:00Z,2013,Tributary Of Bellell Creek,Waterway section
828,5460,PIDGEN BANK GULLY,4400,YARRA RIVER MAIN STREAM,YARRA RIVER,Yarra,DIV 2 - SOUTHEAST COAST,29 YARRA RIVER,2.92,2002-10-23T00:00:00Z,2013,Pidgen Bank Gully,Waterway section
829,5617,HEREFORD RD DRAIN,5610,OLINDA CREEK,YARRA RIVER,Yarra,DIV 2 - SOUTHEAST COAST,29 YARRA RIVER,1.12,2002-10-23T00:00:00Z,2013,Hereford Rd Drain,Waterway section
830,5618,TRIB OF STRINGYBARK CREEK,5610,OLINDA CREEK,YARRA RIVER,Yarra,DIV 2 - SOUTHEAST COAST,29 YARRA RIVER,5.27,2002-10-03T00:00:00Z,2013,Tributary Of Stringybark Creek,Waterway section
831,5619,LYREBIRD GULLY CREEK,5610,OLINDA CREEK,YARRA RIVER,Yarra,DIV 2 - SOUTHEAST COAST,29 YARRA RIVER,4.18,2002-10-23T00:00:00Z,2013,Lyrebird Gully Creek,Waterway section
832,5620,STRINGYBARK CREEK,5610,OLINDA CREEK,YARRA RIVER,Yarra,DIV 2 - SOUTHEAST COAST,29 YARRA RIVER,27.55,2002-11-14T00:00:00Z,2013,Stringybark Creek,Waterway section
833,5621,LILYPONDS CREEK,4400,YARRA RIVER MAIN STREAM,YARRA RIVER,Yarra,DIV 2 - SOUTHEAST COAST,29 YARRA RIVER,4.21,2003-10-07T00:00:00Z,2013,Lilyponds Creek,Waterway section
834,5562,WANDANA CRES DRAIN,5550,BRUSHY CREEK,YARRA RIVER,Yarra,DIV 2 - SOUTHEAST COAST,29 YARRA RIVER,0.69,2002-09-05T00:00:00Z,2013,Wandana Cres Drain,Waterway section
835,5563,ANDREW ST DRAIN,5550,BRUSHY CREEK,YARRA RIVER,Yarra,DIV 2 - SOUTHEAST COAST,29 YARRA RIVER,1.06,2002-09-05T00:00:00Z,2013,Andrew St Drain,Waterway section
836,5564,FIVE WAYS DRAIN,5550,BRUSHY CREEK,YARRA RIVER,Yarra,DIV 2 - SOUTHEAST COAST,29 YARRA RIVER,3.53,2002-10-23T00:00:00Z,2013,Five Ways Drain,Waterway section
837,5565,MOOROOLBARK DRAIN,5550,BRUSHY CREEK,YARRA RIVER,Yarra,DIV 2 - SOUTHEAST COAST,29 YARRA RIVER,3.07,2002-10-09T00:00:00Z,2013,Mooroolbark Drain,Waterway section
838,5640,STEELS CREEK,5640,STEELS CREEK,YARRA RIVER,Yarra,DIV 2 - SOUTHEAST COAST,29 YARRA RIVER,17.25,2002-11-14T00:00:00Z,2013,Steels Creek,Waterway section
839,5711,BOGGY CREEK (5711),5670,WATTS RIVER,YARRA RIVER,Yarra,DIV 2 - SOUTHEAST COAST,29 YARRA RIVER,2.92,2003-11-20T00:00:00Z,2013,Boggy Creek (5711),Waterway section
840,5712,PUNCHGULLY CREEK,5670,WATTS RIVER,YARRA RIVER,Yarra,DIV 2 - SOUTHEAST COAST,29 YARRA RIVER,1.44,2003-11-20T00:00:00Z,2013,Punchgully Creek,Waterway section
841,5713,TRIB OF CORANDERRK CREEK,5670,WATTS RIVER,YARRA RIVER,Yarra,DIV 2 - SOUTHEAST COAST,29 YARRA RIVER,1.34,2003-11-20T00:00:00Z,2013,Tributary Of Coranderrk Creek,Waterway section
842,5461,PIDGEN BANK GULLY (5461),4400,YARRA RIVER MAIN STREAM,YARRA RIVER,Yarra,DIV 2 - SOUTHEAST COAST,29 YARRA RIVER,0.74,2002-10-21T00:00:00Z,2013,Pidgen Bank Gully (5461),Waterway section
843,5512,TRIB OF MCMAHONS CREEK,4400,YARRA RIVER MAIN STREAM,YARRA RIVER,Yarra,DIV 2 - SOUTHEAST COAST,29 YARRA RIVER,0.93,2003-11-14T00:00:00Z,2013,Tributary Of Mcmahons Creek,Waterway section
844,5513,TRIB OF MCMAHONS CREEK,4400,YARRA RIVER MAIN STREAM,YARRA RIVER,Yarra,DIV 2 - SOUTHEAST COAST,29 YARRA RIVER,1.49,2003-11-14T00:00:00Z,2013,Tributary Of Mcmahons Creek,Waterway section
845,5514,TRIB OF 5513,4400,YARRA RIVER MAIN STREAM,YARRA RIVER,Yarra,DIV 2 - SOUTHEAST COAST,29 YARRA RIVER,0.95,2003-11-14T00:00:00Z,2013,Tributary Of 5513,Waterway section
846,5425,RINGWOOD LAKE DRAIN,5400,MULLUM MULLUM CREEK,YARRA RIVER,Yarra,DIV 2 - SOUTHEAST COAST,29 YARRA RIVER,1.89,2002-09-04T00:00:00Z,2013,Ringwood Lake Drain,Waterway section
847,5426,DUBLIN RD DRAIN,5400,MULLUM MULLUM CREEK,YARRA RIVER,Yarra,DIV 2 - SOUTHEAST COAST,29 YARRA RIVER,1.08,2002-09-04T00:00:00Z,2013,Dublin Rd Drain,Waterway section
848,5428,TINDALS RD DRAIN,5400,MULLUM MULLUM CREEK,YARRA RIVER,Yarra,DIV 2 - SOUTHEAST COAST,29 YARRA RIVER,1.27,2002-09-04T00:00:00Z,2013,Tindals Rd Drain,Waterway section
849,5429,FLORA RD DRAIN,5400,MULLUM MULLUM CREEK,YARRA RIVER,Yarra,DIV 2 - SOUTHEAST COAST,29 YARRA RIVER,1.22,2002-09-04T00:00:00Z,2013,Flora Rd Drain,Waterway section
850,5642,TRIB OF STEELS CREEK,5640,STEELS CREEK,YARRA RIVER,Yarra,DIV 2 - SOUTHEAST COAST,29 YARRA RIVER,1.51,2003-08-28T00:00:00Z,2013,Tributary Of Steels Creek,Waterway section
851,5643,DIXONS CREEK,5640,STEELS CREEK,YARRA RIVER,Yarra,DIV 2 - SOUTHEAST COAST,29 YARRA RIVER,19.94,2003-08-28T00:00:00Z,2013,Dixons Creek,Waterway section
852,5644,TRIB OF DRY CREEK,5640,STEELS CREEK,YARRA RIVER,Yarra,DIV 2 - SOUTHEAST COAST,29 YARRA RIVER,0.62,2003-08-27T00:00:00Z,2013,Tributary Of Dry Creek,Waterway section
853,5645,TRIB OF DRY CREEK,5640,STEELS CREEK,YARRA RIVER,Yarra,DIV 2 - SOUTHEAST COAST,29 YARRA RIVER,0.91,2003-08-27T00:00:00Z,2013,Tributary Of Dry Creek,Waterway section
854,5646,TRIB OF DRY CREEK,5640,STEELS CREEK,YARRA RIVER,Yarra,DIV 2 - SOUTHEAST COAST,29 YARRA RIVER,1.33,2003-08-27T00:00:00Z,2013,Tributary Of Dry Creek,Waterway section
855,5714,TRIB OF CORANDERRK CREEK,5670,WATTS RIVER,YARRA RIVER,Yarra,DIV 2 - SOUTHEAST COAST,29 YARRA RIVER,1.12,2003-11-20T00:00:00Z,2013,Tributary Of Coranderrk Creek,Waterway section
856,5715,TRIB OF YARRA CREEK,4400,YARRA RIVER MAIN STREAM,YARRA RIVER,Yarra,DIV 2 - SOUTHEAST COAST,29 YARRA RIVER,3.49,2003-11-19T00:00:00Z,2013,Tributary Of Yarra Creek,Waterway section
857,5515,TRIB OF MCMAHONS CREEK,4400,YARRA RIVER MAIN STREAM,YARRA RIVER,Yarra,DIV 2 - SOUTHEAST COAST,29 YARRA RIVER,2.4,2003-11-14T00:00:00Z,2013,Tributary Of Mcmahons Creek,Waterway section
858,5516,TRIB OF MCMAHONS CREEK,4400,YARRA RIVER MAIN STREAM,YARRA RIVER,Yarra,DIV 2 - SOUTHEAST COAST,29 YARRA RIVER,1.38,2003-11-14T00:00:00Z,2013,Tributary Of Mcmahons Creek,Waterway section
859,5593,TRIB OF WATTS RIVER,5670,WATTS RIVER,YARRA RIVER,Yarra,DIV 2 - SOUTHEAST COAST,29 YARRA RIVER,4.28,2003-10-30T00:00:00Z,2013,Tributary Of Watts River,Waterway section
860,5475,TRIB OF KINGS GULLY RD CREEK,5470,WATSONS CREEK,YARRA RIVER,Yarra,DIV 2 - SOUTHEAST COAST,29 YARRA RIVER,1.25,2003-08-29T00:00:00Z,2013,Tributary Of Kings Gully Rd Creek,Waterway section
861,5476,TRIB OF KINGS GULLY RD CREEK,5470,WATSONS CREEK,YARRA RIVER,Yarra,DIV 2 - SOUTHEAST COAST,29 YARRA RIVER,0.88,2003-08-29T00:00:00Z,2013,Tributary Of Kings Gully Rd Creek,Waterway section
862,5477,LONG GULLY,5470,WATSONS CREEK,YARRA RIVER,Yarra,DIV 2 - SOUTHEAST COAST,29 YARRA RIVER,5.9,2003-08-29T00:00:00Z,2013,Long Gully,Waterway section
863,5439,TRIB OF BELLELL CREEK,4400,YARRA RIVER MAIN STREAM,YARRA RIVER,Yarra,DIV 2 - SOUTHEAST COAST,29 YARRA RIVER,1.61,2003-11-07T00:00:00Z,2013,Tributary Of Bellell Creek,Waterway section
864,5440,ANDERSONS CREEK,4400,YARRA RIVER MAIN STREAM,YARRA RIVER,Yarra,DIV 2 - SOUTHEAST COAST,29 YARRA RIVER,8.28,2002-09-04T00:00:00Z,2013,Andersons Creek,Waterway section
865,5441,ANDERSONS CREEK EAST BRANCH,4400,YARRA RIVER MAIN STREAM,YARRA RIVER,Yarra,DIV 2 - SOUTHEAST COAST,29 YARRA RIVER,2.33,2002-10-29T00:00:00Z,2013,Andersons Creek East Branch,Waterway section
866,5442,TRIB OF 5441,4400,YARRA RIVER MAIN STREAM,YARRA RIVER,Yarra,DIV 2 - SOUTHEAST COAST,29 YARRA RIVER,0.77,2003-08-25T00:00:00Z,2013,Tributary Of 5441,Waterway section
867,5443,HARRIS GULLY,4400,YARRA RIVER MAIN STREAM,YARRA RIVER,Yarra,DIV 2 - SOUTHEAST COAST,29 YARRA RIVER,4.08,2002-09-04T00:00:00Z,2013,Harris Gully,Waterway section
868,5444,TRIB OF 5443,4400,YARRA RIVER MAIN STREAM,YARRA RIVER,Yarra,DIV 2 - SOUTHEAST COAST,29 YARRA RIVER,0.68,2003-09-03T00:00:00Z,2013,Tributary Of 5443,Waterway section
869,5716,TRIB OF YARRA RIVER TRIB,4400,YARRA RIVER MAIN STREAM,YARRA RIVER,Yarra,DIV 2 - SOUTHEAST COAST,29 YARRA RIVER,1.2,2003-10-16T00:00:00Z,2013,Tributary Of Yarra River Tributary,Waterway section
870,5717,TRIB OF YARRA RIVER TRIB,4400,YARRA RIVER MAIN STREAM,YARRA RIVER,Yarra,DIV 2 - SOUTHEAST COAST,29 YARRA RIVER,2.81,2003-10-16T00:00:00Z,2013,Tributary Of Yarra River Tributary,Waterway section
871,5594,TRIB OF 5593,5670,WATTS RIVER,YARRA RIVER,Yarra,DIV 2 - SOUTHEAST COAST,29 YARRA RIVER,1.75,2003-10-30T00:00:00Z,2013,Tributary Of 5593,Waterway section
872,5595,TRIB OF 5593,5670,WATTS RIVER,YARRA RIVER,Yarra,DIV 2 - SOUTHEAST COAST,29 YARRA RIVER,1.03,2003-10-30T00:00:00Z,2013,Tributary Of 5593,Waterway section
873,5596,TRIB OF WATTS RIVER,5670,WATTS RIVER,YARRA RIVER,Yarra,DIV 2 - SOUTHEAST COAST,29 YARRA RIVER,1.42,2003-10-30T00:00:00Z,2013,Tributary Of Watts River,Waterway section
874,5597,TRIB OF WATTS RIVER,5670,WATTS RIVER,YARRA RIVER,Yarra,DIV 2 - SOUTHEAST COAST,29 YARRA RIVER,1.31,2003-10-30T00:00:00Z,2013,Tributary Of Watts River,Waterway section
875,5408,TRIB OF YARRA RIVER,4400,YARRA RIVER MAIN STREAM,YARRA RIVER,Yarra,DIV 2 - SOUTHEAST COAST,29 YARRA RIVER,0.76,2002-10-21T00:00:00Z,2013,Tributary Of Yarra River,Waterway section
876,5536,TRIB OF YTHAN CREEK,4400,YARRA RIVER MAIN STREAM,YARRA RIVER,Yarra,DIV 2 - SOUTHEAST COAST,29 YARRA RIVER,0.92,2003-11-05T00:00:00Z,2013,Tributary Of Ythan Creek,Waterway section
877,5537,TRIB OF DEEP CREEK,4400,YARRA RIVER MAIN STREAM,YARRA RIVER,Yarra,DIV 2 - SOUTHEAST COAST,29 YARRA RIVER,1.58,2003-11-07T00:00:00Z,2013,Tributary Of Deep Creek,Waterway section
878,5538,TRIB OF DEEP CREEK,4400,YARRA RIVER MAIN STREAM,YARRA RIVER,Yarra,DIV 2 - SOUTHEAST COAST,29 YARRA RIVER,1.96,2003-11-07T00:00:00Z,2013,Tributary Of Deep Creek,Waterway section
879,5539,TRIB OF DEEP CREEK,4400,YARRA RIVER MAIN STREAM,YARRA RIVER,Yarra,DIV 2 - SOUTHEAST COAST,29 YARRA RIVER,5.64,2003-11-07T00:00:00Z,2013,Tributary Of Deep Creek,Waterway section
880,5541,TRIB OF DEEP CREEK,4400,YARRA RIVER MAIN STREAM,YARRA RIVER,Yarra,DIV 2 - SOUTHEAST COAST,29 YARRA RIVER,0.99,2003-11-07T00:00:00Z,2013,Tributary Of Deep Creek,Waterway section
881,4773,BONVIEW RD DRAIN,4700,KOONUNG CREEK,YARRA RIVER,Yarra,DIV 2 - SOUTHEAST COAST,29 YARRA RIVER,1.29,2002-08-23T00:00:00Z,2013,Bonview Rd Drain,Waterway section
882,4774,ROSELAND GROVE DRAIN,4700,KOONUNG CREEK,YARRA RIVER,Yarra,DIV 2 - SOUTHEAST COAST,29 YARRA RIVER,0.82,2002-10-21T00:00:00Z,2013,Roseland Grove Drain,Waterway section
883,4775,GEORGE ST DRAIN,4700,KOONUNG CREEK,YARRA RIVER,Yarra,DIV 2 - SOUTHEAST COAST,29 YARRA RIVER,1.21,2002-10-09T00:00:00Z,2013,George St Drain,Waterway section
884,4801,"YARRA STREET DRAIN, PRAHRAN",4400,YARRA RIVER MAIN STREAM,YARRA RIVER,Yarra,DIV 2 - SOUTHEAST COAST,29 YARRA RIVER,0.72,2002-07-22T00:00:00Z,2013,"Yarra Street Drain, Prahran",Waterway section
885,5718,TRIB OF YARRA RIVER TRIB,4400,YARRA RIVER MAIN STREAM,YARRA RIVER,Yarra,DIV 2 - SOUTHEAST COAST,29 YARRA RIVER,2.04,2003-11-19T00:00:00Z,2013,Tributary Of Yarra River Tributary,Waterway section
886,5719,TRIB OF 5715,4400,YARRA RIVER MAIN STREAM,YARRA RIVER,Yarra,DIV 2 - SOUTHEAST COAST,29 YARRA RIVER,1.11,2003-11-19T00:00:00Z,2013,Tributary Of 5715,Waterway section
887,5720,WOORI YALLOCK CREEK,5720,WOORI YALLOCK CREEK,YARRA RIVER,Yarra,DIV 2 - SOUTHEAST COAST,29 YARRA RIVER,35.86,2003-09-11T00:00:00Z,2013,Woori Yallock Creek,Waterway section
888,5409,TRIB OF YARRA RIVER,4400,YARRA RIVER MAIN STREAM,YARRA RIVER,Yarra,DIV 2 - SOUTHEAST COAST,29 YARRA RIVER,0.64,2002-09-04T00:00:00Z,2013,Tributary Of Yarra River,Waterway section
889,5410,MULLUM MULLUM CREEK (LOWER),5400,MULLUM MULLUM CREEK,YARRA RIVER,Yarra,DIV 2 - SOUTHEAST COAST,29 YARRA RIVER,5.8,2003-09-01T00:00:00Z,2013,Mullum Mullum Creek (Lower),Waterway section
890,5411,TEMPLESTOWE EAST DRAIN,5400,MULLUM MULLUM CREEK,YARRA RIVER,Yarra,DIV 2 - SOUTHEAST COAST,29 YARRA RIVER,3.96,2002-09-04T00:00:00Z,2013,Templestowe East Drain,Waterway section
891,5462,PIDGEN BANK GULLY (5462),4400,YARRA RIVER MAIN STREAM,YARRA RIVER,Yarra,DIV 2 - SOUTHEAST COAST,29 YARRA RIVER,0.77,2002-10-09T00:00:00Z,2013,Pidgen Bank Gully (5462),Waterway section
892,5542,TRIB OF DEEP CREEK,4400,YARRA RIVER MAIN STREAM,YARRA RIVER,Yarra,DIV 2 - SOUTHEAST COAST,29 YARRA RIVER,1.7,2003-11-07T00:00:00Z,2013,Tributary Of Deep Creek,Waterway section
893,5622,RICH CREEK,5610,OLINDA CREEK,YARRA RIVER,Yarra,DIV 2 - SOUTHEAST COAST,29 YARRA RIVER,0.45,2002-11-14T00:00:00Z,2013,Rich Creek,Waterway section
894,5623,YORK RD DRAIN,5610,OLINDA CREEK,YARRA RIVER,Yarra,DIV 2 - SOUTHEAST COAST,29 YARRA RIVER,1.59,2003-09-03T00:00:00Z,2013,York Rd Drain,Waterway section
895,5624,TRIB OF STRINGYBARK CREEK,5610,OLINDA CREEK,YARRA RIVER,Yarra,DIV 2 - SOUTHEAST COAST,29 YARRA RIVER,6.76,2002-11-14T00:00:00Z,2013,Tributary Of Stringybark Creek,Waterway section
896,5625,WATTLE VALLEY CREEK,5610,OLINDA CREEK,YARRA RIVER,Yarra,DIV 2 - SOUTHEAST COAST,29 YARRA RIVER,1.6,2003-09-03T00:00:00Z,2013,Wattle Valley Creek,Waterway section
897,5626,TRIB OF 5634,5610,OLINDA CREEK,YARRA RIVER,Yarra,DIV 2 - SOUTHEAST COAST,29 YARRA RIVER,1.15,2003-09-03T00:00:00Z,2013,Tributary Of 5634,Waterway section
898,5209,TRIB OF CUMBERLAND CREEK,4400,YARRA RIVER MAIN STREAM,YARRA RIVER,Yarra,DIV 2 - SOUTHEAST COAST,29 YARRA RIVER,1.45,2003-11-10T00:00:00Z,2013,Tributary Of Cumberland Creek,Waterway section
899,5210,TRIB OF CUMBERLAND CREEK,4400,YARRA RIVER MAIN STREAM,YARRA RIVER,Yarra,DIV 2 - SOUTHEAST COAST,29 YARRA RIVER,0.47,2003-11-10T00:00:00Z,2013,Tributary Of Cumberland Creek,Waterway section
900,5213,TRIB OF CUMBERLAND CREEK,4400,YARRA RIVER MAIN STREAM,YARRA RIVER,Yarra,DIV 2 - SOUTHEAST COAST,29 YARRA RIVER,0.82,2003-11-28T00:00:00Z,2013,Tributary Of Cumberland Creek,Waterway section
901,5214,TRIB OF ARMSTRONG CREEK,4400,YARRA RIVER MAIN STREAM,YARRA RIVER,Yarra,DIV 2 - SOUTHEAST COAST,29 YARRA RIVER,1.18,2003-11-10T00:00:00Z,2013,Tributary Of Armstrong Creek,Waterway section
902,5215,TRIB OF ARMSTRONG CREEK,4400,YARRA RIVER MAIN STREAM,YARRA RIVER,Yarra,DIV 2 - SOUTHEAST COAST,29 YARRA RIVER,1,2003-11-10T00:00:00Z,2013,Tributary Of Armstrong Creek,Waterway section
903,5216,TRIB OF ARMSTRONG CREEK,4400,YARRA RIVER MAIN STREAM,YARRA RIVER,Yarra,DIV 2 - SOUTHEAST COAST,29 YARRA RIVER,0.93,2003-11-10T00:00:00Z,2013,Tributary Of Armstrong Creek,Waterway section
904,5218,TRIB OF 5217,4400,YARRA RIVER MAIN STREAM,YARRA RIVER,Yarra,DIV 2 - SOUTHEAST COAST,29 YARRA RIVER,1.21,2003-11-10T00:00:00Z,2013,Tributary Of 5217,Waterway section
905,5721,TRIB OF WOORI YALLOCK CREEK,5720,WOORI YALLOCK CREEK,YARRA RIVER,Yarra,DIV 2 - SOUTHEAST COAST,29 YARRA RIVER,1.85,2002-11-14T00:00:00Z,2013,Tributary Of Woori Yallock Creek,Waterway section
906,5722,TRIB OF WANDIN YALLOCK CREEK,5720,WOORI YALLOCK CREEK,YARRA RIVER,Yarra,DIV 2 - SOUTHEAST COAST,29 YARRA RIVER,0.78,2003-09-11T00:00:00Z,2013,Tributary Of Wandin Yallock Creek,Waterway section
907,5723,WANDIN YALLOCK CREEK,5720,WOORI YALLOCK CREEK,YARRA RIVER,Yarra,DIV 2 - SOUTHEAST COAST,29 YARRA RIVER,17.73,2002-11-15T00:00:00Z,2013,Wandin Yallock Creek,Waterway section
908,5463,TRIB OF YARRA RIVER,4400,YARRA RIVER MAIN STREAM,YARRA RIVER,Yarra,DIV 2 - SOUTHEAST COAST,29 YARRA RIVER,2.45,2003-08-25T00:00:00Z,2013,Tributary Of Yarra River,Waterway section
909,5464,TRIB OF YARRA CREEK,4400,YARRA RIVER MAIN STREAM,YARRA RIVER,Yarra,DIV 2 - SOUTHEAST COAST,29 YARRA RIVER,1.5,2003-08-25T00:00:00Z,2013,Tributary Of Yarra Creek,Waterway section
910,5517,TRIB OF LOWES CREEK,4400,YARRA RIVER MAIN STREAM,YARRA RIVER,Yarra,DIV 2 - SOUTHEAST COAST,29 YARRA RIVER,0.99,2003-11-14T00:00:00Z,2013,Tributary Of Lowes Creek,Waterway section
911,5627,TRIB OF OLINDA CREEK,5610,OLINDA CREEK,YARRA RIVER,Yarra,DIV 2 - SOUTHEAST COAST,29 YARRA RIVER,1.93,2003-09-03T00:00:00Z,2013,Tributary Of Olinda Creek,Waterway section
912,5430,BEAUFORT RD DRAIN,5400,MULLUM MULLUM CREEK,YARRA RIVER,Yarra,DIV 2 - SOUTHEAST COAST,29 YARRA RIVER,1.36,2002-09-04T00:00:00Z,2013,Beaufort Rd Drain,Waterway section
913,5431,LARNE AVE DRAIN,5400,MULLUM MULLUM CREEK,YARRA RIVER,Yarra,DIV 2 - SOUTHEAST COAST,29 YARRA RIVER,1.61,2002-09-04T00:00:00Z,2013,Larne Ave Drain,Waterway section
914,5487,TRIB OF WATSONS CREEK,5470,WATSONS CREEK,YARRA RIVER,Yarra,DIV 2 - SOUTHEAST COAST,29 YARRA RIVER,3.61,2003-08-29T00:00:00Z,2013,Tributary Of Watsons Creek,Waterway section
915,5488,TRIB OF WATSONS CREEK,5470,WATSONS CREEK,YARRA RIVER,Yarra,DIV 2 - SOUTHEAST COAST,29 YARRA RIVER,1.66,2003-08-29T00:00:00Z,2013,Tributary Of Watsons Creek,Waterway section
916,5489,TRIB OF WATSONS CREEK,5470,WATSONS CREEK,YARRA RIVER,Yarra,DIV 2 - SOUTHEAST COAST,29 YARRA RIVER,1.6,2003-08-29T00:00:00Z,2013,Tributary Of Watsons Creek,Waterway section
917,5566,BALCOMBE AVE DRAIN,5550,BRUSHY CREEK,YARRA RIVER,Yarra,DIV 2 - SOUTHEAST COAST,29 YARRA RIVER,1.93,2002-10-09T00:00:00Z,2013,Balcombe Ave Drain,Waterway section
918,5724,TRIB OF WANDIN YALLOCK CREEK,5720,WOORI YALLOCK CREEK,YARRA RIVER,Yarra,DIV 2 - SOUTHEAST COAST,29 YARRA RIVER,2.5,2003-09-11T00:00:00Z,2013,Tributary Of Wandin Yallock Creek,Waterway section
919,5725,TRIB OF WOORI YALLOCK CREEK,5720,WOORI YALLOCK CREEK,YARRA RIVER,Yarra,DIV 2 - SOUTHEAST COAST,29 YARRA RIVER,2.28,2003-09-12T00:00:00Z,2013,Tributary Of Woori Yallock Creek,Waterway section
920,5726,WILD CATTLE CREEK,5720,WOORI YALLOCK CREEK,YARRA RIVER,Yarra,DIV 2 - SOUTHEAST COAST,29 YARRA RIVER,3.91,2003-09-11T00:00:00Z,2013,Wild Cattle Creek,Waterway section
921,5727,TRIB OF WOORI YALLOCK CREEK,5720,WOORI YALLOCK CREEK,YARRA RIVER,Yarra,DIV 2 - SOUTHEAST COAST,29 YARRA RIVER,2.39,2003-09-10T00:00:00Z,2013,Tributary Of Woori Yallock Creek,Waterway section
922,5518,TRIB OF MCMAHONS CREEK,4400,YARRA RIVER MAIN STREAM,YARRA RIVER,Yarra,DIV 2 - SOUTHEAST COAST,29 YARRA RIVER,1.83,2003-11-14T00:00:00Z,2013,Tributary Of Mcmahons Creek,Waterway section
923,5519,TRIB OF 5885,4400,YARRA RIVER MAIN STREAM,YARRA RIVER,Yarra,DIV 2 - SOUTHEAST COAST,29 YARRA RIVER,0.74,2003-11-14T00:00:00Z,2013,Tributary Of 5885,Waterway section
924,5520,TRIB OF 5883,4400,YARRA RIVER MAIN STREAM,YARRA RIVER,Yarra,DIV 2 - SOUTHEAST COAST,29 YARRA RIVER,2.41,2003-11-14T00:00:00Z,2013,Tributary Of 5883,Waterway section
925,5521,TRIB OF WATTS RIVER,5670,WATTS RIVER,YARRA RIVER,Yarra,DIV 2 - SOUTHEAST COAST,29 YARRA RIVER,2.01,2003-10-30T00:00:00Z,2013,Tributary Of Watts River,Waterway section
926,5522,TRIB OF WATTS RIVER,5670,WATTS RIVER,YARRA RIVER,Yarra,DIV 2 - SOUTHEAST COAST,29 YARRA RIVER,3.66,2003-10-30T00:00:00Z,2013,Tributary Of Watts River,Waterway section
927,5523,TRIB OF WATTS RIVER,5670,WATTS RIVER,YARRA RIVER,Yarra,DIV 2 - SOUTHEAST COAST,29 YARRA RIVER,1.45,2003-10-30T00:00:00Z,2013,Tributary Of Watts River,Waterway section
928,5478,TRIB OF LONG GULLY,5470,WATSONS CREEK,YARRA RIVER,Yarra,DIV 2 - SOUTHEAST COAST,29 YARRA RIVER,1.76,2003-08-29T00:00:00Z,2013,Tributary Of Long Gully,Waterway section
929,5479,TRIB OF LONG GULLY,5470,WATSONS CREEK,YARRA RIVER,Yarra,DIV 2 - SOUTHEAST COAST,29 YARRA RIVER,1.96,2003-08-29T00:00:00Z,2013,Tributary Of Long Gully,Waterway section
930,5480,TRIB OF LONG GULLY,5470,WATSONS CREEK,YARRA RIVER,Yarra,DIV 2 - SOUTHEAST COAST,29 YARRA RIVER,0.71,2003-08-29T00:00:00Z,2013,Tributary Of Long Gully,Waterway section
931,4872,DAMPER CREEK,4820,GARDINERS CREEK,YARRA RIVER,Yarra,DIV 2 - SOUTHEAST COAST,29 YARRA RIVER,3.49,2002-09-23T00:00:00Z,2013,Damper Creek,Waterway section
932,4873,DAMPER CREEK EAST BRANCH,4820,GARDINERS CREEK,YARRA RIVER,Yarra,DIV 2 - SOUTHEAST COAST,29 YARRA RIVER,1.24,2002-10-09T00:00:00Z,2013,Damper Creek East Branch,Waterway section
933,4874,BROCKHOFFS M.D.,4820,GARDINERS CREEK,YARRA RIVER,Yarra,DIV 2 - SOUTHEAST COAST,29 YARRA RIVER,0.87,2002-09-03T00:00:00Z,2013,Brockhoffs Main Drain.,Melbourne Water main drain
934,4875,MC COMAS GROVE DRAIN,4820,GARDINERS CREEK,YARRA RIVER,Yarra,DIV 2 - SOUTHEAST COAST,29 YARRA RIVER,1.4,2002-09-03T00:00:00Z,2013,Mc Comas Grove Drain,Waterway section
935,5728,WILD DOG CREEK (5728),5720,WOORI YALLOCK CREEK,YARRA RIVER,Yarra,DIV 2 - SOUTHEAST COAST,29 YARRA RIVER,5.31,2003-09-11T00:00:00Z,2013,Wild Dog Creek (5728),Waterway section
936,5729,TRIB OF WILD CATTLE CREEK,5720,WOORI YALLOCK CREEK,YARRA RIVER,Yarra,DIV 2 - SOUTHEAST COAST,29 YARRA RIVER,0.68,2003-09-11T00:00:00Z,2013,Tributary Of Wild Cattle Creek,Waterway section
937,5598,TRIB OF WATTS RIVER,5670,WATTS RIVER,YARRA RIVER,Yarra,DIV 2 - SOUTHEAST COAST,29 YARRA RIVER,0.97,2003-10-30T00:00:00Z,2013,Tributary Of Watts River,Waterway section
938,5599,TRIB OF WATTS RIVER,5670,WATTS RIVER,YARRA RIVER,Yarra,DIV 2 - SOUTHEAST COAST,29 YARRA RIVER,2.11,2003-10-30T00:00:00Z,2013,Tributary Of Watts River,Waterway section
939,5601,TRIB OF YARRA RIVER,4400,YARRA RIVER MAIN STREAM,YARRA RIVER,Yarra,DIV 2 - SOUTHEAST COAST,29 YARRA RIVER,1.83,2003-08-25T00:00:00Z,2013,Tributary Of Yarra River,Waterway section
940,5602,CHIRNSIDE PARK DRAIN,4400,YARRA RIVER MAIN STREAM,YARRA RIVER,Yarra,DIV 2 - SOUTHEAST COAST,29 YARRA RIVER,5.98,2002-10-23T00:00:00Z,2013,Chirnside Park Drain,Waterway section
941,5603,PAYNES RD DRAIN,4400,YARRA RIVER MAIN STREAM,YARRA RIVER,Yarra,DIV 2 - SOUTHEAST COAST,29 YARRA RIVER,3.28,2002-09-03T00:00:00Z,2013,Paynes Rd Drain,Waterway section
942,5605,TRIB OF 5610,5610,OLINDA CREEK,YARRA RIVER,Yarra,DIV 2 - SOUTHEAST COAST,29 YARRA RIVER,2.44,2002-11-01T00:00:00Z,2013,Tributary Of 5610,Waterway section
943,5606,COLDSTREAM DRAIN,5610,OLINDA CREEK,YARRA RIVER,Yarra,DIV 2 - SOUTHEAST COAST,29 YARRA RIVER,1.82,2002-10-22T00:00:00Z,2013,Coldstream Drain,Waterway section
944,5607,TRIB OF LILYDALE EAST DRAIN,5610,OLINDA CREEK,YARRA RIVER,Yarra,DIV 2 - SOUTHEAST COAST,29 YARRA RIVER,4.05,2002-10-09T00:00:00Z,2013,Tributary Of Lilydale East Drain,Waterway section
945,5543,TRIB OF DEEP CREEK,4400,YARRA RIVER MAIN STREAM,YARRA RIVER,Yarra,DIV 2 - SOUTHEAST COAST,29 YARRA RIVER,2.62,2003-11-07T00:00:00Z,2013,Tributary Of Deep Creek,Waterway section
946,5544,TRIB OF DEEP CREEK,4400,YARRA RIVER MAIN STREAM,YARRA RIVER,Yarra,DIV 2 - SOUTHEAST COAST,29 YARRA RIVER,3.6,2003-11-07T00:00:00Z,2013,Tributary Of Deep Creek,Waterway section
947,5546,TRIB OF 5545,4400,YARRA RIVER MAIN STREAM,YARRA RIVER,Yarra,DIV 2 - SOUTHEAST COAST,29 YARRA RIVER,2.77,2003-11-07T00:00:00Z,2013,Tributary Of 5545,Waterway section
948,5547,TRIB OF 5546,4400,YARRA RIVER MAIN STREAM,YARRA RIVER,Yarra,DIV 2 - SOUTHEAST COAST,29 YARRA RIVER,1.4,2003-11-07T00:00:00Z,2013,Tributary Of 5546,Waterway section
949,5548,TRIB OF DEEP CREEK,4400,YARRA RIVER MAIN STREAM,YARRA RIVER,Yarra,DIV 2 - SOUTHEAST COAST,29 YARRA RIVER,1.92,2003-11-07T00:00:00Z,2013,Tributary Of Deep Creek,Waterway section
950,5219,TRIB OF 5217,4400,YARRA RIVER MAIN STREAM,YARRA RIVER,Yarra,DIV 2 - SOUTHEAST COAST,29 YARRA RIVER,0.97,2003-11-10T00:00:00Z,2013,Tributary Of 5217,Waterway section
951,5221,TRIB OF 5217,4400,YARRA RIVER MAIN STREAM,YARRA RIVER,Yarra,DIV 2 - SOUTHEAST COAST,29 YARRA RIVER,1.75,2003-11-10T00:00:00Z,2013,Tributary Of 5217,Waterway section
952,5222,TRIB OF ARMSTRONG CREEK,4400,YARRA RIVER MAIN STREAM,YARRA RIVER,Yarra,DIV 2 - SOUTHEAST COAST,29 YARRA RIVER,1.27,2003-11-10T00:00:00Z,2013,Tributary Of Armstrong Creek,Waterway section
953,5224,TRIB OF ARMSTRONG CREEK,4400,YARRA RIVER MAIN STREAM,YARRA RIVER,Yarra,DIV 2 - SOUTHEAST COAST,29 YARRA RIVER,1.2,2003-11-10T00:00:00Z,2013,Tributary Of Armstrong Creek,Waterway section
954,5225,TRIB OF ARMSTRONG CREEK,4400,YARRA RIVER MAIN STREAM,YARRA RIVER,Yarra,DIV 2 - SOUTHEAST COAST,29 YARRA RIVER,0.82,2003-11-10T00:00:00Z,2013,Tributary Of Armstrong Creek,Waterway section
955,5226,TRIB OF ARMSTRONG CK EAST BR,4400,YARRA RIVER MAIN STREAM,YARRA RIVER,Yarra,DIV 2 - SOUTHEAST COAST,29 YARRA RIVER,0.9,2003-11-10T00:00:00Z,2013,Tributary Of Armstrong Ck East Br,Waterway section
956,5730,TRIB OF WOORI YALLOCK CREEK,5720,WOORI YALLOCK CREEK,YARRA RIVER,Yarra,DIV 2 - SOUTHEAST COAST,29 YARRA RIVER,1.56,2003-09-12T00:00:00Z,2013,Tributary Of Woori Yallock Creek,Waterway section
957,5731,WATTLE CREEK (LOWER),5720,WOORI YALLOCK CREEK,YARRA RIVER,Yarra,DIV 2 - SOUTHEAST COAST,29 YARRA RIVER,3.05,2002-11-14T00:00:00Z,2013,Wattle Creek (Lower),Waterway section
958,5732,TRIB OF WOORI YALLOCK CREEK,5720,WOORI YALLOCK CREEK,YARRA RIVER,Yarra,DIV 2 - SOUTHEAST COAST,29 YARRA RIVER,3.46,2003-09-10T00:00:00Z,2013,Tributary Of Woori Yallock Creek,Waterway section
959,5608,CHERRY HILL DRAIN,4400,YARRA RIVER MAIN STREAM,YARRA RIVER,Yarra,DIV 2 - SOUTHEAST COAST,29 YARRA RIVER,8.25,2002-10-23T00:00:00Z,2013,Cherry Hill Drain,Waterway section
960,5609,TRIB OF YARRA RIVER,4400,YARRA RIVER MAIN STREAM,YARRA RIVER,Yarra,DIV 2 - SOUTHEAST COAST,29 YARRA RIVER,3.11,2003-08-25T00:00:00Z,2013,Tributary Of Yarra River,Waterway section
961,5610,OLINDA CREEK,5610,OLINDA CREEK,YARRA RIVER,Yarra,DIV 2 - SOUTHEAST COAST,29 YARRA RIVER,30.92,2003-09-04T00:00:00Z,2013,Olinda Creek,Waterway section
962,5412,DICKENS CLOSE DRAIN,5400,MULLUM MULLUM CREEK,YARRA RIVER,Yarra,DIV 2 - SOUTHEAST COAST,29 YARRA RIVER,0.71,2002-10-09T00:00:00Z,2013,Dickens Close Drain,Waterway section
963,5413,HOMEWOOD DRAIN,4400,YARRA RIVER MAIN STREAM,YARRA RIVER,Yarra,DIV 2 - SOUTHEAST COAST,29 YARRA RIVER,1.87,2002-10-22T00:00:00Z,2013,Homewood Drain,Waterway section
964,5414,TRIB OF MULLUM MULLUM CREEK,5400,MULLUM MULLUM CREEK,YARRA RIVER,Yarra,DIV 2 - SOUTHEAST COAST,29 YARRA RIVER,0.84,2002-10-21T00:00:00Z,2013,Tributary Of Mullum Mullum Creek,Waterway section
965,5415,REYNOLDS RD DRAIN,5400,MULLUM MULLUM CREEK,YARRA RIVER,Yarra,DIV 2 - SOUTHEAST COAST,29 YARRA RIVER,1.04,2002-09-04T00:00:00Z,2013,Reynolds Rd Drain,Waterway section
966,5416,HUNT ST DRAIN,5400,MULLUM MULLUM CREEK,YARRA RIVER,Yarra,DIV 2 - SOUTHEAST COAST,29 YARRA RIVER,2.36,2002-09-04T00:00:00Z,2013,Hunt St Drain,Waterway section
967,5549,TRIB OF YARRA RIVER,4400,YARRA RIVER MAIN STREAM,YARRA RIVER,Yarra,DIV 2 - SOUTHEAST COAST,29 YARRA RIVER,0.85,2003-08-25T00:00:00Z,2013,Tributary Of Yarra River,Waterway section
968,5628,TRIB OF STRINGYBARK CREEK,5610,OLINDA CREEK,YARRA RIVER,Yarra,DIV 2 - SOUTHEAST COAST,29 YARRA RIVER,2.75,2003-09-03T00:00:00Z,2013,Tributary Of Stringybark Creek,Waterway section
969,5629,LOG CREEK,5610,OLINDA CREEK,YARRA RIVER,Yarra,DIV 2 - SOUTHEAST COAST,29 YARRA RIVER,7.76,2002-11-15T00:00:00Z,2013,Log Creek,Waterway section
970,5630,WISHING WELL CREEK,5610,OLINDA CREEK,YARRA RIVER,Yarra,DIV 2 - SOUTHEAST COAST,29 YARRA RIVER,1.31,2002-11-14T00:00:00Z,2013,Wishing Well Creek,Waterway section
971,5567,CARRONVALE RD DRAIN,5550,BRUSHY CREEK,YARRA RIVER,Yarra,DIV 2 - SOUTHEAST COAST,29 YARRA RIVER,1.29,2002-10-09T00:00:00Z,2013,Carronvale Rd Drain,Waterway section
972,5568,PEMBROKE RD DRAIN,5550,BRUSHY CREEK,YARRA RIVER,Yarra,DIV 2 - SOUTHEAST COAST,29 YARRA RIVER,0.95,2002-10-09T00:00:00Z,2013,Pembroke Rd Drain,Waterway section
973,5579,TRIB OF DONNELLY CREEK,5670,WATTS RIVER,YARRA RIVER,Yarra,DIV 2 - SOUTHEAST COAST,29 YARRA RIVER,2.45,2003-10-29T00:00:00Z,2013,Tributary Of Donnelly Creek,Waterway section
974,5580,MATHINA CREEK,5670,WATTS RIVER,YARRA RIVER,Yarra,DIV 2 - SOUTHEAST COAST,29 YARRA RIVER,3.73,2003-10-30T00:00:00Z,2013,Mathina Creek,Waterway section
975,5581,TRIB OF ETTERSGLEN CREEK,5670,WATTS RIVER,YARRA RIVER,Yarra,DIV 2 - SOUTHEAST COAST,29 YARRA RIVER,1.46,2003-10-30T00:00:00Z,2013,Tributary Of Ettersglen Creek,Waterway section
976,5733,TRIB OF WOORI YALLOCK CREEK,5720,WOORI YALLOCK CREEK,YARRA RIVER,Yarra,DIV 2 - SOUTHEAST COAST,29 YARRA RIVER,1.4,2003-09-12T00:00:00Z,2013,Tributary Of Woori Yallock Creek,Waterway section
977,5734,TRIB OF WOORI YALLOCK CREEK,5720,WOORI YALLOCK CREEK,YARRA RIVER,Yarra,DIV 2 - SOUTHEAST COAST,29 YARRA RIVER,1.82,2003-09-10T00:00:00Z,2013,Tributary Of Woori Yallock Creek,Waterway section
978,5735,TRIB OF WOORI YALLOCK CREEK,5720,WOORI YALLOCK CREEK,YARRA RIVER,Yarra,DIV 2 - SOUTHEAST COAST,29 YARRA RIVER,1.4,2003-09-10T00:00:00Z,2013,Tributary Of Woori Yallock Creek,Waterway section
979,5736,DEVILS CREEK,5720,WOORI YALLOCK CREEK,YARRA RIVER,Yarra,DIV 2 - SOUTHEAST COAST,29 YARRA RIVER,3.45,2003-09-12T00:00:00Z,2013,Devils Creek,Waterway section
980,5418,FRANK ST DRAIN,5400,MULLUM MULLUM CREEK,YARRA RIVER,Yarra,DIV 2 - SOUTHEAST COAST,29 YARRA RIVER,0.92,2002-09-04T00:00:00Z,2013,Frank St Drain,Waterway section
981,5420,MULLUM MULLUM CREEK (UPPER),5400,MULLUM MULLUM CREEK,YARRA RIVER,Yarra,DIV 2 - SOUTHEAST COAST,29 YARRA RIVER,12.02,2003-09-01T00:00:00Z,2013,Mullum Mullum Creek (Upper),Waterway section
982,5465,TRIB OF YARRA CREEK,4400,YARRA RIVER MAIN STREAM,YARRA RIVER,Yarra,DIV 2 - SOUTHEAST COAST,29 YARRA RIVER,0.62,2003-08-25T00:00:00Z,2013,Tributary Of Yarra Creek,Waterway section
983,5467,TRIB OF STEAVENSON CREEK,5470,WATSONS CREEK,YARRA RIVER,Yarra,DIV 2 - SOUTHEAST COAST,29 YARRA RIVER,0.76,2003-08-29T00:00:00Z,2013,Tributary Of Steavenson Creek,Waterway section
984,5631,WALLABY CK / TRIB OF OLINDA CK,5610,OLINDA CREEK,YARRA RIVER,Yarra,DIV 2 - SOUTHEAST COAST,29 YARRA RIVER,1.91,2003-09-04T00:00:00Z,2013,Wallaby Ck / Tributary Of Olinda Ck,Waterway section
985,5632,MELBA AVE DRAIN,5610,OLINDA CREEK,YARRA RIVER,Yarra,DIV 2 - SOUTHEAST COAST,29 YARRA RIVER,1.22,2002-10-31T00:00:00Z,2013,Melba Ave Drain,Waterway section
986,5633,CAMBRIDGE RD DRAIN,5610,OLINDA CREEK,YARRA RIVER,Yarra,DIV 2 - SOUTHEAST COAST,29 YARRA RIVER,1.97,2002-10-23T00:00:00Z,2013,Cambridge Rd Drain,Waterway section
987,5634,LITTLE STRINGYBARK CREEK,5610,OLINDA CREEK,YARRA RIVER,Yarra,DIV 2 - SOUTHEAST COAST,29 YARRA RIVER,5.9,2002-10-03T00:00:00Z,2013,Little Stringybark Creek,Waterway section
988,5432,TRIB OF MULLUM MULLUM CK (UP),5400,MULLUM MULLUM CREEK,YARRA RIVER,Yarra,DIV 2 - SOUTHEAST COAST,29 YARRA RIVER,0.7,1998-06-30T00:00:00Z,2013,Tributary Of Mullum Mullum Ck (Up),Waterway section
989,4970,GRENVILLE ST M.D.,4900,ELSTER CREEK,ELSTER CREEK,Dandenong,DIV 2 - SOUTHEAST COAST,28 BUNYIP RIVER,2.18,2002-09-04T00:00:00Z,2013,Grenville St Main Drain.,Melbourne Water main drain
990,4972,MAY ST M.D.,4900,ELSTER CREEK,ELSTER CREEK,Dandenong,DIV 2 - SOUTHEAST COAST,28 BUNYIP RIVER,0.47,2002-11-06T00:00:00Z,2013,May St Main Drain.,Melbourne Water main drain
991,4973,HIGHETT M.D.,4900,ELSTER CREEK,ELSTER CREEK,Dandenong,DIV 2 - SOUTHEAST COAST,28 BUNYIP RIVER,2.27,2002-09-04T00:00:00Z,2013,Highett Main Drain.,Melbourne Water main drain
992,4974,GILARTH ST M.D.,4900,ELSTER CREEK,ELSTER CREEK,Dandenong,DIV 2 - SOUTHEAST COAST,28 BUNYIP RIVER,3.83,2002-10-29T00:00:00Z,2013,Gilarth St Main Drain.,Melbourne Water main drain
993,5737,SHEEP STATION CREEK,5720,WOORI YALLOCK CREEK,YARRA RIVER,Yarra,DIV 2 - SOUTHEAST COAST,29 YARRA RIVER,10.71,2003-09-11T00:00:00Z,2013,Sheep Station Creek,Waterway section
994,5738,LONE STAR CREEK,5720,WOORI YALLOCK CREEK,YARRA RIVER,Yarra,DIV 2 - SOUTHEAST COAST,29 YARRA RIVER,5.17,2003-09-10T00:00:00Z,2013,Lone Star Creek,Waterway section
995,5739,TRIB OF MCCRAE CREEK,5720,WOORI YALLOCK CREEK,YARRA RIVER,Yarra,DIV 2 - SOUTHEAST COAST,29 YARRA RIVER,5.07,2003-09-10T00:00:00Z,2013,Tributary Of Mccrae Creek,Waterway section
996,5740,COCKATOO CREEK,5720,WOORI YALLOCK CREEK,YARRA RIVER,Yarra,DIV 2 - SOUTHEAST COAST,29 YARRA RIVER,28.99,2003-09-10T00:00:00Z,2013,Cockatoo Creek,Waterway section
997,5741,MCCRAE CREEK,5720,WOORI YALLOCK CREEK,YARRA RIVER,Yarra,DIV 2 - SOUTHEAST COAST,29 YARRA RIVER,24.85,2003-09-11T00:00:00Z,2013,Mccrae Creek,Waterway section
998,5469,TRIB OF BELLELL CREEK,4400,YARRA RIVER MAIN STREAM,YARRA RIVER,Yarra,DIV 2 - SOUTHEAST COAST,29 YARRA RIVER,10.72,2003-11-07T00:00:00Z,2013,Tributary Of Bellell Creek,Waterway section
999,5524,TRIB OF WATTS RIVER,5670,WATTS RIVER,YARRA RIVER,Yarra,DIV 2 - SOUTHEAST COAST,29 YARRA RIVER,0.99,2003-10-30T00:00:00Z,2013,Tributary Of Watts River,Waterway section
1000,5525,TRIB OF WATTS RIVER,5670,WATTS RIVER,YARRA RIVER,Yarra,DIV 2 - SOUTHEAST COAST,29 YARRA RIVER,1,2003-10-30T00:00:00Z,2013,Tributary Of Watts River,Waterway section
1001,5526,TRIB OF WATTS RIVER,5670,WATTS RIVER,YARRA RIVER,Yarra,DIV 2 - SOUTHEAST COAST,29 YARRA RIVER,1.38,2003-10-30T00:00:00Z,2013,Tributary Of Watts River,Waterway section
1002,5481,TRIB OF WATSONS CREEK,5470,WATSONS CREEK,YARRA RIVER,Yarra,DIV 2 - SOUTHEAST COAST,29 YARRA RIVER,1.87,2003-08-29T00:00:00Z,2013,Tributary Of Watsons Creek,Waterway section
1003,5482,TRIB OF WATSONS CREEK,5470,WATSONS CREEK,YARRA RIVER,Yarra,DIV 2 - SOUTHEAST COAST,29 YARRA RIVER,1.57,2003-08-29T00:00:00Z,2013,Tributary Of Watsons Creek,Waterway section
1004,5483,HAPPY VALLEY CREEK,5470,WATSONS CREEK,YARRA RIVER,Yarra,DIV 2 - SOUTHEAST COAST,29 YARRA RIVER,2.39,2003-08-29T00:00:00Z,2013,Happy Valley Creek,Waterway section
1005,5227,DONOVAN CREEK,4400,YARRA RIVER MAIN STREAM,YARRA RIVER,Yarra,DIV 2 - SOUTHEAST COAST,29 YARRA RIVER,7.65,2003-11-11T00:00:00Z,2013,Donovan Creek,Waterway section
1006,5228,TRIB OF DONOVAN CREEK,4400,YARRA RIVER MAIN STREAM,YARRA RIVER,Yarra,DIV 2 - SOUTHEAST COAST,29 YARRA RIVER,0.99,2003-11-11T00:00:00Z,2013,Tributary Of Donovan Creek,Waterway section
1007,5229,TRIB OF DONOVAN CREEK,4400,YARRA RIVER MAIN STREAM,YARRA RIVER,Yarra,DIV 2 - SOUTHEAST COAST,29 YARRA RIVER,0.47,2003-11-11T00:00:00Z,2013,Tributary Of Donovan Creek,Waterway section
1008,5231,PURCHES ST DRAIN,4400,YARRA RIVER MAIN STREAM,YARRA RIVER,Yarra,DIV 2 - SOUTHEAST COAST,29 YARRA RIVER,1.12,2003-11-11T00:00:00Z,2013,Purches St Drain,Waterway section
1009,5311,TRIB OF DONNELLY CREEK,5670,WATTS RIVER,YARRA RIVER,Yarra,DIV 2 - SOUTHEAST COAST,29 YARRA RIVER,5.31,2003-10-29T00:00:00Z,2013,Tributary Of Donnelly Creek,Waterway section
1010,5313,WATSONS CREEK (5313),5470,WATSONS CREEK,YARRA RIVER,Yarra,DIV 2 - SOUTHEAST COAST,29 YARRA RIVER,0.43,2003-08-29T00:00:00Z,2013,Watsons Creek (5313),Waterway section
1011,5315,TRIB OF 5980,5610,OLINDA CREEK,YARRA RIVER,Yarra,DIV 2 - SOUTHEAST COAST,29 YARRA RIVER,0.17,2003-11-21T00:00:00Z,2013,Tributary Of 5980,Waterway section
1012,5316,TRIB OF MCKILLOP CREEK,5610,OLINDA CREEK,YARRA RIVER,Yarra,DIV 2 - SOUTHEAST COAST,29 YARRA RIVER,0.21,2003-09-04T00:00:00Z,2013,Tributary Of Mckillop Creek,Waterway section
1013,5527,TRIB OF WATTS RIVER,5670,WATTS RIVER,YARRA RIVER,Yarra,DIV 2 - SOUTHEAST COAST,29 YARRA RIVER,1.56,2003-10-30T00:00:00Z,2013,Tributary Of Watts River,Waterway section
1014,5528,MOSQUITO CREEK,5670,WATTS RIVER,YARRA RIVER,Yarra,DIV 2 - SOUTHEAST COAST,29 YARRA RIVER,2.45,2003-10-30T00:00:00Z,2013,Mosquito Creek,Waterway section
1015,5529,TRIB OF MOSQUITO CREEK,5670,WATTS RIVER,YARRA RIVER,Yarra,DIV 2 - SOUTHEAST COAST,29 YARRA RIVER,1.04,2003-10-30T00:00:00Z,2013,Tributary Of Mosquito Creek,Waterway section
1016,5611,TRIB OF 5610,5610,OLINDA CREEK,YARRA RIVER,Yarra,DIV 2 - SOUTHEAST COAST,29 YARRA RIVER,5.52,2003-09-04T00:00:00Z,2013,Tributary Of 5610,Waterway section
1017,5612,LILYDALE EAST DRAIN,5610,OLINDA CREEK,YARRA RIVER,Yarra,DIV 2 - SOUTHEAST COAST,29 YARRA RIVER,3.88,2002-10-18T00:00:00Z,2013,Lilydale East Drain,Waterway section
1018,5550,BRUSHY CREEK (LOWER),5550,BRUSHY CREEK,YARRA RIVER,Yarra,DIV 2 - SOUTHEAST COAST,29 YARRA RIVER,6.22,2003-09-01T00:00:00Z,2013,Brushy Creek (Lower),Waterway section
1019,5551,TRIB OF BRUSHY CREEK (LOWER),5550,BRUSHY CREEK,YARRA RIVER,Yarra,DIV 2 - SOUTHEAST COAST,29 YARRA RIVER,1.15,2002-09-03T00:00:00Z,2013,Tributary Of Brushy Creek (Lower),Waterway section
1020,5552,BLACKWOOD DR DRAIN,5550,BRUSHY CREEK,YARRA RIVER,Yarra,DIV 2 - SOUTHEAST COAST,29 YARRA RIVER,1.73,2002-10-22T00:00:00Z,2013,Blackwood Dr Drain,Waterway section
1021,5553,TRIB OF BRUSHY CREEK (LOWER),5550,BRUSHY CREEK,YARRA RIVER,Yarra,DIV 2 - SOUTHEAST COAST,29 YARRA RIVER,1.78,2002-10-28T00:00:00Z,2013,Tributary Of Brushy Creek (Lower),Waterway section
1022,5554,TRIB OF BRUSHY CREEK (LOWER),5550,BRUSHY CREEK,YARRA RIVER,Yarra,DIV 2 - SOUTHEAST COAST,29 YARRA RIVER,0.77,2002-10-10T00:00:00Z,2013,Tributary Of Brushy Creek (Lower),Waterway section
1023,5555,BRUSHY PARK RD DRAIN,5550,BRUSHY CREEK,YARRA RIVER,Yarra,DIV 2 - SOUTHEAST COAST,29 YARRA RIVER,1.85,2002-10-10T00:00:00Z,2013,Brushy Park Rd Drain,Waterway section
1024,5556,WARRIEN RD M.D.,5550,BRUSHY CREEK,YARRA RIVER,Yarra,DIV 2 - SOUTHEAST COAST,29 YARRA RIVER,2.39,2002-09-05T00:00:00Z,2013,Warrien Rd Main Drain.,Melbourne Water main drain
1025,5557,MOOROOLBARK NORTH DRAIN,5550,BRUSHY CREEK,YARRA RIVER,Yarra,DIV 2 - SOUTHEAST COAST,29 YARRA RIVER,1.18,2002-09-05T00:00:00Z,2013,Mooroolbark North Drain,Waterway section
1026,5558,TRIB OF O'SHANNASSY RIVER,4400,YARRA RIVER MAIN STREAM,YARRA RIVER,Yarra,DIV 2 - SOUTHEAST COAST,29 YARRA RIVER,2.77,2003-11-07T00:00:00Z,2013,Tributary Of O'shannassy River,Waterway section
1027,5559,TRIB OF 5558,4400,YARRA RIVER MAIN STREAM,YARRA RIVER,Yarra,DIV 2 - SOUTHEAST COAST,29 YARRA RIVER,3.81,2003-11-07T00:00:00Z,2013,Tributary Of 5558,Waterway section
1028,5560,BRUSHY CREEK (UPPER),5550,BRUSHY CREEK,YARRA RIVER,Yarra,DIV 2 - SOUTHEAST COAST,29 YARRA RIVER,5.25,2002-10-09T00:00:00Z,2013,Brushy Creek (Upper),Waterway section
1029,5690,TRIB OF STARVATION CREEK,4400,YARRA RIVER MAIN STREAM,YARRA RIVER,Yarra,DIV 2 - SOUTHEAST COAST,29 YARRA RIVER,0.89,2003-11-17T00:00:00Z,2013,Tributary Of Starvation Creek,Waterway section
1030,5691,ORANGE CREEK,4400,YARRA RIVER MAIN STREAM,YARRA RIVER,Yarra,DIV 2 - SOUTHEAST COAST,29 YARRA RIVER,0.38,2003-11-17T00:00:00Z,2013,Orange Creek,Waterway section
1031,5692,SAWPIT CREEK,5670,WATTS RIVER,YARRA RIVER,Yarra,DIV 2 - SOUTHEAST COAST,29 YARRA RIVER,4.69,2003-10-29T00:00:00Z,2013,Sawpit Creek,Waterway section
1032,5693,CONDON CREEK,5670,WATTS RIVER,YARRA RIVER,Yarra,DIV 2 - SOUTHEAST COAST,29 YARRA RIVER,3.33,2003-10-30T00:00:00Z,2013,Condon Creek,Waterway section
1033,5453,CANDLEBARK CREEK,4400,YARRA RIVER MAIN STREAM,YARRA RIVER,Yarra,DIV 2 - SOUTHEAST COAST,29 YARRA RIVER,0.59,2002-10-21T00:00:00Z,2013,Candlebark Creek,Waterway section
1034,5454,YAKKAS CREEK,4400,YARRA RIVER MAIN STREAM,YARRA RIVER,Yarra,DIV 2 - SOUTHEAST COAST,29 YARRA RIVER,0.8,2002-09-04T00:00:00Z,2013,Yakkas Creek,Waterway section
1035,5455,JUMPING CREEK (5455),4400,YARRA RIVER MAIN STREAM,YARRA RIVER,Yarra,DIV 2 - SOUTHEAST COAST,29 YARRA RIVER,0.93,2002-10-10T00:00:00Z,2013,Jumping Creek (5455),Waterway section
1036,5456,JUMPING CREEK (5456),4400,YARRA RIVER MAIN STREAM,YARRA RIVER,Yarra,DIV 2 - SOUTHEAST COAST,29 YARRA RIVER,1.67,2002-10-10T00:00:00Z,2013,Jumping Creek (5456),Waterway section
1037,5613,FULLER RD DRAIN,5610,OLINDA CREEK,YARRA RIVER,Yarra,DIV 2 - SOUTHEAST COAST,29 YARRA RIVER,1.92,2002-10-15T00:00:00Z,2013,Fuller Rd Drain,Waterway section
1038,5614,NELSON RD DRAIN,5610,OLINDA CREEK,YARRA RIVER,Yarra,DIV 2 - SOUTHEAST COAST,29 YARRA RIVER,4.39,2002-11-01T00:00:00Z,2013,Nelson Rd Drain,Waterway section
1039,5615,LILYDALE DRAIN,5610,OLINDA CREEK,YARRA RIVER,Yarra,DIV 2 - SOUTHEAST COAST,29 YARRA RIVER,3.01,2002-10-10T00:00:00Z,2013,Lilydale Drain,Waterway section
1040,5616,HEATHFIELD GROVE DRAIN,5610,OLINDA CREEK,YARRA RIVER,Yarra,DIV 2 - SOUTHEAST COAST,29 YARRA RIVER,2.59,2002-11-14T00:00:00Z,2013,Heathfield Grove Drain,Waterway section
1041,5421,GLENVALE RD DRAIN,5400,MULLUM MULLUM CREEK,YARRA RIVER,Yarra,DIV 2 - SOUTHEAST COAST,29 YARRA RIVER,2.2,2002-09-04T00:00:00Z,2013,Glenvale Rd Drain,Waterway section
1042,5636,TRIB OF STRINGYBARK CREEK,5610,OLINDA CREEK,YARRA RIVER,Yarra,DIV 2 - SOUTHEAST COAST,29 YARRA RIVER,0.72,2003-09-03T00:00:00Z,2013,Tributary Of Stringybark Creek,Waterway section
1043,5638,TRIB OF STRINGYBARK CREEK,5610,OLINDA CREEK,YARRA RIVER,Yarra,DIV 2 - SOUTHEAST COAST,29 YARRA RIVER,0.98,2003-09-03T00:00:00Z,2013,Tributary Of Stringybark Creek,Waterway section
1044,5694,ETTERSGLEN CREEK,5670,WATTS RIVER,YARRA RIVER,Yarra,DIV 2 - SOUTHEAST COAST,29 YARRA RIVER,5.77,2003-10-30T00:00:00Z,2013,Ettersglen Creek,Waterway section
1045,5695,TRIB OF 5874,4400,YARRA RIVER MAIN STREAM,YARRA RIVER,Yarra,DIV 2 - SOUTHEAST COAST,29 YARRA RIVER,1.1,2003-11-14T00:00:00Z,2013,Tributary Of 5874,Waterway section
1046,5696,TRIB OF STARVATION CREEK,4400,YARRA RIVER MAIN STREAM,YARRA RIVER,Yarra,DIV 2 - SOUTHEAST COAST,29 YARRA RIVER,1.52,2003-11-14T00:00:00Z,2013,Tributary Of Starvation Creek,Waterway section
1047,5697,GEORDIE CREEK,4400,YARRA RIVER MAIN STREAM,YARRA RIVER,Yarra,DIV 2 - SOUTHEAST COAST,29 YARRA RIVER,1.51,2003-12-09T00:00:00Z,2013,Geordie Creek,Waterway section
1048,5505,TRIB OF BRITANNIA CREEK,5810,LITTLE YARRA RIVER,YARRA RIVER,Yarra,DIV 2 - SOUTHEAST COAST,29 YARRA RIVER,1.47,2003-09-17T00:00:00Z,2013,Tributary Of Britannia Creek,Waterway section
1049,5506,TWIN CREEK,4400,YARRA RIVER MAIN STREAM,YARRA RIVER,Yarra,DIV 2 - SOUTHEAST COAST,29 YARRA RIVER,1.45,2003-11-18T00:00:00Z,2013,Twin Creek,Waterway section
1050,5507,TRIB OF BIG PATS CREEK,4400,YARRA RIVER MAIN STREAM,YARRA RIVER,Yarra,DIV 2 - SOUTHEAST COAST,29 YARRA RIVER,1.7,2003-11-18T00:00:00Z,2013,Tributary Of Big Pats Creek,Waterway section
1051,5508,DWYER GULLY,4400,YARRA RIVER MAIN STREAM,YARRA RIVER,Yarra,DIV 2 - SOUTHEAST COAST,29 YARRA RIVER,0.81,2003-11-17T00:00:00Z,2013,Dwyer Gully,Waterway section
1052,5509,CROCK CREEK,4400,YARRA RIVER MAIN STREAM,YARRA RIVER,Yarra,DIV 2 - SOUTHEAST COAST,29 YARRA RIVER,0.71,2003-11-17T00:00:00Z,2013,Crock Creek,Waterway section
1053,5510,BLUEY CREEK,4400,YARRA RIVER MAIN STREAM,YARRA RIVER,Yarra,DIV 2 - SOUTHEAST COAST,29 YARRA RIVER,0.97,2003-11-17T00:00:00Z,2013,Bluey Creek,Waterway section
1054,5422,ENNISMORE CRES DRAIN,5400,MULLUM MULLUM CREEK,YARRA RIVER,Yarra,DIV 2 - SOUTHEAST COAST,29 YARRA RIVER,1.9,2002-10-09T00:00:00Z,2013,Ennismore Cres Drain,Waterway section
1055,5423,LOOKOVER RD DRAIN,5400,MULLUM MULLUM CREEK,YARRA RIVER,Yarra,DIV 2 - SOUTHEAST COAST,29 YARRA RIVER,0.86,2002-10-09T00:00:00Z,2013,Lookover Rd Drain,Waterway section
1056,5424,KUBIS DR DRAIN,5400,MULLUM MULLUM CREEK,YARRA RIVER,Yarra,DIV 2 - SOUTHEAST COAST,29 YARRA RIVER,0.8,2002-10-09T00:00:00Z,2013,Kubis Dr Drain,Waterway section
1057,5433,TRIB OF MULLUM MULLUM CK (UP),5400,MULLUM MULLUM CREEK,YARRA RIVER,Yarra,DIV 2 - SOUTHEAST COAST,29 YARRA RIVER,0.85,1998-06-30T00:00:00Z,2013,Tributary Of Mullum Mullum Ck (Up),Waterway section
1058,5434,TRIB OF DEEP CREEK,4400,YARRA RIVER MAIN STREAM,YARRA RIVER,Yarra,DIV 2 - SOUTHEAST COAST,29 YARRA RIVER,1.92,2003-11-07T00:00:00Z,2013,Tributary Of Deep Creek,Waterway section
1059,5435,TRIB OF DEEP CREEK,4400,YARRA RIVER MAIN STREAM,YARRA RIVER,Yarra,DIV 2 - SOUTHEAST COAST,29 YARRA RIVER,2.18,2003-11-07T00:00:00Z,2013,Tributary Of Deep Creek,Waterway section
1060,5436,TRIB OF DEEP CREEK,4400,YARRA RIVER MAIN STREAM,YARRA RIVER,Yarra,DIV 2 - SOUTHEAST COAST,29 YARRA RIVER,1.67,2003-11-07T00:00:00Z,2013,Tributary Of Deep Creek,Waterway section
1061,5698,MARBLE CREEK,4400,YARRA RIVER MAIN STREAM,YARRA RIVER,Yarra,DIV 2 - SOUTHEAST COAST,29 YARRA RIVER,1.98,2003-11-17T00:00:00Z,2013,Marble Creek,Waterway section
1062,5700,YARRA RIVER (5700),4400,YARRA RIVER MAIN STREAM,YARRA RIVER,Yarra,DIV 2 - SOUTHEAST COAST,29 YARRA RIVER,13.14,2003-11-21T00:00:00Z,2013,Yarra River (5700),Waterway section
1063,5701,LYREBIRD CREEK,5720,WOORI YALLOCK CREEK,YARRA RIVER,Yarra,DIV 2 - SOUTHEAST COAST,29 YARRA RIVER,0.47,2002-11-14T00:00:00Z,2013,Lyrebird Creek,Waterway section
1064,5702,IDA ROY CREEK,5720,WOORI YALLOCK CREEK,YARRA RIVER,Yarra,DIV 2 - SOUTHEAST COAST,29 YARRA RIVER,0.37,2002-11-14T00:00:00Z,2013,Ida Roy Creek,Waterway section
1065,5703,RUNDELLS CREEK,5720,WOORI YALLOCK CREEK,YARRA RIVER,Yarra,DIV 2 - SOUTHEAST COAST,29 YARRA RIVER,0.41,2003-09-11T00:00:00Z,2013,Rundells Creek,Waterway section
1066,5704,CASELLS CREEK,5720,WOORI YALLOCK CREEK,YARRA RIVER,Yarra,DIV 2 - SOUTHEAST COAST,29 YARRA RIVER,0.33,2003-09-11T00:00:00Z,2013,Casells Creek,Waterway section
1067,5511,TRIB OF MCMAHONS CREEK,4400,YARRA RIVER MAIN STREAM,YARRA RIVER,Yarra,DIV 2 - SOUTHEAST COAST,29 YARRA RIVER,0.78,2003-11-14T00:00:00Z,2013,Tributary Of Mcmahons Creek,Waterway section
1068,5587,MORLEY CREEK,5670,WATTS RIVER,YARRA RIVER,Yarra,DIV 2 - SOUTHEAST COAST,29 YARRA RIVER,2.01,2003-10-30T00:00:00Z,2013,Morley Creek,Waterway section
1069,5588,TRIB OF WATTS RIVER,5670,WATTS RIVER,YARRA RIVER,Yarra,DIV 2 - SOUTHEAST COAST,29 YARRA RIVER,1.78,2003-10-30T00:00:00Z,2013,Tributary Of Watts River,Waterway section
1070,5589,TRIB OF 5588,5670,WATTS RIVER,YARRA RIVER,Yarra,DIV 2 - SOUTHEAST COAST,29 YARRA RIVER,1.16,2003-10-30T00:00:00Z,2013,Tributary Of 5588,Waterway section
1071,5590,TRIB OF 5588,5670,WATTS RIVER,YARRA RIVER,Yarra,DIV 2 - SOUTHEAST COAST,29 YARRA RIVER,1.16,2003-10-30T00:00:00Z,2013,Tributary Of 5588,Waterway section
1072,5471,FRYERS GULLY DRAIN,5470,WATSONS CREEK,YARRA RIVER,Yarra,DIV 2 - SOUTHEAST COAST,29 YARRA RIVER,2.68,2003-08-29T00:00:00Z,2013,Fryers Gully Drain,Waterway section
1073,5472,KINGS GULLY RD CREEK,5470,WATSONS CREEK,YARRA RIVER,Yarra,DIV 2 - SOUTHEAST COAST,29 YARRA RIVER,3.44,2003-08-29T00:00:00Z,2013,Kings Gully Rd Creek,Waterway section
1074,5473,NICHOLAS LAND GULLY,5470,WATSONS CREEK,YARRA RIVER,Yarra,DIV 2 - SOUTHEAST COAST,29 YARRA RIVER,2.53,2003-08-29T00:00:00Z,2013,Nicholas Land Gully,Waterway section
1075,5474,TRIB OF KINGS GULLY RD CREEK,5470,WATSONS CREEK,YARRA RIVER,Yarra,DIV 2 - SOUTHEAST COAST,29 YARRA RIVER,1.2,2003-08-29T00:00:00Z,2013,Tributary Of Kings Gully Rd Creek,Waterway section
1076,5437,TRIB OF DEEP CREEK,4400,YARRA RIVER MAIN STREAM,YARRA RIVER,Yarra,DIV 2 - SOUTHEAST COAST,29 YARRA RIVER,1.05,2003-11-07T00:00:00Z,2013,Tributary Of Deep Creek,Waterway section
1077,5484,TRIB OF WATSONS CREEK,5470,WATSONS CREEK,YARRA RIVER,Yarra,DIV 2 - SOUTHEAST COAST,29 YARRA RIVER,0.64,2003-08-29T00:00:00Z,2013,Tributary Of Watsons Creek,Waterway section
1078,5485,TRIB OF WATSONS CREEK,5470,WATSONS CREEK,YARRA RIVER,Yarra,DIV 2 - SOUTHEAST COAST,29 YARRA RIVER,0.85,2003-08-29T00:00:00Z,2013,Tributary Of Watsons Creek,Waterway section
1079,5705,TRIB OF 5798,5720,WOORI YALLOCK CREEK,YARRA RIVER,Yarra,DIV 2 - SOUTHEAST COAST,29 YARRA RIVER,1.43,2003-09-10T00:00:00Z,2013,Tributary Of 5798,Waterway section
1080,5707,HEARSE CREEK,5810,LITTLE YARRA RIVER,YARRA RIVER,Yarra,DIV 2 - SOUTHEAST COAST,29 YARRA RIVER,1.85,2003-09-17T00:00:00Z,2013,Hearse Creek,Waterway section
1081,5708,FLANNINGANS CREEK,5720,WOORI YALLOCK CREEK,YARRA RIVER,Yarra,DIV 2 - SOUTHEAST COAST,29 YARRA RIVER,2.35,2003-09-11T00:00:00Z,2013,Flanningans Creek,Waterway section
1082,5709,TRIB OF YARRA CREEK,4400,YARRA RIVER MAIN STREAM,YARRA RIVER,Yarra,DIV 2 - SOUTHEAST COAST,29 YARRA RIVER,0.77,2003-11-19T00:00:00Z,2013,Tributary Of Yarra Creek,Waterway section
1083,5710,CORANDERRK CREEK,5670,WATTS RIVER,YARRA RIVER,Yarra,DIV 2 - SOUTHEAST COAST,29 YARRA RIVER,27.32,2002-10-22T00:00:00Z,2013,Coranderrk Creek,Waterway section
1084,5591,TRIB OF WATTS RIVER,5670,WATTS RIVER,YARRA RIVER,Yarra,DIV 2 - SOUTHEAST COAST,29 YARRA RIVER,0.98,2003-10-31T00:00:00Z,2013,Tributary Of Watts River,Waterway section
1085,5317,TRIB OF OLINDA CREEK,5610,OLINDA CREEK,YARRA RIVER,Yarra,DIV 2 - SOUTHEAST COAST,29 YARRA RIVER,0.49,2003-09-04T00:00:00Z,2013,Tributary Of Olinda Creek,Waterway section
1086,5401,TRIB OF YARRA RIVER,4400,YARRA RIVER MAIN STREAM,YARRA RIVER,Yarra,DIV 2 - SOUTHEAST COAST,29 YARRA RIVER,1.14,2002-10-22T00:00:00Z,2013,Tributary Of Yarra River,Waterway section
1087,5402,TRIB OF YARRA RIVER,4400,YARRA RIVER MAIN STREAM,YARRA RIVER,Yarra,DIV 2 - SOUTHEAST COAST,29 YARRA RIVER,2.33,2002-10-21T00:00:00Z,2013,Tributary Of Yarra River,Waterway section
1088,5403,TRIB OF YARRA RIVER,4400,YARRA RIVER MAIN STREAM,YARRA RIVER,Yarra,DIV 2 - SOUTHEAST COAST,29 YARRA RIVER,4.15,2002-11-14T00:00:00Z,2013,Tributary Of Yarra River,Waterway section
1089,5404,STONY CREEK,4400,YARRA RIVER MAIN STREAM,YARRA RIVER,Yarra,DIV 2 - SOUTHEAST COAST,29 YARRA RIVER,3.98,2003-08-25T00:00:00Z,2013,Stony Creek,Waterway section
1090,5405,TRIB OF YARRA RIVER,4400,YARRA RIVER MAIN STREAM,YARRA RIVER,Yarra,DIV 2 - SOUTHEAST COAST,29 YARRA RIVER,1.99,2002-09-03T00:00:00Z,2013,Tributary Of Yarra River,Waterway section
1091,5406,TRIB OF STONY CREEK,4400,YARRA RIVER MAIN STREAM,YARRA RIVER,Yarra,DIV 2 - SOUTHEAST COAST,29 YARRA RIVER,0.92,1998-06-30T00:00:00Z,2013,Tributary Of Stony Creek,Waterway section
1092,5530,TRIB OF MOSQUITO CREEK,5670,WATTS RIVER,YARRA RIVER,Yarra,DIV 2 - SOUTHEAST COAST,29 YARRA RIVER,1.63,2003-10-30T00:00:00Z,2013,Tributary Of Mosquito Creek,Waterway section
1093,5531,TRIB OF MOSQUITO CREEK,5670,WATTS RIVER,YARRA RIVER,Yarra,DIV 2 - SOUTHEAST COAST,29 YARRA RIVER,1.43,2003-10-30T00:00:00Z,2013,Tributary Of Mosquito Creek,Waterway section
1094,5532,TRIB OF WATTS RIVER,5670,WATTS RIVER,YARRA RIVER,Yarra,DIV 2 - SOUTHEAST COAST,29 YARRA RIVER,3.75,2003-10-30T00:00:00Z,2013,Tributary Of Watts River,Waterway section
1095,5533,TRIB OF GRACE BURN CREEK,5670,WATTS RIVER,YARRA RIVER,Yarra,DIV 2 - SOUTHEAST COAST,29 YARRA RIVER,1.9,2003-10-31T00:00:00Z,2013,Tributary Of Grace Burn Creek,Waterway section
1096,5534,TRIB OF GRACE BURN CREEK,5670,WATTS RIVER,YARRA RIVER,Yarra,DIV 2 - SOUTHEAST COAST,29 YARRA RIVER,0.94,2003-10-31T00:00:00Z,2013,Tributary Of Grace Burn Creek,Waterway section
1097,5535,TRIB OF YTHAN CREEK,4400,YARRA RIVER MAIN STREAM,YARRA RIVER,Yarra,DIV 2 - SOUTHEAST COAST,29 YARRA RIVER,0.78,2003-11-05T00:00:00Z,2013,Tributary Of Ythan Creek,Waterway section
1098,5486,FIVE MILE CREEK,5470,WATSONS CREEK,YARRA RIVER,Yarra,DIV 2 - SOUTHEAST COAST,29 YARRA RIVER,4.23,2003-08-29T00:00:00Z,2013,Five Mile Creek,Waterway section
1099,5561,LINCOLN RD DRAIN,5550,BRUSHY CREEK,YARRA RIVER,Yarra,DIV 2 - SOUTHEAST COAST,29 YARRA RIVER,2.04,2002-09-05T00:00:00Z,2013,Lincoln Rd Drain,Waterway section
1100,3460,DEVIL BEND CREEK,3400,BALCOLMBE CREEK,MORN'N PENINSULA / PORT PHILLIP,Western Port,DIV 2 - SOUTHEAST COAST,28 BUNYIP RIVER,30.46,NA,2013,Devil Bend Creek,Waterway section
1101,3730,SPLITTERS CREEK,3700,CAPE SCHANK,MORN'N PENINSULA / BASS STRAIT,Western Port,DIV 2 - SOUTHEAST COAST,28 BUNYIP RIVER,9.62,NA,2013,Splitters Creek,Waterway section
1102,3560,TONKIN ST DRAIN,3500,SAFETY BEACH,MORN'N PENINSULA / PORT PHILLIP,Western Port,DIV 2 - SOUTHEAST COAST,28 BUNYIP RIVER,0.92,NA,2013,Tonkin St Drain,Waterway section
1103,3840,TRIB OF 3839,3830,MULTIPLE OUTFALLS DIRECT TO BAY,BASS RIVER,Western Port,DIV 2 - SOUTHEAST COAST,27 SOUTH GIPPSLAND,0.94,2006-02-03T00:00:00Z,2013,Tributary Of 3839,Waterway section
1104,5446,TRIB OF YARRA CREEK,4400,YARRA RIVER MAIN STREAM,YARRA RIVER,Yarra,DIV 2 - SOUTHEAST COAST,29 YARRA RIVER,3.76,2002-09-04T00:00:00Z,2013,Tributary Of Yarra Creek,Waterway section
1105,5449,TRIB OF BELLELL CREEK,4400,YARRA RIVER MAIN STREAM,YARRA RIVER,Yarra,DIV 2 - SOUTHEAST COAST,29 YARRA RIVER,1.36,2003-11-07T00:00:00Z,2013,Tributary Of Bellell Creek,Waterway section
1106,5450,JUMPING CREEK,4400,YARRA RIVER MAIN STREAM,YARRA RIVER,Yarra,DIV 2 - SOUTHEAST COAST,29 YARRA RIVER,5.61,2003-08-25T00:00:00Z,2013,Jumping Creek,Waterway section
1107,5451,JUMPING CREEK (5451),4400,YARRA RIVER MAIN STREAM,YARRA RIVER,Yarra,DIV 2 - SOUTHEAST COAST,29 YARRA RIVER,1.48,2002-09-04T00:00:00Z,2013,Jumping Creek (5451),Waterway section
1108,5452,JUMPING CREEK (5452),4400,YARRA RIVER MAIN STREAM,YARRA RIVER,Yarra,DIV 2 - SOUTHEAST COAST,29 YARRA RIVER,1.87,2002-10-22T00:00:00Z,2013,Jumping Creek (5452),Waterway section
1109,3353,TRIB OF BASS RIVER,3300,BASS RIVER MAIN STREAM,BASS RIVER,Western Port,DIV 2 - SOUTHEAST COAST,27 SOUTH GIPPSLAND,1.73,2006-02-03T00:00:00Z,2013,Tributary Of Bass River,Waterway section
1110,3354,TRIB OF BASS RIVER,3300,BASS RIVER MAIN STREAM,BASS RIVER,Western Port,DIV 2 - SOUTHEAST COAST,27 SOUTH GIPPSLAND,1.89,2006-02-03T00:00:00Z,2013,Tributary Of Bass River,Waterway section
1111,3640,BONEO RD DRAIN,3600,CHINAMANS CREEK,MORN'N PENINSULA / PORT PHILLIP,Western Port,DIV 2 - SOUTHEAST COAST,28 BUNYIP RIVER,2.32,NA,2013,Boneo Rd Drain,Waterway section
1112,3645,ROSEBUD PDE DRAIN,3600,CHINAMANS CREEK,MORN'N PENINSULA / PORT PHILLIP,Western Port,DIV 2 - SOUTHEAST COAST,28 BUNYIP RIVER,0.94,NA,2013,Rosebud Pde Drain,Waterway section
1113,3740,STOCKYARD CREEK,3700,CAPE SCHANK,MORN'N PENINSULA / BASS STRAIT,Western Port,DIV 2 - SOUTHEAST COAST,28 BUNYIP RIVER,7.79,2005-09-13T00:00:00Z,2013,Stockyard Creek,Waterway section
1114,3750,TEA TREE CREEK,3700,CAPE SCHANK,MORN'N PENINSULA / BASS STRAIT,Western Port,DIV 2 - SOUTHEAST COAST,28 BUNYIP RIVER,3,NA,2013,Tea Tree Creek,Waterway section
1115,3905,TRIB OF 3904,3900,BLUE MOUNTAIN CREEK,BASS RIVER,Western Port,DIV 2 - SOUTHEAST COAST,27 SOUTH GIPPSLAND,1.04,2006-02-03T00:00:00Z,2013,Tributary Of 3904,Waterway section
1116,3842,TRIB OF COLBERT CREEK,3830,MULTIPLE OUTFALLS DIRECT TO BAY,BASS RIVER,Western Port,DIV 2 - SOUTHEAST COAST,27 SOUTH GIPPSLAND,0.74,2006-02-03T00:00:00Z,2013,Tributary Of Colbert Creek,Waterway section
1117,3942,TRIB OF WATTLE CREEK,3940,WATTLE CREEK,BASS RIVER,Western Port,DIV 2 - SOUTHEAST COAST,27 SOUTH GIPPSLAND,0.98,2006-02-03T00:00:00Z,2013,Tributary Of Wattle Creek,Waterway section
1118,5500,MARTIN GULLY,5810,LITTLE YARRA RIVER,YARRA RIVER,Yarra,DIV 2 - SOUTHEAST COAST,29 YARRA RIVER,1.18,2003-09-17T00:00:00Z,2013,Martin Gully,Waterway section
1119,5501,MORRIS GULLY,5810,LITTLE YARRA RIVER,YARRA RIVER,Yarra,DIV 2 - SOUTHEAST COAST,29 YARRA RIVER,1.69,2003-09-17T00:00:00Z,2013,Morris Gully,Waterway section
1120,5502,POWLES CREEK,5810,LITTLE YARRA RIVER,YARRA RIVER,Yarra,DIV 2 - SOUTHEAST COAST,29 YARRA RIVER,1.33,2003-09-17T00:00:00Z,2013,Powles Creek,Waterway section
1121,5503,KING CREEK,5810,LITTLE YARRA RIVER,YARRA RIVER,Yarra,DIV 2 - SOUTHEAST COAST,29 YARRA RIVER,0.89,2003-09-17T00:00:00Z,2013,King Creek,Waterway section
1122,3650,MURRAY ANDERSON CREEK,3600,CHINAMANS CREEK,MORN'N PENINSULA / PORT PHILLIP,Western Port,DIV 2 - SOUTHEAST COAST,28 BUNYIP RIVER,6.24,NA,2013,Murray Anderson Creek,Waterway section
1123,3849,CREEK 3849,3830,MULTIPLE OUTFALLS DIRECT TO BAY,BASS RIVER,Western Port,DIV 2 - SOUTHEAST COAST,27 SOUTH GIPPSLAND,1.44,2006-02-03T00:00:00Z,2013,Creek 3849,Waterway section
1124,3906,TRIB OF 3903,3900,BLUE MOUNTAIN CREEK,BASS RIVER,Western Port,DIV 2 - SOUTHEAST COAST,27 SOUTH GIPPSLAND,1.29,2006-02-03T00:00:00Z,2013,Tributary Of 3903,Waterway section
1125,3992,TRIB OF BELLVIEW CREEK,3990,BELLVIEW CREEK,BASS RIVER,Western Port,DIV 2 - SOUTHEAST COAST,27 SOUTH GIPPSLAND,1.27,2006-02-03T00:00:00Z,2013,Tributary Of Bellview Creek,Waterway section
1126,3943,TRIB OF 3942,3940,WATTLE CREEK,BASS RIVER,Western Port,DIV 2 - SOUTHEAST COAST,27 SOUTH GIPPSLAND,1.37,2006-02-03T00:00:00Z,2013,Tributary Of 3942,Waterway section
1127,3944,TELFER CREEK,3940,WATTLE CREEK,BASS RIVER,Western Port,DIV 2 - SOUTHEAST COAST,27 SOUTH GIPPSLAND,2.98,2006-02-03T00:00:00Z,2013,Telfer Creek,Waterway section
1128,3945,TRIB OF TELFER CREEK,3940,WATTLE CREEK,BASS RIVER,Western Port,DIV 2 - SOUTHEAST COAST,27 SOUTH GIPPSLAND,1.67,2006-02-03T00:00:00Z,2013,Tributary Of Telfer Creek,Waterway section
1129,5504,NO. 3 CREEK,5810,LITTLE YARRA RIVER,YARRA RIVER,Yarra,DIV 2 - SOUTHEAST COAST,29 YARRA RIVER,1.36,2003-09-17T00:00:00Z,2013,No. 3 Creek,Waterway section
1130,5582,TRIB OF ETTERSGLEN CREEK,5670,WATTS RIVER,YARRA RIVER,Yarra,DIV 2 - SOUTHEAST COAST,29 YARRA RIVER,2.05,2003-10-30T00:00:00Z,2013,Tributary Of Ettersglen Creek,Waterway section
1131,5583,CONTENTMENT CREEK,5670,WATTS RIVER,YARRA RIVER,Yarra,DIV 2 - SOUTHEAST COAST,29 YARRA RIVER,3.31,2003-10-30T00:00:00Z,2013,Contentment Creek,Waterway section
1132,5584,MYRTLE CREEK,5670,WATTS RIVER,YARRA RIVER,Yarra,DIV 2 - SOUTHEAST COAST,29 YARRA RIVER,5.54,2003-10-30T00:00:00Z,2013,Myrtle Creek,Waterway section
1133,3850,CREEK 3850,3830,MULTIPLE OUTFALLS DIRECT TO BAY,BASS RIVER,Western Port,DIV 2 - SOUTHEAST COAST,27 SOUTH GIPPSLAND,2.23,2006-02-03T00:00:00Z,2013,Creek 3850,Waterway section
1134,3852,TRIB OF 3851,3830,MULTIPLE OUTFALLS DIRECT TO BAY,BASS RIVER,Western Port,DIV 2 - SOUTHEAST COAST,27 SOUTH GIPPSLAND,3.21,2006-02-03T00:00:00Z,2013,Tributary Of 3851,Waterway section
1135,3853,CREEK 3853,3830,MULTIPLE OUTFALLS DIRECT TO BAY,BASS RIVER,Western Port,DIV 2 - SOUTHEAST COAST,27 SOUTH GIPPSLAND,5.68,2006-02-03T00:00:00Z,2013,Creek 3853,Waterway section
1136,3855,CREEK 3855,3830,MULTIPLE OUTFALLS DIRECT TO BAY,BASS RIVER,Western Port,DIV 2 - SOUTHEAST COAST,27 SOUTH GIPPSLAND,3.33,2006-02-03T00:00:00Z,2013,Creek 3855,Waterway section
1137,3965,TRIB OF ALLSOP CREEK,3960,ALLSOP CREEK,BASS RIVER,Western Port,DIV 2 - SOUTHEAST COAST,27 SOUTH GIPPSLAND,4.1,2006-02-03T00:00:00Z,2013,Tributary Of Allsop Creek,Waterway section
1138,3966,TRIB OF ALLSOP CREEK,3960,ALLSOP CREEK,BASS RIVER,Western Port,DIV 2 - SOUTHEAST COAST,27 SOUTH GIPPSLAND,0.81,2006-02-03T00:00:00Z,2013,Tributary Of Allsop Creek,Waterway section
1139,3967,TRIB OF ALLSOP CREEK,3960,ALLSOP CREEK,BASS RIVER,Western Port,DIV 2 - SOUTHEAST COAST,27 SOUTH GIPPSLAND,2.55,2006-02-03T00:00:00Z,2013,Tributary Of Allsop Creek,Waterway section
1140,3461,TRIB OF DEVIL BEND CREEK,3400,BALCOLMBE CREEK,MORN'N PENINSULA / PORT PHILLIP,Western Port,DIV 2 - SOUTHEAST COAST,28 BUNYIP RIVER,2.87,2005-07-25T00:00:00Z,2013,Tributary Of Devil Bend Creek,Waterway section
1141,3463,TRIB OF DEVIL BEND CREEK,3400,BALCOLMBE CREEK,MORN'N PENINSULA / PORT PHILLIP,Western Port,DIV 2 - SOUTHEAST COAST,28 BUNYIP RIVER,3.2,2005-07-25T00:00:00Z,2013,Tributary Of Devil Bend Creek,Waterway section
1142,3465,TRIB OF DEVIL BEND CREEK,3400,BALCOLMBE CREEK,MORN'N PENINSULA / PORT PHILLIP,Western Port,DIV 2 - SOUTHEAST COAST,28 BUNYIP RIVER,0.85,2005-10-04T00:00:00Z,2013,Tributary Of Devil Bend Creek,Waterway section
1143,3467,TRIB OF DEVIL BEND CREEK,3400,BALCOLMBE CREEK,MORN'N PENINSULA / PORT PHILLIP,Western Port,DIV 2 - SOUTHEAST COAST,28 BUNYIP RIVER,3.57,2005-10-04T00:00:00Z,2013,Tributary Of Devil Bend Creek,Waterway section
1144,3480,TUERONG CREEK,3400,BALCOLMBE CREEK,MORN'N PENINSULA / PORT PHILLIP,Western Port,DIV 2 - SOUTHEAST COAST,28 BUNYIP RIVER,5.5,NA,2013,Tuerong Creek,Waterway section
1145,3946,TRIB OF 3945,3940,WATTLE CREEK,BASS RIVER,Western Port,DIV 2 - SOUTHEAST COAST,27 SOUTH GIPPSLAND,0.76,2006-02-03T00:00:00Z,2013,Tributary Of 3945,Waterway section
1146,4052,TRIB OF DRY CREEK,4070,SKELETON CREEK,SKELETON CREEK,Werribee,DIV 2 - SOUTHEAST COAST,31 WERRIBEE RIVER,1.96,2003-07-29T00:00:00Z,2013,Tributary Of Dry Creek,Waterway section
1147,4053,TRIB OF DRY CREEK,4070,SKELETON CREEK,SKELETON CREEK,Werribee,DIV 2 - SOUTHEAST COAST,31 WERRIBEE RIVER,6.99,NA,2013,Tributary Of Dry Creek,Waterway section
1148,4054,TRIB OF DRY CREEK,4070,SKELETON CREEK,SKELETON CREEK,Werribee,DIV 2 - SOUTHEAST COAST,31 WERRIBEE RIVER,1.67,NA,2013,Tributary Of Dry Creek,Waterway section
1149,4055,TRIB OF DRY CREEK,4070,SKELETON CREEK,SKELETON CREEK,Werribee,DIV 2 - SOUTHEAST COAST,31 WERRIBEE RIVER,3.13,2003-07-29T00:00:00Z,2013,Tributary Of Dry Creek,Waterway section
1150,5585,TRIB OF MYRTLE CREEK,5670,WATTS RIVER,YARRA RIVER,Yarra,DIV 2 - SOUTHEAST COAST,29 YARRA RIVER,1.14,2003-10-30T00:00:00Z,2013,Tributary Of Myrtle Creek,Waterway section
1151,5586,TRIB OF WATTS RIVER,5670,WATTS RIVER,YARRA RIVER,Yarra,DIV 2 - SOUTHEAST COAST,29 YARRA RIVER,2.11,2003-10-30T00:00:00Z,2013,Tributary Of Watts River,Waterway section
1152,5647,DIXONS CREEK EAST BRANCH,5640,STEELS CREEK,YARRA RIVER,Yarra,DIV 2 - SOUTHEAST COAST,29 YARRA RIVER,6.61,2003-08-28T00:00:00Z,2013,Dixons Creek East Branch,Waterway section
1153,5649,CALDER CREEK,4400,YARRA RIVER MAIN STREAM,YARRA RIVER,Yarra,DIV 2 - SOUTHEAST COAST,29 YARRA RIVER,0.66,2003-11-19T00:00:00Z,2013,Calder Creek,Waterway section
1154,3968,TRIB OF 3967,3960,ALLSOP CREEK,BASS RIVER,Western Port,DIV 2 - SOUTHEAST COAST,27 SOUTH GIPPSLAND,1.31,2006-02-03T00:00:00Z,2013,Tributary Of 3967,Waterway section
1155,3355,TRIB OF BASS RIVER,3300,BASS RIVER MAIN STREAM,BASS RIVER,Western Port,DIV 2 - SOUTHEAST COAST,27 SOUTH GIPPSLAND,1.53,2006-02-03T00:00:00Z,2013,Tributary Of Bass River,Waterway section
1156,3411,FINLAYSON CREEK,3400,BALCOLMBE CREEK,MORN'N PENINSULA / PORT PHILLIP,Western Port,DIV 2 - SOUTHEAST COAST,28 BUNYIP RIVER,0.96,NA,2013,Finlayson Creek,Waterway section
1157,3412,SUNSHINE CREEK,3400,BALCOLMBE CREEK,MORN'N PENINSULA / PORT PHILLIP,Western Port,DIV 2 - SOUTHEAST COAST,28 BUNYIP RIVER,1.23,NA,2013,Sunshine Creek,Waterway section
1158,3760,DOUBLE CREEK,3700,CAPE SCHANK,MORN'N PENINSULA / BASS STRAIT,Western Port,DIV 2 - SOUTHEAST COAST,28 BUNYIP RIVER,5.45,NA,2013,Double Creek,Waterway section
1159,3765,SPRING CREEK,3700,CAPE SCHANK,MORN'N PENINSULA / BASS STRAIT,Western Port,DIV 2 - SOUTHEAST COAST,28 BUNYIP RIVER,4.77,NA,2013,Spring Creek,Waterway section
1160,9842,INFILTRATION CATCHMENT,3700,CAPE SCHANK,MORN'N PENINSULA / BASS STRAIT,Western Port,DIV 2 - SOUTHEAST COAST,28 BUNYIP RIVER,7.75,2005-09-13T00:00:00Z,2013,Infiltration Catchment,Waterway section
1161,9841,9841 DIRECT TO BAY CATCHMENTS,3700,CAPE SCHANK,MORN'N PENINSULA / BASS STRAIT,Western Port,DIV 2 - SOUTHEAST COAST,28 BUNYIP RIVER,16.59,2005-09-13T00:00:00Z,2013,Direct To Bay Catchments,Waterway section
1162,3820,BUNYIP MAIN OUTFALL DRAIN,2800,BUNYIP RIVER,BUNYIP RIVER,Western Port,DIV 2 - SOUTHEAST COAST,28 BUNYIP RIVER,61.93,2004-01-16T00:00:00Z,2013,Bunyip Main Outfall Drain,Waterway section
1163,3821,KOO WEE RUP D.S.,2900,YALLOCK CREEK,YALLOCK CREEK,Western Port,DIV 2 - SOUTHEAST COAST,28 BUNYIP RIVER,0.5,2002-10-18T00:00:00Z,2013,Koo Wee Rup Downstream.,Waterway section
1164,3832,TRIB OF 3831,3830,MULTIPLE OUTFALLS DIRECT TO BAY,BASS RIVER,Western Port,DIV 2 - SOUTHEAST COAST,27 SOUTH GIPPSLAND,0.96,2006-02-03T00:00:00Z,2013,Tributary Of 3831,Waterway section
1165,4056,TRIB OF DRY CREEK,4070,SKELETON CREEK,SKELETON CREEK,Werribee,DIV 2 - SOUTHEAST COAST,31 WERRIBEE RIVER,3.79,NA,2013,Tributary Of Dry Creek,Waterway section
1166,4057,TRIB OF 4056,4070,SKELETON CREEK,SKELETON CREEK,Werribee,DIV 2 - SOUTHEAST COAST,31 WERRIBEE RIVER,1.41,NA,2013,Tributary Of 4056,Waterway section
1167,4058,TRIB OF 4056,4070,SKELETON CREEK,SKELETON CREEK,Werribee,DIV 2 - SOUTHEAST COAST,31 WERRIBEE RIVER,1.05,NA,2013,Tributary Of 4056,Waterway section
1168,4059,TRIB OF 4056,4070,SKELETON CREEK,SKELETON CREEK,Werribee,DIV 2 - SOUTHEAST COAST,31 WERRIBEE RIVER,1.15,NA,2013,Tributary Of 4056,Waterway section
1169,4060,SKELETON CREEK (UPPER),4070,SKELETON CREEK,SKELETON CREEK,Werribee,DIV 2 - SOUTHEAST COAST,31 WERRIBEE RIVER,22.06,2003-07-29T00:00:00Z,2013,Skeleton Creek (Upper),Waterway section
1170,4061,TRIB OF SKELETON CREEK (UPPER),4070,SKELETON CREEK,SKELETON CREEK,Werribee,DIV 2 - SOUTHEAST COAST,31 WERRIBEE RIVER,1.84,2003-07-29T00:00:00Z,2013,Tributary Of Skeleton Creek (Upper),Waterway section
1171,5650,TRIB OF STEELS CREEK,5640,STEELS CREEK,YARRA RIVER,Yarra,DIV 2 - SOUTHEAST COAST,29 YARRA RIVER,0.64,2003-08-28T00:00:00Z,2013,Tributary Of Steels Creek,Waterway section
1172,5651,TRIB OF STEELS CREEK,5640,STEELS CREEK,YARRA RIVER,Yarra,DIV 2 - SOUTHEAST COAST,29 YARRA RIVER,2.6,2003-08-28T00:00:00Z,2013,Tributary Of Steels Creek,Waterway section
1173,5652,TRIB OF STEELS CREEK,5640,STEELS CREEK,YARRA RIVER,Yarra,DIV 2 - SOUTHEAST COAST,29 YARRA RIVER,1.8,2003-08-28T00:00:00Z,2013,Tributary Of Steels Creek,Waterway section
1174,3660,WATERFALL CREEK,3600,CHINAMANS CREEK,MORN'N PENINSULA / PORT PHILLIP,Western Port,DIV 2 - SOUTHEAST COAST,28 BUNYIP RIVER,5.5,NA,2013,Waterfall Creek,Waterway section
1175,3662,THE AVENUE DRAIN,3600,CHINAMANS CREEK,MORN'N PENINSULA / PORT PHILLIP,Western Port,DIV 2 - SOUTHEAST COAST,28 BUNYIP RIVER,0.72,NA,2013,The Avenue Drain,Waterway section
1176,3907,TRIB OF 3903,3900,BLUE MOUNTAIN CREEK,BASS RIVER,Western Port,DIV 2 - SOUTHEAST COAST,27 SOUTH GIPPSLAND,0.65,2006-02-03T00:00:00Z,2013,Tributary Of 3903,Waterway section
1177,3908,BLUE MOUNTAIN CREEK,3900,BLUE MOUNTAIN CREEK,BASS RIVER,Western Port,DIV 2 - SOUTHEAST COAST,27 SOUTH GIPPSLAND,1.13,2006-02-03T00:00:00Z,2013,Blue Mountain Creek,Waterway section
1178,3909,TRIB OF 3907,3900,BLUE MOUNTAIN CREEK,BASS RIVER,Western Port,DIV 2 - SOUTHEAST COAST,27 SOUTH GIPPSLAND,3.76,2006-02-03T00:00:00Z,2013,Tributary Of 3907,Waterway section
1179,3570,BROKIL CREEK,3500,SAFETY BEACH,MORN'N PENINSULA / PORT PHILLIP,Western Port,DIV 2 - SOUTHEAST COAST,28 BUNYIP RIVER,9,NA,2013,Brokil Creek,Waterway section
1180,3575,BROKIL CREEK EXTENSION DRAIN,3500,SAFETY BEACH,MORN'N PENINSULA / PORT PHILLIP,Western Port,DIV 2 - SOUTHEAST COAST,28 BUNYIP RIVER,2.47,2005-07-25T00:00:00Z,2013,Brokil Creek Extension Drain,Waterway section
1181,3578,TRIB OF BROKIL CREEK,3500,SAFETY BEACH,MORN'N PENINSULA / PORT PHILLIP,Western Port,DIV 2 - SOUTHEAST COAST,28 BUNYIP RIVER,3.03,2005-07-25T00:00:00Z,2013,Tributary Of Brokil Creek,Waterway section
1182,4614,LOWER PLENTY DRAIN,4600,PLENTY RIVER,YARRA RIVER,Yarra,DIV 2 - SOUTHEAST COAST,29 YARRA RIVER,0.69,2002-10-09T00:00:00Z,2013,Lower Plenty Drain,Waterway section
1183,5678,GRACE BURN CREEK,5670,WATTS RIVER,YARRA RIVER,Yarra,DIV 2 - SOUTHEAST COAST,29 YARRA RIVER,17.96,2003-10-30T00:00:00Z,2013,Grace Burn Creek,Waterway section
1184,5679,BIG FLUME CREEK,4400,YARRA RIVER MAIN STREAM,YARRA RIVER,Yarra,DIV 2 - SOUTHEAST COAST,29 YARRA RIVER,1.89,2003-11-14T00:00:00Z,2013,Big Flume Creek,Waterway section
1185,5680,TRIB OF GRACE BURN CREEK,5670,WATTS RIVER,YARRA RIVER,Yarra,DIV 2 - SOUTHEAST COAST,29 YARRA RIVER,6.76,2003-09-24T00:00:00Z,2013,Tributary Of Grace Burn Creek,Waterway section
1186,5681,FEDERAL CREEK,4400,YARRA RIVER MAIN STREAM,YARRA RIVER,Yarra,DIV 2 - SOUTHEAST COAST,29 YARRA RIVER,2.54,2003-11-17T00:00:00Z,2013,Federal Creek,Waterway section
1187,5682,TRIB OF GRACE BURN CREEK,5670,WATTS RIVER,YARRA RIVER,Yarra,DIV 2 - SOUTHEAST COAST,29 YARRA RIVER,4.56,2003-10-30T00:00:00Z,2013,Tributary Of Grace Burn Creek,Waterway section
1188,5683,NEW CHUM CREEK,5670,WATTS RIVER,YARRA RIVER,Yarra,DIV 2 - SOUTHEAST COAST,29 YARRA RIVER,15.89,2003-09-24T00:00:00Z,2013,New Chum Creek,Waterway section
1189,3667,TALBOT GROVE DRAIN,3600,CHINAMANS CREEK,MORN'N PENINSULA / PORT PHILLIP,Western Port,DIV 2 - SOUTHEAST COAST,28 BUNYIP RIVER,1.19,NA,2013,Talbot Grove Drain,Waterway section
1190,3670,DAVID MACFARLAN RESERVE,3600,CHINAMANS CREEK,MORN'N PENINSULA / PORT PHILLIP,Western Port,DIV 2 - SOUTHEAST COAST,28 BUNYIP RIVER,61.24,2005-09-13T00:00:00Z,2013,David Macfarlan Reserve,Waterway section
1191,3856,CREEK 3856,3830,MULTIPLE OUTFALLS DIRECT TO BAY,BASS RIVER,Western Port,DIV 2 - SOUTHEAST COAST,27 SOUTH GIPPSLAND,1.08,2006-02-03T00:00:00Z,2013,Creek 3856,Waterway section
1192,3993,TRIB OF BELLVIEW CREEK,3990,BELLVIEW CREEK,BASS RIVER,Western Port,DIV 2 - SOUTHEAST COAST,27 SOUTH GIPPSLAND,1.67,2006-02-03T00:00:00Z,2013,Tributary Of Bellview Creek,Waterway section
1193,3994,TRIB OF BELLVIEW CREEK,3990,BELLVIEW CREEK,BASS RIVER,Western Port,DIV 2 - SOUTHEAST COAST,27 SOUTH GIPPSLAND,2.71,2006-02-03T00:00:00Z,2013,Tributary Of Bellview Creek,Waterway section
1194,3510,CODRINGTON ST DRAIN,3500,SAFETY BEACH,MORN'N PENINSULA / PORT PHILLIP,Western Port,DIV 2 - SOUTHEAST COAST,28 BUNYIP RIVER,1.3,NA,2013,Codrington St Drain,Waterway section
1195,4615,THOMAS ST DRAIN,4600,PLENTY RIVER,YARRA RIVER,Yarra,DIV 2 - SOUTHEAST COAST,29 YARRA RIVER,0.98,2002-10-09T00:00:00Z,2013,Thomas St Drain,Waterway section
1196,4616,BEATRIX ST DRAIN,4600,PLENTY RIVER,YARRA RIVER,Yarra,DIV 2 - SOUTHEAST COAST,29 YARRA RIVER,0.97,2002-10-09T00:00:00Z,2013,Beatrix St Drain,Waterway section
1197,4617,DIAMOND CREEK RD DRAIN,4600,PLENTY RIVER,YARRA RIVER,Yarra,DIV 2 - SOUTHEAST COAST,29 YARRA RIVER,1.3,2002-10-09T00:00:00Z,2013,Diamond Creek Rd Drain,Waterway section
1198,5653,TRIB OF STEELS CREEK,5640,STEELS CREEK,YARRA RIVER,Yarra,DIV 2 - SOUTHEAST COAST,29 YARRA RIVER,1.24,2003-08-28T00:00:00Z,2013,Tributary Of Steels Creek,Waterway section
1199,5654,TRIB OF STEELS CREEK,5640,STEELS CREEK,YARRA RIVER,Yarra,DIV 2 - SOUTHEAST COAST,29 YARRA RIVER,0.86,2003-08-28T00:00:00Z,2013,Tributary Of Steels Creek,Waterway section
1200,5655,JEHOSAPHAT CREEK,5640,STEELS CREEK,YARRA RIVER,Yarra,DIV 2 - SOUTHEAST COAST,29 YARRA RIVER,6.73,2003-08-27T00:00:00Z,2013,Jehosaphat Creek,Waterway section
1201,5656,DRY CREEK (5656),5640,STEELS CREEK,YARRA RIVER,Yarra,DIV 2 - SOUTHEAST COAST,29 YARRA RIVER,4.35,2003-08-27T00:00:00Z,2013,Dry Creek (5656),Waterway section
1202,5657,TRIB FULL AND PLENTY CREEK,5640,STEELS CREEK,YARRA RIVER,Yarra,DIV 2 - SOUTHEAST COAST,29 YARRA RIVER,0.7,2003-08-28T00:00:00Z,2013,Tributary Full And Plenty Creek,Waterway section
1203,3857,CREEK 3857,3830,MULTIPLE OUTFALLS DIRECT TO BAY,BASS RIVER,Western Port,DIV 2 - SOUTHEAST COAST,27 SOUTH GIPPSLAND,1.9,2006-02-03T00:00:00Z,2013,Creek 3857,Waterway section
1204,3969,TRIB OF ALLSOP CREEK,3960,ALLSOP CREEK,BASS RIVER,Western Port,DIV 2 - SOUTHEAST COAST,27 SOUTH GIPPSLAND,0.89,2006-02-03T00:00:00Z,2013,Tributary Of Allsop Creek,Waterway section
1205,3513,MCCULLOCH ST / HEALES RD DRAIN,3500,SAFETY BEACH,MORN'N PENINSULA / PORT PHILLIP,Western Port,DIV 2 - SOUTHEAST COAST,28 BUNYIP RIVER,1.51,NA,2013,Mcculloch St / Heales Rd Drain,Waterway section
1206,3516,PIER ST DRAIN,3500,SAFETY BEACH,MORN'N PENINSULA / PORT PHILLIP,Western Port,DIV 2 - SOUTHEAST COAST,28 BUNYIP RIVER,1.33,NA,2013,Pier St Drain,Waterway section
1207,4618,KEMPSTON ST DRAIN,4600,PLENTY RIVER,YARRA RIVER,Yarra,DIV 2 - SOUTHEAST COAST,29 YARRA RIVER,1.36,2002-10-09T00:00:00Z,2013,Kempston St Drain,Waterway section
1208,4619,YANDO ST DRAIN,4600,PLENTY RIVER,YARRA RIVER,Yarra,DIV 2 - SOUTHEAST COAST,29 YARRA RIVER,1.97,2002-08-28T00:00:00Z,2013,Yando St Drain,Waterway section
1209,4620,PLENTY RIVER (MIDDLE),4600,PLENTY RIVER,YARRA RIVER,Yarra,DIV 2 - SOUTHEAST COAST,29 YARRA RIVER,11.89,2003-08-20T00:00:00Z,2013,Plenty River (Middle),Waterway section
1210,4621,DRY CREEK (4621),4600,PLENTY RIVER,YARRA RIVER,Yarra,DIV 2 - SOUTHEAST COAST,29 YARRA RIVER,3.96,2002-10-09T00:00:00Z,2013,Dry Creek (4621),Waterway section
1211,4622,WILTONVALE CREEK,4600,PLENTY RIVER,YARRA RIVER,Yarra,DIV 2 - SOUTHEAST COAST,29 YARRA RIVER,1.47,2002-10-22T00:00:00Z,2013,Wiltonvale Creek,Waterway section
1212,4623,TRIB OF PLENTY RIVER (MIDDLE),4600,PLENTY RIVER,YARRA RIVER,Yarra,DIV 2 - SOUTHEAST COAST,29 YARRA RIVER,1.46,2002-10-22T00:00:00Z,2013,Tributary Of Plenty River (Middle),Waterway section
1213,4624,TRIB OF PLENTY RIVER (MIDDLE),4600,PLENTY RIVER,YARRA RIVER,Yarra,DIV 2 - SOUTHEAST COAST,29 YARRA RIVER,0.91,2002-10-21T00:00:00Z,2013,Tributary Of Plenty River (Middle),Waterway section
1214,5668,TRIB OF 5722,5720,WOORI YALLOCK CREEK,YARRA RIVER,Yarra,DIV 2 - SOUTHEAST COAST,29 YARRA RIVER,0.97,2003-12-16T00:00:00Z,2013,Tributary Of 5722,Waterway section
1215,5669,TRIB OF YARRA CREEK,5670,WATTS RIVER,YARRA RIVER,Yarra,DIV 2 - SOUTHEAST COAST,29 YARRA RIVER,1.61,2002-11-14T00:00:00Z,2013,Tributary Of Yarra Creek,Waterway section
1216,5670,WATTS RIVER,5670,WATTS RIVER,YARRA RIVER,Yarra,DIV 2 - SOUTHEAST COAST,29 YARRA RIVER,37.12,2003-10-29T00:00:00Z,2013,Watts River,Waterway section
1217,5671,PICANINNY CREEK,5670,WATTS RIVER,YARRA RIVER,Yarra,DIV 2 - SOUTHEAST COAST,29 YARRA RIVER,7.33,2002-10-22T00:00:00Z,2013,Picaninny Creek,Waterway section
1218,3970,TRIB OF ALLSOP CREEK,3960,ALLSOP CREEK,BASS RIVER,Western Port,DIV 2 - SOUTHEAST COAST,27 SOUTH GIPPSLAND,1.36,2006-02-03T00:00:00Z,2013,Tributary Of Allsop Creek,Waterway section
1219,3421,HENLEY AVE DRAIN,3400,BALCOLMBE CREEK,MORN'N PENINSULA / PORT PHILLIP,Western Port,DIV 2 - SOUTHEAST COAST,28 BUNYIP RIVER,0.64,NA,2013,Henley Ave Drain,Waterway section
1220,3834,TRIB OF 3831,3830,MULTIPLE OUTFALLS DIRECT TO BAY,BASS RIVER,Western Port,DIV 2 - SOUTHEAST COAST,27 SOUTH GIPPSLAND,0.99,2006-02-03T00:00:00Z,2013,Tributary Of 3831,Waterway section
1221,3835,TRIB OF 3831,3830,MULTIPLE OUTFALLS DIRECT TO BAY,BASS RIVER,Western Port,DIV 2 - SOUTHEAST COAST,27 SOUTH GIPPSLAND,0.74,2006-02-03T00:00:00Z,2013,Tributary Of 3831,Waterway section
1222,3836,CREEK 3836,3830,MULTIPLE OUTFALLS DIRECT TO BAY,BASS RIVER,Western Port,DIV 2 - SOUTHEAST COAST,27 SOUTH GIPPSLAND,2.21,2006-02-03T00:00:00Z,2013,Creek 3836,Waterway section
1223,4625,TRIB OF PLENTY RIVER (MIDDLE),4600,PLENTY RIVER,YARRA RIVER,Yarra,DIV 2 - SOUTHEAST COAST,29 YARRA RIVER,0.88,2002-10-21T00:00:00Z,2013,Tributary Of Plenty River (Middle),Waterway section
1224,4626,UNIVERSITY HILL CREEK,4600,PLENTY RIVER,YARRA RIVER,Yarra,DIV 2 - SOUTHEAST COAST,29 YARRA RIVER,0.88,2002-11-14T00:00:00Z,2013,University Hill Creek,Waterway section
1225,4627,BLOSSOM PARK DRAIN,4600,PLENTY RIVER,YARRA RIVER,Yarra,DIV 2 - SOUTHEAST COAST,29 YARRA RIVER,0.9,2002-10-21T00:00:00Z,2013,Blossom Park Drain,Waterway section
1226,4628,HEATHS COURT DRAIN,4600,PLENTY RIVER,YARRA RIVER,Yarra,DIV 2 - SOUTHEAST COAST,29 YARRA RIVER,2.27,2002-10-18T00:00:00Z,2013,Heaths Court Drain,Waterway section
1227,4629,CAROLYN ST DRAIN,4600,PLENTY RIVER,YARRA RIVER,Yarra,DIV 2 - SOUTHEAST COAST,29 YARRA RIVER,0.78,2002-10-09T00:00:00Z,2013,Carolyn St Drain,Waterway section
1228,4630,TRIB OF PLENTY RIVER (MIDDLE),4600,PLENTY RIVER,YARRA RIVER,Yarra,DIV 2 - SOUTHEAST COAST,29 YARRA RIVER,2.13,2003-08-20T00:00:00Z,2013,Tributary Of Plenty River (Middle),Waterway section
1229,4631,WATERVIEW DR DRAIN,4600,PLENTY RIVER,YARRA RIVER,Yarra,DIV 2 - SOUTHEAST COAST,29 YARRA RIVER,1.1,2002-10-21T00:00:00Z,2013,Waterview Dr Drain,Waterway section
1230,5684,MICK CREEK,5670,WATTS RIVER,YARRA RIVER,Yarra,DIV 2 - SOUTHEAST COAST,29 YARRA RIVER,3.12,2003-09-24T00:00:00Z,2013,Mick Creek,Waterway section
1231,5685,RED CREEK,4400,YARRA RIVER MAIN STREAM,YARRA RIVER,Yarra,DIV 2 - SOUTHEAST COAST,29 YARRA RIVER,2.57,2003-11-17T00:00:00Z,2013,Red Creek,Waterway section
1232,5686,MYERS CREEK,5670,WATTS RIVER,YARRA RIVER,Yarra,DIV 2 - SOUTHEAST COAST,29 YARRA RIVER,8.78,2003-09-24T00:00:00Z,2013,Myers Creek,Waterway section
1233,5687,RICHARDS CREEK,4400,YARRA RIVER MAIN STREAM,YARRA RIVER,Yarra,DIV 2 - SOUTHEAST COAST,29 YARRA RIVER,1.08,2003-11-17T00:00:00Z,2013,Richards Creek,Waterway section
1234,5688,TRIB OF STARVATION CREEK,4400,YARRA RIVER MAIN STREAM,YARRA RIVER,Yarra,DIV 2 - SOUTHEAST COAST,29 YARRA RIVER,0.63,2003-11-17T00:00:00Z,2013,Tributary Of Starvation Creek,Waterway section
1235,3423,HOPETOUN CREEK,3400,BALCOLMBE CREEK,MORN'N PENINSULA / PORT PHILLIP,Western Port,DIV 2 - SOUTHEAST COAST,28 BUNYIP RIVER,2.04,NA,2013,Hopetoun Creek,Waterway section
1236,3425,GREGORY ST DRAIN,3400,BALCOLMBE CREEK,MORN'N PENINSULA / PORT PHILLIP,Western Port,DIV 2 - SOUTHEAST COAST,28 BUNYIP RIVER,0.78,2005-07-25T00:00:00Z,2013,Gregory St Drain,Waterway section
1237,3427,TRIB OF BALCOMBE CREEK,3400,BALCOLMBE CREEK,MORN'N PENINSULA / PORT PHILLIP,Western Port,DIV 2 - SOUTHEAST COAST,28 BUNYIP RIVER,0.88,NA,2013,Tributary Of Balcombe Creek,Waterway section
1238,3680,COBURN CREEK,3600,CHINAMANS CREEK,MORN'N PENINSULA / PORT PHILLIP,Western Port,DIV 2 - SOUTHEAST COAST,28 BUNYIP RIVER,0.69,NA,2013,Coburn Creek,Waterway section
1239,9844,9844 DIRECT TO BAY CATCHMENTS,3600,CHINAMANS CREEK,MORN'N PENINSULA / PORT PHILLIP,Western Port,DIV 2 - SOUTHEAST COAST,28 BUNYIP RIVER,9.05,2005-09-12T00:00:00Z,2013,Direct To Bay Catchments,Waterway section
1240,3910,TRIB OF BLUE MOUNTAIN CREEK,3900,BLUE MOUNTAIN CREEK,BASS RIVER,Western Port,DIV 2 - SOUTHEAST COAST,27 SOUTH GIPPSLAND,0.75,2006-02-03T00:00:00Z,2013,Tributary Of Blue Mountain Creek,Waterway section
1241,3911,TRIB OF BLUE MOUNTAIN CREEK,3900,BLUE MOUNTAIN CREEK,BASS RIVER,Western Port,DIV 2 - SOUTHEAST COAST,27 SOUTH GIPPSLAND,1.85,2006-02-03T00:00:00Z,2013,Tributary Of Blue Mountain Creek,Waterway section
1242,4632,BOLTON ST DRAIN,4400,YARRA RIVER MAIN STREAM,YARRA RIVER,Yarra,DIV 2 - SOUTHEAST COAST,29 YARRA RIVER,0.81,2002-10-09T00:00:00Z,2013,Bolton St Drain,Waterway section
1243,4633,TRIB OF SIMONS CREEK,4600,PLENTY RIVER,YARRA RIVER,Yarra,DIV 2 - SOUTHEAST COAST,29 YARRA RIVER,0.96,2002-10-21T00:00:00Z,2013,Tributary Of Simons Creek,Waterway section
1244,4635,BRIDGE INN RD DRAIN,4600,PLENTY RIVER,YARRA RIVER,Yarra,DIV 2 - SOUTHEAST COAST,29 YARRA RIVER,1.76,2002-10-23T00:00:00Z,2013,Bridge Inn Rd Drain,Waterway section
1245,4636,CRAVENS RD NORTH DRAIN,4600,PLENTY RIVER,YARRA RIVER,Yarra,DIV 2 - SOUTHEAST COAST,29 YARRA RIVER,0.78,2002-10-22T00:00:00Z,2013,Cravens Rd North Drain,Waterway section
1246,4637,TRIB OF 4639,4600,PLENTY RIVER,YARRA RIVER,Yarra,DIV 2 - SOUTHEAST COAST,29 YARRA RIVER,0.73,2002-11-14T00:00:00Z,2013,Tributary Of 4639,Waterway section
1247,4638,TRIB OF PLENTY RIVER (MIDDLE),4600,PLENTY RIVER,YARRA RIVER,Yarra,DIV 2 - SOUTHEAST COAST,29 YARRA RIVER,0.93,2002-11-14T00:00:00Z,2013,Tributary Of Plenty River (Middle),Waterway section
1248,5658,TRIB OF YARRA CREEK,4400,YARRA RIVER MAIN STREAM,YARRA RIVER,Yarra,DIV 2 - SOUTHEAST COAST,29 YARRA RIVER,4.88,2003-10-07T00:00:00Z,2013,Tributary Of Yarra Creek,Waterway section
1249,5659,FULL AND PLENTY CREEK,5640,STEELS CREEK,YARRA RIVER,Yarra,DIV 2 - SOUTHEAST COAST,29 YARRA RIVER,3.5,2003-08-28T00:00:00Z,2013,Full And Plenty Creek,Waterway section
1250,5661,TRIB OF MISSISSIPPI CREEK,4400,YARRA RIVER MAIN STREAM,YARRA RIVER,Yarra,DIV 2 - SOUTHEAST COAST,29 YARRA RIVER,0.92,2003-11-17T00:00:00Z,2013,Tributary Of Mississippi Creek,Waterway section
1251,5662,TRIB OF MISSISSIPPI CREEK,4400,YARRA RIVER MAIN STREAM,YARRA RIVER,Yarra,DIV 2 - SOUTHEAST COAST,29 YARRA RIVER,1.61,2003-11-17T00:00:00Z,2013,Tributary Of Mississippi Creek,Waterway section
1252,5663,TRIB OF MISSISSIPPI CREEK,4400,YARRA RIVER MAIN STREAM,YARRA RIVER,Yarra,DIV 2 - SOUTHEAST COAST,29 YARRA RIVER,1.36,2003-11-17T00:00:00Z,2013,Tributary Of Mississippi Creek,Waterway section
1253,5666,TRIB OF YARRA CREEK,4400,YARRA RIVER MAIN STREAM,YARRA RIVER,Yarra,DIV 2 - SOUTHEAST COAST,29 YARRA RIVER,4.85,2003-10-07T00:00:00Z,2013,Tributary Of Yarra Creek,Waterway section
1254,3710,BURRABONG CREEK,3700,CAPE SCHANK,MORN'N PENINSULA / BASS STRAIT,Western Port,DIV 2 - SOUTHEAST COAST,28 BUNYIP RIVER,4.32,NA,2013,Burrabong Creek,Waterway section
1255,3858,NORSEMENS RD DRAIN,3830,MULTIPLE OUTFALLS DIRECT TO BAY,BASS RIVER,Western Port,DIV 2 - SOUTHEAST COAST,27 SOUTH GIPPSLAND,0.46,2006-03-21T00:00:00Z,2013,Norsemens Rd Drain,Waterway section
1256,3859,CORONET BAY DRAIN,3830,MULTIPLE OUTFALLS DIRECT TO BAY,BASS RIVER,Western Port,DIV 2 - SOUTHEAST COAST,27 SOUTH GIPPSLAND,0.78,2006-03-21T00:00:00Z,2013,Coronet Bay Drain,Waterway section
1257,3995,TRIB OF BELLVIEW CREEK,3990,BELLVIEW CREEK,BASS RIVER,Western Port,DIV 2 - SOUTHEAST COAST,27 SOUTH GIPPSLAND,1.17,2006-02-03T00:00:00Z,2013,Tributary Of Bellview Creek,Waterway section
1258,3996,TRIB OF BELLVIEW CREEK,3990,BELLVIEW CREEK,BASS RIVER,Western Port,DIV 2 - SOUTHEAST COAST,27 SOUTH GIPPSLAND,1.02,2006-02-03T00:00:00Z,2013,Tributary Of Bellview Creek,Waterway section
1259,4639,TRIB OF PLENTY RIVER (MIDDLE),4600,PLENTY RIVER,YARRA RIVER,Yarra,DIV 2 - SOUTHEAST COAST,29 YARRA RIVER,2.24,2003-08-20T00:00:00Z,2013,Tributary Of Plenty River (Middle),Waterway section
1260,4640,DIAMOND CREEK (LOWER),4640,DIAMOND CREEK,YARRA RIVER,Yarra,DIV 2 - SOUTHEAST COAST,29 YARRA RIVER,14.83,2003-08-25T00:00:00Z,2013,Diamond Creek (Lower),Waterway section
1261,4641,ELTHAM PARK DRAIN,4640,DIAMOND CREEK,YARRA RIVER,Yarra,DIV 2 - SOUTHEAST COAST,29 YARRA RIVER,1.44,2002-08-28T00:00:00Z,2013,Eltham Park Drain,Waterway section
1262,4642,SCRUBBY CREEK (4642),4640,DIAMOND CREEK,YARRA RIVER,Yarra,DIV 2 - SOUTHEAST COAST,29 YARRA RIVER,5.08,2002-10-23T00:00:00Z,2013,Scrubby Creek (4642),Waterway section
1263,5672,TRIB OF PICANINNY CREEK,5670,WATTS RIVER,YARRA RIVER,Yarra,DIV 2 - SOUTHEAST COAST,29 YARRA RIVER,3.19,2003-09-24T00:00:00Z,2013,Tributary Of Picaninny Creek,Waterway section
1264,5673,TRIB OF WATTS RIVER,5670,WATTS RIVER,YARRA RIVER,Yarra,DIV 2 - SOUTHEAST COAST,29 YARRA RIVER,1.86,2003-10-30T00:00:00Z,2013,Tributary Of Watts River,Waterway section
1265,5674,RAILWAY PARADE M.D.,5670,WATTS RIVER,YARRA RIVER,Yarra,DIV 2 - SOUTHEAST COAST,29 YARRA RIVER,1.8,2002-10-22T00:00:00Z,2013,Railway Parade Main Drain.,Melbourne Water main drain
1266,5675,TRIB OF SLATY CREEK,5810,LITTLE YARRA RIVER,YARRA RIVER,Yarra,DIV 2 - SOUTHEAST COAST,29 YARRA RIVER,1.03,2003-09-12T00:00:00Z,2013,Tributary Of Slaty Creek,Waterway section
1267,5676,DON RD DRAIN,5670,WATTS RIVER,YARRA RIVER,Yarra,DIV 2 - SOUTHEAST COAST,29 YARRA RIVER,2.97,2002-10-22T00:00:00Z,2013,Don Rd Drain,Waterway section
1268,3901,TRIB OF BASS RIVER,3900,BLUE MOUNTAIN CREEK,BASS RIVER,Western Port,DIV 2 - SOUTHEAST COAST,27 SOUTH GIPPSLAND,6.92,2006-02-03T00:00:00Z,2013,Tributary Of Bass River,Waterway section
1269,3971,TRIB OF ALLSOP CREEK,3960,ALLSOP CREEK,BASS RIVER,Western Port,DIV 2 - SOUTHEAST COAST,27 SOUTH GIPPSLAND,0.75,2006-02-03T00:00:00Z,2013,Tributary Of Allsop Creek,Waterway section
1270,4046,SOUTH SALTWORKS MOAT,4070,SKELETON CREEK,SKELETON CREEK,Werribee,DIV 2 - SOUTHEAST COAST,31 WERRIBEE RIVER,4.49,2003-07-29T00:00:00Z,2013,South Saltworks Moat,Waterway section
1271,3519,KANGERONG CREEK,3500,SAFETY BEACH,MORN'N PENINSULA / PORT PHILLIP,Western Port,DIV 2 - SOUTHEAST COAST,28 BUNYIP RIVER,3.09,NA,2013,Kangerong Creek,Waterway section
1272,3525,BOUNDARY CREEK,3500,SAFETY BEACH,MORN'N PENINSULA / PORT PHILLIP,Western Port,DIV 2 - SOUTHEAST COAST,28 BUNYIP RIVER,2.67,NA,2013,Boundary Creek,Waterway section
1273,4643,ELTHAM WEST DRAIN,4640,DIAMOND CREEK,YARRA RIVER,Yarra,DIV 2 - SOUTHEAST COAST,29 YARRA RIVER,2.91,2002-11-01T00:00:00Z,2013,Eltham West Drain,Waterway section
1274,4644,ELMO RD DRAIN,4640,DIAMOND CREEK,YARRA RIVER,Yarra,DIV 2 - SOUTHEAST COAST,29 YARRA RIVER,0.81,2002-10-09T00:00:00Z,2013,Elmo Rd Drain,Waterway section
1275,4645,BIBLE ST DRAIN,4640,DIAMOND CREEK,YARRA RIVER,Yarra,DIV 2 - SOUTHEAST COAST,29 YARRA RIVER,0.63,2002-10-09T00:00:00Z,2013,Bible St Drain,Waterway section
1276,4646,GROVE ST DRAIN,4640,DIAMOND CREEK,YARRA RIVER,Yarra,DIV 2 - SOUTHEAST COAST,29 YARRA RIVER,2.21,2002-08-28T00:00:00Z,2013,Grove St Drain,Waterway section
1277,4647,ZIG ZAG RD DRAIN,4640,DIAMOND CREEK,YARRA RIVER,Yarra,DIV 2 - SOUTHEAST COAST,29 YARRA RIVER,0.86,2002-10-21T00:00:00Z,2013,Zig Zag Rd Drain,Waterway section
1278,3348,TRIB OF BASS RIVER,3300,BASS RIVER MAIN STREAM,BASS RIVER,Western Port,DIV 2 - SOUTHEAST COAST,27 SOUTH GIPPSLAND,0.74,2006-02-03T00:00:00Z,2013,Tributary Of Bass River,Waterway section
1279,3615,TOOTGAROOK WETLAND,3600,CHINAMANS CREEK,MORN'N PENINSULA / PORT PHILLIP,Western Port,DIV 2 - SOUTHEAST COAST,28 BUNYIP RIVER,1.11,NA,2013,Tootgarook Wetland,Waterway section
1280,3972,TRIB OF ALLSOP CREEK,3960,ALLSOP CREEK,BASS RIVER,Western Port,DIV 2 - SOUTHEAST COAST,27 SOUTH GIPPSLAND,0.72,2006-02-03T00:00:00Z,2013,Tributary Of Allsop Creek,Waterway section
1281,3983,TRIB OF LITTLE BASS RIVER,3980,LITTLE BASS RIVER,BASS RIVER,Western Port,DIV 2 - SOUTHEAST COAST,27 SOUTH GIPPSLAND,2.4,2006-02-03T00:00:00Z,2013,Tributary Of Little Bass River,Waterway section
1282,3984,TRIB OF LITTLE BASS RIVER,3980,LITTLE BASS RIVER,BASS RIVER,Western Port,DIV 2 - SOUTHEAST COAST,27 SOUTH GIPPSLAND,1.19,2006-02-03T00:00:00Z,2013,Tributary Of Little Bass River,Waterway section
1283,3429,HARRAP RD DRAIN,3400,BALCOLMBE CREEK,MORN'N PENINSULA / PORT PHILLIP,Western Port,DIV 2 - SOUTHEAST COAST,28 BUNYIP RIVER,2.76,2005-07-25T00:00:00Z,2013,Harrap Rd Drain,Waterway section
1284,3430,SERPENTINE WETLANDS DRAIN,3400,BALCOLMBE CREEK,MORN'N PENINSULA / PORT PHILLIP,Western Port,DIV 2 - SOUTHEAST COAST,28 BUNYIP RIVER,1.89,2005-07-25T00:00:00Z,2013,Serpentine Wetlands Drain,Waterway section
1285,3530,SHEEPWASH CREEK,3500,SAFETY BEACH,MORN'N PENINSULA / PORT PHILLIP,Western Port,DIV 2 - SOUTHEAST COAST,28 BUNYIP RIVER,6.33,NA,2013,Sheepwash Creek,Waterway section
1286,3837,TRIB OF 3836,3830,MULTIPLE OUTFALLS DIRECT TO BAY,BASS RIVER,Western Port,DIV 2 - SOUTHEAST COAST,27 SOUTH GIPPSLAND,0.91,2006-02-03T00:00:00Z,2013,Tributary Of 3836,Waterway section
1287,4648,ST HELENA WEST DRAIN,4640,DIAMOND CREEK,YARRA RIVER,Yarra,DIV 2 - SOUTHEAST COAST,29 YARRA RIVER,2.02,2002-10-09T00:00:00Z,2013,St Helena West Drain,Waterway section
1288,4649,ST HELENA EAST DRAIN,4640,DIAMOND CREEK,YARRA RIVER,Yarra,DIV 2 - SOUTHEAST COAST,29 YARRA RIVER,3.23,2002-10-17T00:00:00Z,2013,St Helena East Drain,Waterway section
1289,3620,DRUM DRUM ALLOC CREEK,3600,CHINAMANS CREEK,MORN'N PENINSULA / PORT PHILLIP,Western Port,DIV 2 - SOUTHEAST COAST,28 BUNYIP RIVER,10.99,NA,2013,Drum Drum Alloc Creek,Waterway section
1290,3630,BROWNS RD DRAIN,3600,CHINAMANS CREEK,MORN'N PENINSULA / PORT PHILLIP,Western Port,DIV 2 - SOUTHEAST COAST,28 BUNYIP RIVER,7.25,NA,2013,Browns Rd Drain,Waterway section
1291,3440,BUNGOWER RD TRIB,3400,BALCOLMBE CREEK,MORN'N PENINSULA / PORT PHILLIP,Western Port,DIV 2 - SOUTHEAST COAST,28 BUNYIP RIVER,3.78,NA,2013,Bungower Rd Tributary,Waterway section
1292,3720,MAIN CREEK,3700,CAPE SCHANK,MORN'N PENINSULA / BASS STRAIT,Western Port,DIV 2 - SOUTHEAST COAST,28 BUNYIP RIVER,32.57,NA,2013,Main Creek,Waterway section
1293,3725,LIGHTWOOD CREEK,3700,CAPE SCHANK,MORN'N PENINSULA / BASS STRAIT,Western Port,DIV 2 - SOUTHEAST COAST,28 BUNYIP RIVER,5.75,NA,2013,Lightwood Creek,Waterway section
1294,3838,CREEK 3838,3830,MULTIPLE OUTFALLS DIRECT TO BAY,BASS RIVER,Western Port,DIV 2 - SOUTHEAST COAST,27 SOUTH GIPPSLAND,0.84,2006-02-03T00:00:00Z,2013,Creek 3838,Waterway section
1295,3839,CREEK 3839,3830,MULTIPLE OUTFALLS DIRECT TO BAY,BASS RIVER,Western Port,DIV 2 - SOUTHEAST COAST,27 SOUTH GIPPSLAND,3.37,2006-02-03T00:00:00Z,2013,Creek 3839,Waterway section
1296,3921,TENNENT CREEK,3920,TENNENT CREEK,BASS RIVER,Western Port,DIV 2 - SOUTHEAST COAST,27 SOUTH GIPPSLAND,9.52,2006-02-03T00:00:00Z,2013,Tennent Creek,Waterway section
1297,3922,TRIB OF TENNANT CREEK,3920,TENNENT CREEK,BASS RIVER,Western Port,DIV 2 - SOUTHEAST COAST,27 SOUTH GIPPSLAND,2.64,2006-02-03T00:00:00Z,2013,Tributary Of Tennant Creek,Waterway section
1298,3923,TRIB OF TENNANT CREEK,3920,TENNENT CREEK,BASS RIVER,Western Port,DIV 2 - SOUTHEAST COAST,27 SOUTH GIPPSLAND,1.5,2006-02-03T00:00:00Z,2013,Tributary Of Tennant Creek,Waterway section
1299,3924,TRIB OF TENNANT CREEK,3920,TENNENT CREEK,BASS RIVER,Western Port,DIV 2 - SOUTHEAST COAST,27 SOUTH GIPPSLAND,1.22,2006-02-03T00:00:00Z,2013,Tributary Of Tennant Creek,Waterway section
1300,4650,RESEARCH CREEK,4640,DIAMOND CREEK,YARRA RIVER,Yarra,DIV 2 - SOUTHEAST COAST,29 YARRA RIVER,3.71,2002-08-28T00:00:00Z,2013,Research Creek,Waterway section
1301,4651,SAWPIT CREEK,4640,DIAMOND CREEK,YARRA RIVER,Yarra,DIV 2 - SOUTHEAST COAST,29 YARRA RIVER,5.17,2002-10-29T00:00:00Z,2013,Sawpit Creek,Waterway section
1302,4652,INGRAMS RD DRAIN,4640,DIAMOND CREEK,YARRA RIVER,Yarra,DIV 2 - SOUTHEAST COAST,29 YARRA RIVER,0.9,2002-10-09T00:00:00Z,2013,Ingrams Rd Drain,Waterway section
1303,4653,BROAD GULLY RD DRAIN,4640,DIAMOND CREEK,YARRA RIVER,Yarra,DIV 2 - SOUTHEAST COAST,29 YARRA RIVER,2.92,2002-08-30T00:00:00Z,2013,Broad Gully Rd Drain,Waterway section
1304,4654,PARKWAY DRAIN,4640,DIAMOND CREEK,YARRA RIVER,Yarra,DIV 2 - SOUTHEAST COAST,29 YARRA RIVER,1.85,2002-10-29T00:00:00Z,2013,Parkway Drain,Waterway section
1305,4655,EDINBURGH ST DRAIN,4640,DIAMOND CREEK,YARRA RIVER,Yarra,DIV 2 - SOUTHEAST COAST,29 YARRA RIVER,1.08,2002-10-09T00:00:00Z,2013,Edinburgh St Drain,Waterway section
1306,3844,CREEK 3844,3830,MULTIPLE OUTFALLS DIRECT TO BAY,BASS RIVER,Western Port,DIV 2 - SOUTHEAST COAST,27 SOUTH GIPPSLAND,1.43,2006-02-03T00:00:00Z,2013,Creek 3844,Waterway section
1307,3845,CREEK 3845,3830,MULTIPLE OUTFALLS DIRECT TO BAY,BASS RIVER,Western Port,DIV 2 - SOUTHEAST COAST,27 SOUTH GIPPSLAND,1.99,2006-02-03T00:00:00Z,2013,Creek 3845,Waterway section
1308,3846,CREEK 3846,3830,MULTIPLE OUTFALLS DIRECT TO BAY,BASS RIVER,Western Port,DIV 2 - SOUTHEAST COAST,27 SOUTH GIPPSLAND,1.85,2006-02-03T00:00:00Z,2013,Creek 3846,Waterway section
1309,3951,TRIB OF WATTLE CREEK,3940,WATTLE CREEK,BASS RIVER,Western Port,DIV 2 - SOUTHEAST COAST,27 SOUTH GIPPSLAND,0.85,2006-02-03T00:00:00Z,2013,Tributary Of Wattle Creek,Waterway section
1310,3902,TRIB OF 3901,3900,BLUE MOUNTAIN CREEK,BASS RIVER,Western Port,DIV 2 - SOUTHEAST COAST,27 SOUTH GIPPSLAND,3.95,2006-02-03T00:00:00Z,2013,Tributary Of 3901,Waterway section
1311,3904,TRIB OF 3903,3900,BLUE MOUNTAIN CREEK,BASS RIVER,Western Port,DIV 2 - SOUTHEAST COAST,27 SOUTH GIPPSLAND,0.69,2006-02-03T00:00:00Z,2013,Tributary Of 3903,Waterway section
1312,3925,TRIB OF 3923,3920,TENNENT CREEK,BASS RIVER,Western Port,DIV 2 - SOUTHEAST COAST,27 SOUTH GIPPSLAND,0.94,2006-02-03T00:00:00Z,2013,Tributary Of 3923,Waterway section
1313,3927,TRIB OF TENNENT CREEK,3920,TENNENT CREEK,BASS RIVER,Western Port,DIV 2 - SOUTHEAST COAST,27 SOUTH GIPPSLAND,1.43,2006-02-03T00:00:00Z,2013,Tributary Of Tennent Creek,Waterway section
1314,3941,WATTLE CREEK,3940,WATTLE CREEK,BASS RIVER,Western Port,DIV 2 - SOUTHEAST COAST,27 SOUTH GIPPSLAND,9.81,2006-02-03T00:00:00Z,2013,Wattle Creek,Waterway section
1315,4047,CHEETHAM CREEK,4070,SKELETON CREEK,SKELETON CREEK,Werribee,DIV 2 - SOUTHEAST COAST,31 WERRIBEE RIVER,10.62,2002-10-29T00:00:00Z,2013,Cheetham Creek,Waterway section
1316,4656,TRIB OF SAWPIT CREEK DRAIN,4640,DIAMOND CREEK,YARRA RIVER,Yarra,DIV 2 - SOUTHEAST COAST,29 YARRA RIVER,2.14,2002-10-09T00:00:00Z,2013,Tributary Of Sawpit Creek Drain,Waterway section
1317,4657,WATERY GULLY CREEK,4640,DIAMOND CREEK,YARRA RIVER,Yarra,DIV 2 - SOUTHEAST COAST,29 YARRA RIVER,4.82,2002-10-29T00:00:00Z,2013,Watery Gully Creek,Waterway section
1318,4658,BAILEY GULLY,4640,DIAMOND CREEK,YARRA RIVER,Yarra,DIV 2 - SOUTHEAST COAST,29 YARRA RIVER,3.1,2002-10-23T00:00:00Z,2013,Bailey Gully,Waterway section
1319,4659,BROAD GULLY,4640,DIAMOND CREEK,YARRA RIVER,Yarra,DIV 2 - SOUTHEAST COAST,29 YARRA RIVER,4.8,2002-10-23T00:00:00Z,2013,Broad Gully,Waterway section
1320,4660,ORME RD GULLY,4640,DIAMOND CREEK,YARRA RIVER,Yarra,DIV 2 - SOUTHEAST COAST,29 YARRA RIVER,4.32,2002-11-14T00:00:00Z,2013,Orme Rd Gully,Waterway section
1321,4661,TRIB OF ORME RD GULLY,4640,DIAMOND CREEK,YARRA RIVER,Yarra,DIV 2 - SOUTHEAST COAST,29 YARRA RIVER,0.69,2002-10-21T00:00:00Z,2013,Tributary Of Orme Rd Gully,Waterway section
1322,4662,TRIB OF ORME RD GULLY,4640,DIAMOND CREEK,YARRA RIVER,Yarra,DIV 2 - SOUTHEAST COAST,29 YARRA RIVER,2.13,2002-10-21T00:00:00Z,2013,Tributary Of Orme Rd Gully,Waterway section
1323,4663,TRIB OF ORME RD GULLY,4640,DIAMOND CREEK,YARRA RIVER,Yarra,DIV 2 - SOUTHEAST COAST,29 YARRA RIVER,1.46,2002-10-11T00:00:00Z,2013,Tributary Of Orme Rd Gully,Waterway section
1324,4664,TRIB OF ORME RD GULLY,4640,DIAMOND CREEK,YARRA RIVER,Yarra,DIV 2 - SOUTHEAST COAST,29 YARRA RIVER,1.31,2002-10-09T00:00:00Z,2013,Tributary Of Orme Rd Gully,Waterway section
1325,4667,ALLENDALE RD DRAIN,4640,DIAMOND CREEK,YARRA RIVER,Yarra,DIV 2 - SOUTHEAST COAST,29 YARRA RIVER,0.66,2002-10-21T00:00:00Z,2013,Allendale Rd Drain,Waterway section
1326,3961,ALLSOP CREEK,3960,ALLSOP CREEK,BASS RIVER,Western Port,DIV 2 - SOUTHEAST COAST,27 SOUTH GIPPSLAND,8.56,2006-02-03T00:00:00Z,2013,Allsop Creek,Waterway section
1327,3962,TRIB OF ALLSOP CREEK,3960,ALLSOP CREEK,BASS RIVER,Western Port,DIV 2 - SOUTHEAST COAST,27 SOUTH GIPPSLAND,2.34,2006-02-03T00:00:00Z,2013,Tributary Of Allsop Creek,Waterway section
1328,3963,TRIB OF ALLSOP CREEK,3960,ALLSOP CREEK,BASS RIVER,Western Port,DIV 2 - SOUTHEAST COAST,27 SOUTH GIPPSLAND,2.54,2006-02-03T00:00:00Z,2013,Tributary Of Allsop Creek,Waterway section
1329,3964,TRIB OF 3963,3960,ALLSOP CREEK,BASS RIVER,Western Port,DIV 2 - SOUTHEAST COAST,27 SOUTH GIPPSLAND,0.98,2006-02-03T00:00:00Z,2013,Tributary Of 3963,Waterway section
1330,3985,TRIB OF LITTLE BASS RIVER,3980,LITTLE BASS RIVER,BASS RIVER,Western Port,DIV 2 - SOUTHEAST COAST,27 SOUTH GIPPSLAND,1.34,2006-02-03T00:00:00Z,2013,Tributary Of Little Bass River,Waterway section
1331,3986,TRIB OF LITTLE BASS RIVER,3980,LITTLE BASS RIVER,BASS RIVER,Western Port,DIV 2 - SOUTHEAST COAST,27 SOUTH GIPPSLAND,0.8,2006-02-03T00:00:00Z,2013,Tributary Of Little Bass River,Waterway section
1332,3991,BELLVIEW CREEK,3990,BELLVIEW CREEK,BASS RIVER,Western Port,DIV 2 - SOUTHEAST COAST,27 SOUTH GIPPSLAND,6.04,2006-02-03T00:00:00Z,2013,Bellview Creek,Waterway section
1333,4050,DRY CREEK,4070,SKELETON CREEK,SKELETON CREEK,Werribee,DIV 2 - SOUTHEAST COAST,31 WERRIBEE RIVER,15.54,NA,2013,Dry Creek,Waterway section
1334,4051,TRIB OF DRY CREEK,4070,SKELETON CREEK,SKELETON CREEK,Werribee,DIV 2 - SOUTHEAST COAST,31 WERRIBEE RIVER,2.62,2003-07-29T00:00:00Z,2013,Tributary Of Dry Creek,Waterway section
1335,3535,SHEEPWASH CREEK WEST BRANCH,3500,SAFETY BEACH,MORN'N PENINSULA / PORT PHILLIP,Western Port,DIV 2 - SOUTHEAST COAST,28 BUNYIP RIVER,1.55,2005-09-29T00:00:00Z,2013,Sheepwash Creek West Branch,Waterway section
1336,3556,TRIB OF BALD HILL CREEK,3500,SAFETY BEACH,MORN'N PENINSULA / PORT PHILLIP,Western Port,DIV 2 - SOUTHEAST COAST,28 BUNYIP RIVER,0.27,2005-07-25T00:00:00Z,2013,Tributary Of Bald Hill Creek,Waterway section
1337,4668,TRIB OF WATER GULLY CREEK,4640,DIAMOND CREEK,YARRA RIVER,Yarra,DIV 2 - SOUTHEAST COAST,29 YARRA RIVER,0.76,2003-08-22T00:00:00Z,2013,Tributary Of Water Gully Creek,Waterway section
1338,4669,TRIB OF 4658,4640,DIAMOND CREEK,YARRA RIVER,Yarra,DIV 2 - SOUTHEAST COAST,29 YARRA RIVER,1.16,2003-08-26T00:00:00Z,2013,Tributary Of 4658,Waterway section
1339,4681,ORCHARD RD DRAIN,4600,PLENTY RIVER,YARRA RIVER,Yarra,DIV 2 - SOUTHEAST COAST,29 YARRA RIVER,3.61,2002-11-01T00:00:00Z,2013,Orchard Rd Drain,Waterway section
1340,4682,TRIB OF PLENTY RIVER (MIDDLE),4600,PLENTY RIVER,YARRA RIVER,Yarra,DIV 2 - SOUTHEAST COAST,29 YARRA RIVER,0.69,2002-10-23T00:00:00Z,2013,Tributary Of Plenty River (Middle),Waterway section
1341,4683,TRIB OF DRY CREEK (4621),4600,PLENTY RIVER,YARRA RIVER,Yarra,DIV 2 - SOUTHEAST COAST,29 YARRA RIVER,0.73,2002-10-23T00:00:00Z,2013,Tributary Of Dry Creek (4621),Waterway section
1342,3349,TRIB OF BASS RIVER,3300,BASS RIVER MAIN STREAM,BASS RIVER,Western Port,DIV 2 - SOUTHEAST COAST,27 SOUTH GIPPSLAND,0.53,2006-02-03T00:00:00Z,2013,Tributary Of Bass River,Waterway section
1343,3351,TRIB OF BASS RIVER,3300,BASS RIVER MAIN STREAM,BASS RIVER,Western Port,DIV 2 - SOUTHEAST COAST,27 SOUTH GIPPSLAND,4.07,2006-02-03T00:00:00Z,2013,Tributary Of Bass River,Waterway section
1344,3352,TRIB OF BASS RIVER,3300,BASS RIVER MAIN STREAM,BASS RIVER,Western Port,DIV 2 - SOUTHEAST COAST,27 SOUTH GIPPSLAND,0.93,2006-02-03T00:00:00Z,2013,Tributary Of Bass River,Waterway section
1345,6088,TRIB OF YARRA RIVER,5670,WATTS RIVER,YARRA RIVER,Yarra,DIV 2 - SOUTHEAST COAST,29 YARRA RIVER,1.2,2002-11-14T00:00:00Z,2013,Tributary Of Yarra River,Waterway section
1346,6032,TRIB OF BARBERS CREEK WEST BR,4600,PLENTY RIVER,YARRA RIVER,Yarra,DIV 2 - SOUTHEAST COAST,29 YARRA RIVER,1.87,2003-08-14T00:00:00Z,2013,Tributary Of Barbers Creek West Br,Waterway section
1347,6033,TRIB OF BARBERS CREEK WEST BR,4600,PLENTY RIVER,YARRA RIVER,Yarra,DIV 2 - SOUTHEAST COAST,29 YARRA RIVER,0.42,2003-08-14T00:00:00Z,2013,Tributary Of Barbers Creek West Br,Waterway section
1348,5927,TRIB OF NEW CHUM CREEK,5670,WATTS RIVER,YARRA RIVER,Yarra,DIV 2 - SOUTHEAST COAST,29 YARRA RIVER,1.08,2003-09-24T00:00:00Z,2013,Tributary Of New Chum Creek,Waterway section
1349,5928,TRIB OF NEW CHUM CREEK,5670,WATTS RIVER,YARRA RIVER,Yarra,DIV 2 - SOUTHEAST COAST,29 YARRA RIVER,2.38,2003-09-24T00:00:00Z,2013,Tributary Of New Chum Creek,Waterway section
1350,5929,TRIB OF NEW CHUM CREEK,5670,WATTS RIVER,YARRA RIVER,Yarra,DIV 2 - SOUTHEAST COAST,29 YARRA RIVER,0.94,2003-09-24T00:00:00Z,2013,Tributary Of New Chum Creek,Waterway section
1351,5930,ALDERMANS CREEK,4400,YARRA RIVER MAIN STREAM,YARRA RIVER,Yarra,DIV 2 - SOUTHEAST COAST,29 YARRA RIVER,19.33,2003-11-13T00:00:00Z,2013,Aldermans Creek,Waterway section
1352,6000,PLENTY RIVER (UPPER),4600,PLENTY RIVER,YARRA RIVER,Yarra,DIV 2 - SOUTHEAST COAST,29 YARRA RIVER,29.28,2003-08-20T00:00:00Z,2013,Plenty River (Upper),Waterway section
1353,6001,LAURIMAR DRAIN,4600,PLENTY RIVER,YARRA RIVER,Yarra,DIV 2 - SOUTHEAST COAST,29 YARRA RIVER,5.39,2002-11-14T00:00:00Z,2013,Laurimar Drain,Waterway section
1354,6002,FURLONG DR DRAIN,4600,PLENTY RIVER,YARRA RIVER,Yarra,DIV 2 - SOUTHEAST COAST,29 YARRA RIVER,2.29,2003-11-28T00:00:00Z,2013,Furlong Dr Drain,Waterway section
1355,6063,TRIB OF SCRUBBY CREEK,4600,PLENTY RIVER,YARRA RIVER,Yarra,DIV 2 - SOUTHEAST COAST,29 YARRA RIVER,3.71,2003-08-14T00:00:00Z,2013,Tributary Of Scrubby Creek,Waterway section
1356,6103,TRIB OF PLENTY RIVER WEST,4600,PLENTY RIVER,YARRA RIVER,Yarra,DIV 2 - SOUTHEAST COAST,29 YARRA RIVER,0.92,2003-10-16T00:00:00Z,2013,Tributary Of Plenty River West,Waterway section
1357,6104,TRIB OF PLENTY RIVER WEST,4600,PLENTY RIVER,YARRA RIVER,Yarra,DIV 2 - SOUTHEAST COAST,29 YARRA RIVER,2.05,2003-10-21T00:00:00Z,2013,Tributary Of Plenty River West,Waterway section
1358,6105,TRIB OF PLENTY RIVER (UPPER),4600,PLENTY RIVER,YARRA RIVER,Yarra,DIV 2 - SOUTHEAST COAST,29 YARRA RIVER,0.53,2003-10-21T00:00:00Z,2013,Tributary Of Plenty River (Upper),Waterway section
1359,6106,FALLS CREEK,4600,PLENTY RIVER,YARRA RIVER,Yarra,DIV 2 - SOUTHEAST COAST,29 YARRA RIVER,2.83,2003-10-21T00:00:00Z,2013,Falls Creek,Waterway section
1360,6034,TRIB OF BARBERS CREEK WEST BR,4600,PLENTY RIVER,YARRA RIVER,Yarra,DIV 2 - SOUTHEAST COAST,29 YARRA RIVER,1.94,2003-08-14T00:00:00Z,2013,Tributary Of Barbers Creek West Br,Waterway section
1361,6089,RIFLE RANGE GULLY,5610,OLINDA CREEK,YARRA RIVER,Yarra,DIV 2 - SOUTHEAST COAST,29 YARRA RIVER,2.06,2002-11-14T00:00:00Z,2013,Rifle Range Gully,Waterway section
1362,5931,TRIB OF NEW CHUM CREEK,5670,WATTS RIVER,YARRA RIVER,Yarra,DIV 2 - SOUTHEAST COAST,29 YARRA RIVER,2.13,2003-09-24T00:00:00Z,2013,Tributary Of New Chum Creek,Waterway section
1363,5932,TRIB OF NEW CHUM CREEK,5670,WATTS RIVER,YARRA RIVER,Yarra,DIV 2 - SOUTHEAST COAST,29 YARRA RIVER,1.01,2003-09-24T00:00:00Z,2013,Tributary Of New Chum Creek,Waterway section
1364,5933,TRIB OF NEW CHUM CREEK,5670,WATTS RIVER,YARRA RIVER,Yarra,DIV 2 - SOUTHEAST COAST,29 YARRA RIVER,1.78,2003-09-24T00:00:00Z,2013,Tributary Of New Chum Creek,Waterway section
1365,6004,MERNDA DRAIN,4600,PLENTY RIVER,YARRA RIVER,Yarra,DIV 2 - SOUTHEAST COAST,29 YARRA RIVER,4.63,2002-11-01T00:00:00Z,2013,Mernda Drain,Waterway section
1366,6005,EVERARD RD DRAIN,4600,PLENTY RIVER,YARRA RIVER,Yarra,DIV 2 - SOUTHEAST COAST,29 YARRA RIVER,0.72,2002-10-22T00:00:00Z,2013,Everard Rd Drain,Waterway section
1367,5742,HANSEN CREEK,5720,WOORI YALLOCK CREEK,YARRA RIVER,Yarra,DIV 2 - SOUTHEAST COAST,29 YARRA RIVER,6.49,2003-09-11T00:00:00Z,2013,Hansen Creek,Waterway section
1368,5743,TRIB OF MCCRAE CREEK,5720,WOORI YALLOCK CREEK,YARRA RIVER,Yarra,DIV 2 - SOUTHEAST COAST,29 YARRA RIVER,1.12,2002-11-14T00:00:00Z,2013,Tributary Of Mccrae Creek,Waterway section
1369,6107,RUSSELL CREEK (6107),4600,PLENTY RIVER,YARRA RIVER,Yarra,DIV 2 - SOUTHEAST COAST,29 YARRA RIVER,1.73,2003-10-21T00:00:00Z,2013,Russell Creek (6107),Waterway section
1370,6108,TRIB OF PLENTY RIVER (UPPER),4600,PLENTY RIVER,YARRA RIVER,Yarra,DIV 2 - SOUTHEAST COAST,29 YARRA RIVER,1.37,2003-08-14T00:00:00Z,2013,Tributary Of Plenty River (Upper),Waterway section
1371,6009,TRIB OF PLENTY RIVER (UPPER),4600,PLENTY RIVER,YARRA RIVER,Yarra,DIV 2 - SOUTHEAST COAST,29 YARRA RIVER,1.01,2003-08-14T00:00:00Z,2013,Tributary Of Plenty River (Upper),Waterway section
1372,6090,YARRA CREEK,4600,PLENTY RIVER,YARRA RIVER,Yarra,DIV 2 - SOUTHEAST COAST,29 YARRA RIVER,3.41,2003-10-21T00:00:00Z,2013,Yarra Creek,Waterway section
1373,6035,TRIB OF BARBERS CREEK WEST BR,4600,PLENTY RIVER,YARRA RIVER,Yarra,DIV 2 - SOUTHEAST COAST,29 YARRA RIVER,0.72,2003-08-14T00:00:00Z,2013,Tributary Of Barbers Creek West Br,Waterway section
1374,5934,TRIB OF MYERS CREEK,5670,WATTS RIVER,YARRA RIVER,Yarra,DIV 2 - SOUTHEAST COAST,29 YARRA RIVER,0.81,2003-09-24T00:00:00Z,2013,Tributary Of Myers Creek,Waterway section
1375,5935,TRIB OF MYERS CREEK,5670,WATTS RIVER,YARRA RIVER,Yarra,DIV 2 - SOUTHEAST COAST,29 YARRA RIVER,1.11,2003-09-24T00:00:00Z,2013,Tributary Of Myers Creek,Waterway section
1376,5937,TRIB OF DIXONS CREEK,5640,STEELS CREEK,YARRA RIVER,Yarra,DIV 2 - SOUTHEAST COAST,29 YARRA RIVER,3.48,2003-08-28T00:00:00Z,2013,Tributary Of Dixons Creek,Waterway section
1377,5744,TRIB OF COCKATOO CREEK,5720,WOORI YALLOCK CREEK,YARRA RIVER,Yarra,DIV 2 - SOUTHEAST COAST,29 YARRA RIVER,3.25,2003-09-11T00:00:00Z,2013,Tributary Of Cockatoo Creek,Waterway section
1378,5791,TRIB OF URE CREEK,4400,YARRA RIVER MAIN STREAM,YARRA RIVER,Yarra,DIV 2 - SOUTHEAST COAST,29 YARRA RIVER,4.38,2003-11-19T00:00:00Z,2013,Tributary Of Ure Creek,Waterway section
1379,5792,TRIB OF YARRA CREEK,4400,YARRA RIVER MAIN STREAM,YARRA RIVER,Yarra,DIV 2 - SOUTHEAST COAST,29 YARRA RIVER,2.08,2003-10-09T00:00:00Z,2013,Tributary Of Yarra Creek,Waterway section
1380,5793,TRIB OF 5792,4400,YARRA RIVER MAIN STREAM,YARRA RIVER,Yarra,DIV 2 - SOUTHEAST COAST,29 YARRA RIVER,4.31,2003-10-09T00:00:00Z,2013,Tributary Of 5792,Waterway section
1381,6011,TRIB OF PLENTY RIVER (UPPER),4600,PLENTY RIVER,YARRA RIVER,Yarra,DIV 2 - SOUTHEAST COAST,29 YARRA RIVER,2.81,2003-08-14T00:00:00Z,2013,Tributary Of Plenty River (Upper),Waterway section
1382,6064,TRIB OF SCRUBBY CREEK,4600,PLENTY RIVER,YARRA RIVER,Yarra,DIV 2 - SOUTHEAST COAST,29 YARRA RIVER,1.35,2002-11-14T00:00:00Z,2013,Tributary Of Scrubby Creek,Waterway section
1383,6065,TRIB OF SCRUBBY CREEK,4600,PLENTY RIVER,YARRA RIVER,Yarra,DIV 2 - SOUTHEAST COAST,29 YARRA RIVER,1.63,2002-11-14T00:00:00Z,2013,Tributary Of Scrubby Creek,Waterway section
1384,6036,TRIB OF BARBERS CREEK WEST BR,4600,PLENTY RIVER,YARRA RIVER,Yarra,DIV 2 - SOUTHEAST COAST,29 YARRA RIVER,0.69,2003-08-13T00:00:00Z,2013,Tributary Of Barbers Creek West Br,Waterway section
1385,6037,TRIB OF BARBERS CREEK WEST BR,4600,PLENTY RIVER,YARRA RIVER,Yarra,DIV 2 - SOUTHEAST COAST,29 YARRA RIVER,0.79,2003-08-13T00:00:00Z,2013,Tributary Of Barbers Creek West Br,Waterway section
1386,6038,TRIB OF BARBERS CREEK WEST BR,4600,PLENTY RIVER,YARRA RIVER,Yarra,DIV 2 - SOUTHEAST COAST,29 YARRA RIVER,0.69,2003-08-13T00:00:00Z,2013,Tributary Of Barbers Creek West Br,Waterway section
1387,6039,TRIB OF 5786,5780,HODDLES CREEK,YARRA RIVER,Yarra,DIV 2 - SOUTHEAST COAST,29 YARRA RIVER,0.86,2002-10-21T00:00:00Z,2013,Tributary Of 5786,Waterway section
1388,5938,TRIB OF DIXONS CREEK,5640,STEELS CREEK,YARRA RIVER,Yarra,DIV 2 - SOUTHEAST COAST,29 YARRA RIVER,2.47,2003-08-28T00:00:00Z,2013,Tributary Of Dixons Creek,Waterway section
1389,5939,TRIB OF DIXONS CREEK,5640,STEELS CREEK,YARRA RIVER,Yarra,DIV 2 - SOUTHEAST COAST,29 YARRA RIVER,0.93,2003-08-28T00:00:00Z,2013,Tributary Of Dixons Creek,Waterway section
1390,5941,TRIB OF 5918,5660,PAUL CREEK,YARRA RIVER,Yarra,DIV 2 - SOUTHEAST COAST,29 YARRA RIVER,0.99,2003-08-29T00:00:00Z,2013,Tributary Of 5918,Waterway section
1391,5887,TRIB OF MCMAHONS CREEK,4400,YARRA RIVER MAIN STREAM,YARRA RIVER,Yarra,DIV 2 - SOUTHEAST COAST,29 YARRA RIVER,2.28,2003-11-14T00:00:00Z,2013,Tributary Of Mcmahons Creek,Waterway section
1392,5745,MACCLESFIELD CREEK,5720,WOORI YALLOCK CREEK,YARRA RIVER,Yarra,DIV 2 - SOUTHEAST COAST,29 YARRA RIVER,8.06,2003-09-11T00:00:00Z,2013,Macclesfield Creek,Waterway section
1393,5746,TRIB OF COCKATOO CREEK,5720,WOORI YALLOCK CREEK,YARRA RIVER,Yarra,DIV 2 - SOUTHEAST COAST,29 YARRA RIVER,2.01,2003-09-11T00:00:00Z,2013,Tributary Of Cockatoo Creek,Waterway section
1394,6066,TRIB OF SCRUBBY CREEK,4600,PLENTY RIVER,YARRA RIVER,Yarra,DIV 2 - SOUTHEAST COAST,29 YARRA RIVER,1.19,2002-11-14T00:00:00Z,2013,Tributary Of Scrubby Creek,Waterway section
1395,6068,TRIB OF SCRUBBY CREEK,4600,PLENTY RIVER,YARRA RIVER,Yarra,DIV 2 - SOUTHEAST COAST,29 YARRA RIVER,0.87,2002-11-14T00:00:00Z,2013,Tributary Of Scrubby Creek,Waterway section
1396,6109,TRIB OF MACCLESFIELD CREEK,5720,WOORI YALLOCK CREEK,YARRA RIVER,Yarra,DIV 2 - SOUTHEAST COAST,29 YARRA RIVER,1.82,2002-11-14T00:00:00Z,2013,Tributary Of Macclesfield Creek,Waterway section
1397,6110,JACKS CREEK,4600,PLENTY RIVER,YARRA RIVER,Yarra,DIV 2 - SOUTHEAST COAST,29 YARRA RIVER,5.88,2003-10-21T00:00:00Z,2013,Jacks Creek,Waterway section
1398,6091,WATTLE GULLY,4600,PLENTY RIVER,YARRA RIVER,Yarra,DIV 2 - SOUTHEAST COAST,29 YARRA RIVER,1.81,2005-10-21T00:00:00Z,2013,Wattle Gully,Waterway section
1399,6092,TRIB OF YARRA CREEK,4600,PLENTY RIVER,YARRA RIVER,Yarra,DIV 2 - SOUTHEAST COAST,29 YARRA RIVER,0.17,2003-10-21T00:00:00Z,2013,Tributary Of Yarra Creek,Waterway section
1400,5945,TRIB OF YARRA RIVER,4400,YARRA RIVER MAIN STREAM,YARRA RIVER,Yarra,DIV 2 - SOUTHEAST COAST,29 YARRA RIVER,1.15,2003-09-03T00:00:00Z,2013,Tributary Of Yarra River,Waterway section
1401,5946,TRIB OF 5945,4400,YARRA RIVER MAIN STREAM,YARRA RIVER,Yarra,DIV 2 - SOUTHEAST COAST,29 YARRA RIVER,0.56,2003-10-07T00:00:00Z,2013,Tributary Of 5945,Waterway section
1402,5947,TRIB OF 5666,4400,YARRA RIVER MAIN STREAM,YARRA RIVER,Yarra,DIV 2 - SOUTHEAST COAST,29 YARRA RIVER,2.31,2003-09-03T00:00:00Z,2013,Tributary Of 5666,Waterway section
1403,5837,TAYLOR CREEK,5810,LITTLE YARRA RIVER,YARRA RIVER,Yarra,DIV 2 - SOUTHEAST COAST,29 YARRA RIVER,1.17,2003-11-28T00:00:00Z,2013,Taylor Creek,Waterway section
1404,5888,LOWES CREEK,4400,YARRA RIVER MAIN STREAM,YARRA RIVER,Yarra,DIV 2 - SOUTHEAST COAST,29 YARRA RIVER,5.25,2003-11-14T00:00:00Z,2013,Lowes Creek,Waterway section
1405,5889,TWO MILE CREEK,4400,YARRA RIVER MAIN STREAM,YARRA RIVER,Yarra,DIV 2 - SOUTHEAST COAST,29 YARRA RIVER,2.36,2003-11-14T00:00:00Z,2013,Two Mile Creek,Waterway section
1406,6111,YELLOW CREEK,4600,PLENTY RIVER,YARRA RIVER,Yarra,DIV 2 - SOUTHEAST COAST,29 YARRA RIVER,2.03,2003-10-21T00:00:00Z,2013,Yellow Creek,Waterway section
1407,6012,TRIB OF PLENTY RIVER (UPPER),4600,PLENTY RIVER,YARRA RIVER,Yarra,DIV 2 - SOUTHEAST COAST,29 YARRA RIVER,1.95,2003-08-19T00:00:00Z,2013,Tributary Of Plenty River (Upper),Waterway section
1408,6014,TRIB OF PLENTY RIVER (UPPER),4600,PLENTY RIVER,YARRA RIVER,Yarra,DIV 2 - SOUTHEAST COAST,29 YARRA RIVER,2.06,2002-10-23T00:00:00Z,2013,Tributary Of Plenty River (Upper),Waterway section
1409,6040,TRIB OF BARBERS CREEK WEST BR,4600,PLENTY RIVER,YARRA RIVER,Yarra,DIV 2 - SOUTHEAST COAST,29 YARRA RIVER,1.76,2002-11-14T00:00:00Z,2013,Tributary Of Barbers Creek West Br,Waterway section
1410,6041,TRIB OF 6040,4600,PLENTY RIVER,YARRA RIVER,Yarra,DIV 2 - SOUTHEAST COAST,29 YARRA RIVER,0.12,2003-11-21T00:00:00Z,2013,Tributary Of 6040,Waterway section
1411,6042,TRIB OF BARBERS CREEK WEST BR,4600,PLENTY RIVER,YARRA RIVER,Yarra,DIV 2 - SOUTHEAST COAST,29 YARRA RIVER,1.04,2003-08-14T00:00:00Z,2013,Tributary Of Barbers Creek West Br,Waterway section
1412,6043,TRIB OF BARBERS CREEK WEST BR,4600,PLENTY RIVER,YARRA RIVER,Yarra,DIV 2 - SOUTHEAST COAST,29 YARRA RIVER,1.73,2003-08-14T00:00:00Z,2013,Tributary Of Barbers Creek West Br,Waterway section
1413,6044,TRIB OF BARBERS CREEK WEST BR,4600,PLENTY RIVER,YARRA RIVER,Yarra,DIV 2 - SOUTHEAST COAST,29 YARRA RIVER,0.82,2003-08-14T00:00:00Z,2013,Tributary Of Barbers Creek West Br,Waterway section
1414,5948,TRIB OF 5666,4400,YARRA RIVER MAIN STREAM,YARRA RIVER,Yarra,DIV 2 - SOUTHEAST COAST,29 YARRA RIVER,1.55,2003-09-03T00:00:00Z,2013,Tributary Of 5666,Waterway section
1415,5949,TRIB OF 5666,4400,YARRA RIVER MAIN STREAM,YARRA RIVER,Yarra,DIV 2 - SOUTHEAST COAST,29 YARRA RIVER,0.97,2003-09-03T00:00:00Z,2013,Tributary Of 5666,Waterway section
1416,5950,WOOD CREEK,4400,YARRA RIVER MAIN STREAM,YARRA RIVER,Yarra,DIV 2 - SOUTHEAST COAST,29 YARRA RIVER,16.48,2003-11-12T00:00:00Z,2013,Wood Creek,Waterway section
1417,5951,TRIB OF 5666,4400,YARRA RIVER MAIN STREAM,YARRA RIVER,Yarra,DIV 2 - SOUTHEAST COAST,29 YARRA RIVER,1.25,2003-09-03T00:00:00Z,2013,Tributary Of 5666,Waterway section
1418,5794,TRIB OF DON RIVER,4400,YARRA RIVER MAIN STREAM,YARRA RIVER,Yarra,DIV 2 - SOUTHEAST COAST,29 YARRA RIVER,2.18,2003-11-19T00:00:00Z,2013,Tributary Of Don River,Waterway section
1419,5828,MACKLEY CREEK,5810,LITTLE YARRA RIVER,YARRA RIVER,Yarra,DIV 2 - SOUTHEAST COAST,29 YARRA RIVER,4.8,2003-09-12T00:00:00Z,2013,Mackley Creek,Waterway section
1420,5829,FITZPATICK CREEK,5810,LITTLE YARRA RIVER,YARRA RIVER,Yarra,DIV 2 - SOUTHEAST COAST,29 YARRA RIVER,1.19,2003-09-12T00:00:00Z,2013,Fitzpatick Creek,Waterway section
1421,5830,FRENCHMANS CREEK,4400,YARRA RIVER MAIN STREAM,YARRA RIVER,Yarra,DIV 2 - SOUTHEAST COAST,29 YARRA RIVER,5.36,2002-11-14T00:00:00Z,2013,Frenchmans Creek,Waterway section
1422,6015,TRIB OF 6014,4600,PLENTY RIVER,YARRA RIVER,Yarra,DIV 2 - SOUTHEAST COAST,29 YARRA RIVER,1.39,2003-08-18T00:00:00Z,2013,Tributary Of 6014,Waterway section
1423,6069,TRIB OF THE BARRIER CREEK,5810,LITTLE YARRA RIVER,YARRA RIVER,Yarra,DIV 2 - SOUTHEAST COAST,29 YARRA RIVER,0.31,2003-09-17T00:00:00Z,2013,Tributary Of The Barrier Creek,Waterway section
1424,6070,BRUCES CREEK (LOWER),4600,PLENTY RIVER,YARRA RIVER,Yarra,DIV 2 - SOUTHEAST COAST,29 YARRA RIVER,7.31,2003-08-20T00:00:00Z,2013,Bruces Creek (Lower),Waterway section
1425,6071,BLACK FLAT RD DRAIN,4600,PLENTY RIVER,YARRA RIVER,Yarra,DIV 2 - SOUTHEAST COAST,29 YARRA RIVER,1.29,2002-10-21T00:00:00Z,2013,Black Flat Rd Drain,Waterway section
1426,6072,TRIB OF BRUCES CREEK (LOWER),4600,PLENTY RIVER,YARRA RIVER,Yarra,DIV 2 - SOUTHEAST COAST,29 YARRA RIVER,2.06,2003-08-14T00:00:00Z,2013,Tributary Of Bruces Creek (Lower),Waterway section
1427,6046,TRIB OF BARBERS CREEK WEST BR,4600,PLENTY RIVER,YARRA RIVER,Yarra,DIV 2 - SOUTHEAST COAST,29 YARRA RIVER,1.12,2003-08-14T00:00:00Z,2013,Tributary Of Barbers Creek West Br,Waterway section
1428,6093,TRIB OF YARRA CREEK,4600,PLENTY RIVER,YARRA RIVER,Yarra,DIV 2 - SOUTHEAST COAST,29 YARRA RIVER,2.41,2003-10-21T00:00:00Z,2013,Tributary Of Yarra Creek,Waterway section
1429,5952,TRIB OF 5666,4400,YARRA RIVER MAIN STREAM,YARRA RIVER,Yarra,DIV 2 - SOUTHEAST COAST,29 YARRA RIVER,0.7,2003-09-03T00:00:00Z,2013,Tributary Of 5666,Waterway section
1430,5953,TRIB OF 5666,4400,YARRA RIVER MAIN STREAM,YARRA RIVER,Yarra,DIV 2 - SOUTHEAST COAST,29 YARRA RIVER,1.64,2003-09-03T00:00:00Z,2013,Tributary Of 5666,Waterway section
1431,5954,TRIB OF 5658,4400,YARRA RIVER MAIN STREAM,YARRA RIVER,Yarra,DIV 2 - SOUTHEAST COAST,29 YARRA RIVER,0.7,2003-09-03T00:00:00Z,2013,Tributary Of 5658,Waterway section
1432,5955,TRIB OF 5658,4400,YARRA RIVER MAIN STREAM,YARRA RIVER,Yarra,DIV 2 - SOUTHEAST COAST,29 YARRA RIVER,0.9,2003-09-03T00:00:00Z,2013,Tributary Of 5658,Waterway section
1433,5795,TRIB OF DON RIVER,4400,YARRA RIVER MAIN STREAM,YARRA RIVER,Yarra,DIV 2 - SOUTHEAST COAST,29 YARRA RIVER,4.5,2003-11-19T00:00:00Z,2013,Tributary Of Don River,Waterway section
1434,5796,MYRTLE CREEK,4400,YARRA RIVER MAIN STREAM,YARRA RIVER,Yarra,DIV 2 - SOUTHEAST COAST,29 YARRA RIVER,6.09,2003-11-19T00:00:00Z,2013,Myrtle Creek,Waterway section
1435,5797,TRIB OF YARRA CREEK,4400,YARRA RIVER MAIN STREAM,YARRA RIVER,Yarra,DIV 2 - SOUTHEAST COAST,29 YARRA RIVER,3.79,2003-10-09T00:00:00Z,2013,Tributary Of Yarra Creek,Waterway section
1436,6073,TRIB OF BRUCES CREEK (LOWER),4600,PLENTY RIVER,YARRA RIVER,Yarra,DIV 2 - SOUTHEAST COAST,29 YARRA RIVER,3.41,2003-08-14T00:00:00Z,2013,Tributary Of Bruces Creek (Lower),Waterway section
1437,6112,JOEY CREEK,4600,PLENTY RIVER,YARRA RIVER,Yarra,DIV 2 - SOUTHEAST COAST,29 YARRA RIVER,6.06,2003-10-21T00:00:00Z,2013,Joey Creek,Waterway section
1438,6094,TRIB OF YARRA CREEK,4600,PLENTY RIVER,YARRA RIVER,Yarra,DIV 2 - SOUTHEAST COAST,29 YARRA RIVER,2.06,2003-10-21T00:00:00Z,2013,Tributary Of Yarra Creek,Waterway section
1439,6095,TRIB OF LYREBIRD GULLY CREEK,5610,OLINDA CREEK,YARRA RIVER,Yarra,DIV 2 - SOUTHEAST COAST,29 YARRA RIVER,1.04,2003-11-28T00:00:00Z,2013,Tributary Of Lyrebird Gully Creek,Waterway section
1440,6047,TRIB OF BARBERS CREEK WEST BR,4600,PLENTY RIVER,YARRA RIVER,Yarra,DIV 2 - SOUTHEAST COAST,29 YARRA RIVER,0.59,2003-08-14T00:00:00Z,2013,Tributary Of Barbers Creek West Br,Waterway section
1441,5956,TRIB OF 5658,4400,YARRA RIVER MAIN STREAM,YARRA RIVER,Yarra,DIV 2 - SOUTHEAST COAST,29 YARRA RIVER,0.66,2003-09-03T00:00:00Z,2013,Tributary Of 5658,Waterway section
1442,5957,TRIB OF 5658,4400,YARRA RIVER MAIN STREAM,YARRA RIVER,Yarra,DIV 2 - SOUTHEAST COAST,29 YARRA RIVER,1.62,2003-10-07T00:00:00Z,2013,Tributary Of 5658,Waterway section
1443,5958,TRIB OF YARA RIVER,4400,YARRA RIVER MAIN STREAM,YARRA RIVER,Yarra,DIV 2 - SOUTHEAST COAST,29 YARRA RIVER,1.26,2003-10-07T00:00:00Z,2013,Tributary Of Yara River,Waterway section
1444,5959,TRIB OF LILLYPONDS CREEK,4400,YARRA RIVER MAIN STREAM,YARRA RIVER,Yarra,DIV 2 - SOUTHEAST COAST,29 YARRA RIVER,2.88,2003-10-07T00:00:00Z,2013,Tributary Of Lillyponds Creek,Waterway section
1445,5891,FOUR MILE CREEK,4400,YARRA RIVER MAIN STREAM,YARRA RIVER,Yarra,DIV 2 - SOUTHEAST COAST,29 YARRA RIVER,5.66,2002-10-18T00:00:00Z,2013,Four Mile Creek,Waterway section
1446,5892,TRIB OF YARRA CREEK,4400,YARRA RIVER MAIN STREAM,YARRA RIVER,Yarra,DIV 2 - SOUTHEAST COAST,29 YARRA RIVER,0.86,2003-11-19T00:00:00Z,2013,Tributary Of Yarra Creek,Waterway section
1447,5747,SHEPHERD CREEK,5720,WOORI YALLOCK CREEK,YARRA RIVER,Yarra,DIV 2 - SOUTHEAST COAST,29 YARRA RIVER,7.21,2003-09-11T00:00:00Z,2013,Shepherd Creek,Waterway section
1448,6113,TRIB OF JOEY CREEK,4600,PLENTY RIVER,YARRA RIVER,Yarra,DIV 2 - SOUTHEAST COAST,29 YARRA RIVER,2.54,2003-10-21T00:00:00Z,2013,Tributary Of Joey Creek,Waterway section
1449,6114,TRIB OF JOEY CREEK,4600,PLENTY RIVER,YARRA RIVER,Yarra,DIV 2 - SOUTHEAST COAST,29 YARRA RIVER,0.69,2003-11-28T00:00:00Z,2013,Tributary Of Joey Creek,Waterway section
1450,6115,TRIB OF JACKS CREEK,4600,PLENTY RIVER,YARRA RIVER,Yarra,DIV 2 - SOUTHEAST COAST,29 YARRA RIVER,0.55,2003-10-21T00:00:00Z,2013,Tributary Of Jacks Creek,Waterway section
1451,6016,TRIB OF PLENTY RIVER EAST,4600,PLENTY RIVER,YARRA RIVER,Yarra,DIV 2 - SOUTHEAST COAST,29 YARRA RIVER,1.36,2003-08-14T00:00:00Z,2013,Tributary Of Plenty River East,Waterway section
1452,6017,TRIB OF PLENTY RIVER EAST,4600,PLENTY RIVER,YARRA RIVER,Yarra,DIV 2 - SOUTHEAST COAST,29 YARRA RIVER,0.92,2002-11-14T00:00:00Z,2013,Tributary Of Plenty River East,Waterway section
1453,6048,BACK - STAIRS CREEK,4400,YARRA RIVER MAIN STREAM,YARRA RIVER,Yarra,DIV 2 - SOUTHEAST COAST,29 YARRA RIVER,0.73,2003-11-19T00:00:00Z,2013,Back - Stairs Creek,Waterway section
1454,6049,TRIB OF 5806,4400,YARRA RIVER MAIN STREAM,YARRA RIVER,Yarra,DIV 2 - SOUTHEAST COAST,29 YARRA RIVER,0.88,2003-11-19T00:00:00Z,2013,Tributary Of 5806,Waterway section
1455,6050,BARBERS CREEK (UPPER),4600,PLENTY RIVER,YARRA RIVER,Yarra,DIV 2 - SOUTHEAST COAST,29 YARRA RIVER,8.79,2003-08-14T00:00:00Z,2013,Barbers Creek (Upper),Waterway section
1456,6051,TRIB OF BARBERS CREEK (UPPER),4600,PLENTY RIVER,YARRA RIVER,Yarra,DIV 2 - SOUTHEAST COAST,29 YARRA RIVER,0.69,2002-10-23T00:00:00Z,2013,Tributary Of Barbers Creek (Upper),Waterway section
1457,6052,TRIB OF BARBERS CREEK (UPPER),4600,PLENTY RIVER,YARRA RIVER,Yarra,DIV 2 - SOUTHEAST COAST,29 YARRA RIVER,2.79,2002-10-23T00:00:00Z,2013,Tributary Of Barbers Creek (Upper),Waterway section
1458,6053,TRIB OF BARBERS CREEK (UPPER),4600,PLENTY RIVER,YARRA RIVER,Yarra,DIV 2 - SOUTHEAST COAST,29 YARRA RIVER,0.6,2003-08-14T00:00:00Z,2013,Tributary Of Barbers Creek (Upper),Waterway section
1459,6096,TRIB OF OLINDA CREEK,5610,OLINDA CREEK,YARRA RIVER,Yarra,DIV 2 - SOUTHEAST COAST,29 YARRA RIVER,0.98,2003-09-03T00:00:00Z,2013,Tributary Of Olinda Creek,Waterway section
1460,5960,TRIB OF 5959,4400,YARRA RIVER MAIN STREAM,YARRA RIVER,Yarra,DIV 2 - SOUTHEAST COAST,29 YARRA RIVER,1.29,2003-09-03T00:00:00Z,2013,Tributary Of 5959,Waterway section
1461,5962,TRIB OF LILLYPONDS CREEK,4400,YARRA RIVER MAIN STREAM,YARRA RIVER,Yarra,DIV 2 - SOUTHEAST COAST,29 YARRA RIVER,0.95,2003-10-07T00:00:00Z,2013,Tributary Of Lillyponds Creek,Waterway section
1462,5963,TRIB OF 5618,5610,OLINDA CREEK,YARRA RIVER,Yarra,DIV 2 - SOUTHEAST COAST,29 YARRA RIVER,1.2,2003-09-04T00:00:00Z,2013,Tributary Of 5618,Waterway section
1463,5831,KOBECKE CREEK,5810,LITTLE YARRA RIVER,YARRA RIVER,Yarra,DIV 2 - SOUTHEAST COAST,29 YARRA RIVER,1.03,2003-09-12T00:00:00Z,2013,Kobecke Creek,Waterway section
1464,5884,TRIB OF MCMAHONS CREEK,4400,YARRA RIVER MAIN STREAM,YARRA RIVER,Yarra,DIV 2 - SOUTHEAST COAST,29 YARRA RIVER,1.75,2003-11-14T00:00:00Z,2013,Tributary Of Mcmahons Creek,Waterway section
1465,5885,TRIB OF MCMAHONS CREEK,4400,YARRA RIVER MAIN STREAM,YARRA RIVER,Yarra,DIV 2 - SOUTHEAST COAST,29 YARRA RIVER,2.23,2003-11-14T00:00:00Z,2013,Tributary Of Mcmahons Creek,Waterway section
1466,5886,QUARRY CREEK,4400,YARRA RIVER MAIN STREAM,YARRA RIVER,Yarra,DIV 2 - SOUTHEAST COAST,29 YARRA RIVER,2.89,2003-11-14T00:00:00Z,2013,Quarry Creek,Waterway section
1467,6018,TRIB OF PLENTY RIVER EAST,4600,PLENTY RIVER,YARRA RIVER,Yarra,DIV 2 - SOUTHEAST COAST,29 YARRA RIVER,1.25,2002-11-14T00:00:00Z,2013,Tributary Of Plenty River East,Waterway section
1468,6019,TRIB OF YARRA RIVER,4400,YARRA RIVER MAIN STREAM,YARRA RIVER,Yarra,DIV 2 - SOUTHEAST COAST,29 YARRA RIVER,2.66,2003-10-09T00:00:00Z,2013,Tributary Of Yarra River,Waterway section
1469,6020,BARBERS CREEK (LOWER),4600,PLENTY RIVER,YARRA RIVER,Yarra,DIV 2 - SOUTHEAST COAST,29 YARRA RIVER,6.67,2003-08-14T00:00:00Z,2013,Barbers Creek (Lower),Waterway section
1470,6097,TRIB OF OLINDA CREEK,5610,OLINDA CREEK,YARRA RIVER,Yarra,DIV 2 - SOUTHEAST COAST,29 YARRA RIVER,0.52,2003-09-03T00:00:00Z,2013,Tributary Of Olinda Creek,Waterway section
1471,6098,TRIB OF FERNDALE CREEK,5720,WOORI YALLOCK CREEK,YARRA RIVER,Yarra,DIV 2 - SOUTHEAST COAST,29 YARRA RIVER,0.85,2003-11-28T00:00:00Z,2013,Tributary Of Ferndale Creek,Waterway section
1472,6099,TRIB OF MCCRAE CREEK,5720,WOORI YALLOCK CREEK,YARRA RIVER,Yarra,DIV 2 - SOUTHEAST COAST,29 YARRA RIVER,1.09,2003-09-10T00:00:00Z,2013,Tributary Of Mccrae Creek,Waterway section
1473,5965,TRIB OF YARRA RIVER,4400,YARRA RIVER MAIN STREAM,YARRA RIVER,Yarra,DIV 2 - SOUTHEAST COAST,29 YARRA RIVER,1.59,2003-08-25T00:00:00Z,2013,Tributary Of Yarra River,Waterway section
1474,5966,TRIB OF YARRA RIVER,4400,YARRA RIVER MAIN STREAM,YARRA RIVER,Yarra,DIV 2 - SOUTHEAST COAST,29 YARRA RIVER,0.88,2003-08-25T00:00:00Z,2013,Tributary Of Yarra River,Waterway section
1475,5967,TRIB OF 5673,5670,WATTS RIVER,YARRA RIVER,Yarra,DIV 2 - SOUTHEAST COAST,29 YARRA RIVER,0.69,2003-10-30T00:00:00Z,2013,Tributary Of 5673,Waterway section
1476,5832,STOCKDALES CREEK,4400,YARRA RIVER MAIN STREAM,YARRA RIVER,Yarra,DIV 2 - SOUTHEAST COAST,29 YARRA RIVER,0.84,2003-11-19T00:00:00Z,2013,Stockdales Creek,Waterway section
1477,5833,ROCKY CREEK,4400,YARRA RIVER MAIN STREAM,YARRA RIVER,Yarra,DIV 2 - SOUTHEAST COAST,29 YARRA RIVER,2.61,2003-11-05T00:00:00Z,2013,Rocky Creek,Waterway section
1478,5834,STARLING CREEK,4400,YARRA RIVER MAIN STREAM,YARRA RIVER,Yarra,DIV 2 - SOUTHEAST COAST,29 YARRA RIVER,1.21,2003-11-17T00:00:00Z,2013,Starling Creek,Waterway section
1479,5835,DIRT GULLY CREEK,4400,YARRA RIVER MAIN STREAM,YARRA RIVER,Yarra,DIV 2 - SOUTHEAST COAST,29 YARRA RIVER,0.74,2003-10-16T00:00:00Z,2013,Dirt Gully Creek,Waterway section
1480,5836,POSTMAN CREEK,4400,YARRA RIVER MAIN STREAM,YARRA RIVER,Yarra,DIV 2 - SOUTHEAST COAST,29 YARRA RIVER,1.45,2003-11-17T00:00:00Z,2013,Postman Creek,Waterway section
1481,6074,TRIB OF BRUCES CREEK (LOWER),4600,PLENTY RIVER,YARRA RIVER,Yarra,DIV 2 - SOUTHEAST COAST,29 YARRA RIVER,1.05,2003-08-14T00:00:00Z,2013,Tributary Of Bruces Creek (Lower),Waterway section
1482,6075,TRIB OF ARMSTRONG CREEK EAST,4400,YARRA RIVER MAIN STREAM,YARRA RIVER,Yarra,DIV 2 - SOUTHEAST COAST,29 YARRA RIVER,0.83,2003-11-10T00:00:00Z,2013,Tributary Of Armstrong Creek East,Waterway section
1483,6076,TRIB OF ARMSTRONG CREEK EAST,4400,YARRA RIVER MAIN STREAM,YARRA RIVER,Yarra,DIV 2 - SOUTHEAST COAST,29 YARRA RIVER,1.38,2003-11-10T00:00:00Z,2013,Tributary Of Armstrong Creek East,Waterway section
1484,6077,TRIB OF ARMSTRONG CREEK EAST,4400,YARRA RIVER MAIN STREAM,YARRA RIVER,Yarra,DIV 2 - SOUTHEAST COAST,29 YARRA RIVER,1.08,2003-11-10T00:00:00Z,2013,Tributary Of Armstrong Creek East,Waterway section
1485,5778,TRIB OF YARRA RIVER,4400,YARRA RIVER MAIN STREAM,YARRA RIVER,Yarra,DIV 2 - SOUTHEAST COAST,29 YARRA RIVER,2.65,2003-10-09T00:00:00Z,2013,Tributary Of Yarra River,Waterway section
1486,5780,HODDLES CREEK,5780,HODDLES CREEK,YARRA RIVER,Yarra,DIV 2 - SOUTHEAST COAST,29 YARRA RIVER,16.55,2003-09-12T00:00:00Z,2013,Hoddles Creek,Waterway section
1487,5781,PERRINS CREEK,5720,WOORI YALLOCK CREEK,YARRA RIVER,Yarra,DIV 2 - SOUTHEAST COAST,29 YARRA RIVER,1.74,2003-09-10T00:00:00Z,2013,Perrins Creek,Waterway section
1488,5782,TRIB OF HODDLES CREEK,5780,HODDLES CREEK,YARRA RIVER,Yarra,DIV 2 - SOUTHEAST COAST,29 YARRA RIVER,3.12,2002-10-21T00:00:00Z,2013,Tributary Of Hoddles Creek,Waterway section
1489,5783,TRIB OF HODDLES CREEK,5780,HODDLES CREEK,YARRA RIVER,Yarra,DIV 2 - SOUTHEAST COAST,29 YARRA RIVER,1.96,2002-10-21T00:00:00Z,2013,Tributary Of Hoddles Creek,Waterway section
1490,5784,TRIB OF HODDLES CREEK,5780,HODDLES CREEK,YARRA RIVER,Yarra,DIV 2 - SOUTHEAST COAST,29 YARRA RIVER,0.93,2002-10-21T00:00:00Z,2013,Tributary Of Hoddles Creek,Waterway section
1491,5785,TRIB OF HODDLES CREEK,5780,HODDLES CREEK,YARRA RIVER,Yarra,DIV 2 - SOUTHEAST COAST,29 YARRA RIVER,1.81,2002-10-21T00:00:00Z,2013,Tributary Of Hoddles Creek,Waterway section
1492,5787,TRIB OF HODDLES CREEK,5780,HODDLES CREEK,YARRA RIVER,Yarra,DIV 2 - SOUTHEAST COAST,29 YARRA RIVER,3.02,2002-10-21T00:00:00Z,2013,Tributary Of Hoddles Creek,Waterway section
1493,5968,TRIB OF GRACE BURN CREEK,5670,WATTS RIVER,YARRA RIVER,Yarra,DIV 2 - SOUTHEAST COAST,29 YARRA RIVER,2.61,2003-09-24T00:00:00Z,2013,Tributary Of Grace Burn Creek,Waterway section
1494,5970,TRIB OF YARRA RIVER,4400,YARRA RIVER MAIN STREAM,YARRA RIVER,Yarra,DIV 2 - SOUTHEAST COAST,29 YARRA RIVER,0.64,2003-08-25T00:00:00Z,2013,Tributary Of Yarra River,Waterway section
1495,5971,TRIB OF YARRA RIVER,4400,YARRA RIVER MAIN STREAM,YARRA RIVER,Yarra,DIV 2 - SOUTHEAST COAST,29 YARRA RIVER,2.15,2002-10-23T00:00:00Z,2013,Tributary Of Yarra River,Waterway section
1496,5972,TRIB OF YARRA RIVER,4400,YARRA RIVER MAIN STREAM,YARRA RIVER,Yarra,DIV 2 - SOUTHEAST COAST,29 YARRA RIVER,0.9,2002-10-23T00:00:00Z,2013,Tributary Of Yarra River,Waterway section
1497,5973,TRIB OF YARRA RIVER,4400,YARRA RIVER MAIN STREAM,YARRA RIVER,Yarra,DIV 2 - SOUTHEAST COAST,29 YARRA RIVER,1.48,2003-08-25T00:00:00Z,2013,Tributary Of Yarra River,Waterway section
1498,5748,PANCAKE CREEK,5720,WOORI YALLOCK CREEK,YARRA RIVER,Yarra,DIV 2 - SOUTHEAST COAST,29 YARRA RIVER,7.29,2003-09-11T00:00:00Z,2013,Pancake Creek,Waterway section
1499,5798,TRIB OF COCKATOOCREEK,5720,WOORI YALLOCK CREEK,YARRA RIVER,Yarra,DIV 2 - SOUTHEAST COAST,29 YARRA RIVER,3.3,2003-09-11T00:00:00Z,2013,Tributary Of Cockatoocreek,Waterway section
1500,6078,TRIB OF ARMSTRONG CREEK EAST,4400,YARRA RIVER MAIN STREAM,YARRA RIVER,Yarra,DIV 2 - SOUTHEAST COAST,29 YARRA RIVER,1.04,2003-11-10T00:00:00Z,2013,Tributary Of Armstrong Creek East,Waterway section
1501,6116,TRIB OF JACKS CREEK,4600,PLENTY RIVER,YARRA RIVER,Yarra,DIV 2 - SOUTHEAST COAST,29 YARRA RIVER,1.66,2003-10-21T00:00:00Z,2013,Tributary Of Jacks Creek,Waterway section
1502,6117,TRIB OF MACCLESFIELD CREEK,5720,WOORI YALLOCK CREEK,YARRA RIVER,Yarra,DIV 2 - SOUTHEAST COAST,29 YARRA RIVER,1.06,2003-09-10T00:00:00Z,2013,Tributary Of Macclesfield Creek,Waterway section
1503,6118,TRIB OF MACCLESFIELD CREEK,5720,WOORI YALLOCK CREEK,YARRA RIVER,Yarra,DIV 2 - SOUTHEAST COAST,29 YARRA RIVER,1,2003-09-10T00:00:00Z,2013,Tributary Of Macclesfield Creek,Waterway section
1504,6119,TRIB OF MACCLESFIELD CREEK,5720,WOORI YALLOCK CREEK,YARRA RIVER,Yarra,DIV 2 - SOUTHEAST COAST,29 YARRA RIVER,1.09,2003-09-10T00:00:00Z,2013,Tributary Of Macclesfield Creek,Waterway section
1505,6021,TRIB OF BARBERS CREEK,4600,PLENTY RIVER,YARRA RIVER,Yarra,DIV 2 - SOUTHEAST COAST,29 YARRA RIVER,5.32,2003-08-14T00:00:00Z,2013,Tributary Of Barbers Creek,Waterway section
1506,5788,TRIB OF HODDLES CREEK,5780,HODDLES CREEK,YARRA RIVER,Yarra,DIV 2 - SOUTHEAST COAST,29 YARRA RIVER,2.14,2002-10-21T00:00:00Z,2013,Tributary Of Hoddles Creek,Waterway section
1507,5790,DON RIVER,4400,YARRA RIVER MAIN STREAM,YARRA RIVER,Yarra,DIV 2 - SOUTHEAST COAST,29 YARRA RIVER,5.07,2003-10-09T00:00:00Z,2013,Don River,Waterway section
1508,5824,SAXTON CREEK,5810,LITTLE YARRA RIVER,YARRA RIVER,Yarra,DIV 2 - SOUTHEAST COAST,29 YARRA RIVER,5.6,2002-12-03T00:00:00Z,2013,Saxton Creek,Waterway section
1509,5825,LEARMONTH CREEK,5810,LITTLE YARRA RIVER,YARRA RIVER,Yarra,DIV 2 - SOUTHEAST COAST,29 YARRA RIVER,4.95,2003-09-12T00:00:00Z,2013,Learmonth Creek,Waterway section
1510,5826,BLAKE CREEK,5810,LITTLE YARRA RIVER,YARRA RIVER,Yarra,DIV 2 - SOUTHEAST COAST,29 YARRA RIVER,0.7,2003-09-12T00:00:00Z,2013,Blake Creek,Waterway section
1511,5974,TRIB OF YARRA RIVER,4400,YARRA RIVER MAIN STREAM,YARRA RIVER,Yarra,DIV 2 - SOUTHEAST COAST,29 YARRA RIVER,1.41,2003-08-25T00:00:00Z,2013,Tributary Of Yarra River,Waterway section
1512,5975,TRIB OF LOG CREEK,5610,OLINDA CREEK,YARRA RIVER,Yarra,DIV 2 - SOUTHEAST COAST,29 YARRA RIVER,1.79,2003-09-03T00:00:00Z,2013,Tributary Of Log Creek,Waterway section
1513,5978,TRIB OF LOG CREEK,5610,OLINDA CREEK,YARRA RIVER,Yarra,DIV 2 - SOUTHEAST COAST,29 YARRA RIVER,1.28,2003-09-03T00:00:00Z,2013,Tributary Of Log Creek,Waterway section
1514,5979,TRIB OF LOG CREEK,5610,OLINDA CREEK,YARRA RIVER,Yarra,DIV 2 - SOUTHEAST COAST,29 YARRA RIVER,0.96,2003-09-04T00:00:00Z,2013,Tributary Of Log Creek,Waterway section
1515,5980,TRIB OF LOG CREEK,5610,OLINDA CREEK,YARRA RIVER,Yarra,DIV 2 - SOUTHEAST COAST,29 YARRA RIVER,1.81,2003-09-03T00:00:00Z,2013,Tributary Of Log Creek,Waterway section
1516,5983,TRIB OF 5709,4400,YARRA RIVER MAIN STREAM,YARRA RIVER,Yarra,DIV 2 - SOUTHEAST COAST,29 YARRA RIVER,0.92,2003-11-19T00:00:00Z,2013,Tributary Of 5709,Waterway section
1517,4772,GREENRIDGE AVE DRAIN,4700,KOONUNG CREEK,YARRA RIVER,Yarra,DIV 2 - SOUTHEAST COAST,29 YARRA RIVER,1.38,2002-08-28T00:00:00Z,2013,Greenridge Ave Drain,Waterway section
1518,6054,TRIB OF BARBERS CREEK (UPPER),4600,PLENTY RIVER,YARRA RIVER,Yarra,DIV 2 - SOUTHEAST COAST,29 YARRA RIVER,0.68,2002-10-23T00:00:00Z,2013,Tributary Of Barbers Creek (Upper),Waterway section
1519,6055,TRIB OF BARBERS CREEK (UPPER),4600,PLENTY RIVER,YARRA RIVER,Yarra,DIV 2 - SOUTHEAST COAST,29 YARRA RIVER,0.78,2003-08-14T00:00:00Z,2013,Tributary Of Barbers Creek (Upper),Waterway section
1520,6056,TRIB OF BARBERS CREEK (UPPER),4600,PLENTY RIVER,YARRA RIVER,Yarra,DIV 2 - SOUTHEAST COAST,29 YARRA RIVER,1.68,2002-10-23T00:00:00Z,2013,Tributary Of Barbers Creek (Upper),Waterway section
1521,6057,TRIB OF YARRA RIVER,4400,YARRA RIVER MAIN STREAM,YARRA RIVER,Yarra,DIV 2 - SOUTHEAST COAST,29 YARRA RIVER,2.06,2002-11-14T00:00:00Z,2013,Tributary Of Yarra River,Waterway section
1522,6058,TRIB OF THE BARRIER CREEK,5810,LITTLE YARRA RIVER,YARRA RIVER,Yarra,DIV 2 - SOUTHEAST COAST,29 YARRA RIVER,1.99,2003-09-17T00:00:00Z,2013,Tributary Of The Barrier Creek,Waterway section
1523,6022,TRIB OF 6021,4600,PLENTY RIVER,YARRA RIVER,Yarra,DIV 2 - SOUTHEAST COAST,29 YARRA RIVER,1.4,2003-08-14T00:00:00Z,2013,Tributary Of 6021,Waterway section
1524,6023,TRIB OF 6022,4600,PLENTY RIVER,YARRA RIVER,Yarra,DIV 2 - SOUTHEAST COAST,29 YARRA RIVER,0.74,2003-08-14T00:00:00Z,2013,Tributary Of 6022,Waterway section
1525,6024,TRIB OF BARBERS CREEK,4600,PLENTY RIVER,YARRA RIVER,Yarra,DIV 2 - SOUTHEAST COAST,29 YARRA RIVER,3.02,2003-08-14T00:00:00Z,2013,Tributary Of Barbers Creek,Waterway section
1526,6025,TRIB OF BARBERS CREEK,4600,PLENTY RIVER,YARRA RIVER,Yarra,DIV 2 - SOUTHEAST COAST,29 YARRA RIVER,1.84,2003-08-14T00:00:00Z,2013,Tributary Of Barbers Creek,Waterway section
1527,5827,BOYS CAMP CREEK,5810,LITTLE YARRA RIVER,YARRA RIVER,Yarra,DIV 2 - SOUTHEAST COAST,29 YARRA RIVER,1.5,2003-09-12T00:00:00Z,2013,Boys Camp Creek,Waterway section
1528,5878,YELLOW CREEK,4400,YARRA RIVER MAIN STREAM,YARRA RIVER,Yarra,DIV 2 - SOUTHEAST COAST,29 YARRA RIVER,1.24,2003-11-14T00:00:00Z,2013,Yellow Creek,Waterway section
1529,5879,BLUE NOSE CREEK,4400,YARRA RIVER MAIN STREAM,YARRA RIVER,Yarra,DIV 2 - SOUTHEAST COAST,29 YARRA RIVER,1.62,2002-10-29T00:00:00Z,2013,Blue Nose Creek,Waterway section
1530,5880,MCMAHONS CREEK,4400,YARRA RIVER MAIN STREAM,YARRA RIVER,Yarra,DIV 2 - SOUTHEAST COAST,29 YARRA RIVER,21.42,2003-11-14T00:00:00Z,2013,Mcmahons Creek,Waterway section
1531,5881,SMOKO CREEK,4400,YARRA RIVER MAIN STREAM,YARRA RIVER,Yarra,DIV 2 - SOUTHEAST COAST,29 YARRA RIVER,7.1,2003-11-14T00:00:00Z,2013,Smoko Creek,Waterway section
1532,5882,TRIB OF MCMAHONS CREEK,4400,YARRA RIVER MAIN STREAM,YARRA RIVER,Yarra,DIV 2 - SOUTHEAST COAST,29 YARRA RIVER,1.76,2003-11-14T00:00:00Z,2013,Tributary Of Mcmahons Creek,Waterway section
1533,5985,TRIB OF DON RIVER,4400,YARRA RIVER MAIN STREAM,YARRA RIVER,Yarra,DIV 2 - SOUTHEAST COAST,29 YARRA RIVER,2.27,2003-11-19T00:00:00Z,2013,Tributary Of Don River,Waterway section
1534,5986,TRIB OF DEE RIVER,4400,YARRA RIVER MAIN STREAM,YARRA RIVER,Yarra,DIV 2 - SOUTHEAST COAST,29 YARRA RIVER,5.25,2003-10-16T00:00:00Z,2013,Tributary Of Dee River,Waterway section
1535,5987,TRIB OF CEMENT CREEK EAST BR,4400,YARRA RIVER MAIN STREAM,YARRA RIVER,Yarra,DIV 2 - SOUTHEAST COAST,29 YARRA RIVER,1.44,2002-11-14T00:00:00Z,2013,Tributary Of Cement Creek East Br,Waterway section
1536,6059,TRIB OF 6058,5810,LITTLE YARRA RIVER,YARRA RIVER,Yarra,DIV 2 - SOUTHEAST COAST,29 YARRA RIVER,0.34,2003-09-17T00:00:00Z,2013,Tributary Of 6058,Waterway section
1537,6060,SCRUBBY CREEK (6060),4600,PLENTY RIVER,YARRA RIVER,Yarra,DIV 2 - SOUTHEAST COAST,29 YARRA RIVER,12.84,2003-08-14T00:00:00Z,2013,Scrubby Creek (6060),Waterway section
1538,6100,PLENTY RIVER WEST,4600,PLENTY RIVER,YARRA RIVER,Yarra,DIV 2 - SOUTHEAST COAST,29 YARRA RIVER,5.12,2003-08-20T00:00:00Z,2013,Plenty River West,Waterway section
1539,6101,TRIB OF PLENTY RIVER WEST,4600,PLENTY RIVER,YARRA RIVER,Yarra,DIV 2 - SOUTHEAST COAST,29 YARRA RIVER,2.67,2003-10-16T00:00:00Z,2013,Tributary Of Plenty River West,Waterway section
1540,6079,TRIB OF ARMSTRONG CREEK EAST,4400,YARRA RIVER MAIN STREAM,YARRA RIVER,Yarra,DIV 2 - SOUTHEAST COAST,29 YARRA RIVER,1.28,2003-11-10T00:00:00Z,2013,Tributary Of Armstrong Creek East,Waterway section
1541,6080,BRUCES CREEK (UPPER),4600,PLENTY RIVER,YARRA RIVER,Yarra,DIV 2 - SOUTHEAST COAST,29 YARRA RIVER,12.76,NA,2013,Bruces Creek (Upper),Waterway section
1542,6081,TRIB OF BRUCES CREEK (UPPER),4600,PLENTY RIVER,YARRA RIVER,Yarra,DIV 2 - SOUTHEAST COAST,29 YARRA RIVER,0.7,2000-08-14T00:00:00Z,2013,Tributary Of Bruces Creek (Upper),Waterway section
1543,6082,BROOKLANDS TRIB,4600,PLENTY RIVER,YARRA RIVER,Yarra,DIV 2 - SOUTHEAST COAST,29 YARRA RIVER,3.6,2003-08-14T00:00:00Z,2013,Brooklands Tributary,Waterway section
1544,5883,TRIB OF MCMAHONS CREEK,4400,YARRA RIVER MAIN STREAM,YARRA RIVER,Yarra,DIV 2 - SOUTHEAST COAST,29 YARRA RIVER,1.97,2003-11-14T00:00:00Z,2013,Tributary Of Mcmahons Creek,Waterway section
1545,5920,CLEAR CREEK,4400,YARRA RIVER MAIN STREAM,YARRA RIVER,Yarra,DIV 2 - SOUTHEAST COAST,29 YARRA RIVER,16.89,2003-11-11T00:00:00Z,2013,Clear Creek,Waterway section
1546,5988,TRIB OF WEBSTER CREEK,4400,YARRA RIVER MAIN STREAM,YARRA RIVER,Yarra,DIV 2 - SOUTHEAST COAST,29 YARRA RIVER,1.95,2003-11-05T00:00:00Z,2013,Tributary Of Webster Creek,Waterway section
1547,5989,TRIB OF YARRA RIVER,4400,YARRA RIVER MAIN STREAM,YARRA RIVER,Yarra,DIV 2 - SOUTHEAST COAST,29 YARRA RIVER,0.98,2003-11-17T00:00:00Z,2013,Tributary Of Yarra River,Waterway section
1548,5990,TRIB OF YARRA RIVER,4400,YARRA RIVER MAIN STREAM,YARRA RIVER,Yarra,DIV 2 - SOUTHEAST COAST,29 YARRA RIVER,1.32,2003-11-05T00:00:00Z,2013,Tributary Of Yarra River,Waterway section
1549,5991,TRIB OF WOORI YALLOCK CREEK,5720,WOORI YALLOCK CREEK,YARRA RIVER,Yarra,DIV 2 - SOUTHEAST COAST,29 YARRA RIVER,0.74,2003-09-12T00:00:00Z,2013,Tributary Of Woori Yallock Creek,Waterway section
1550,5993,TRIB OF 5732,5720,WOORI YALLOCK CREEK,YARRA RIVER,Yarra,DIV 2 - SOUTHEAST COAST,29 YARRA RIVER,1.08,2003-12-08T00:00:00Z,2013,Tributary Of 5732,Waterway section
1551,6102,HALEYS DRAIN,4600,PLENTY RIVER,YARRA RIVER,Yarra,DIV 2 - SOUTHEAST COAST,29 YARRA RIVER,0.99,2003-10-21T00:00:00Z,2013,Haleys Drain,Waterway section
1552,6006,TRIB OF MERNDA DRAIN,4600,PLENTY RIVER,YARRA RIVER,Yarra,DIV 2 - SOUTHEAST COAST,29 YARRA RIVER,1.07,2002-10-22T00:00:00Z,2013,Tributary Of Mernda Drain,Waterway section
1553,6007,TRIB OF PLENTY RIVER (UPPER),4600,PLENTY RIVER,YARRA RIVER,Yarra,DIV 2 - SOUTHEAST COAST,29 YARRA RIVER,1.21,2002-10-22T00:00:00Z,2013,Tributary Of Plenty River (Upper),Waterway section
1554,6083,TRIB OF BROOKLANDS TRIB,4600,PLENTY RIVER,YARRA RIVER,Yarra,DIV 2 - SOUTHEAST COAST,29 YARRA RIVER,0.79,2003-08-14T00:00:00Z,2013,Tributary Of Brooklands Tributary,Waterway section
1555,6026,TRIB OF 6025,4600,PLENTY RIVER,YARRA RIVER,Yarra,DIV 2 - SOUTHEAST COAST,29 YARRA RIVER,0.77,2003-08-14T00:00:00Z,2013,Tributary Of 6025,Waterway section
1556,6027,TRIB OF 6021,4600,PLENTY RIVER,YARRA RIVER,Yarra,DIV 2 - SOUTHEAST COAST,29 YARRA RIVER,0.61,2003-08-13T00:00:00Z,2013,Tributary Of 6021,Waterway section
1557,6028,TRIB OF BARBERS CREEK (LOWER),4600,PLENTY RIVER,YARRA RIVER,Yarra,DIV 2 - SOUTHEAST COAST,29 YARRA RIVER,0.5,2003-08-13T00:00:00Z,2013,Tributary Of Barbers Creek (Lower),Waterway section
1558,6029,GOLDING CREEK,5810,LITTLE YARRA RIVER,YARRA RIVER,Yarra,DIV 2 - SOUTHEAST COAST,29 YARRA RIVER,2.09,2003-09-17T00:00:00Z,2013,Golding Creek,Waterway section
1559,6030,BARBERS CREEK WEST BRANCH,4600,PLENTY RIVER,YARRA RIVER,Yarra,DIV 2 - SOUTHEAST COAST,29 YARRA RIVER,8.21,2003-08-14T00:00:00Z,2013,Barbers Creek West Branch,Waterway section
1560,5921,TRIB OF PAUL CREEK,5660,PAUL CREEK,YARRA RIVER,Yarra,DIV 2 - SOUTHEAST COAST,29 YARRA RIVER,1.44,2003-08-29T00:00:00Z,2013,Tributary Of Paul Creek,Waterway section
1561,5922,TRIB OF NEW CHUM CREEK,5670,WATTS RIVER,YARRA RIVER,Yarra,DIV 2 - SOUTHEAST COAST,29 YARRA RIVER,1.35,2003-09-24T00:00:00Z,2013,Tributary Of New Chum Creek,Waterway section
1562,5923,TRIB OF MICK CREEK,5670,WATTS RIVER,YARRA RIVER,Yarra,DIV 2 - SOUTHEAST COAST,29 YARRA RIVER,3.58,2003-09-24T00:00:00Z,2013,Tributary Of Mick Creek,Waterway section
1563,5995,TRIB OF WILD CATTLE CREEK,5720,WOORI YALLOCK CREEK,YARRA RIVER,Yarra,DIV 2 - SOUTHEAST COAST,29 YARRA RIVER,1.24,2003-09-11T00:00:00Z,2013,Tributary Of Wild Cattle Creek,Waterway section
1564,6008,TRIB OF PLENTY RIVER (UPPER),4600,PLENTY RIVER,YARRA RIVER,Yarra,DIV 2 - SOUTHEAST COAST,29 YARRA RIVER,1.11,2003-08-14T00:00:00Z,2013,Tributary Of Plenty River (Upper),Waterway section
1565,6061,TRIB OF SCRUBBY CREEK,4600,PLENTY RIVER,YARRA RIVER,Yarra,DIV 2 - SOUTHEAST COAST,29 YARRA RIVER,1.33,2003-08-14T00:00:00Z,2013,Tributary Of Scrubby Creek,Waterway section
1566,6062,TRIB OF SCRUBBY CREEK,4600,PLENTY RIVER,YARRA RIVER,Yarra,DIV 2 - SOUTHEAST COAST,29 YARRA RIVER,1.44,2003-08-19T00:00:00Z,2013,Tributary Of Scrubby Creek,Waterway section
1567,6031,TRIB OF BARBERS CREEK WEST BR,4600,PLENTY RIVER,YARRA RIVER,Yarra,DIV 2 - SOUTHEAST COAST,29 YARRA RIVER,0.5,2003-08-14T00:00:00Z,2013,Tributary Of Barbers Creek West Br,Waterway section
1568,6084,TRIB OF BROOKLANDS TRIB,4600,PLENTY RIVER,YARRA RIVER,Yarra,DIV 2 - SOUTHEAST COAST,29 YARRA RIVER,0.69,2003-08-14T00:00:00Z,2013,Tributary Of Brooklands Tributary,Waterway section
1569,6085,TRIB OF BRUCES CREEK (UPPER),4600,PLENTY RIVER,YARRA RIVER,Yarra,DIV 2 - SOUTHEAST COAST,29 YARRA RIVER,4.47,2003-10-15T00:00:00Z,2013,Tributary Of Bruces Creek (Upper),Waterway section
1570,6086,TRIB OF YARRA RIVER,4400,YARRA RIVER MAIN STREAM,YARRA RIVER,Yarra,DIV 2 - SOUTHEAST COAST,29 YARRA RIVER,0.96,2003-11-14T00:00:00Z,2013,Tributary Of Yarra River,Waterway section
1571,6087,FEHRING CREEK,4400,YARRA RIVER MAIN STREAM,YARRA RIVER,Yarra,DIV 2 - SOUTHEAST COAST,29 YARRA RIVER,9.27,2003-11-12T00:00:00Z,2013,Fehring Creek,Waterway section
1572,5924,TRIB OF NEW CHUM CREEK,5670,WATTS RIVER,YARRA RIVER,Yarra,DIV 2 - SOUTHEAST COAST,29 YARRA RIVER,1.33,2003-09-24T00:00:00Z,2013,Tributary Of New Chum Creek,Waterway section
1573,5925,TRIB OF 5924,5670,WATTS RIVER,YARRA RIVER,Yarra,DIV 2 - SOUTHEAST COAST,29 YARRA RIVER,0.71,2003-09-24T00:00:00Z,2013,Tributary Of 5924,Waterway section
1574,5926,TRIB OF NEW CHUM CREEK,5670,WATTS RIVER,YARRA RIVER,Yarra,DIV 2 - SOUTHEAST COAST,29 YARRA RIVER,3.32,2003-09-24T00:00:00Z,2013,Tributary Of New Chum Creek,Waterway section
1575,5997,TRIB OF 5624,5610,OLINDA CREEK,YARRA RIVER,Yarra,DIV 2 - SOUTHEAST COAST,29 YARRA RIVER,2.43,2003-09-03T00:00:00Z,2013,Tributary Of 5624,Waterway section
1576,5998,TRIB OF 5624,5610,OLINDA CREEK,YARRA RIVER,Yarra,DIV 2 - SOUTHEAST COAST,29 YARRA RIVER,2.05,2003-09-03T00:00:00Z,2013,Tributary Of 5624,Waterway section
1577,5999,TRIB OF FOUR MILE CREEK,4400,YARRA RIVER MAIN STREAM,YARRA RIVER,Yarra,DIV 2 - SOUTHEAST COAST,29 YARRA RIVER,0.51,2003-11-19T00:00:00Z,2013,Tributary Of Four Mile Creek,Waterway section
1578,4976,"CRISP STREET DRAIN, SANDRINGHAM",4900,ELSTER CREEK,ELSTER CREEK,Dandenong,DIV 2 - SOUTHEAST COAST,28 BUNYIP RIVER,1.33,2002-09-04T00:00:00Z,2013,"Crisp Street Drain, Sandringham",Waterway section
1579,4977,ABBOT ST M.D.,4900,ELSTER CREEK,ELSTER CREEK,Dandenong,DIV 2 - SOUTHEAST COAST,28 BUNYIP RIVER,0.35,2002-09-23T00:00:00Z,2013,Abbot St Main Drain.,Melbourne Water main drain
1580,4978,ROYAL AVE DRAIN,4900,ELSTER CREEK,ELSTER CREEK,Dandenong,DIV 2 - SOUTHEAST COAST,28 BUNYIP RIVER,1.59,2002-09-04T00:00:00Z,2013,Royal Ave Drain,Waterway section
1581,4979,HOYT ST DRAIN,4900,ELSTER CREEK,ELSTER CREEK,Dandenong,DIV 2 - SOUTHEAST COAST,28 BUNYIP RIVER,1.53,2003-09-10T00:00:00Z,2013,Hoyt St Drain,Waterway section
1582,4981,"BLACK ROCK DRAIN, SANDRINGHAM",4900,ELSTER CREEK,ELSTER CREEK,Dandenong,DIV 2 - SOUTHEAST COAST,28 BUNYIP RIVER,0.39,2002-09-04T00:00:00Z,2013,"Black Rock Drain, Sandringham",Waterway section
1583,4982,"EBDEN PARK DRAIN, SANDRINGHAM",4980,MISC BAY OUTFALLS,ELSTER CREEK,Dandenong,DIV 2 - SOUTHEAST COAST,28 BUNYIP RIVER,0.97,2002-09-04T00:00:00Z,2013,"Ebden Park Drain, Sandringham",Waterway section
1584,5010,HEATHERTON DRAIN (MOORABBIN),5010,HEATHERTON DRAIN,MORDIALLOC CREEK,Dandenong,DIV 2 - SOUTHEAST COAST,28 BUNYIP RIVER,2.69,2002-09-23T00:00:00Z,2013,Heatherton Drain (Moorabbin),Waterway section
1585,5011,ARGUS ST DRAIN,5010,HEATHERTON DRAIN,MORDIALLOC CREEK,Dandenong,DIV 2 - SOUTHEAST COAST,28 BUNYIP RIVER,1.36,2002-10-17T00:00:00Z,2013,Argus St Drain,Waterway section
1586,5013,SWAMP RD DRAIN,5010,HEATHERTON DRAIN,MORDIALLOC CREEK,Dandenong,DIV 2 - SOUTHEAST COAST,28 BUNYIP RIVER,2.03,2002-10-17T00:00:00Z,2013,Swamp Rd Drain,Waterway section
1587,4699,TRIB OF 4698,4600,PLENTY RIVER,YARRA RIVER,Yarra,DIV 2 - SOUTHEAST COAST,29 YARRA RIVER,0.73,NA,2013,Tributary Of 4698,Waterway section
1588,4701,HAWTHORN M.D.,4700,KOONUNG CREEK,YARRA RIVER,Yarra,DIV 2 - SOUTHEAST COAST,29 YARRA RIVER,5.19,2002-09-23T00:00:00Z,2013,Hawthorn Main Drain.,Melbourne Water main drain
1589,4940,MOORABBIN M.D.,4900,ELSTER CREEK,ELSTER CREEK,Dandenong,DIV 2 - SOUTHEAST COAST,28 BUNYIP RIVER,5.32,2002-09-04T00:00:00Z,2013,Moorabbin Main Drain.,Melbourne Water main drain
1590,4942,EAST BOUNDARY RD DRAIN,4900,ELSTER CREEK,ELSTER CREEK,Dandenong,DIV 2 - SOUTHEAST COAST,28 BUNYIP RIVER,1.37,2002-09-23T00:00:00Z,2013,East Boundary Rd Drain,Waterway section
1591,4943,MOORABBIN EAST DRAIN,4900,ELSTER CREEK,ELSTER CREEK,Dandenong,DIV 2 - SOUTHEAST COAST,28 BUNYIP RIVER,1.15,2002-09-04T00:00:00Z,2013,Moorabbin East Drain,Waterway section
1592,5033,SPRINGS RD DRAIN,5020,MORDIALLOC SETTLEMENT DRAIN,MORDIALLOC CREEK,Dandenong,DIV 2 - SOUTHEAST COAST,28 BUNYIP RIVER,1.46,2002-10-09T00:00:00Z,2013,Springs Rd Drain,Waterway section
1593,5035,CARROL RD M.D.,5020,MORDIALLOC SETTLEMENT DRAIN,MORDIALLOC CREEK,Dandenong,DIV 2 - SOUTHEAST COAST,28 BUNYIP RIVER,1.09,2002-10-09T00:00:00Z,2013,Carrol Rd Main Drain.,Melbourne Water main drain
1594,5252,TRIB OF 5217,4400,YARRA RIVER MAIN STREAM,YARRA RIVER,Yarra,DIV 2 - SOUTHEAST COAST,29 YARRA RIVER,3.18,2003-11-10T00:00:00Z,2013,Tributary Of 5217,Waterway section
1595,5253,TRIB OF ARMSTRONG CREEK,4400,YARRA RIVER MAIN STREAM,YARRA RIVER,Yarra,DIV 2 - SOUTHEAST COAST,29 YARRA RIVER,0.8,2003-11-10T00:00:00Z,2013,Tributary Of Armstrong Creek,Waterway section
1596,5254,TRIB OF DONOVAN CREEK,4400,YARRA RIVER MAIN STREAM,YARRA RIVER,Yarra,DIV 2 - SOUTHEAST COAST,29 YARRA RIVER,2.18,2003-11-11T00:00:00Z,2013,Tributary Of Donovan Creek,Waterway section
1597,5255,BRITON CREEK,4400,YARRA RIVER MAIN STREAM,YARRA RIVER,Yarra,DIV 2 - SOUTHEAST COAST,29 YARRA RIVER,7.46,2003-11-11T00:00:00Z,2013,Briton Creek,Waterway section
1598,4983,NAUTILUS ST DRAIN,4980,MISC BAY OUTFALLS,ELSTER CREEK,Dandenong,DIV 2 - SOUTHEAST COAST,28 BUNYIP RIVER,1.83,2002-09-04T00:00:00Z,2013,Nautilus St Drain,Waterway section
1599,4691,TRIB OF WATTLE GULLY,4600,PLENTY RIVER,YARRA RIVER,Yarra,DIV 2 - SOUTHEAST COAST,29 YARRA RIVER,1.11,NA,2013,Tributary Of Wattle Gully,Waterway section
1600,4702,CHURCH ST M.D.,4700,KOONUNG CREEK,YARRA RIVER,Yarra,DIV 2 - SOUTHEAST COAST,29 YARRA RIVER,1.93,2002-10-23T00:00:00Z,2013,Church St Main Drain.,Melbourne Water main drain
1601,4703,LINDA CRES M.D.,4700,KOONUNG CREEK,YARRA RIVER,Yarra,DIV 2 - SOUTHEAST COAST,29 YARRA RIVER,1.94,2002-10-18T00:00:00Z,2013,Linda Cres Main Drain.,Melbourne Water main drain
1602,4704,HAWTHORN EAST M.D.,4700,KOONUNG CREEK,YARRA RIVER,Yarra,DIV 2 - SOUTHEAST COAST,29 YARRA RIVER,2.43,2002-09-23T00:00:00Z,2013,Hawthorn East Main Drain.,Melbourne Water main drain
1603,5038,TRIB OF CROOKED CREEK,4400,YARRA RIVER MAIN STREAM,YARRA RIVER,Yarra,DIV 2 - SOUTHEAST COAST,29 YARRA RIVER,1.47,2003-11-14T00:00:00Z,2013,Tributary Of Crooked Creek,Waterway section
1604,5039,HOPE GULLY CREEK,4400,YARRA RIVER MAIN STREAM,YARRA RIVER,Yarra,DIV 2 - SOUTHEAST COAST,29 YARRA RIVER,1.27,2003-11-17T00:00:00Z,2013,Hope Gully Creek,Waterway section
1605,5040,CLAYTON DRAIN,5020,MORDIALLOC SETTLEMENT DRAIN,MORDIALLOC CREEK,Dandenong,DIV 2 - SOUTHEAST COAST,28 BUNYIP RIVER,2.12,2003-09-09T00:00:00Z,2013,Clayton Drain,Waterway section
1606,4742,ARNOTT ST DRAIN,4700,KOONUNG CREEK,YARRA RIVER,Yarra,DIV 2 - SOUTHEAST COAST,29 YARRA RIVER,1.35,1998-06-30T00:00:00Z,2013,Arnott St Drain,Waterway section
1607,4743,SEVERN ST M.D.,4700,KOONUNG CREEK,YARRA RIVER,Yarra,DIV 2 - SOUTHEAST COAST,29 YARRA RIVER,1.06,1998-06-30T00:00:00Z,2013,Severn St Main Drain.,Melbourne Water main drain
1608,5256,DAMPER CREEK,4400,YARRA RIVER MAIN STREAM,YARRA RIVER,Yarra,DIV 2 - SOUTHEAST COAST,29 YARRA RIVER,8.38,2003-11-11T00:00:00Z,2013,Damper Creek,Waterway section
1609,5257,TRIB OF DAMPER CREEK,4400,YARRA RIVER MAIN STREAM,YARRA RIVER,Yarra,DIV 2 - SOUTHEAST COAST,29 YARRA RIVER,2.97,2003-11-11T00:00:00Z,2013,Tributary Of Damper Creek,Waterway section
1610,5258,TRIB OF DAMPER CREEK,4400,YARRA RIVER MAIN STREAM,YARRA RIVER,Yarra,DIV 2 - SOUTHEAST COAST,29 YARRA RIVER,1.52,2003-11-11T00:00:00Z,2013,Tributary Of Damper Creek,Waterway section
1611,5259,TRIB OF CLEAR CREEK,4400,YARRA RIVER MAIN STREAM,YARRA RIVER,Yarra,DIV 2 - SOUTHEAST COAST,29 YARRA RIVER,7.09,2003-11-11T00:00:00Z,2013,Tributary Of Clear Creek,Waterway section
1612,4692,TRIB OF DRY CREEK,4600,PLENTY RIVER,YARRA RIVER,Yarra,DIV 2 - SOUTHEAST COAST,29 YARRA RIVER,0.94,NA,2013,Tributary Of Dry Creek,Waterway section
1613,4693,WHITE ELEPHANT GULLY,4600,PLENTY RIVER,YARRA RIVER,Yarra,DIV 2 - SOUTHEAST COAST,29 YARRA RIVER,3.34,NA,2013,White Elephant Gully,Waterway section
1614,4833,NICHOLLSDALE RD DRAIN,4820,GARDINERS CREEK,YARRA RIVER,Yarra,DIV 2 - SOUTHEAST COAST,29 YARRA RIVER,1.8,2003-09-02T00:00:00Z,2013,Nichollsdale Rd Drain,Waterway section
1615,4834,"W"" CREEK",4820,GARDINERS CREEK,YARRA RIVER,Yarra,DIV 2 - SOUTHEAST COAST,29 YARRA RIVER,6.31,2002-09-23T00:00:00Z,2013,"W"" Creek",Waterway section
1616,4835,MYRTLE RD M.D.,4820,GARDINERS CREEK,YARRA RIVER,Yarra,DIV 2 - SOUTHEAST COAST,29 YARRA RIVER,0.93,2002-10-09T00:00:00Z,2013,Myrtle Rd Main Drain.,Melbourne Water main drain
1617,4750,KOONUNG CREEK (UPPER),4700,KOONUNG CREEK,YARRA RIVER,Yarra,DIV 2 - SOUTHEAST COAST,29 YARRA RIVER,9.95,2003-09-01T00:00:00Z,2013,Koonung Creek (Upper),Waterway section
1618,4752,LEEDS RD DRAIN,4700,KOONUNG CREEK,YARRA RIVER,Yarra,DIV 2 - SOUTHEAST COAST,29 YARRA RIVER,0.83,2002-08-23T00:00:00Z,2013,Leeds Rd Drain,Waterway section
1619,4753,BLACKBURN RD DRAIN,4700,KOONUNG CREEK,YARRA RIVER,Yarra,DIV 2 - SOUTHEAST COAST,29 YARRA RIVER,0.8,2002-08-23T00:00:00Z,2013,Blackburn Rd Drain,Waterway section
1620,4854,BISHOP ST DRAIN,4820,GARDINERS CREEK,YARRA RIVER,Yarra,DIV 2 - SOUTHEAST COAST,29 YARRA RIVER,0.97,2002-10-24T00:00:00Z,2013,Bishop St Drain,Waterway section
1621,4861,OAKLEIGH NORTH DRAIN,4820,GARDINERS CREEK,YARRA RIVER,Yarra,DIV 2 - SOUTHEAST COAST,29 YARRA RIVER,2.92,2002-09-03T00:00:00Z,2013,Oakleigh North Drain,Waterway section
1622,5260,TRIB OF YARRA CREEK,4400,YARRA RIVER MAIN STREAM,YARRA RIVER,Yarra,DIV 2 - SOUTHEAST COAST,29 YARRA RIVER,0.97,2003-11-10T00:00:00Z,2013,Tributary Of Yarra Creek,Waterway section
1623,5261,BATTS CREEK,4400,YARRA RIVER MAIN STREAM,YARRA RIVER,Yarra,DIV 2 - SOUTHEAST COAST,29 YARRA RIVER,3.59,2003-11-10T00:00:00Z,2013,Batts Creek,Waterway section
1624,5262,TRIB OF BATTS CREEK,4400,YARRA RIVER MAIN STREAM,YARRA RIVER,Yarra,DIV 2 - SOUTHEAST COAST,29 YARRA RIVER,1.68,2003-11-10T00:00:00Z,2013,Tributary Of Batts Creek,Waterway section
1625,5263,TRIB OF 5262,4400,YARRA RIVER MAIN STREAM,YARRA RIVER,Yarra,DIV 2 - SOUTHEAST COAST,29 YARRA RIVER,1.03,2003-11-10T00:00:00Z,2013,Tributary Of 5262,Waterway section
1626,5264,TRIB OF YARRA CREEK,4400,YARRA RIVER MAIN STREAM,YARRA RIVER,Yarra,DIV 2 - SOUTHEAST COAST,29 YARRA RIVER,1.83,2003-11-14T00:00:00Z,2013,Tributary Of Yarra Creek,Waterway section
1627,4806,HANNA ST M.D.,4400,YARRA RIVER MAIN STREAM,YARRA RIVER,Yarra,DIV 2 - SOUTHEAST COAST,29 YARRA RIVER,4.22,2002-10-21T00:00:00Z,2013,Hanna St Main Drain.,Melbourne Water main drain
1628,4811,PRAHRAN M.D.,4400,YARRA RIVER MAIN STREAM,YARRA RIVER,Yarra,DIV 2 - SOUTHEAST COAST,29 YARRA RIVER,3.61,2002-09-23T00:00:00Z,2013,Prahran Main Drain.,Melbourne Water main drain
1629,4908,CRUIKSHANK ST M.D.,4900,ELSTER CREEK,ELSTER CREEK,Dandenong,DIV 2 - SOUTHEAST COAST,28 BUNYIP RIVER,0.69,2002-10-21T00:00:00Z,2013,Cruikshank St Main Drain.,Melbourne Water main drain
1630,4913,SHAKESPEARE GROVE M.D.,4900,ELSTER CREEK,ELSTER CREEK,Dandenong,DIV 2 - SOUTHEAST COAST,28 BUNYIP RIVER,4.42,2002-10-28T00:00:00Z,2013,Shakespeare Grove Main Drain.,Melbourne Water main drain
1631,4863,MACRINA ST DRAIN,4820,GARDINERS CREEK,YARRA RIVER,Yarra,DIV 2 - SOUTHEAST COAST,29 YARRA RIVER,1.62,2002-09-03T00:00:00Z,2013,Macrina St Drain,Waterway section
1632,4864,MOUNT WAVERLEY DRAIN,4820,GARDINERS CREEK,YARRA RIVER,Yarra,DIV 2 - SOUTHEAST COAST,29 YARRA RIVER,0.94,2002-10-09T00:00:00Z,2013,Mount Waverley Drain,Waterway section
1633,4865,GLEN WAVERLEY DRAIN,4820,GARDINERS CREEK,YARRA RIVER,Yarra,DIV 2 - SOUTHEAST COAST,29 YARRA RIVER,1.57,2002-10-09T00:00:00Z,2013,Glen Waverley Drain,Waterway section
1634,4944,PORTER RD DIVERSION DRAIN,4900,ELSTER CREEK,ELSTER CREEK,Dandenong,DIV 2 - SOUTHEAST COAST,28 BUNYIP RIVER,0.15,2002-10-30T00:00:00Z,2013,Porter Rd Diversion Drain,Waterway section
1635,5265,DOCTORS CREEK,4400,YARRA RIVER MAIN STREAM,YARRA RIVER,Yarra,DIV 2 - SOUTHEAST COAST,29 YARRA RIVER,6.1,2003-11-11T00:00:00Z,2013,Doctors Creek,Waterway section
1636,5266,WOMBAT CREEK,4400,YARRA RIVER MAIN STREAM,YARRA RIVER,Yarra,DIV 2 - SOUTHEAST COAST,29 YARRA RIVER,2.72,2003-11-13T00:00:00Z,2013,Wombat Creek,Waterway section
1637,5267,TRIB OF ALDERMANS CREEK,4400,YARRA RIVER MAIN STREAM,YARRA RIVER,Yarra,DIV 2 - SOUTHEAST COAST,29 YARRA RIVER,1.82,2003-11-13T00:00:00Z,2013,Tributary Of Aldermans Creek,Waterway section
1638,5268,TRIB OF ALDERMANS CREEK,4400,YARRA RIVER MAIN STREAM,YARRA RIVER,Yarra,DIV 2 - SOUTHEAST COAST,29 YARRA RIVER,3.89,2003-11-13T00:00:00Z,2013,Tributary Of Aldermans Creek,Waterway section
1639,4884,ELEY RD EAST DRAIN,4820,GARDINERS CREEK,YARRA RIVER,Yarra,DIV 2 - SOUTHEAST COAST,29 YARRA RIVER,3.16,2002-10-09T00:00:00Z,2013,Eley Rd East Drain,Waterway section
1640,4885,BOX HILL SOUTH M.D.,4820,GARDINERS CREEK,YARRA RIVER,Yarra,DIV 2 - SOUTHEAST COAST,29 YARRA RIVER,2.57,2002-09-03T00:00:00Z,2013,Box Hill South Main Drain.,Melbourne Water main drain
1641,4886,COLLINS ST M.D.,4820,GARDINERS CREEK,YARRA RIVER,Yarra,DIV 2 - SOUTHEAST COAST,29 YARRA RIVER,0.51,2002-10-09T00:00:00Z,2013,Collins St Main Drain.,Melbourne Water main drain
1642,4890,BLACKBURN SOUTH DRAIN,4820,GARDINERS CREEK,YARRA RIVER,Yarra,DIV 2 - SOUTHEAST COAST,29 YARRA RIVER,2.89,2002-09-23T00:00:00Z,2013,Blackburn South Drain,Waterway section
1643,4891,LAKE RD DRAIN,4820,GARDINERS CREEK,YARRA RIVER,Yarra,DIV 2 - SOUTHEAST COAST,29 YARRA RIVER,2.99,2002-10-17T00:00:00Z,2013,Lake Rd Drain,Waterway section
1644,4892,FOREST HILL DRAIN,4820,GARDINERS CREEK,YARRA RIVER,Yarra,DIV 2 - SOUTHEAST COAST,29 YARRA RIVER,5.02,2002-10-25T00:00:00Z,2013,Forest Hill Drain,Waterway section
1645,5014,BRADY RD DRAIN,5010,HEATHERTON DRAIN,MORDIALLOC CREEK,Dandenong,DIV 2 - SOUTHEAST COAST,28 BUNYIP RIVER,0.88,2002-10-09T00:00:00Z,2013,Brady Rd Drain,Waterway section
1646,5015,VICTOR RD DRAIN,5010,HEATHERTON DRAIN,MORDIALLOC CREEK,Dandenong,DIV 2 - SOUTHEAST COAST,28 BUNYIP RIVER,1.98,2002-10-17T00:00:00Z,2013,Victor Rd Drain,Waterway section
1647,5016,TRIB OF HACKETT CREEK,5810,LITTLE YARRA RIVER,YARRA RIVER,Yarra,DIV 2 - SOUTHEAST COAST,29 YARRA RIVER,1.5,2003-09-17T00:00:00Z,2013,Tributary Of Hackett Creek,Waterway section
1648,5017,TRIB OF BEER CREEK,5810,LITTLE YARRA RIVER,YARRA RIVER,Yarra,DIV 2 - SOUTHEAST COAST,29 YARRA RIVER,0.97,2003-09-17T00:00:00Z,2013,Tributary Of Beer Creek,Waterway section
1649,5018,TRIB OF BERR CREEK,5810,LITTLE YARRA RIVER,YARRA RIVER,Yarra,DIV 2 - SOUTHEAST COAST,29 YARRA RIVER,0.94,2003-09-17T00:00:00Z,2013,Tributary Of Berr Creek,Waterway section
1650,5019,TRIB OF BLACK SAND CREEK,5810,LITTLE YARRA RIVER,YARRA RIVER,Yarra,DIV 2 - SOUTHEAST COAST,29 YARRA RIVER,0.97,2002-11-14T00:00:00Z,2013,Tributary Of Black Sand Creek,Waterway section
1651,4950,KOORNANG RD M.D.,4900,ELSTER CREEK,ELSTER CREEK,Dandenong,DIV 2 - SOUTHEAST COAST,28 BUNYIP RIVER,4.42,2002-07-24T00:00:00Z,2013,Koornang Rd Main Drain.,Melbourne Water main drain
1652,4951,GRANGE RD M.D.,4900,ELSTER CREEK,ELSTER CREEK,Dandenong,DIV 2 - SOUTHEAST COAST,28 BUNYIP RIVER,3.22,2002-09-04T00:00:00Z,2013,Grange Rd Main Drain.,Melbourne Water main drain
1653,4952,GRAHAM AVE M.D.,4900,ELSTER CREEK,ELSTER CREEK,Dandenong,DIV 2 - SOUTHEAST COAST,28 BUNYIP RIVER,0.84,2002-10-17T00:00:00Z,2013,Graham Ave Main Drain.,Melbourne Water main drain
1654,5269,TRIB OF 5268,4400,YARRA RIVER MAIN STREAM,YARRA RIVER,Yarra,DIV 2 - SOUTHEAST COAST,29 YARRA RIVER,2.09,2003-11-13T00:00:00Z,2013,Tributary Of 5268,Waterway section
1655,5270,TRIB OF YARRA CREEK,4400,YARRA RIVER MAIN STREAM,YARRA RIVER,Yarra,DIV 2 - SOUTHEAST COAST,29 YARRA RIVER,2.23,2003-11-13T00:00:00Z,2013,Tributary Of Yarra Creek,Waterway section
1656,5271,TRIB OF YARRA CREEK,4400,YARRA RIVER MAIN STREAM,YARRA RIVER,Yarra,DIV 2 - SOUTHEAST COAST,29 YARRA RIVER,4.38,2003-11-13T00:00:00Z,2013,Tributary Of Yarra Creek,Waterway section
1657,5272,TRIB OF YARRA CREEK,4400,YARRA RIVER MAIN STREAM,YARRA RIVER,Yarra,DIV 2 - SOUTHEAST COAST,29 YARRA RIVER,2.01,2003-11-13T00:00:00Z,2013,Tributary Of Yarra Creek,Waterway section
1658,5273,TRIB OF YARRA CREEK,4400,YARRA RIVER MAIN STREAM,YARRA RIVER,Yarra,DIV 2 - SOUTHEAST COAST,29 YARRA RIVER,1.7,2003-11-13T00:00:00Z,2013,Tributary Of Yarra Creek,Waterway section
1659,4986,PELLATT ST DRAIN,4980,MISC BAY OUTFALLS,ELSTER CREEK,Dandenong,DIV 2 - SOUTHEAST COAST,28 BUNYIP RIVER,2.69,2002-09-04T00:00:00Z,2013,Pellatt St Drain,Waterway section
1660,4990,MARINA RD M.D.,4980,MISC BAY OUTFALLS,ELSTER CREEK,Dandenong,DIV 2 - SOUTHEAST COAST,28 BUNYIP RIVER,0.87,2002-09-04T00:00:00Z,2013,Marina Rd Main Drain.,Melbourne Water main drain
1661,4991,MENTONE PIER DRAIN,4980,MISC BAY OUTFALLS,ELSTER CREEK,Dandenong,DIV 2 - SOUTHEAST COAST,28 BUNYIP RIVER,3.12,2004-01-05T00:00:00Z,2013,Mentone Pier Drain,Waterway section
1662,4992,PARKERS RD M.D.,4980,MISC BAY OUTFALLS,ELSTER CREEK,Dandenong,DIV 2 - SOUTHEAST COAST,28 BUNYIP RIVER,2.49,2002-10-17T00:00:00Z,2013,Parkers Rd Main Drain.,Melbourne Water main drain
1663,5020,MORDIALLOC SETTLEMENT DRAIN,5020,MORDIALLOC SETTLEMENT DRAIN,MORDIALLOC CREEK,Dandenong,DIV 2 - SOUTHEAST COAST,28 BUNYIP RIVER,2.94,2002-11-26T00:00:00Z,2013,Mordialloc Settlement Drain,Waterway section
1664,4711,KEW MENTAL HOSPITAL DRAIN,4700,KOONUNG CREEK,YARRA RIVER,Yarra,DIV 2 - SOUTHEAST COAST,29 YARRA RIVER,1.16,2002-08-23T00:00:00Z,2013,Kew Mental Hospital Drain,Waterway section
1665,4712,KEW M.D.,4700,KOONUNG CREEK,YARRA RIVER,Yarra,DIV 2 - SOUTHEAST COAST,29 YARRA RIVER,2.69,2002-08-23T00:00:00Z,2013,Kew Main Drain.,Melbourne Water main drain
1666,4720,GLASS CREEK,4700,KOONUNG CREEK,YARRA RIVER,Yarra,DIV 2 - SOUTHEAST COAST,29 YARRA RIVER,5.02,2002-09-03T00:00:00Z,2013,Glass Creek,Waterway section
1667,4963,WELL ST M.D.,4900,ELSTER CREEK,ELSTER CREEK,Dandenong,DIV 2 - SOUTHEAST COAST,28 BUNYIP RIVER,1.33,2002-11-06T00:00:00Z,2013,Well St Main Drain.,Melbourne Water main drain
1668,5047,TRIB OF O'SHANNASSY RIVER,4400,YARRA RIVER MAIN STREAM,YARRA RIVER,Yarra,DIV 2 - SOUTHEAST COAST,29 YARRA RIVER,2.28,2002-11-14T00:00:00Z,2013,Tributary Of O'shannassy River,Waterway section
1669,5048,TRIB OF O'SHANNASSY RIVER,4400,YARRA RIVER MAIN STREAM,YARRA RIVER,Yarra,DIV 2 - SOUTHEAST COAST,29 YARRA RIVER,2.61,2003-11-07T00:00:00Z,2013,Tributary Of O'shannassy River,Waterway section
1670,5049,TRIB OF O'SHANNASSY RIVER,4400,YARRA RIVER MAIN STREAM,YARRA RIVER,Yarra,DIV 2 - SOUTHEAST COAST,29 YARRA RIVER,2.83,2003-11-07T00:00:00Z,2013,Tributary Of O'shannassy River,Waterway section
1671,5207,CUMBERLAND CREEK,4400,YARRA RIVER MAIN STREAM,YARRA RIVER,Yarra,DIV 2 - SOUTHEAST COAST,29 YARRA RIVER,6.92,2003-11-10T00:00:00Z,2013,Cumberland Creek,Waterway section
1672,5274,TRIB OF YARRA CREEK,4400,YARRA RIVER MAIN STREAM,YARRA RIVER,Yarra,DIV 2 - SOUTHEAST COAST,29 YARRA RIVER,3.81,2003-11-13T00:00:00Z,2013,Tributary Of Yarra Creek,Waterway section
1673,5275,TRIB OF YARRA CREEK,4400,YARRA RIVER MAIN STREAM,YARRA RIVER,Yarra,DIV 2 - SOUTHEAST COAST,29 YARRA RIVER,1.21,2003-11-13T00:00:00Z,2013,Tributary Of Yarra Creek,Waterway section
1674,5276,TRIB OF 5275,4400,YARRA RIVER MAIN STREAM,YARRA RIVER,Yarra,DIV 2 - SOUTHEAST COAST,29 YARRA RIVER,0.44,2003-11-13T00:00:00Z,2013,Tributary Of 5275,Waterway section
1675,5277,TRIB OF YARRA CREEK,4400,YARRA RIVER MAIN STREAM,YARRA RIVER,Yarra,DIV 2 - SOUTHEAST COAST,29 YARRA RIVER,1.85,2003-11-13T00:00:00Z,2013,Tributary Of Yarra Creek,Waterway section
1676,5278,TRIB OF 5277,4400,YARRA RIVER MAIN STREAM,YARRA RIVER,Yarra,DIV 2 - SOUTHEAST COAST,29 YARRA RIVER,0.51,2003-11-13T00:00:00Z,2013,Tributary Of 5277,Waterway section
1677,4993,PATTY ST M.D.,4980,MISC BAY OUTFALLS,ELSTER CREEK,Dandenong,DIV 2 - SOUTHEAST COAST,28 BUNYIP RIVER,0.85,2002-09-04T00:00:00Z,2013,Patty St Main Drain.,Melbourne Water main drain
1678,4694,TRIB OF BRUCES CREEK (UPPER),4600,PLENTY RIVER,YARRA RIVER,Yarra,DIV 2 - SOUTHEAST COAST,29 YARRA RIVER,0.87,NA,2013,Tributary Of Bruces Creek (Upper),Waterway section
1679,4836,FAVERSHAM RD M.D.,4820,GARDINERS CREEK,YARRA RIVER,Yarra,DIV 2 - SOUTHEAST COAST,29 YARRA RIVER,1.59,2002-10-09T00:00:00Z,2013,Faversham Rd Main Drain.,Melbourne Water main drain
1680,4840,GARDINERS CREEK (4840),4820,GARDINERS CREEK,YARRA RIVER,Yarra,DIV 2 - SOUTHEAST COAST,29 YARRA RIVER,1.87,2003-09-02T00:00:00Z,2013,Gardiners Creek (4840),Waterway section
1681,4841,HEDGLEY DENE M.D.,4820,GARDINERS CREEK,YARRA RIVER,Yarra,DIV 2 - SOUTHEAST COAST,29 YARRA RIVER,1.92,2002-09-03T00:00:00Z,2013,Hedgley Dene Main Drain.,Melbourne Water main drain
1682,4914,ST KILDA TOWN HALL M.D.,4900,ELSTER CREEK,ELSTER CREEK,Dandenong,DIV 2 - SOUTHEAST COAST,28 BUNYIP RIVER,0.83,2002-10-29T00:00:00Z,2013,St Kilda Town Hall Main Drain.,Melbourne Water main drain
1683,5041,EAST OAKLEIGH DRAIN,5020,MORDIALLOC SETTLEMENT DRAIN,MORDIALLOC CREEK,Dandenong,DIV 2 - SOUTHEAST COAST,28 BUNYIP RIVER,2.22,2003-09-09T00:00:00Z,2013,East Oakleigh Drain,Waterway section
1684,5042,BURTON AVE DRAIN,5020,MORDIALLOC SETTLEMENT DRAIN,MORDIALLOC CREEK,Dandenong,DIV 2 - SOUTHEAST COAST,28 BUNYIP RIVER,1.26,2003-09-09T00:00:00Z,2013,Burton Ave Drain,Waterway section
1685,5043,TRIB OF YARRA CREEK,4400,YARRA RIVER MAIN STREAM,YARRA RIVER,Yarra,DIV 2 - SOUTHEAST COAST,29 YARRA RIVER,0.99,2003-11-28T00:00:00Z,2013,Tributary Of Yarra Creek,Waterway section
1686,5044,TRIB OF YARRA CREEK,4400,YARRA RIVER MAIN STREAM,YARRA RIVER,Yarra,DIV 2 - SOUTHEAST COAST,29 YARRA RIVER,1.09,2003-11-17T00:00:00Z,2013,Tributary Of Yarra Creek,Waterway section
1687,5045,TRIB OF MUDDY CREEK,4400,YARRA RIVER MAIN STREAM,YARRA RIVER,Yarra,DIV 2 - SOUTHEAST COAST,29 YARRA RIVER,1.3,2003-11-14T00:00:00Z,2013,Tributary Of Muddy Creek,Waterway section
1688,5279,CONTENTION GULLY,4400,YARRA RIVER MAIN STREAM,YARRA RIVER,Yarra,DIV 2 - SOUTHEAST COAST,29 YARRA RIVER,6.94,2003-11-13T00:00:00Z,2013,Contention Gully,Waterway section
1689,5280,TRIB OF CONTENTION GULLY,4400,YARRA RIVER MAIN STREAM,YARRA RIVER,Yarra,DIV 2 - SOUTHEAST COAST,29 YARRA RIVER,1.09,2003-11-13T00:00:00Z,2013,Tributary Of Contention Gully,Waterway section
1690,5281,TRIB OF YARRA CREEK,4400,YARRA RIVER MAIN STREAM,YARRA RIVER,Yarra,DIV 2 - SOUTHEAST COAST,29 YARRA RIVER,1.33,2003-11-13T00:00:00Z,2013,Tributary Of Yarra Creek,Waterway section
1691,5282,NINE MILE CREEK,4400,YARRA RIVER MAIN STREAM,YARRA RIVER,Yarra,DIV 2 - SOUTHEAST COAST,29 YARRA RIVER,4.1,2003-11-12T00:00:00Z,2013,Nine Mile Creek,Waterway section
1692,4695,TRIB OF BRUCES CREEK (UPPER),4600,PLENTY RIVER,YARRA RIVER,Yarra,DIV 2 - SOUTHEAST COAST,29 YARRA RIVER,0.76,NA,2013,Tributary Of Bruces Creek (Upper),Waterway section
1693,4812,ESSEX ST M.D.,4400,YARRA RIVER MAIN STREAM,YARRA RIVER,Yarra,DIV 2 - SOUTHEAST COAST,29 YARRA RIVER,2.37,2002-09-23T00:00:00Z,2013,Essex St Main Drain.,Melbourne Water main drain
1694,4814,WILLIAMS RD DIVERSION DRAIN,4400,YARRA RIVER MAIN STREAM,YARRA RIVER,Yarra,DIV 2 - SOUTHEAST COAST,29 YARRA RIVER,0.3,2002-10-29T00:00:00Z,2013,Williams Rd Diversion Drain,Waterway section
1695,4920,ELWOOD CANAL,4900,ELSTER CREEK,ELSTER CREEK,Dandenong,DIV 2 - SOUTHEAST COAST,28 BUNYIP RIVER,1.05,2002-10-28T00:00:00Z,2013,Elwood Canal,Waterway section
1696,4921,ELSTERNWICK M.D.,4900,ELSTER CREEK,ELSTER CREEK,Dandenong,DIV 2 - SOUTHEAST COAST,28 BUNYIP RIVER,3.69,2002-10-28T00:00:00Z,2013,Elsternwick Main Drain.,Melbourne Water main drain
1697,5021,MOORABBIN AIRPORT DRAIN,5020,MORDIALLOC SETTLEMENT DRAIN,MORDIALLOC CREEK,Dandenong,DIV 2 - SOUTHEAST COAST,28 BUNYIP RIVER,1.18,2002-10-17T00:00:00Z,2013,Moorabbin Airport Drain,Waterway section
1698,5026,TRIB OF MACKLEY CREEK,5810,LITTLE YARRA RIVER,YARRA RIVER,Yarra,DIV 2 - SOUTHEAST COAST,29 YARRA RIVER,1.07,2003-09-12T00:00:00Z,2013,Tributary Of Mackley Creek,Waterway section
1699,4766,TRIB OF YARRA RIVER,4700,KOONUNG CREEK,YARRA RIVER,Yarra,DIV 2 - SOUTHEAST COAST,29 YARRA RIVER,1.14,2002-08-28T00:00:00Z,2013,Tributary Of Yarra River,Waterway section
1700,4767,PORTER ST DRAIN,4700,KOONUNG CREEK,YARRA RIVER,Yarra,DIV 2 - SOUTHEAST COAST,29 YARRA RIVER,2.78,1998-06-30T00:00:00Z,2013,Porter St Drain,Waterway section
1701,4866,TALLY-HO DRAIN,4820,GARDINERS CREEK,YARRA RIVER,Yarra,DIV 2 - SOUTHEAST COAST,29 YARRA RIVER,1.78,2002-10-09T00:00:00Z,2013,Tally-Ho Drain,Waterway section
1702,4867,MT VIEW DRAIN,4820,GARDINERS CREEK,YARRA RIVER,Yarra,DIV 2 - SOUTHEAST COAST,29 YARRA RIVER,1.05,2002-10-09T00:00:00Z,2013,Mt View Drain,Waterway section
1703,4868,MONTCLAIR AVE DRAIN,4820,GARDINERS CREEK,YARRA RIVER,Yarra,DIV 2 - SOUTHEAST COAST,29 YARRA RIVER,0.68,2002-10-09T00:00:00Z,2013,Montclair Ave Drain,Waterway section
1704,5283,TRIB OF NINE MILE CREEK,4400,YARRA RIVER MAIN STREAM,YARRA RIVER,Yarra,DIV 2 - SOUTHEAST COAST,29 YARRA RIVER,1.8,2003-11-12T00:00:00Z,2013,Tributary Of Nine Mile Creek,Waterway section
1705,5284,TRIB OF NINE MILE CREEK,4400,YARRA RIVER MAIN STREAM,YARRA RIVER,Yarra,DIV 2 - SOUTHEAST COAST,29 YARRA RIVER,1.35,2003-11-12T00:00:00Z,2013,Tributary Of Nine Mile Creek,Waterway section
1706,5285,FALLS CREEK,4400,YARRA RIVER MAIN STREAM,YARRA RIVER,Yarra,DIV 2 - SOUTHEAST COAST,29 YARRA RIVER,9.49,2003-11-12T00:00:00Z,2013,Falls Creek,Waterway section
1707,5286,TRIB OF FALLS CREEK,4400,YARRA RIVER MAIN STREAM,YARRA RIVER,Yarra,DIV 2 - SOUTHEAST COAST,29 YARRA RIVER,1.15,2003-11-12T00:00:00Z,2013,Tributary Of Falls Creek,Waterway section
1708,4815,BEATTY AVE M.D.,4400,YARRA RIVER MAIN STREAM,YARRA RIVER,Yarra,DIV 2 - SOUTHEAST COAST,29 YARRA RIVER,0.56,2002-07-22T00:00:00Z,2013,Beatty Ave Main Drain.,Melbourne Water main drain
1709,4816,CANBERRA RD M.D.,4400,YARRA RIVER MAIN STREAM,YARRA RIVER,Yarra,DIV 2 - SOUTHEAST COAST,29 YARRA RIVER,0.75,2002-07-22T00:00:00Z,2013,Canberra Rd Main Drain.,Melbourne Water main drain
1710,4820,GARDINERS CREEK (4820),4820,GARDINERS CREEK,YARRA RIVER,Yarra,DIV 2 - SOUTHEAST COAST,29 YARRA RIVER,3.75,2003-09-02T00:00:00Z,2013,Gardiners Creek (4820),Waterway section
1711,4821,MOONGA RD M.D.,4820,GARDINERS CREEK,YARRA RIVER,Yarra,DIV 2 - SOUTHEAST COAST,29 YARRA RIVER,1.33,2002-07-22T00:00:00Z,2013,Moonga Rd Main Drain.,Melbourne Water main drain
1712,5027,BLACKWOOD CREEK,5810,LITTLE YARRA RIVER,YARRA RIVER,Yarra,DIV 2 - SOUTHEAST COAST,29 YARRA RIVER,4.37,2003-09-12T00:00:00Z,2013,Blackwood Creek,Waterway section
1713,5028,TRIB OF BLACKWOOD CREEK,5810,LITTLE YARRA RIVER,YARRA RIVER,Yarra,DIV 2 - SOUTHEAST COAST,29 YARRA RIVER,2.76,2003-09-12T00:00:00Z,2013,Tributary Of Blackwood Creek,Waterway section
1714,4721,DEEPDENE M.D.,4700,KOONUNG CREEK,YARRA RIVER,Yarra,DIV 2 - SOUTHEAST COAST,29 YARRA RIVER,2.8,2002-08-23T00:00:00Z,2013,Deepdene Main Drain.,Melbourne Water main drain
1715,5208,TRIB OF CUMBERLAND CREEK,4400,YARRA RIVER MAIN STREAM,YARRA RIVER,Yarra,DIV 2 - SOUTHEAST COAST,29 YARRA RIVER,1.16,2003-11-10T00:00:00Z,2013,Tributary Of Cumberland Creek,Waterway section
1716,4768,FITZSIMONS LANE DRAIN,4700,KOONUNG CREEK,YARRA RIVER,Yarra,DIV 2 - SOUTHEAST COAST,29 YARRA RIVER,0.97,2002-08-28T00:00:00Z,2013,Fitzsimons Lane Drain,Waterway section
1717,4770,RUFFEY CREEK,4700,KOONUNG CREEK,YARRA RIVER,Yarra,DIV 2 - SOUTHEAST COAST,29 YARRA RIVER,4.64,2002-08-23T00:00:00Z,2013,Ruffey Creek,Waterway section
1718,4771,MONTPELLIER CRES DRAIN,4700,KOONUNG CREEK,YARRA RIVER,Yarra,DIV 2 - SOUTHEAST COAST,29 YARRA RIVER,1.14,2002-10-21T00:00:00Z,2013,Montpellier Cres Drain,Waterway section
1719,5287,TRIB OF YARRA CREEK,4400,YARRA RIVER MAIN STREAM,YARRA RIVER,Yarra,DIV 2 - SOUTHEAST COAST,29 YARRA RIVER,0.9,2003-11-12T00:00:00Z,2013,Tributary Of Yarra Creek,Waterway section
1720,5288,EIGHTEEN MILE CREEK,4400,YARRA RIVER MAIN STREAM,YARRA RIVER,Yarra,DIV 2 - SOUTHEAST COAST,29 YARRA RIVER,5.19,2003-11-12T00:00:00Z,2013,Eighteen Mile Creek,Waterway section
1721,5290,BAKER CREEK,4400,YARRA RIVER MAIN STREAM,YARRA RIVER,Yarra,DIV 2 - SOUTHEAST COAST,29 YARRA RIVER,24.11,2003-11-11T00:00:00Z,2013,Baker Creek,Waterway section
1722,5291,TRIB OF BAKER CREEK,4400,YARRA RIVER MAIN STREAM,YARRA RIVER,Yarra,DIV 2 - SOUTHEAST COAST,29 YARRA RIVER,3.13,2003-11-11T00:00:00Z,2013,Tributary Of Baker Creek,Waterway section
1723,5292,TRIB OF BAKER CREEK,4400,YARRA RIVER MAIN STREAM,YARRA RIVER,Yarra,DIV 2 - SOUTHEAST COAST,29 YARRA RIVER,3.67,2003-11-11T00:00:00Z,2013,Tributary Of Baker Creek,Waterway section
1724,4893,BLACKBURN NORTH DRAIN,4820,GARDINERS CREEK,YARRA RIVER,Yarra,DIV 2 - SOUTHEAST COAST,29 YARRA RIVER,2.68,2003-09-03T00:00:00Z,2013,Blackburn North Drain,Waterway section
1725,4894,LABURNUM ST M.D.,4820,GARDINERS CREEK,YARRA RIVER,Yarra,DIV 2 - SOUTHEAST COAST,29 YARRA RIVER,0.66,2003-09-02T00:00:00Z,2013,Laburnum St Main Drain.,Melbourne Water main drain
1726,4895,SOUTH PDE M.D.,4820,GARDINERS CREEK,YARRA RIVER,Yarra,DIV 2 - SOUTHEAST COAST,29 YARRA RIVER,0.94,2002-10-23T00:00:00Z,2013,South Pde Main Drain.,Melbourne Water main drain
1727,4722,BALWYN M.D.,4700,KOONUNG CREEK,YARRA RIVER,Yarra,DIV 2 - SOUTHEAST COAST,29 YARRA RIVER,1.43,2003-08-22T00:00:00Z,2013,Balwyn Main Drain.,Melbourne Water main drain
1728,4729,AQUILA ST M.D.,4700,KOONUNG CREEK,YARRA RIVER,Yarra,DIV 2 - SOUTHEAST COAST,29 YARRA RIVER,0.97,2002-10-18T00:00:00Z,2013,Aquila St Main Drain.,Melbourne Water main drain
1729,4730,KOONUNG CREEK (LOWER),4700,KOONUNG CREEK,YARRA RIVER,Yarra,DIV 2 - SOUTHEAST COAST,29 YARRA RIVER,7.15,2003-09-01T00:00:00Z,2013,Koonung Creek (Lower),Waterway section
1730,4731,AYR ST DRAIN,4700,KOONUNG CREEK,YARRA RIVER,Yarra,DIV 2 - SOUTHEAST COAST,29 YARRA RIVER,1.13,2003-08-22T00:00:00Z,2013,Ayr St Drain,Waterway section
1731,5046,TRIB OF LYREBIRD CREEK,4400,YARRA RIVER MAIN STREAM,YARRA RIVER,Yarra,DIV 2 - SOUTHEAST COAST,29 YARRA RIVER,1.4,2003-11-17T00:00:00Z,2013,Tributary Of Lyrebird Creek,Waterway section
1732,4754,DUNLAVIN RD DRAIN,4700,KOONUNG CREEK,YARRA RIVER,Yarra,DIV 2 - SOUTHEAST COAST,29 YARRA RIVER,2.5,2002-09-04T00:00:00Z,2013,Dunlavin Rd Drain,Waterway section
1733,4763,BULLEEN NORTH DRAIN,4700,KOONUNG CREEK,YARRA RIVER,Yarra,DIV 2 - SOUTHEAST COAST,29 YARRA RIVER,1.77,2002-08-28T00:00:00Z,2013,Bulleen North Drain,Waterway section
1734,4765,TEMPLESTOWE WEST DRAIN,4700,KOONUNG CREEK,YARRA RIVER,Yarra,DIV 2 - SOUTHEAST COAST,29 YARRA RIVER,1.39,2002-10-21T00:00:00Z,2013,Templestowe West Drain,Waterway section
1735,5293,WOOD CREEK (5293),4400,YARRA RIVER MAIN STREAM,YARRA RIVER,Yarra,DIV 2 - SOUTHEAST COAST,29 YARRA RIVER,1.51,2003-11-12T00:00:00Z,2013,Wood Creek (5293),Waterway section
1736,5294,WOOD CREEK (5294),4400,YARRA RIVER MAIN STREAM,YARRA RIVER,Yarra,DIV 2 - SOUTHEAST COAST,29 YARRA RIVER,6.78,2003-11-12T00:00:00Z,2013,Wood Creek (5294),Waterway section
1737,5295,TRIB OF YARRA CREEK,4400,YARRA RIVER MAIN STREAM,YARRA RIVER,Yarra,DIV 2 - SOUTHEAST COAST,29 YARRA RIVER,1.98,2003-11-19T00:00:00Z,2013,Tributary Of Yarra Creek,Waterway section
1738,5296,TRIB OF MENZIES CREEK,5720,WOORI YALLOCK CREEK,YARRA RIVER,Yarra,DIV 2 - SOUTHEAST COAST,29 YARRA RIVER,0.42,2003-11-27T00:00:00Z,2013,Tributary Of Menzies Creek,Waterway section
1739,4901,ROSNY ST M.D.,4900,ELSTER CREEK,ELSTER CREEK,Dandenong,DIV 2 - SOUTHEAST COAST,28 BUNYIP RIVER,1.15,2002-10-21T00:00:00Z,2013,Rosny St Main Drain.,Melbourne Water main drain
1740,4994,OAK GROVE DRAIN,4980,MISC BAY OUTFALLS,ELSTER CREEK,Dandenong,DIV 2 - SOUTHEAST COAST,28 BUNYIP RIVER,1.04,2002-09-04T00:00:00Z,2013,Oak Grove Drain,Waterway section
1741,4995,ASHMORE AVE M.D.,4980,MISC BAY OUTFALLS,ELSTER CREEK,Dandenong,DIV 2 - SOUTHEAST COAST,28 BUNYIP RIVER,1.02,2002-09-04T00:00:00Z,2013,Ashmore Ave Main Drain.,Melbourne Water main drain
1742,4842,DARLING RD M.D.,4820,GARDINERS CREEK,YARRA RIVER,Yarra,DIV 2 - SOUTHEAST COAST,29 YARRA RIVER,1.15,2003-09-02T00:00:00Z,2013,Darling Rd Main Drain.,Melbourne Water main drain
1743,4843,DUNLOP ST M.D.,4820,GARDINERS CREEK,YARRA RIVER,Yarra,DIV 2 - SOUTHEAST COAST,29 YARRA RIVER,1.16,2003-09-02T00:00:00Z,2013,Dunlop St Main Drain.,Melbourne Water main drain
1744,4871,WINBIRRA PDE DRAIN,4820,GARDINERS CREEK,YARRA RIVER,Yarra,DIV 2 - SOUTHEAST COAST,29 YARRA RIVER,1.19,2002-09-03T00:00:00Z,2013,Winbirra Pde Drain,Waterway section
1745,4953,DRAPER ST M.D.,4900,ELSTER CREEK,ELSTER CREEK,Dandenong,DIV 2 - SOUTHEAST COAST,28 BUNYIP RIVER,1.7,2002-10-28T00:00:00Z,2013,Draper St Main Drain.,Melbourne Water main drain
1746,4954,CROSBIE PARK DRAIN,4900,ELSTER CREEK,ELSTER CREEK,Dandenong,DIV 2 - SOUTHEAST COAST,28 BUNYIP RIVER,1.72,2002-07-22T00:00:00Z,2013,Crosbie Park Drain,Waterway section
1747,4955,BENTLEIGH M.D.,4900,ELSTER CREEK,ELSTER CREEK,Dandenong,DIV 2 - SOUTHEAST COAST,28 BUNYIP RIVER,2.02,2002-10-28T00:00:00Z,2013,Bentleigh Main Drain.,Melbourne Water main drain
1748,4960,MEEK ST DRAIN,4900,ELSTER CREEK,ELSTER CREEK,Dandenong,DIV 2 - SOUTHEAST COAST,28 BUNYIP RIVER,5.61,2002-09-04T00:00:00Z,2013,Meek St Drain,Waterway section
1749,4961,PARK ST M.D.,4900,ELSTER CREEK,ELSTER CREEK,Dandenong,DIV 2 - SOUTHEAST COAST,28 BUNYIP RIVER,3.26,2002-09-04T00:00:00Z,2013,Park St Main Drain.,Melbourne Water main drain
1750,5297,TRIB OF MENZIES CREEK,5720,WOORI YALLOCK CREEK,YARRA RIVER,Yarra,DIV 2 - SOUTHEAST COAST,29 YARRA RIVER,0.36,2003-11-27T00:00:00Z,2013,Tributary Of Menzies Creek,Waterway section
1751,5299,TRIB OF WANDIN YALLOCK CREEK,5720,WOORI YALLOCK CREEK,YARRA RIVER,Yarra,DIV 2 - SOUTHEAST COAST,29 YARRA RIVER,0.87,2003-12-08T00:00:00Z,2013,Tributary Of Wandin Yallock Creek,Waterway section
1752,5300,TRIB OF WANDIN YALLOCK CREEK,5720,WOORI YALLOCK CREEK,YARRA RIVER,Yarra,DIV 2 - SOUTHEAST COAST,29 YARRA RIVER,0.7,2003-12-08T00:00:00Z,2013,Tributary Of Wandin Yallock Creek,Waterway section
1753,5301,TRIB OF WATTLE CREEK (LOWER),5720,WOORI YALLOCK CREEK,YARRA RIVER,Yarra,DIV 2 - SOUTHEAST COAST,29 YARRA RIVER,0.91,2002-11-14T00:00:00Z,2013,Tributary Of Wattle Creek (Lower),Waterway section
1754,5002,HEATHERTON DRAIN,5010,HEATHERTON DRAIN,MORDIALLOC CREEK,Dandenong,DIV 2 - SOUTHEAST COAST,28 BUNYIP RIVER,3.47,2002-10-17T00:00:00Z,2013,Heatherton Drain,Waterway section
1755,5004,MCKAY ST DRAIN,5010,HEATHERTON DRAIN,MORDIALLOC CREEK,Dandenong,DIV 2 - SOUTHEAST COAST,28 BUNYIP RIVER,1.34,2002-10-17T00:00:00Z,2013,Mckay St Drain,Waterway section
1756,4844,EAST MALVERN DRAIN,4820,GARDINERS CREEK,YARRA RIVER,Yarra,DIV 2 - SOUTHEAST COAST,29 YARRA RIVER,0.96,2002-09-03T00:00:00Z,2013,East Malvern Drain,Waterway section
1757,4922,BYRON ST M.D.,4900,ELSTER CREEK,ELSTER CREEK,Dandenong,DIV 2 - SOUTHEAST COAST,28 BUNYIP RIVER,5.17,2002-09-04T00:00:00Z,2013,Byron St Main Drain.,Melbourne Water main drain
1758,4925,ELWOOD DIVERSION DRAIN,4900,ELSTER CREEK,ELSTER CREEK,Dandenong,DIV 2 - SOUTHEAST COAST,28 BUNYIP RIVER,1.13,2002-10-28T00:00:00Z,2013,Elwood Diversion Drain,Waterway section
1759,5233,TRIB OF BRITON CREEK,4400,YARRA RIVER MAIN STREAM,YARRA RIVER,Yarra,DIV 2 - SOUTHEAST COAST,29 YARRA RIVER,3.86,2003-11-11T00:00:00Z,2013,Tributary Of Briton Creek,Waterway section
1760,5234,BEARS CREEK,4400,YARRA RIVER MAIN STREAM,YARRA RIVER,Yarra,DIV 2 - SOUTHEAST COAST,29 YARRA RIVER,4.39,2003-11-11T00:00:00Z,2013,Bears Creek,Waterway section
1761,5235,TRIB OF WALSH CREEK,4400,YARRA RIVER MAIN STREAM,YARRA RIVER,Yarra,DIV 2 - SOUTHEAST COAST,29 YARRA RIVER,3.34,2003-11-11T00:00:00Z,2013,Tributary Of Walsh Creek,Waterway section
1762,5236,TRIB OF 5235,4400,YARRA RIVER MAIN STREAM,YARRA RIVER,Yarra,DIV 2 - SOUTHEAST COAST,29 YARRA RIVER,0.91,2003-11-11T00:00:00Z,2013,Tributary Of 5235,Waterway section
1763,5302,TRIB OF SHEPHERD CREEK WEST,5720,WOORI YALLOCK CREEK,YARRA RIVER,Yarra,DIV 2 - SOUTHEAST COAST,29 YARRA RIVER,0.4,2002-11-14T00:00:00Z,2013,Tributary Of Shepherd Creek West,Waterway section
1764,5303,TRIB OF SHEPHERD CREEK EAST,5720,WOORI YALLOCK CREEK,YARRA RIVER,Yarra,DIV 2 - SOUTHEAST COAST,29 YARRA RIVER,0.25,2002-11-14T00:00:00Z,2013,Tributary Of Shepherd Creek East,Waterway section
1765,5304,TRIB OF LITTLE YARRA RIVER,5810,LITTLE YARRA RIVER,YARRA RIVER,Yarra,DIV 2 - SOUTHEAST COAST,29 YARRA RIVER,1.23,2003-09-17T00:00:00Z,2013,Tributary Of Little Yarra River,Waterway section
1766,5305,TRIB OF LITTLE YARRA RIVER,5810,LITTLE YARRA RIVER,YARRA RIVER,Yarra,DIV 2 - SOUTHEAST COAST,29 YARRA RIVER,0.71,2003-09-17T00:00:00Z,2013,Tributary Of Little Yarra River,Waterway section
1767,5306,TRIB OF DON CREEK,4400,YARRA RIVER MAIN STREAM,YARRA RIVER,Yarra,DIV 2 - SOUTHEAST COAST,29 YARRA RIVER,2.59,2003-10-09T00:00:00Z,2013,Tributary Of Don Creek,Waterway section
1768,5307,TRIB OF PLATTS CREEK,4400,YARRA RIVER MAIN STREAM,YARRA RIVER,Yarra,DIV 2 - SOUTHEAST COAST,29 YARRA RIVER,0.51,2002-11-14T00:00:00Z,2013,Tributary Of Platts Creek,Waterway section
1769,5308,TRIB OF NEW CHUM CREEK,5670,WATTS RIVER,YARRA RIVER,Yarra,DIV 2 - SOUTHEAST COAST,29 YARRA RIVER,0.42,2002-11-14T00:00:00Z,2013,Tributary Of New Chum Creek,Waterway section
1770,4696,MILL GULLY,4600,PLENTY RIVER,YARRA RIVER,Yarra,DIV 2 - SOUTHEAST COAST,29 YARRA RIVER,1.71,NA,2013,Mill Gully,Waterway section
1771,4930,ELSTER CREEK,4900,ELSTER CREEK,ELSTER CREEK,Dandenong,DIV 2 - SOUTHEAST COAST,28 BUNYIP RIVER,2.69,2002-10-29T00:00:00Z,2013,Elster Creek,Waterway section
1772,4931,CAULFIELD SOUTH M.D.,4900,ELSTER CREEK,ELSTER CREEK,Dandenong,DIV 2 - SOUTHEAST COAST,28 BUNYIP RIVER,2.7,2002-10-17T00:00:00Z,2013,Caulfield South Main Drain.,Melbourne Water main drain
1773,5029,TIN MILE CREEK,5810,LITTLE YARRA RIVER,YARRA RIVER,Yarra,DIV 2 - SOUTHEAST COAST,29 YARRA RIVER,2.45,2003-09-12T00:00:00Z,2013,Tin Mile Creek,Waterway section
1774,5237,TRIB OF WALSH CREEK,4400,YARRA RIVER MAIN STREAM,YARRA RIVER,Yarra,DIV 2 - SOUTHEAST COAST,29 YARRA RIVER,2.69,2003-11-11T00:00:00Z,2013,Tributary Of Walsh Creek,Waterway section
1775,5238,THEODORE CREEK,4400,YARRA RIVER MAIN STREAM,YARRA RIVER,Yarra,DIV 2 - SOUTHEAST COAST,29 YARRA RIVER,5.32,2003-11-11T00:00:00Z,2013,Theodore Creek,Waterway section
1776,5239,SNOBS CREEK,4400,YARRA RIVER MAIN STREAM,YARRA RIVER,Yarra,DIV 2 - SOUTHEAST COAST,29 YARRA RIVER,9.06,2003-11-11T00:00:00Z,2013,Snobs Creek,Waterway section
1777,5309,TRIB OF DIXONS CREEK,5640,STEELS CREEK,YARRA RIVER,Yarra,DIV 2 - SOUTHEAST COAST,29 YARRA RIVER,1.31,2003-08-28T00:00:00Z,2013,Tributary Of Dixons Creek,Waterway section
1778,5310,TRIB OF 5926,5670,WATTS RIVER,YARRA RIVER,Yarra,DIV 2 - SOUTHEAST COAST,29 YARRA RIVER,0.61,2003-12-10T00:00:00Z,2013,Tributary Of 5926,Waterway section
1779,4684,ASHLEY PARK DRAIN,4600,PLENTY RIVER,YARRA RIVER,Yarra,DIV 2 - SOUTHEAST COAST,29 YARRA RIVER,1.16,2002-10-22T00:00:00Z,2013,Ashley Park Drain,Waterway section
1780,4698,TRIB OF COCKPIT GULLY,4600,PLENTY RIVER,YARRA RIVER,Yarra,DIV 2 - SOUTHEAST COAST,29 YARRA RIVER,0.78,NA,2013,Tributary Of Cockpit Gully,Waterway section
1781,4822,LARA ST M.D.,4820,GARDINERS CREEK,YARRA RIVER,Yarra,DIV 2 - SOUTHEAST COAST,29 YARRA RIVER,0.73,2002-10-21T00:00:00Z,2013,Lara St Main Drain.,Melbourne Water main drain
1782,4823,TOORONGA RD M.D.,4820,GARDINERS CREEK,YARRA RIVER,Yarra,DIV 2 - SOUTHEAST COAST,29 YARRA RIVER,2.65,2002-09-03T00:00:00Z,2013,Tooronga Rd Main Drain.,Melbourne Water main drain
1783,5030,CLAYTON SOUTH DRAIN,5020,MORDIALLOC SETTLEMENT DRAIN,MORDIALLOC CREEK,Dandenong,DIV 2 - SOUTHEAST COAST,28 BUNYIP RIVER,10.53,2003-12-03T00:00:00Z,2013,Clayton South Drain,Waterway section
1784,5031,CLARINDA M.D.,5020,MORDIALLOC SETTLEMENT DRAIN,MORDIALLOC CREEK,Dandenong,DIV 2 - SOUTHEAST COAST,28 BUNYIP RIVER,2.18,2002-10-10T00:00:00Z,2013,Clarinda Main Drain.,Melbourne Water main drain
1785,4732,ELMS GROVE DRAIN,4700,KOONUNG CREEK,YARRA RIVER,Yarra,DIV 2 - SOUTHEAST COAST,29 YARRA RIVER,1.73,2002-08-23T00:00:00Z,2013,Elms Grove Drain,Waterway section
1786,5240,BRANCH CREEK,4400,YARRA RIVER MAIN STREAM,YARRA RIVER,Yarra,DIV 2 - SOUTHEAST COAST,29 YARRA RIVER,8.81,2003-11-11T00:00:00Z,2013,Branch Creek,Waterway section
1787,5241,TRIB OF BRANCH CREEK,4400,YARRA RIVER MAIN STREAM,YARRA RIVER,Yarra,DIV 2 - SOUTHEAST COAST,29 YARRA RIVER,1.28,2003-11-11T00:00:00Z,2013,Tributary Of Branch Creek,Waterway section
1788,5242,TRIB OF BRANCH CREEK,4400,YARRA RIVER MAIN STREAM,YARRA RIVER,Yarra,DIV 2 - SOUTHEAST COAST,29 YARRA RIVER,2.85,2003-11-11T00:00:00Z,2013,Tributary Of Branch Creek,Waterway section
1789,4685,BASSETTS RD DRAIN,4600,PLENTY RIVER,YARRA RIVER,Yarra,DIV 2 - SOUTHEAST COAST,29 YARRA RIVER,1.23,2002-10-31T00:00:00Z,2013,Bassetts Rd Drain,Waterway section
1790,4670,TRIB OF BRUCES CREEK (UPPER),4600,PLENTY RIVER,YARRA RIVER,Yarra,DIV 2 - SOUTHEAST COAST,29 YARRA RIVER,2.9,NA,2013,Tributary Of Bruces Creek (Upper),Waterway section
1791,4671,DRY CREEK (4671),4600,PLENTY RIVER,YARRA RIVER,Yarra,DIV 2 - SOUTHEAST COAST,29 YARRA RIVER,4.85,NA,2013,Dry Creek (4671),Waterway section
1792,4688,TRIB OF DRY CREEK,4600,PLENTY RIVER,YARRA RIVER,Yarra,DIV 2 - SOUTHEAST COAST,29 YARRA RIVER,2.05,NA,2013,Tributary Of Dry Creek,Waterway section
1793,4689,TRIB OF 4688,4600,PLENTY RIVER,YARRA RIVER,Yarra,DIV 2 - SOUTHEAST COAST,29 YARRA RIVER,2.11,NA,2013,Tributary Of 4688,Waterway section
1794,4690,WATTLE GULLY,4600,PLENTY RIVER,YARRA RIVER,Yarra,DIV 2 - SOUTHEAST COAST,29 YARRA RIVER,3.73,NA,2013,Wattle Gully,Waterway section
1795,4803,GITTUS ST M.D.,4400,YARRA RIVER MAIN STREAM,YARRA RIVER,Yarra,DIV 2 - SOUTHEAST COAST,29 YARRA RIVER,0.75,2002-10-21T00:00:00Z,2013,Gittus St Main Drain.,Melbourne Water main drain
1796,4824,CRESWICK ST M.D.,4820,GARDINERS CREEK,YARRA RIVER,Yarra,DIV 2 - SOUTHEAST COAST,29 YARRA RIVER,1.31,2002-10-21T00:00:00Z,2013,Creswick St Main Drain.,Melbourne Water main drain
1797,4825,RIX ST M.D.,4820,GARDINERS CREEK,YARRA RIVER,Yarra,DIV 2 - SOUTHEAST COAST,29 YARRA RIVER,0.93,2003-09-02T00:00:00Z,2013,Rix St Main Drain.,Melbourne Water main drain
1798,4830,BACK CREEK,4820,GARDINERS CREEK,YARRA RIVER,Yarra,DIV 2 - SOUTHEAST COAST,29 YARRA RIVER,3.95,2002-09-23T00:00:00Z,2013,Back Creek,Waterway section
1799,4832,BURWOOD M.D.,4820,GARDINERS CREEK,YARRA RIVER,Yarra,DIV 2 - SOUTHEAST COAST,29 YARRA RIVER,4.14,2002-10-23T00:00:00Z,2013,Burwood Main Drain.,Melbourne Water main drain
1800,4902,PRINCES ST M D,4900,ELSTER CREEK,ELSTER CREEK,Dandenong,DIV 2 - SOUTHEAST COAST,28 BUNYIP RIVER,0.78,2002-10-21T00:00:00Z,2013,Princes St M D,Waterway section
1801,4733,GARDENIA RD DRAIN,4700,KOONUNG CREEK,YARRA RIVER,Yarra,DIV 2 - SOUTHEAST COAST,29 YARRA RIVER,0.8,2002-08-23T00:00:00Z,2013,Gardenia Rd Drain,Waterway section
1802,4734,MINERVA AVE DRAIN,4700,KOONUNG CREEK,YARRA RIVER,Yarra,DIV 2 - SOUTHEAST COAST,29 YARRA RIVER,1.16,2002-08-23T00:00:00Z,2013,Minerva Ave Drain,Waterway section
1803,4740,BUSHY CREEK DRAIN,4700,KOONUNG CREEK,YARRA RIVER,Yarra,DIV 2 - SOUTHEAST COAST,29 YARRA RIVER,2.01,1998-06-30T00:00:00Z,2013,Bushy Creek Drain,Waterway section
1804,4741,BOX HILL NORTH M.D.,4700,KOONUNG CREEK,YARRA RIVER,Yarra,DIV 2 - SOUTHEAST COAST,29 YARRA RIVER,2.12,1998-06-30T00:00:00Z,2013,Box Hill North Main Drain.,Melbourne Water main drain
1805,4850,MURRUMBEENA DRAIN,4820,GARDINERS CREEK,YARRA RIVER,Yarra,DIV 2 - SOUTHEAST COAST,29 YARRA RIVER,5.99,2002-09-04T00:00:00Z,2013,Murrumbeena Drain,Waterway section
1806,4851,CHADSTONE M.D.,4820,GARDINERS CREEK,YARRA RIVER,Yarra,DIV 2 - SOUTHEAST COAST,29 YARRA RIVER,0.77,2002-10-24T00:00:00Z,2013,Chadstone Main Drain.,Melbourne Water main drain
1807,5243,TRIB OF 5242,4400,YARRA RIVER MAIN STREAM,YARRA RIVER,Yarra,DIV 2 - SOUTHEAST COAST,29 YARRA RIVER,2.43,2003-11-11T00:00:00Z,2013,Tributary Of 5242,Waterway section
1808,5244,TRIB OF BRANCH CREEK,4400,YARRA RIVER MAIN STREAM,YARRA RIVER,Yarra,DIV 2 - SOUTHEAST COAST,29 YARRA RIVER,4.56,2003-11-11T00:00:00Z,2013,Tributary Of Branch Creek,Waterway section
1809,5245,TRIB OF LEARMONTH CREEK,5810,LITTLE YARRA RIVER,YARRA RIVER,Yarra,DIV 2 - SOUTHEAST COAST,29 YARRA RIVER,0.83,2003-09-12T00:00:00Z,2013,Tributary Of Learmonth Creek,Waterway section
1810,5246,TRIB OF LEARMONTH CREEK,5810,LITTLE YARRA RIVER,YARRA RIVER,Yarra,DIV 2 - SOUTHEAST COAST,29 YARRA RIVER,1.9,2003-09-12T00:00:00Z,2013,Tributary Of Learmonth Creek,Waterway section
1811,5247,MOON GULLY CREEK,5810,LITTLE YARRA RIVER,YARRA RIVER,Yarra,DIV 2 - SOUTHEAST COAST,29 YARRA RIVER,0.94,2003-09-12T00:00:00Z,2013,Moon Gully Creek,Waterway section
1812,4804,JOHNSON ST M.D.,4400,YARRA RIVER MAIN STREAM,YARRA RIVER,Yarra,DIV 2 - SOUTHEAST COAST,29 YARRA RIVER,0.68,2002-10-21T00:00:00Z,2013,Johnson St Main Drain.,Melbourne Water main drain
1813,4805,FERRARS ST DRAIN,4400,YARRA RIVER MAIN STREAM,YARRA RIVER,Yarra,DIV 2 - SOUTHEAST COAST,29 YARRA RIVER,0.27,2003-12-10T00:00:00Z,2013,Ferrars St Drain,Waterway section
1814,4903,ESPLANADE WEST M.D.,4900,ELSTER CREEK,ELSTER CREEK,Dandenong,DIV 2 - SOUTHEAST COAST,28 BUNYIP RIVER,0.52,2002-10-21T00:00:00Z,2013,Esplanade West Main Drain.,Melbourne Water main drain
1815,4904,RICHARDSON ST M.D.,4900,ELSTER CREEK,ELSTER CREEK,Dandenong,DIV 2 - SOUTHEAST COAST,28 BUNYIP RIVER,0.73,2002-10-21T00:00:00Z,2013,Richardson St Main Drain.,Melbourne Water main drain
1816,5005,HEATHERTON M.D. EAST BRANCH,5010,HEATHERTON DRAIN,MORDIALLOC CREEK,Dandenong,DIV 2 - SOUTHEAST COAST,28 BUNYIP RIVER,1.4,2002-10-17T00:00:00Z,2013,Heatherton Main Drain. East Branch,Melbourne Water main drain
1817,5006,HEATHERTON M.D. DIVERSION,5010,HEATHERTON DRAIN,MORDIALLOC CREEK,Dandenong,DIV 2 - SOUTHEAST COAST,28 BUNYIP RIVER,2.33,2002-10-17T00:00:00Z,2013,Heatherton Main Drain. Diversion,Melbourne Water main drain
1818,4852,OAKLEIGH M.D.,4820,GARDINERS CREEK,YARRA RIVER,Yarra,DIV 2 - SOUTHEAST COAST,29 YARRA RIVER,2.5,2002-10-24T00:00:00Z,2013,Oakleigh Main Drain.,Melbourne Water main drain
1819,4932,MARS ST M.D.,4900,ELSTER CREEK,ELSTER CREEK,Dandenong,DIV 2 - SOUTHEAST COAST,28 BUNYIP RIVER,0.81,2002-10-22T00:00:00Z,2013,Mars St Main Drain.,Melbourne Water main drain
1820,4933,BRIGHTON CEMETERY M.D.,4900,ELSTER CREEK,ELSTER CREEK,Dandenong,DIV 2 - SOUTHEAST COAST,28 BUNYIP RIVER,1.28,2002-10-28T00:00:00Z,2013,Brighton Cemetery Main Drain.,Melbourne Water main drain
1821,4934,BAMBRA RD M.D.,4900,ELSTER CREEK,ELSTER CREEK,Dandenong,DIV 2 - SOUTHEAST COAST,28 BUNYIP RIVER,1.37,2002-10-17T00:00:00Z,2013,Bambra Rd Main Drain.,Melbourne Water main drain
1822,5248,TRIB OF MACKLEY CREEK,5810,LITTLE YARRA RIVER,YARRA RIVER,Yarra,DIV 2 - SOUTHEAST COAST,29 YARRA RIVER,1.88,2003-09-12T00:00:00Z,2013,Tributary Of Mackley Creek,Waterway section
1823,5249,TRIB OF TIN MILE CREEK,5810,LITTLE YARRA RIVER,YARRA RIVER,Yarra,DIV 2 - SOUTHEAST COAST,29 YARRA RIVER,1.16,2003-09-12T00:00:00Z,2013,Tributary Of Tin Mile Creek,Waterway section
1824,5250,TRIB OF CUMBERLAND CREEK,4400,YARRA RIVER MAIN STREAM,YARRA RIVER,Yarra,DIV 2 - SOUTHEAST COAST,29 YARRA RIVER,1.51,2003-11-10T00:00:00Z,2013,Tributary Of Cumberland Creek,Waterway section
1825,5251,TRIB OF CUMBERLAND CREEK,4400,YARRA RIVER MAIN STREAM,YARRA RIVER,Yarra,DIV 2 - SOUTHEAST COAST,29 YARRA RIVER,1.48,2003-11-10T00:00:00Z,2013,Tributary Of Cumberland Creek,Waterway section
1826,4880,GARDINERS CREEK (4880),4820,GARDINERS CREEK,YARRA RIVER,Yarra,DIV 2 - SOUTHEAST COAST,29 YARRA RIVER,3.36,2003-09-02T00:00:00Z,2013,Gardiners Creek (4880),Waterway section
1827,4881,STOTT ST DRAIN,4820,GARDINERS CREEK,YARRA RIVER,Yarra,DIV 2 - SOUTHEAST COAST,29 YARRA RIVER,0.9,2002-09-03T00:00:00Z,2013,Stott St Drain,Waterway section
1828,4882,ELEY RD WEST DRAIN,4820,GARDINERS CREEK,YARRA RIVER,Yarra,DIV 2 - SOUTHEAST COAST,29 YARRA RIVER,0.95,2002-09-03T00:00:00Z,2013,Eley Rd West Drain,Waterway section
1829,4883,FULTON RD DRAIN,4820,GARDINERS CREEK,YARRA RIVER,Yarra,DIV 2 - SOUTHEAST COAST,29 YARRA RIVER,2.02,2002-09-23T00:00:00Z,2013,Fulton Rd Drain,Waterway section
1830,6876,TRIB OF GISBORNE CREEK,6800,JACKSONS CREEK,MARIBYRNONG RIVER,Maribyrnong,DIV 2 - SOUTHEAST COAST,30 MARIBYRNONG RIVER,0.77,2006-03-20T00:00:00Z,2013,Tributary Of Gisborne Creek,Waterway section
1831,6877,TRIB OF GISBORNE CREEK,6800,JACKSONS CREEK,MARIBYRNONG RIVER,Maribyrnong,DIV 2 - SOUTHEAST COAST,30 MARIBYRNONG RIVER,2.72,2006-03-20T00:00:00Z,2013,Tributary Of Gisborne Creek,Waterway section
1832,6878,TRIB OF 6877,6800,JACKSONS CREEK,MARIBYRNONG RIVER,Maribyrnong,DIV 2 - SOUTHEAST COAST,30 MARIBYRNONG RIVER,0.66,2006-03-20T00:00:00Z,2013,Tributary Of 6877,Waterway section
1833,6817,TRIB OF HARPERS CREEK,6800,JACKSONS CREEK,MARIBYRNONG RIVER,Maribyrnong,DIV 2 - SOUTHEAST COAST,30 MARIBYRNONG RIVER,1.41,2006-03-20T00:00:00Z,2013,Tributary Of Harpers Creek,Waterway section
1834,6679,TRIB OF 6678,6600,DEEP CREEK,MARIBYRNONG RIVER,Maribyrnong,DIV 2 - SOUTHEAST COAST,30 MARIBYRNONG RIVER,0.98,2006-03-20T00:00:00Z,2013,Tributary Of 6678,Waterway section
1835,6832,TRIB OF JACKSONS CREEK,6800,JACKSONS CREEK,MARIBYRNONG RIVER,Maribyrnong,DIV 2 - SOUTHEAST COAST,30 MARIBYRNONG RIVER,0.62,2006-03-20T00:00:00Z,2013,Tributary Of Jacksons Creek,Waterway section
1836,6833,TRIB OF 6832,6800,JACKSONS CREEK,MARIBYRNONG RIVER,Maribyrnong,DIV 2 - SOUTHEAST COAST,30 MARIBYRNONG RIVER,2.49,2006-03-20T00:00:00Z,2013,Tributary Of 6832,Waterway section
1837,6834,TRIB OF JACKSONS CREEK,6800,JACKSONS CREEK,MARIBYRNONG RIVER,Maribyrnong,DIV 2 - SOUTHEAST COAST,30 MARIBYRNONG RIVER,1.32,2006-03-20T00:00:00Z,2013,Tributary Of Jacksons Creek,Waterway section
1838,6835,TRIB OF JACKSONS CREEK,6800,JACKSONS CREEK,MARIBYRNONG RIVER,Maribyrnong,DIV 2 - SOUTHEAST COAST,30 MARIBYRNONG RIVER,2.94,2006-03-20T00:00:00Z,2013,Tributary Of Jacksons Creek,Waterway section
1839,6836,TRIB OF JACKSONS CREEK,6800,JACKSONS CREEK,MARIBYRNONG RIVER,Maribyrnong,DIV 2 - SOUTHEAST COAST,30 MARIBYRNONG RIVER,1.62,2006-03-20T00:00:00Z,2013,Tributary Of Jacksons Creek,Waterway section
1840,6837,TRIB OF JACKSONS CREEK,6800,JACKSONS CREEK,MARIBYRNONG RIVER,Maribyrnong,DIV 2 - SOUTHEAST COAST,30 MARIBYRNONG RIVER,3.17,2006-03-20T00:00:00Z,2013,Tributary Of Jacksons Creek,Waterway section
1841,6838,TRIB OF JACKSONS CREEK,6800,JACKSONS CREEK,MARIBYRNONG RIVER,Maribyrnong,DIV 2 - SOUTHEAST COAST,30 MARIBYRNONG RIVER,4.51,2006-03-20T00:00:00Z,2013,Tributary Of Jacksons Creek,Waterway section
1842,6839,LONGVIEW CREEK,6800,JACKSONS CREEK,MARIBYRNONG RIVER,Maribyrnong,DIV 2 - SOUTHEAST COAST,30 MARIBYRNONG RIVER,11.23,2006-03-20T00:00:00Z,2013,Longview Creek,Waterway section
1843,6840,TRIB OF JACKSONS CREEK,6800,JACKSONS CREEK,MARIBYRNONG RIVER,Maribyrnong,DIV 2 - SOUTHEAST COAST,30 MARIBYRNONG RIVER,3.35,2006-03-20T00:00:00Z,2013,Tributary Of Jacksons Creek,Waterway section
1844,6841,TRIB OF 6840,6800,JACKSONS CREEK,MARIBYRNONG RIVER,Maribyrnong,DIV 2 - SOUTHEAST COAST,30 MARIBYRNONG RIVER,3.15,2006-03-20T00:00:00Z,2013,Tributary Of 6840,Waterway section
1845,6145,TRIB OF PANCAKE CREEK,5720,WOORI YALLOCK CREEK,YARRA RIVER,Yarra,DIV 2 - SOUTHEAST COAST,29 YARRA RIVER,1.57,2003-09-10T00:00:00Z,2013,Tributary Of Pancake Creek,Waterway section
1846,6215,TRIB OF STEWART PONDS,4640,DIAMOND CREEK,YARRA RIVER,Yarra,DIV 2 - SOUTHEAST COAST,29 YARRA RIVER,0.73,2002-10-22T00:00:00Z,2013,Tributary Of Stewart Ponds,Waterway section
1847,6216,CHAPEL LANE GULLY,4640,DIAMOND CREEK,YARRA RIVER,Yarra,DIV 2 - SOUTHEAST COAST,29 YARRA RIVER,4.2,2002-10-23T00:00:00Z,2013,Chapel Lane Gully,Waterway section
1848,6217,TRIB OF ARTHURS CREEK,4640,DIAMOND CREEK,YARRA RIVER,Yarra,DIV 2 - SOUTHEAST COAST,29 YARRA RIVER,0.6,2002-10-22T00:00:00Z,2013,Tributary Of Arthurs Creek,Waterway section
1849,6219,TRIB OF STEWART GULLY SOUTH BR,4640,DIAMOND CREEK,YARRA RIVER,Yarra,DIV 2 - SOUTHEAST COAST,29 YARRA RIVER,0.77,2002-10-22T00:00:00Z,2013,Tributary Of Stewart Gully South Br,Waterway section
1850,6879,TRIB OF GISBORNE CREEK,6800,JACKSONS CREEK,MARIBYRNONG RIVER,Maribyrnong,DIV 2 - SOUTHEAST COAST,30 MARIBYRNONG RIVER,0.76,2006-03-20T00:00:00Z,2013,Tributary Of Gisborne Creek,Waterway section
1851,6880,TRIB OF JACKSONS CREEK,6800,JACKSONS CREEK,MARIBYRNONG RIVER,Maribyrnong,DIV 2 - SOUTHEAST COAST,30 MARIBYRNONG RIVER,4.93,2006-03-20T00:00:00Z,2013,Tributary Of Jacksons Creek,Waterway section
1852,6881,TRIB OF 6880,6800,JACKSONS CREEK,MARIBYRNONG RIVER,Maribyrnong,DIV 2 - SOUTHEAST COAST,30 MARIBYRNONG RIVER,0.75,2006-03-20T00:00:00Z,2013,Tributary Of 6880,Waterway section
1853,6680,TRIB OF 6678,6600,DEEP CREEK,MARIBYRNONG RIVER,Maribyrnong,DIV 2 - SOUTHEAST COAST,30 MARIBYRNONG RIVER,0.63,2006-03-20T00:00:00Z,2013,Tributary Of 6678,Waterway section
1854,6681,FIVE MILE CREEK,6600,DEEP CREEK,MARIBYRNONG RIVER,Maribyrnong,DIV 2 - SOUTHEAST COAST,30 MARIBYRNONG RIVER,13.27,2006-03-20T00:00:00Z,2013,Five Mile Creek,Waterway section
1855,6682,ROMSEY SOUTH DRAIN,6600,DEEP CREEK,MARIBYRNONG RIVER,Maribyrnong,DIV 2 - SOUTHEAST COAST,30 MARIBYRNONG RIVER,4.18,2006-03-20T00:00:00Z,2013,Romsey South Drain,Waterway section
1856,6683,TRIB OF DEEP CREEK,6600,DEEP CREEK,MARIBYRNONG RIVER,Maribyrnong,DIV 2 - SOUTHEAST COAST,30 MARIBYRNONG RIVER,2.89,2006-03-20T00:00:00Z,2013,Tributary Of Deep Creek,Waterway section
1857,6684,TRIB OF DEEP CREEK,6600,DEEP CREEK,MARIBYRNONG RIVER,Maribyrnong,DIV 2 - SOUTHEAST COAST,30 MARIBYRNONG RIVER,1.26,2006-03-20T00:00:00Z,2013,Tributary Of Deep Creek,Waterway section
1858,6685,TRIB OF DEEP CREEK,6600,DEEP CREEK,MARIBYRNONG RIVER,Maribyrnong,DIV 2 - SOUTHEAST COAST,30 MARIBYRNONG RIVER,1.44,2006-03-20T00:00:00Z,2013,Tributary Of Deep Creek,Waterway section
1859,6695,TRIB OF DEEP CREEK,6600,DEEP CREEK,MARIBYRNONG RIVER,Maribyrnong,DIV 2 - SOUTHEAST COAST,30 MARIBYRNONG RIVER,0.87,2006-03-20T00:00:00Z,2013,Tributary Of Deep Creek,Waterway section
1860,6696,TRIB OF DEEP CREEK,6600,DEEP CREEK,MARIBYRNONG RIVER,Maribyrnong,DIV 2 - SOUTHEAST COAST,30 MARIBYRNONG RIVER,1.76,2006-03-20T00:00:00Z,2013,Tributary Of Deep Creek,Waterway section
1861,6697,TRIB OF DEEP CREEK,6600,DEEP CREEK,MARIBYRNONG RIVER,Maribyrnong,DIV 2 - SOUTHEAST COAST,30 MARIBYRNONG RIVER,0.93,2006-03-20T00:00:00Z,2013,Tributary Of Deep Creek,Waterway section
1862,6698,TRIB OF DEEP CREEK,6600,DEEP CREEK,MARIBYRNONG RIVER,Maribyrnong,DIV 2 - SOUTHEAST COAST,30 MARIBYRNONG RIVER,2.54,2006-03-20T00:00:00Z,2013,Tributary Of Deep Creek,Waterway section
1863,6220,RUNNING CREEK,4640,DIAMOND CREEK,YARRA RIVER,Yarra,DIV 2 - SOUTHEAST COAST,29 YARRA RIVER,14.53,2003-08-21T00:00:00Z,2013,Running Creek,Waterway section
1864,6221,DEEP CREEK,4640,DIAMOND CREEK,YARRA RIVER,Yarra,DIV 2 - SOUTHEAST COAST,29 YARRA RIVER,7.54,2003-08-21T00:00:00Z,2013,Deep Creek,Waterway section
1865,6222,TRIB OF DEEP CREEK,4640,DIAMOND CREEK,YARRA RIVER,Yarra,DIV 2 - SOUTHEAST COAST,29 YARRA RIVER,1.6,2002-10-22T00:00:00Z,2013,Tributary Of Deep Creek,Waterway section
1866,6223,TRIB OF RUNNING CREEK,4640,DIAMOND CREEK,YARRA RIVER,Yarra,DIV 2 - SOUTHEAST COAST,29 YARRA RIVER,1.08,2002-10-22T00:00:00Z,2013,Tributary Of Running Creek,Waterway section
1867,6224,TRIB OF RUNNING CREEK,4640,DIAMOND CREEK,YARRA RIVER,Yarra,DIV 2 - SOUTHEAST COAST,29 YARRA RIVER,2.43,2002-10-23T00:00:00Z,2013,Tributary Of Running Creek,Waterway section
1868,6225,TRIB OF 6224,4640,DIAMOND CREEK,YARRA RIVER,Yarra,DIV 2 - SOUTHEAST COAST,29 YARRA RIVER,1.66,2002-10-22T00:00:00Z,2013,Tributary Of 6224,Waterway section
1869,6226,KANGAROO CREEK,4640,DIAMOND CREEK,YARRA RIVER,Yarra,DIV 2 - SOUTHEAST COAST,29 YARRA RIVER,1.14,2002-10-22T00:00:00Z,2013,Kangaroo Creek,Waterway section
1870,6146,TRIB OF PANCAKE CREEK,5720,WOORI YALLOCK CREEK,YARRA RIVER,Yarra,DIV 2 - SOUTHEAST COAST,29 YARRA RIVER,1.64,2003-09-10T00:00:00Z,2013,Tributary Of Pancake Creek,Waterway section
1871,6147,TRIB OF SHEPHERD CREEK,5720,WOORI YALLOCK CREEK,YARRA RIVER,Yarra,DIV 2 - SOUTHEAST COAST,29 YARRA RIVER,1.42,2003-09-10T00:00:00Z,2013,Tributary Of Shepherd Creek,Waterway section
1872,6148,TRIB OF SHEPHERD CREEK,5720,WOORI YALLOCK CREEK,YARRA RIVER,Yarra,DIV 2 - SOUTHEAST COAST,29 YARRA RIVER,2.13,2003-09-10T00:00:00Z,2013,Tributary Of Shepherd Creek,Waterway section
1873,6882,TRIB OF 6880,6800,JACKSONS CREEK,MARIBYRNONG RIVER,Maribyrnong,DIV 2 - SOUTHEAST COAST,30 MARIBYRNONG RIVER,1.19,2006-03-20T00:00:00Z,2013,Tributary Of 6880,Waterway section
1874,6883,TRIB OF JACKSONS CREEK,6800,JACKSONS CREEK,MARIBYRNONG RIVER,Maribyrnong,DIV 2 - SOUTHEAST COAST,30 MARIBYRNONG RIVER,3.68,2006-03-20T00:00:00Z,2013,Tributary Of Jacksons Creek,Waterway section
1875,6884,TRIB OF 6883,6800,JACKSONS CREEK,MARIBYRNONG RIVER,Maribyrnong,DIV 2 - SOUTHEAST COAST,30 MARIBYRNONG RIVER,0.66,2006-03-20T00:00:00Z,2013,Tributary Of 6883,Waterway section
1876,6885,TRIB OF JACKSONS CREEK,6800,JACKSONS CREEK,MARIBYRNONG RIVER,Maribyrnong,DIV 2 - SOUTHEAST COAST,30 MARIBYRNONG RIVER,1.33,2006-03-20T00:00:00Z,2013,Tributary Of Jacksons Creek,Waterway section
1877,6725,TRIB OF DEEP CREEK,6600,DEEP CREEK,MARIBYRNONG RIVER,Maribyrnong,DIV 2 - SOUTHEAST COAST,30 MARIBYRNONG RIVER,0.71,2006-03-20T00:00:00Z,2013,Tributary Of Deep Creek,Waterway section
1878,6726,TRIB OF DEEP CREEK,6600,DEEP CREEK,MARIBYRNONG RIVER,Maribyrnong,DIV 2 - SOUTHEAST COAST,30 MARIBYRNONG RIVER,2.2,2006-03-20T00:00:00Z,2013,Tributary Of Deep Creek,Waterway section
1879,6727,TRIB OF 6726,6600,DEEP CREEK,MARIBYRNONG RIVER,Maribyrnong,DIV 2 - SOUTHEAST COAST,30 MARIBYRNONG RIVER,0.91,2006-03-20T00:00:00Z,2013,Tributary Of 6726,Waterway section
1880,6728,LONG GULLY,6600,DEEP CREEK,MARIBYRNONG RIVER,Maribyrnong,DIV 2 - SOUTHEAST COAST,30 MARIBYRNONG RIVER,7.47,2006-03-20T00:00:00Z,2013,Long Gully,Waterway section
1881,6729,TRIB OF LONG GULLY,6600,DEEP CREEK,MARIBYRNONG RIVER,Maribyrnong,DIV 2 - SOUTHEAST COAST,30 MARIBYRNONG RIVER,2.43,2006-03-20T00:00:00Z,2013,Tributary Of Long Gully,Waterway section
1882,6730,TRIB OF DEEP CREEK,6600,DEEP CREEK,MARIBYRNONG RIVER,Maribyrnong,DIV 2 - SOUTHEAST COAST,30 MARIBYRNONG RIVER,8.43,2006-03-20T00:00:00Z,2013,Tributary Of Deep Creek,Waterway section
1883,6699,TRIB OF DEEP CREEK,6600,DEEP CREEK,MARIBYRNONG RIVER,Maribyrnong,DIV 2 - SOUTHEAST COAST,30 MARIBYRNONG RIVER,2.41,2006-03-20T00:00:00Z,2013,Tributary Of Deep Creek,Waterway section
1884,6700,TRIB OF DEEP CREEK,6600,DEEP CREEK,MARIBYRNONG RIVER,Maribyrnong,DIV 2 - SOUTHEAST COAST,30 MARIBYRNONG RIVER,4.19,2006-03-20T00:00:00Z,2013,Tributary Of Deep Creek,Waterway section
1885,6741,TRIB OF 6739,6600,DEEP CREEK,MARIBYRNONG RIVER,Maribyrnong,DIV 2 - SOUTHEAST COAST,30 MARIBYRNONG RIVER,1.38,2006-03-20T00:00:00Z,2013,Tributary Of 6739,Waterway section
1886,6149,TRIB OF SHEPHERD CREEK,5720,WOORI YALLOCK CREEK,YARRA RIVER,Yarra,DIV 2 - SOUTHEAST COAST,29 YARRA RIVER,1,2003-09-11T00:00:00Z,2013,Tributary Of Shepherd Creek,Waterway section
1887,6150,TRIB OF SHEPHERD CREEK,5720,WOORI YALLOCK CREEK,YARRA RIVER,Yarra,DIV 2 - SOUTHEAST COAST,29 YARRA RIVER,0.74,2003-09-10T00:00:00Z,2013,Tributary Of Shepherd Creek,Waterway section
1888,6151,TRIB OF EGG ROCK CREEK,5720,WOORI YALLOCK CREEK,YARRA RIVER,Yarra,DIV 2 - SOUTHEAST COAST,29 YARRA RIVER,0.89,2003-09-11T00:00:00Z,2013,Tributary Of Egg Rock Creek,Waterway section
1889,6719,TRIB OF 6717,6600,DEEP CREEK,MARIBYRNONG RIVER,Maribyrnong,DIV 2 - SOUTHEAST COAST,30 MARIBYRNONG RIVER,0.66,2006-03-20T00:00:00Z,2013,Tributary Of 6717,Waterway section
1890,6886,TRIB OF JACKSONS CREEK,6800,JACKSONS CREEK,MARIBYRNONG RIVER,Maribyrnong,DIV 2 - SOUTHEAST COAST,30 MARIBYRNONG RIVER,1.14,2006-03-20T00:00:00Z,2013,Tributary Of Jacksons Creek,Waterway section
1891,6887,TRIB OF JACKSONS CREEK,6800,JACKSONS CREEK,MARIBYRNONG RIVER,Maribyrnong,DIV 2 - SOUTHEAST COAST,30 MARIBYRNONG RIVER,1.77,2006-03-20T00:00:00Z,2013,Tributary Of Jacksons Creek,Waterway section
1892,6888,DISTILL CREEK,6800,JACKSONS CREEK,MARIBYRNONG RIVER,Maribyrnong,DIV 2 - SOUTHEAST COAST,30 MARIBYRNONG RIVER,3.53,2006-03-20T00:00:00Z,2013,Distill Creek,Waterway section
1893,6889,TRIB OF DISTILL CREEK,6800,JACKSONS CREEK,MARIBYRNONG RIVER,Maribyrnong,DIV 2 - SOUTHEAST COAST,30 MARIBYRNONG RIVER,1.29,2006-03-20T00:00:00Z,2013,Tributary Of Distill Creek,Waterway section
1894,6890,TRIB OF DISTILL CREEK,6800,JACKSONS CREEK,MARIBYRNONG RIVER,Maribyrnong,DIV 2 - SOUTHEAST COAST,30 MARIBYRNONG RIVER,2.18,2006-03-20T00:00:00Z,2013,Tributary Of Distill Creek,Waterway section
1895,6759,TRIB OF DEEP CREEK,6600,DEEP CREEK,MARIBYRNONG RIVER,Maribyrnong,DIV 2 - SOUTHEAST COAST,30 MARIBYRNONG RIVER,1.63,2006-03-20T00:00:00Z,2013,Tributary Of Deep Creek,Waterway section
1896,6760,MONUMENT CREEK,6600,DEEP CREEK,MARIBYRNONG RIVER,Maribyrnong,DIV 2 - SOUTHEAST COAST,30 MARIBYRNONG RIVER,4.85,2006-03-20T00:00:00Z,2013,Monument Creek,Waterway section
1897,6761,TRIB OF MONUMENT CREEK,6600,DEEP CREEK,MARIBYRNONG RIVER,Maribyrnong,DIV 2 - SOUTHEAST COAST,30 MARIBYRNONG RIVER,4.88,2006-03-20T00:00:00Z,2013,Tributary Of Monument Creek,Waterway section
1898,6762,TRIB OF 6761,6600,DEEP CREEK,MARIBYRNONG RIVER,Maribyrnong,DIV 2 - SOUTHEAST COAST,30 MARIBYRNONG RIVER,2.75,2006-03-20T00:00:00Z,2013,Tributary Of 6761,Waterway section
1899,6844,TRIB OF JACKSONS CREEK,6800,JACKSONS CREEK,MARIBYRNONG RIVER,Maribyrnong,DIV 2 - SOUTHEAST COAST,30 MARIBYRNONG RIVER,4.97,2006-03-20T00:00:00Z,2013,Tributary Of Jacksons Creek,Waterway section
1900,6845,TRIB OF 6844,6800,JACKSONS CREEK,MARIBYRNONG RIVER,Maribyrnong,DIV 2 - SOUTHEAST COAST,30 MARIBYRNONG RIVER,2.34,2006-03-20T00:00:00Z,2013,Tributary Of 6844,Waterway section
1901,6701,TRIB OF DEEP CREEK,6600,DEEP CREEK,MARIBYRNONG RIVER,Maribyrnong,DIV 2 - SOUTHEAST COAST,30 MARIBYRNONG RIVER,1.2,2006-03-20T00:00:00Z,2013,Tributary Of Deep Creek,Waterway section
1902,6702,TRIB OF DEEP CREEK,6600,DEEP CREEK,MARIBYRNONG RIVER,Maribyrnong,DIV 2 - SOUTHEAST COAST,30 MARIBYRNONG RIVER,8.11,2006-03-20T00:00:00Z,2013,Tributary Of Deep Creek,Waterway section
1903,6703,TRIB OF 6702,6600,DEEP CREEK,MARIBYRNONG RIVER,Maribyrnong,DIV 2 - SOUTHEAST COAST,30 MARIBYRNONG RIVER,2.82,2006-03-20T00:00:00Z,2013,Tributary Of 6702,Waterway section
1904,6704,TRIB OF 6703,6600,DEEP CREEK,MARIBYRNONG RIVER,Maribyrnong,DIV 2 - SOUTHEAST COAST,30 MARIBYRNONG RIVER,1.58,2006-03-20T00:00:00Z,2013,Tributary Of 6703,Waterway section
1905,6705,TRIB OF 6703,6600,DEEP CREEK,MARIBYRNONG RIVER,Maribyrnong,DIV 2 - SOUTHEAST COAST,30 MARIBYRNONG RIVER,1.17,2006-03-20T00:00:00Z,2013,Tributary Of 6703,Waterway section
1906,6720,TRIB OF DEEP CREEK,6600,DEEP CREEK,MARIBYRNONG RIVER,Maribyrnong,DIV 2 - SOUTHEAST COAST,30 MARIBYRNONG RIVER,1.73,2006-03-20T00:00:00Z,2013,Tributary Of Deep Creek,Waterway section
1907,6721,TRIB OF DEEP CREEK,6600,DEEP CREEK,MARIBYRNONG RIVER,Maribyrnong,DIV 2 - SOUTHEAST COAST,30 MARIBYRNONG RIVER,9.63,2006-03-20T00:00:00Z,2013,Tributary Of Deep Creek,Waterway section
1908,6755,TRIB OF DEEP CREEK,6600,DEEP CREEK,MARIBYRNONG RIVER,Maribyrnong,DIV 2 - SOUTHEAST COAST,30 MARIBYRNONG RIVER,0.75,2006-03-20T00:00:00Z,2013,Tributary Of Deep Creek,Waterway section
1909,6891,TRIB OF DISTILL CREEK,6800,JACKSONS CREEK,MARIBYRNONG RIVER,Maribyrnong,DIV 2 - SOUTHEAST COAST,30 MARIBYRNONG RIVER,1.09,2006-03-20T00:00:00Z,2013,Tributary Of Distill Creek,Waterway section
1910,6821,KISMET CREEK,6800,JACKSONS CREEK,MARIBYRNONG RIVER,Maribyrnong,DIV 2 - SOUTHEAST COAST,30 MARIBYRNONG RIVER,4.22,2006-03-20T00:00:00Z,2013,Kismet Creek,Waterway section
1911,6822,TRIB OF KISMET CREEK,6800,JACKSONS CREEK,MARIBYRNONG RIVER,Maribyrnong,DIV 2 - SOUTHEAST COAST,30 MARIBYRNONG RIVER,3.02,2006-03-20T00:00:00Z,2013,Tributary Of Kismet Creek,Waterway section
1912,6777,TRIB OF GARDEN HUT CREEK,6600,DEEP CREEK,MARIBYRNONG RIVER,Maribyrnong,DIV 2 - SOUTHEAST COAST,30 MARIBYRNONG RIVER,1.3,2006-03-20T00:00:00Z,2013,Tributary Of Garden Hut Creek,Waterway section
1913,6801,JACKSONS CREEK,6800,JACKSONS CREEK,MARIBYRNONG RIVER,Maribyrnong,DIV 2 - SOUTHEAST COAST,30 MARIBYRNONG RIVER,72.98,2006-03-20T00:00:00Z,2013,Jacksons Creek,Waterway section
1914,6802,TRIB OF JACKSONS CREEK,6800,JACKSONS CREEK,MARIBYRNONG RIVER,Maribyrnong,DIV 2 - SOUTHEAST COAST,30 MARIBYRNONG RIVER,1.35,2006-03-20T00:00:00Z,2013,Tributary Of Jacksons Creek,Waterway section
1915,6756,TRIB OF DEEP CREEK,6600,DEEP CREEK,MARIBYRNONG RIVER,Maribyrnong,DIV 2 - SOUTHEAST COAST,30 MARIBYRNONG RIVER,1.29,2006-03-20T00:00:00Z,2013,Tributary Of Deep Creek,Waterway section
1916,6892,TRIB OF DISTILL CREEK,6800,JACKSONS CREEK,MARIBYRNONG RIVER,Maribyrnong,DIV 2 - SOUTHEAST COAST,30 MARIBYRNONG RIVER,1.17,2006-03-20T00:00:00Z,2013,Tributary Of Distill Creek,Waterway section
1917,6893,TRIB OF JACKSONS CREEK,6800,JACKSONS CREEK,MARIBYRNONG RIVER,Maribyrnong,DIV 2 - SOUTHEAST COAST,30 MARIBYRNONG RIVER,1.79,2006-03-20T00:00:00Z,2013,Tributary Of Jacksons Creek,Waterway section
1918,6894,TRIB OF JACKSONS CREEK,6800,JACKSONS CREEK,MARIBYRNONG RIVER,Maribyrnong,DIV 2 - SOUTHEAST COAST,30 MARIBYRNONG RIVER,0.73,2006-03-20T00:00:00Z,2013,Tributary Of Jacksons Creek,Waterway section
1919,6824,HEYSEN DR DRAIN,6800,JACKSONS CREEK,MARIBYRNONG RIVER,Maribyrnong,DIV 2 - SOUTHEAST COAST,30 MARIBYRNONG RIVER,0.74,2006-03-20T00:00:00Z,2013,Heysen Dr Drain,Waterway section
1920,6686,TRIB OF 6685,6600,DEEP CREEK,MARIBYRNONG RIVER,Maribyrnong,DIV 2 - SOUTHEAST COAST,30 MARIBYRNONG RIVER,0.85,2006-03-20T00:00:00Z,2013,Tributary Of 6685,Waterway section
1921,6687,TRIB OF DEEP CREEK,6600,DEEP CREEK,MARIBYRNONG RIVER,Maribyrnong,DIV 2 - SOUTHEAST COAST,30 MARIBYRNONG RIVER,0.95,2006-03-20T00:00:00Z,2013,Tributary Of Deep Creek,Waterway section
1922,6688,TRIB OF DEEP CREEK,6600,DEEP CREEK,MARIBYRNONG RIVER,Maribyrnong,DIV 2 - SOUTHEAST COAST,30 MARIBYRNONG RIVER,3.36,2006-03-20T00:00:00Z,2013,Tributary Of Deep Creek,Waterway section
1923,6772,TRIB OF 6771,6600,DEEP CREEK,MARIBYRNONG RIVER,Maribyrnong,DIV 2 - SOUTHEAST COAST,30 MARIBYRNONG RIVER,0.93,2006-03-20T00:00:00Z,2013,Tributary Of 6771,Waterway section
1924,6773,TRIB OF 6772,6600,DEEP CREEK,MARIBYRNONG RIVER,Maribyrnong,DIV 2 - SOUTHEAST COAST,30 MARIBYRNONG RIVER,0.74,2006-03-20T00:00:00Z,2013,Tributary Of 6772,Waterway section
1925,6816,TRIB OF 6815,6800,JACKSONS CREEK,MARIBYRNONG RIVER,Maribyrnong,DIV 2 - SOUTHEAST COAST,30 MARIBYRNONG RIVER,1.19,2006-03-20T00:00:00Z,2013,Tributary Of 6815,Waterway section
1926,6895,TRIB OF JACKSONS CREEK,6800,JACKSONS CREEK,MARIBYRNONG RIVER,Maribyrnong,DIV 2 - SOUTHEAST COAST,30 MARIBYRNONG RIVER,4.22,2006-03-20T00:00:00Z,2013,Tributary Of Jacksons Creek,Waterway section
1927,6896,TRIB OF 6895,6800,JACKSONS CREEK,MARIBYRNONG RIVER,Maribyrnong,DIV 2 - SOUTHEAST COAST,30 MARIBYRNONG RIVER,1.21,2006-03-20T00:00:00Z,2013,Tributary Of 6895,Waterway section
1928,6897,TRIB OF 6895,6800,JACKSONS CREEK,MARIBYRNONG RIVER,Maribyrnong,DIV 2 - SOUTHEAST COAST,30 MARIBYRNONG RIVER,1.32,2006-03-20T00:00:00Z,2013,Tributary Of 6895,Waterway section
1929,6689,TRIB OF 6688,6600,DEEP CREEK,MARIBYRNONG RIVER,Maribyrnong,DIV 2 - SOUTHEAST COAST,30 MARIBYRNONG RIVER,0.77,2006-03-20T00:00:00Z,2013,Tributary Of 6688,Waterway section
1930,6731,TRIB OF 6730,6600,DEEP CREEK,MARIBYRNONG RIVER,Maribyrnong,DIV 2 - SOUTHEAST COAST,30 MARIBYRNONG RIVER,0.91,2006-03-20T00:00:00Z,2013,Tributary Of 6730,Waterway section
1931,6742,TRIB OF 6739,6600,DEEP CREEK,MARIBYRNONG RIVER,Maribyrnong,DIV 2 - SOUTHEAST COAST,30 MARIBYRNONG RIVER,1.38,2006-03-20T00:00:00Z,2013,Tributary Of 6739,Waterway section
1932,6743,TRIB OF DRY CREEK,6600,DEEP CREEK,MARIBYRNONG RIVER,Maribyrnong,DIV 2 - SOUTHEAST COAST,30 MARIBYRNONG RIVER,2.62,2006-03-20T00:00:00Z,2013,Tributary Of Dry Creek,Waterway section
1933,6859,TRIB OF 6856,6800,JACKSONS CREEK,MARIBYRNONG RIVER,Maribyrnong,DIV 2 - SOUTHEAST COAST,30 MARIBYRNONG RIVER,1.52,2006-03-20T00:00:00Z,2013,Tributary Of 6856,Waterway section
1934,6860,TRIB OF JACKSONS CREEK,6800,JACKSONS CREEK,MARIBYRNONG RIVER,Maribyrnong,DIV 2 - SOUTHEAST COAST,30 MARIBYRNONG RIVER,0.75,2006-03-20T00:00:00Z,2013,Tributary Of Jacksons Creek,Waterway section
1935,6898,TRIB OF 6895,6800,JACKSONS CREEK,MARIBYRNONG RIVER,Maribyrnong,DIV 2 - SOUTHEAST COAST,30 MARIBYRNONG RIVER,1.72,2006-03-20T00:00:00Z,2013,Tributary Of 6895,Waterway section
1936,6899,TRIB OF 6898,6800,JACKSONS CREEK,MARIBYRNONG RIVER,Maribyrnong,DIV 2 - SOUTHEAST COAST,30 MARIBYRNONG RIVER,0.58,2006-03-20T00:00:00Z,2013,Tributary Of 6898,Waterway section
1937,6900,TRIB OF JACKSONS CREEK,6800,JACKSONS CREEK,MARIBYRNONG RIVER,Maribyrnong,DIV 2 - SOUTHEAST COAST,30 MARIBYRNONG RIVER,1.13,2006-03-20T00:00:00Z,2013,Tributary Of Jacksons Creek,Waterway section
1938,6732,TRIB OF DEEP CREEK,6600,DEEP CREEK,MARIBYRNONG RIVER,Maribyrnong,DIV 2 - SOUTHEAST COAST,30 MARIBYRNONG RIVER,1.59,2006-03-20T00:00:00Z,2013,Tributary Of Deep Creek,Waterway section
1939,6763,TRIB OF 6761,6600,DEEP CREEK,MARIBYRNONG RIVER,Maribyrnong,DIV 2 - SOUTHEAST COAST,30 MARIBYRNONG RIVER,0.93,2006-03-20T00:00:00Z,2013,Tributary Of 6761,Waterway section
1940,6764,TRIB OF MONUMENT CREEK,6600,DEEP CREEK,MARIBYRNONG RIVER,Maribyrnong,DIV 2 - SOUTHEAST COAST,30 MARIBYRNONG RIVER,0.74,2006-03-20T00:00:00Z,2013,Tributary Of Monument Creek,Waterway section
1941,6846,TRIB OF 6845,6800,JACKSONS CREEK,MARIBYRNONG RIVER,Maribyrnong,DIV 2 - SOUTHEAST COAST,30 MARIBYRNONG RIVER,1.58,2006-03-20T00:00:00Z,2013,Tributary Of 6845,Waterway section
1942,6847,TRIB OF 6844,6800,JACKSONS CREEK,MARIBYRNONG RIVER,Maribyrnong,DIV 2 - SOUTHEAST COAST,30 MARIBYRNONG RIVER,0.64,2006-03-20T00:00:00Z,2013,Tributary Of 6844,Waterway section
1943,6848,TRIB OF JACKSONS CREEK,6800,JACKSONS CREEK,MARIBYRNONG RIVER,Maribyrnong,DIV 2 - SOUTHEAST COAST,30 MARIBYRNONG RIVER,1.31,2006-03-20T00:00:00Z,2013,Tributary Of Jacksons Creek,Waterway section
1944,6849,TRIB OF JACKSONS CREEK,6800,JACKSONS CREEK,MARIBYRNONG RIVER,Maribyrnong,DIV 2 - SOUTHEAST COAST,30 MARIBYRNONG RIVER,2.4,2006-03-20T00:00:00Z,2013,Tributary Of Jacksons Creek,Waterway section
1945,6850,TRIB OF JACKSONS CREEK,6800,JACKSONS CREEK,MARIBYRNONG RIVER,Maribyrnong,DIV 2 - SOUTHEAST COAST,30 MARIBYRNONG RIVER,1.58,2006-03-20T00:00:00Z,2013,Tributary Of Jacksons Creek,Waterway section
1946,6851,GISBORNE PEAK CREEK,6800,JACKSONS CREEK,MARIBYRNONG RIVER,Maribyrnong,DIV 2 - SOUTHEAST COAST,30 MARIBYRNONG RIVER,5.67,2006-03-20T00:00:00Z,2013,Gisborne Peak Creek,Waterway section
1947,6861,TRIB OF JACKSONS CREEK,6800,JACKSONS CREEK,MARIBYRNONG RIVER,Maribyrnong,DIV 2 - SOUTHEAST COAST,30 MARIBYRNONG RIVER,1.58,2006-03-20T00:00:00Z,2013,Tributary Of Jacksons Creek,Waterway section
1948,6862,TRIB OF JACKSONS CREEK,6800,JACKSONS CREEK,MARIBYRNONG RIVER,Maribyrnong,DIV 2 - SOUTHEAST COAST,30 MARIBYRNONG RIVER,1.31,2006-03-20T00:00:00Z,2013,Tributary Of Jacksons Creek,Waterway section
1949,6863,SLATY CREEK,6800,JACKSONS CREEK,MARIBYRNONG RIVER,Maribyrnong,DIV 2 - SOUTHEAST COAST,30 MARIBYRNONG RIVER,4.97,2006-03-20T00:00:00Z,2013,Slaty Creek,Waterway section
1950,6901,TRIB OF 6829,6800,JACKSONS CREEK,MARIBYRNONG RIVER,Maribyrnong,DIV 2 - SOUTHEAST COAST,30 MARIBYRNONG RIVER,3.56,2006-03-20T00:00:00Z,2013,Tributary Of 6829,Waterway section
1951,6902,TRIB OF LONGVIEW CREEK,6800,JACKSONS CREEK,MARIBYRNONG RIVER,Maribyrnong,DIV 2 - SOUTHEAST COAST,30 MARIBYRNONG RIVER,3.04,2006-03-20T00:00:00Z,2013,Tributary Of Longview Creek,Waterway section
1952,6951,RIDDELLS CREEK,6950,RIDDELLS CREEK,MARIBYRNONG RIVER,Maribyrnong,DIV 2 - SOUTHEAST COAST,30 MARIBYRNONG RIVER,18.71,2006-03-20T00:00:00Z,2013,Riddells Creek,Waterway section
1953,6952,TRIB OF RIDDELLS CREEK,6950,RIDDELLS CREEK,MARIBYRNONG RIVER,Maribyrnong,DIV 2 - SOUTHEAST COAST,30 MARIBYRNONG RIVER,1.9,2006-03-20T00:00:00Z,2013,Tributary Of Riddells Creek,Waterway section
1954,6953,DRY CREEK,6950,RIDDELLS CREEK,MARIBYRNONG RIVER,Maribyrnong,DIV 2 - SOUTHEAST COAST,30 MARIBYRNONG RIVER,4.39,2006-03-20T00:00:00Z,2013,Dry Creek,Waterway section
1955,6954,SANDY CREEK,6950,RIDDELLS CREEK,MARIBYRNONG RIVER,Maribyrnong,DIV 2 - SOUTHEAST COAST,30 MARIBYRNONG RIVER,5.83,2006-03-20T00:00:00Z,2013,Sandy Creek,Waterway section
1956,6955,TRIB OF RIDDELLS CREEK,6950,RIDDELLS CREEK,MARIBYRNONG RIVER,Maribyrnong,DIV 2 - SOUTHEAST COAST,30 MARIBYRNONG RIVER,0.59,2006-03-20T00:00:00Z,2013,Tributary Of Riddells Creek,Waterway section
1957,6956,TRIB OF RIDDELLS CREEK,6950,RIDDELLS CREEK,MARIBYRNONG RIVER,Maribyrnong,DIV 2 - SOUTHEAST COAST,30 MARIBYRNONG RIVER,0.97,2006-03-20T00:00:00Z,2013,Tributary Of Riddells Creek,Waterway section
1958,6825,TRIB OF BLIND CREEK,6800,JACKSONS CREEK,MARIBYRNONG RIVER,Maribyrnong,DIV 2 - SOUTHEAST COAST,30 MARIBYRNONG RIVER,0.78,2006-03-20T00:00:00Z,2013,Tributary Of Blind Creek,Waterway section
1959,6826,TRIB OF BLIND CREEK,6800,JACKSONS CREEK,MARIBYRNONG RIVER,Maribyrnong,DIV 2 - SOUTHEAST COAST,30 MARIBYRNONG RIVER,0.6,2006-03-20T00:00:00Z,2013,Tributary Of Blind Creek,Waterway section
1960,6827,TRIB OF JACKSONS CREEK,6800,JACKSONS CREEK,MARIBYRNONG RIVER,Maribyrnong,DIV 2 - SOUTHEAST COAST,30 MARIBYRNONG RIVER,2.71,2006-03-20T00:00:00Z,2013,Tributary Of Jacksons Creek,Waterway section
1961,6828,TRIB OF JACKSONS CREEK,6800,JACKSONS CREEK,MARIBYRNONG RIVER,Maribyrnong,DIV 2 - SOUTHEAST COAST,30 MARIBYRNONG RIVER,2.28,2006-03-20T00:00:00Z,2013,Tributary Of Jacksons Creek,Waterway section
1962,6829,TRIB OF JACKSONS CREEK,6800,JACKSONS CREEK,MARIBYRNONG RIVER,Maribyrnong,DIV 2 - SOUTHEAST COAST,30 MARIBYRNONG RIVER,6.85,2006-03-20T00:00:00Z,2013,Tributary Of Jacksons Creek,Waterway section
1963,6774,GARDEN HUT CREEK,6600,DEEP CREEK,MARIBYRNONG RIVER,Maribyrnong,DIV 2 - SOUTHEAST COAST,30 MARIBYRNONG RIVER,5.88,2006-03-20T00:00:00Z,2013,Garden Hut Creek,Waterway section
1964,6842,TRIB OF JACKSONS CREEK,6800,JACKSONS CREEK,MARIBYRNONG RIVER,Maribyrnong,DIV 2 - SOUTHEAST COAST,30 MARIBYRNONG RIVER,1.09,2006-03-20T00:00:00Z,2013,Tributary Of Jacksons Creek,Waterway section
1965,6843,TRIB OF JACKSONS CREEK,6800,JACKSONS CREEK,MARIBYRNONG RIVER,Maribyrnong,DIV 2 - SOUTHEAST COAST,30 MARIBYRNONG RIVER,1.16,2006-03-20T00:00:00Z,2013,Tributary Of Jacksons Creek,Waterway section
1966,6864,TRIB OF SLATY CREEK,6800,JACKSONS CREEK,MARIBYRNONG RIVER,Maribyrnong,DIV 2 - SOUTHEAST COAST,30 MARIBYRNONG RIVER,1.27,2006-03-20T00:00:00Z,2013,Tributary Of Slaty Creek,Waterway section
1967,6957,TRIB OF RIDDELLS CREEK,6950,RIDDELLS CREEK,MARIBYRNONG RIVER,Maribyrnong,DIV 2 - SOUTHEAST COAST,30 MARIBYRNONG RIVER,1.22,2006-03-20T00:00:00Z,2013,Tributary Of Riddells Creek,Waterway section
1968,6958,TRIB OF RIDDELLS CREEK,6950,RIDDELLS CREEK,MARIBYRNONG RIVER,Maribyrnong,DIV 2 - SOUTHEAST COAST,30 MARIBYRNONG RIVER,5.14,2006-03-20T00:00:00Z,2013,Tributary Of Riddells Creek,Waterway section
1969,6959,TRIB OF 6958,6950,RIDDELLS CREEK,MARIBYRNONG RIVER,Maribyrnong,DIV 2 - SOUTHEAST COAST,30 MARIBYRNONG RIVER,1.71,2006-03-20T00:00:00Z,2013,Tributary Of 6958,Waterway section
1970,6960,TRIB OF 6959,6950,RIDDELLS CREEK,MARIBYRNONG RIVER,Maribyrnong,DIV 2 - SOUTHEAST COAST,30 MARIBYRNONG RIVER,0.8,2006-03-20T00:00:00Z,2013,Tributary Of 6959,Waterway section
1971,6690,TRIB OF DEEP CREEK,6600,DEEP CREEK,MARIBYRNONG RIVER,Maribyrnong,DIV 2 - SOUTHEAST COAST,30 MARIBYRNONG RIVER,0.73,2006-03-20T00:00:00Z,2013,Tributary Of Deep Creek,Waterway section
1972,6691,TRIB OF DEEP CREEK,6600,DEEP CREEK,MARIBYRNONG RIVER,Maribyrnong,DIV 2 - SOUTHEAST COAST,30 MARIBYRNONG RIVER,1.21,2006-03-20T00:00:00Z,2013,Tributary Of Deep Creek,Waterway section
1973,6744,TRIB OF 6743,6600,DEEP CREEK,MARIBYRNONG RIVER,Maribyrnong,DIV 2 - SOUTHEAST COAST,30 MARIBYRNONG RIVER,0.86,2006-03-20T00:00:00Z,2013,Tributary Of 6743,Waterway section
1974,6775,TRIB OF GARDEN HUT CREEK,6600,DEEP CREEK,MARIBYRNONG RIVER,Maribyrnong,DIV 2 - SOUTHEAST COAST,30 MARIBYRNONG RIVER,0.64,2006-03-20T00:00:00Z,2013,Tributary Of Garden Hut Creek,Waterway section
1975,6776,TRIB OF GARDEN HUT CREEK,6600,DEEP CREEK,MARIBYRNONG RIVER,Maribyrnong,DIV 2 - SOUTHEAST COAST,30 MARIBYRNONG RIVER,2.56,2006-03-20T00:00:00Z,2013,Tributary Of Garden Hut Creek,Waterway section
1976,6865,TRIB OF SLATY CREEK,6800,JACKSONS CREEK,MARIBYRNONG RIVER,Maribyrnong,DIV 2 - SOUTHEAST COAST,30 MARIBYRNONG RIVER,1.31,2006-03-20T00:00:00Z,2013,Tributary Of Slaty Creek,Waterway section
1977,6961,RIDDELLS CREEK M.D.,6950,RIDDELLS CREEK,MARIBYRNONG RIVER,Maribyrnong,DIV 2 - SOUTHEAST COAST,30 MARIBYRNONG RIVER,2.26,2006-03-20T00:00:00Z,2013,Riddells Creek Main Drain.,Melbourne Water main drain
1978,6962,TRIB OF RIDDELLS CREEK,6950,RIDDELLS CREEK,MARIBYRNONG RIVER,Maribyrnong,DIV 2 - SOUTHEAST COAST,30 MARIBYRNONG RIVER,1.25,2006-03-20T00:00:00Z,2013,Tributary Of Riddells Creek,Waterway section
1979,6963,TRIB OF RIDDELLS CREEK,6950,RIDDELLS CREEK,MARIBYRNONG RIVER,Maribyrnong,DIV 2 - SOUTHEAST COAST,30 MARIBYRNONG RIVER,2.49,2006-03-20T00:00:00Z,2013,Tributary Of Riddells Creek,Waterway section
1980,6733,TRIB OF DEEP CREEK,6600,DEEP CREEK,MARIBYRNONG RIVER,Maribyrnong,DIV 2 - SOUTHEAST COAST,30 MARIBYRNONG RIVER,1.22,2006-03-20T00:00:00Z,2013,Tributary Of Deep Creek,Waterway section
1981,6734,TRIB OF DEEP CREEK,6600,DEEP CREEK,MARIBYRNONG RIVER,Maribyrnong,DIV 2 - SOUTHEAST COAST,30 MARIBYRNONG RIVER,1.11,2006-03-20T00:00:00Z,2013,Tributary Of Deep Creek,Waterway section
1982,6736,TRIB OF DRY CREEK,6600,DEEP CREEK,MARIBYRNONG RIVER,Maribyrnong,DIV 2 - SOUTHEAST COAST,30 MARIBYRNONG RIVER,4.58,2006-03-20T00:00:00Z,2013,Tributary Of Dry Creek,Waterway section
1983,6706,TRIB OF 6705,6600,DEEP CREEK,MARIBYRNONG RIVER,Maribyrnong,DIV 2 - SOUTHEAST COAST,30 MARIBYRNONG RIVER,0.83,2006-03-20T00:00:00Z,2013,Tributary Of 6705,Waterway section
1984,6707,TRIB OF 6702,6600,DEEP CREEK,MARIBYRNONG RIVER,Maribyrnong,DIV 2 - SOUTHEAST COAST,30 MARIBYRNONG RIVER,0.9,2006-03-20T00:00:00Z,2013,Tributary Of 6702,Waterway section
1985,6708,TRIB OF 6707,6600,DEEP CREEK,MARIBYRNONG RIVER,Maribyrnong,DIV 2 - SOUTHEAST COAST,30 MARIBYRNONG RIVER,0.89,2006-03-20T00:00:00Z,2013,Tributary Of 6707,Waterway section
1986,6866,TRIB OF SLATY CREEK,6800,JACKSONS CREEK,MARIBYRNONG RIVER,Maribyrnong,DIV 2 - SOUTHEAST COAST,30 MARIBYRNONG RIVER,0.63,2006-03-20T00:00:00Z,2013,Tributary Of Slaty Creek,Waterway section
1987,6964,TRIB OF RIDDELLS CREEK,6950,RIDDELLS CREEK,MARIBYRNONG RIVER,Maribyrnong,DIV 2 - SOUTHEAST COAST,30 MARIBYRNONG RIVER,0.69,2006-03-20T00:00:00Z,2013,Tributary Of Riddells Creek,Waterway section
1988,6965,TRIB OF RIDDELLS CREEK,6950,RIDDELLS CREEK,MARIBYRNONG RIVER,Maribyrnong,DIV 2 - SOUTHEAST COAST,30 MARIBYRNONG RIVER,0.76,2006-03-20T00:00:00Z,2013,Tributary Of Riddells Creek,Waterway section
1989,6966,TRIB OF RIDDELLS CREEK,6950,RIDDELLS CREEK,MARIBYRNONG RIVER,Maribyrnong,DIV 2 - SOUTHEAST COAST,30 MARIBYRNONG RIVER,1.73,2006-03-20T00:00:00Z,2013,Tributary Of Riddells Creek,Waterway section
1990,6765,TRIB OF MONUMENT CREEK,6600,DEEP CREEK,MARIBYRNONG RIVER,Maribyrnong,DIV 2 - SOUTHEAST COAST,30 MARIBYRNONG RIVER,1.01,2006-03-20T00:00:00Z,2013,Tributary Of Monument Creek,Waterway section
1991,6766,TRIB OF MONUMENT CREEK,6600,DEEP CREEK,MARIBYRNONG RIVER,Maribyrnong,DIV 2 - SOUTHEAST COAST,30 MARIBYRNONG RIVER,1.09,2006-03-20T00:00:00Z,2013,Tributary Of Monument Creek,Waterway section
1992,6767,TRIB OF 6766,6600,DEEP CREEK,MARIBYRNONG RIVER,Maribyrnong,DIV 2 - SOUTHEAST COAST,30 MARIBYRNONG RIVER,0.85,2006-03-20T00:00:00Z,2013,Tributary Of 6766,Waterway section
1993,6768,TRIB OF MONUMENT CREEK,6600,DEEP CREEK,MARIBYRNONG RIVER,Maribyrnong,DIV 2 - SOUTHEAST COAST,30 MARIBYRNONG RIVER,2.43,2006-03-20T00:00:00Z,2013,Tributary Of Monument Creek,Waterway section
1994,6136,TRIB OF 6131,4600,PLENTY RIVER,YARRA RIVER,Yarra,DIV 2 - SOUTHEAST COAST,29 YARRA RIVER,1.32,2002-11-14T00:00:00Z,2013,Tributary Of 6131,Waterway section
1995,6192,TRIB OF O'SHANNASSY RIVER WEST,4400,YARRA RIVER MAIN STREAM,YARRA RIVER,Yarra,DIV 2 - SOUTHEAST COAST,29 YARRA RIVER,4.13,2002-11-14T00:00:00Z,2013,Tributary Of O'shannassy River West,Waterway section
1996,6193,TRIB OF O'SHANNASSY RIVER WEST,4400,YARRA RIVER MAIN STREAM,YARRA RIVER,Yarra,DIV 2 - SOUTHEAST COAST,29 YARRA RIVER,0.88,2002-11-14T00:00:00Z,2013,Tributary Of O'shannassy River West,Waterway section
1997,6194,TRIB OF O'SHANNASSY RIVER WEST,4400,YARRA RIVER MAIN STREAM,YARRA RIVER,Yarra,DIV 2 - SOUTHEAST COAST,29 YARRA RIVER,1.21,2003-11-21T00:00:00Z,2013,Tributary Of O'shannassy River West,Waterway section
1998,6195,TRIB OF O'SHANNASSY RIVER WEST,4400,YARRA RIVER MAIN STREAM,YARRA RIVER,Yarra,DIV 2 - SOUTHEAST COAST,29 YARRA RIVER,0.71,2003-11-21T00:00:00Z,2013,Tributary Of O'shannassy River West,Waterway section
1999,6867,TRIB OF SLATY CREEK,6800,JACKSONS CREEK,MARIBYRNONG RIVER,Maribyrnong,DIV 2 - SOUTHEAST COAST,30 MARIBYRNONG RIVER,1.13,2006-03-20T00:00:00Z,2013,Tributary Of Slaty Creek,Waterway section
2000,6868,TRIB OF SLATY CREEK,6800,JACKSONS CREEK,MARIBYRNONG RIVER,Maribyrnong,DIV 2 - SOUTHEAST COAST,30 MARIBYRNONG RIVER,1.32,2006-03-20T00:00:00Z,2013,Tributary Of Slaty Creek,Waterway section
2001,6967,TRIB OF 6966,6950,RIDDELLS CREEK,MARIBYRNONG RIVER,Maribyrnong,DIV 2 - SOUTHEAST COAST,30 MARIBYRNONG RIVER,0.99,2006-03-20T00:00:00Z,2013,Tributary Of 6966,Waterway section
2002,6676,TRIB OF DEEP CREEK,6600,DEEP CREEK,MARIBYRNONG RIVER,Maribyrnong,DIV 2 - SOUTHEAST COAST,30 MARIBYRNONG RIVER,1.45,2006-03-20T00:00:00Z,2013,Tributary Of Deep Creek,Waterway section
2003,6830,TRIB OF JACKSONS CREEK,6800,JACKSONS CREEK,MARIBYRNONG RIVER,Maribyrnong,DIV 2 - SOUTHEAST COAST,30 MARIBYRNONG RIVER,1.12,2006-03-20T00:00:00Z,2013,Tributary Of Jacksons Creek,Waterway section
2004,6831,TRIB OF JACKSONS CREEK,6800,JACKSONS CREEK,MARIBYRNONG RIVER,Maribyrnong,DIV 2 - SOUTHEAST COAST,30 MARIBYRNONG RIVER,0.69,2006-03-20T00:00:00Z,2013,Tributary Of Jacksons Creek,Waterway section
2005,6196,TRIB OF O'SHANNASSY RIVER WEST,4400,YARRA RIVER MAIN STREAM,YARRA RIVER,Yarra,DIV 2 - SOUTHEAST COAST,29 YARRA RIVER,2.2,2003-11-05T00:00:00Z,2013,Tributary Of O'shannassy River West,Waterway section
2006,6137,TRIB OF 6131,4600,PLENTY RIVER,YARRA RIVER,Yarra,DIV 2 - SOUTHEAST COAST,29 YARRA RIVER,1.26,2003-11-28T00:00:00Z,2013,Tributary Of 6131,Waterway section
2007,6138,TRIB OF DESMOND CREEK,5720,WOORI YALLOCK CREEK,YARRA RIVER,Yarra,DIV 2 - SOUTHEAST COAST,29 YARRA RIVER,1.97,2003-09-10T00:00:00Z,2013,Tributary Of Desmond Creek,Waterway section
2008,6869,TRIB OF SLATY CREEK,6800,JACKSONS CREEK,MARIBYRNONG RIVER,Maribyrnong,DIV 2 - SOUTHEAST COAST,30 MARIBYRNONG RIVER,4.3,2006-03-20T00:00:00Z,2013,Tributary Of Slaty Creek,Waterway section
2009,6870,TRIB OF 6869,6800,JACKSONS CREEK,MARIBYRNONG RIVER,Maribyrnong,DIV 2 - SOUTHEAST COAST,30 MARIBYRNONG RIVER,0.66,2006-03-20T00:00:00Z,2013,Tributary Of 6869,Waterway section
2010,6677,TRIB OF DEEP CREEK,6600,DEEP CREEK,MARIBYRNONG RIVER,Maribyrnong,DIV 2 - SOUTHEAST COAST,30 MARIBYRNONG RIVER,1.03,2006-03-20T00:00:00Z,2013,Tributary Of Deep Creek,Waterway section
2011,6678,TRIB OF DEEP CREEK,6600,DEEP CREEK,MARIBYRNONG RIVER,Maribyrnong,DIV 2 - SOUTHEAST COAST,30 MARIBYRNONG RIVER,4.23,2006-03-20T00:00:00Z,2013,Tributary Of Deep Creek,Waterway section
2012,6722,TRIB OF 6721,6600,DEEP CREEK,MARIBYRNONG RIVER,Maribyrnong,DIV 2 - SOUTHEAST COAST,30 MARIBYRNONG RIVER,0.89,2006-03-20T00:00:00Z,2013,Tributary Of 6721,Waterway section
2013,6692,TRIB OF DEEP CREEK,6600,DEEP CREEK,MARIBYRNONG RIVER,Maribyrnong,DIV 2 - SOUTHEAST COAST,30 MARIBYRNONG RIVER,1.46,2006-03-20T00:00:00Z,2013,Tributary Of Deep Creek,Waterway section
2014,6693,TRIB OF DEEP CREEK,6600,DEEP CREEK,MARIBYRNONG RIVER,Maribyrnong,DIV 2 - SOUTHEAST COAST,30 MARIBYRNONG RIVER,0.73,2006-03-20T00:00:00Z,2013,Tributary Of Deep Creek,Waterway section
2015,6694,TRIB OF DEEP CREEK,6600,DEEP CREEK,MARIBYRNONG RIVER,Maribyrnong,DIV 2 - SOUTHEAST COAST,30 MARIBYRNONG RIVER,2.62,2006-03-20T00:00:00Z,2013,Tributary Of Deep Creek,Waterway section
2016,6139,TRIB OF TI-TREE CREEK,5720,WOORI YALLOCK CREEK,YARRA RIVER,Yarra,DIV 2 - SOUTHEAST COAST,29 YARRA RIVER,0.92,2003-11-28T00:00:00Z,2013,Tributary Of Ti-Tree Creek,Waterway section
2017,6140,TRIB OF TI-TREE CREEK,5720,WOORI YALLOCK CREEK,YARRA RIVER,Yarra,DIV 2 - SOUTHEAST COAST,29 YARRA RIVER,1.4,2003-09-11T00:00:00Z,2013,Tributary Of Ti-Tree Creek,Waterway section
2018,6199,TRIB OF 6196,4400,YARRA RIVER MAIN STREAM,YARRA RIVER,Yarra,DIV 2 - SOUTHEAST COAST,29 YARRA RIVER,1.57,2003-11-05T00:00:00Z,2013,Tributary Of 6196,Waterway section
2019,6200,ARTHURS CREEK,4640,DIAMOND CREEK,YARRA RIVER,Yarra,DIV 2 - SOUTHEAST COAST,29 YARRA RIVER,21.22,2003-08-21T00:00:00Z,2013,Arthurs Creek,Waterway section
2020,6201,HALEYS GULLY RD DRAIN,4640,DIAMOND CREEK,YARRA RIVER,Yarra,DIV 2 - SOUTHEAST COAST,29 YARRA RIVER,1.3,2002-10-22T00:00:00Z,2013,Haleys Gully Rd Drain,Waterway section
2021,6202,TRIB OF ARTHURS CREEK,4640,DIAMOND CREEK,YARRA RIVER,Yarra,DIV 2 - SOUTHEAST COAST,29 YARRA RIVER,0.71,2002-10-22T00:00:00Z,2013,Tributary Of Arthurs Creek,Waterway section
2022,6203,TRIB OF ARTHURS CREEK,4640,DIAMOND CREEK,YARRA RIVER,Yarra,DIV 2 - SOUTHEAST COAST,29 YARRA RIVER,1.17,2002-10-22T00:00:00Z,2013,Tributary Of Arthurs Creek,Waterway section
2023,6204,DOCTORS GULLY RD DRAIN,4640,DIAMOND CREEK,YARRA RIVER,Yarra,DIV 2 - SOUTHEAST COAST,29 YARRA RIVER,4.66,2002-11-01T00:00:00Z,2013,Doctors Gully Rd Drain,Waterway section
2024,6205,DOCTORS GULLY SOUTH BRANCH,4640,DIAMOND CREEK,YARRA RIVER,Yarra,DIV 2 - SOUTHEAST COAST,29 YARRA RIVER,0.82,2002-10-22T00:00:00Z,2013,Doctors Gully South Branch,Waterway section
2025,6871,TRIB OF 6869,6800,JACKSONS CREEK,MARIBYRNONG RIVER,Maribyrnong,DIV 2 - SOUTHEAST COAST,30 MARIBYRNONG RIVER,1.53,2006-03-20T00:00:00Z,2013,Tributary Of 6869,Waterway section
2026,6872,GISBORNE CREEK,6800,JACKSONS CREEK,MARIBYRNONG RIVER,Maribyrnong,DIV 2 - SOUTHEAST COAST,30 MARIBYRNONG RIVER,7.82,2006-03-20T00:00:00Z,2013,Gisborne Creek,Waterway section
2027,6723,TRIB OF DEEP CREEK,6600,DEEP CREEK,MARIBYRNONG RIVER,Maribyrnong,DIV 2 - SOUTHEAST COAST,30 MARIBYRNONG RIVER,0.88,2006-03-20T00:00:00Z,2013,Tributary Of Deep Creek,Waterway section
2028,6724,TRIB OF DEEP CREEK,6600,DEEP CREEK,MARIBYRNONG RIVER,Maribyrnong,DIV 2 - SOUTHEAST COAST,30 MARIBYRNONG RIVER,3.55,2006-03-20T00:00:00Z,2013,Tributary Of Deep Creek,Waterway section
2029,6757,TRIB OF DRY CREEK,6600,DEEP CREEK,MARIBYRNONG RIVER,Maribyrnong,DIV 2 - SOUTHEAST COAST,30 MARIBYRNONG RIVER,2.48,2006-03-20T00:00:00Z,2013,Tributary Of Dry Creek,Waterway section
2030,6737,TRIB OF DRY CREEK,6600,DEEP CREEK,MARIBYRNONG RIVER,Maribyrnong,DIV 2 - SOUTHEAST COAST,30 MARIBYRNONG RIVER,0.72,2006-03-20T00:00:00Z,2013,Tributary Of Dry Creek,Waterway section
2031,6738,TRIB OF DRY CREEK,6600,DEEP CREEK,MARIBYRNONG RIVER,Maribyrnong,DIV 2 - SOUTHEAST COAST,30 MARIBYRNONG RIVER,2.22,2006-03-20T00:00:00Z,2013,Tributary Of Dry Creek,Waterway section
2032,6739,TRIB OF DRY CREEK,6600,DEEP CREEK,MARIBYRNONG RIVER,Maribyrnong,DIV 2 - SOUTHEAST COAST,30 MARIBYRNONG RIVER,7.58,2006-03-20T00:00:00Z,2013,Tributary Of Dry Creek,Waterway section
2033,6740,TRIB OF 6739,6600,DEEP CREEK,MARIBYRNONG RIVER,Maribyrnong,DIV 2 - SOUTHEAST COAST,30 MARIBYRNONG RIVER,0.9,2006-03-20T00:00:00Z,2013,Tributary Of 6739,Waterway section
2034,6206,TRIB OF DOCTORS GULLY RD,4640,DIAMOND CREEK,YARRA RIVER,Yarra,DIV 2 - SOUTHEAST COAST,29 YARRA RIVER,2,2002-10-22T00:00:00Z,2013,Tributary Of Doctors Gully Rd,Waterway section
2035,6210,STEWART GULLY SOUTH BRANCH,4640,DIAMOND CREEK,YARRA RIVER,Yarra,DIV 2 - SOUTHEAST COAST,29 YARRA RIVER,7.82,2002-11-01T00:00:00Z,2013,Stewart Gully South Branch,Waterway section
2036,6211,MIDDLE HUT RD GULLY,4640,DIAMOND CREEK,YARRA RIVER,Yarra,DIV 2 - SOUTHEAST COAST,29 YARRA RIVER,1.95,2002-10-22T00:00:00Z,2013,Middle Hut Rd Gully,Waterway section
2037,6212,TRIB OF STEWART PONDS,4640,DIAMOND CREEK,YARRA RIVER,Yarra,DIV 2 - SOUTHEAST COAST,29 YARRA RIVER,0.94,2002-10-22T00:00:00Z,2013,Tributary Of Stewart Ponds,Waterway section
2038,6213,TRIB OF STEWART PONDS,4640,DIAMOND CREEK,YARRA RIVER,Yarra,DIV 2 - SOUTHEAST COAST,29 YARRA RIVER,1.01,2002-10-22T00:00:00Z,2013,Tributary Of Stewart Ponds,Waterway section
2039,6141,TRIB OF BOB MANN CREEK,5720,WOORI YALLOCK CREEK,YARRA RIVER,Yarra,DIV 2 - SOUTHEAST COAST,29 YARRA RIVER,1.91,2003-09-10T00:00:00Z,2013,Tributary Of Bob Mann Creek,Waterway section
2040,6142,TRIB OF AVONSLEIGH CREEK,5720,WOORI YALLOCK CREEK,YARRA RIVER,Yarra,DIV 2 - SOUTHEAST COAST,29 YARRA RIVER,0.97,2002-11-14T00:00:00Z,2013,Tributary Of Avonsleigh Creek,Waterway section
2041,6143,TRIB OF COCKATOO CREEK,5720,WOORI YALLOCK CREEK,YARRA RIVER,Yarra,DIV 2 - SOUTHEAST COAST,29 YARRA RIVER,1.09,2002-11-14T00:00:00Z,2013,Tributary Of Cockatoo Creek,Waterway section
2042,6144,TRIB OF COCKATOO CREEK,5720,WOORI YALLOCK CREEK,YARRA RIVER,Yarra,DIV 2 - SOUTHEAST COAST,29 YARRA RIVER,1.04,2002-11-14T00:00:00Z,2013,Tributary Of Cockatoo Creek,Waterway section
2043,6873,TRIB OF GISBORNE CREEK,6800,JACKSONS CREEK,MARIBYRNONG RIVER,Maribyrnong,DIV 2 - SOUTHEAST COAST,30 MARIBYRNONG RIVER,1.21,2006-03-20T00:00:00Z,2013,Tributary Of Gisborne Creek,Waterway section
2044,6874,TRIB OF GISBORNE CREEK,6800,JACKSONS CREEK,MARIBYRNONG RIVER,Maribyrnong,DIV 2 - SOUTHEAST COAST,30 MARIBYRNONG RIVER,0.66,2006-03-20T00:00:00Z,2013,Tributary Of Gisborne Creek,Waterway section
2045,6875,TRIB OF GISBORNE CREEK,6800,JACKSONS CREEK,MARIBYRNONG RIVER,Maribyrnong,DIV 2 - SOUTHEAST COAST,30 MARIBYRNONG RIVER,1.45,2006-03-20T00:00:00Z,2013,Tributary Of Gisborne Creek,Waterway section
2046,6758,TRIB OF DRY CREEK,6600,DEEP CREEK,MARIBYRNONG RIVER,Maribyrnong,DIV 2 - SOUTHEAST COAST,30 MARIBYRNONG RIVER,1.35,2006-03-20T00:00:00Z,2013,Tributary Of Dry Creek,Waterway section
2047,6769,TRIB OF DEEP CREEK,6600,DEEP CREEK,MARIBYRNONG RIVER,Maribyrnong,DIV 2 - SOUTHEAST COAST,30 MARIBYRNONG RIVER,1.78,2006-03-20T00:00:00Z,2013,Tributary Of Deep Creek,Waterway section
2048,6770,TRIB OF DEEP CREEK,6600,DEEP CREEK,MARIBYRNONG RIVER,Maribyrnong,DIV 2 - SOUTHEAST COAST,30 MARIBYRNONG RIVER,0.35,2006-03-20T00:00:00Z,2013,Tributary Of Deep Creek,Waterway section
2049,6771,TRIB OF DEEP CREEK,6600,DEEP CREEK,MARIBYRNONG RIVER,Maribyrnong,DIV 2 - SOUTHEAST COAST,30 MARIBYRNONG RIVER,2.13,2006-03-20T00:00:00Z,2013,Tributary Of Deep Creek,Waterway section
2050,5818,THE BARRIER CREEK,5810,LITTLE YARRA RIVER,YARRA RIVER,Yarra,DIV 2 - SOUTHEAST COAST,29 YARRA RIVER,3.13,2003-09-12T00:00:00Z,2013,The Barrier Creek,Waterway section
2051,5864,O'SHANNASSY RIVER WEST BRANCH,4400,YARRA RIVER MAIN STREAM,YARRA RIVER,Yarra,DIV 2 - SOUTHEAST COAST,29 YARRA RIVER,11.16,2003-11-05T00:00:00Z,2013,O'shannassy River West Branch,Waterway section
2052,5865,TRIB OF YARRA CREEK,4400,YARRA RIVER MAIN STREAM,YARRA RIVER,Yarra,DIV 2 - SOUTHEAST COAST,29 YARRA RIVER,1.47,2003-11-19T00:00:00Z,2013,Tributary Of Yarra Creek,Waterway section
2053,6243,TRIB OF RUNNING CREEK,4640,DIAMOND CREEK,YARRA RIVER,Yarra,DIV 2 - SOUTHEAST COAST,29 YARRA RIVER,0.99,2002-10-22T00:00:00Z,2013,Tributary Of Running Creek,Waterway section
2054,6244,TRIB OF RUNNING CREEK,4640,DIAMOND CREEK,YARRA RIVER,Yarra,DIV 2 - SOUTHEAST COAST,29 YARRA RIVER,1.41,2002-10-22T00:00:00Z,2013,Tributary Of Running Creek,Waterway section
2055,6251,TRIB OF ARTHURS CREEK,4640,DIAMOND CREEK,YARRA RIVER,Yarra,DIV 2 - SOUTHEAST COAST,29 YARRA RIVER,1.21,2002-10-22T00:00:00Z,2013,Tributary Of Arthurs Creek,Waterway section
2056,6252,TRIB OF ARTHURS CREEK,4640,DIAMOND CREEK,YARRA RIVER,Yarra,DIV 2 - SOUTHEAST COAST,29 YARRA RIVER,0.99,2002-10-22T00:00:00Z,2013,Tributary Of Arthurs Creek,Waterway section
2057,6253,TRIB OF ARTHURS CREEK,4640,DIAMOND CREEK,YARRA RIVER,Yarra,DIV 2 - SOUTHEAST COAST,29 YARRA RIVER,2.09,2002-10-22T00:00:00Z,2013,Tributary Of Arthurs Creek,Waterway section
2058,6254,TRIB OF 6253,4640,DIAMOND CREEK,YARRA RIVER,Yarra,DIV 2 - SOUTHEAST COAST,29 YARRA RIVER,0.91,2002-10-22T00:00:00Z,2013,Tributary Of 6253,Waterway section
2059,6255,TRIB OF ARTHURS CREEK,4640,DIAMOND CREEK,YARRA RIVER,Yarra,DIV 2 - SOUTHEAST COAST,29 YARRA RIVER,2.09,2002-10-22T00:00:00Z,2013,Tributary Of Arthurs Creek,Waterway section
2060,6331,BLACK CALF CREEK,4640,DIAMOND CREEK,YARRA RIVER,Yarra,DIV 2 - SOUTHEAST COAST,29 YARRA RIVER,3.6,2003-08-26T00:00:00Z,2013,Black Calf Creek,Waterway section
2061,6332,BROAD GULLY DRAIN,4640,DIAMOND CREEK,YARRA RIVER,Yarra,DIV 2 - SOUTHEAST COAST,29 YARRA RIVER,3.65,2003-08-26T00:00:00Z,2013,Broad Gully Drain,Waterway section
2062,6333,TRIB OF BROAD GULLY DRAIN,4640,DIAMOND CREEK,YARRA RIVER,Yarra,DIV 2 - SOUTHEAST COAST,29 YARRA RIVER,0.82,2003-08-26T00:00:00Z,2013,Tributary Of Broad Gully Drain,Waterway section
2063,5847,JOHNSON CREEK,4400,YARRA RIVER MAIN STREAM,YARRA RIVER,Yarra,DIV 2 - SOUTHEAST COAST,29 YARRA RIVER,1.23,2003-11-17T00:00:00Z,2013,Johnson Creek,Waterway section
2064,5848,COLLAS CREEK,4400,YARRA RIVER MAIN STREAM,YARRA RIVER,Yarra,DIV 2 - SOUTHEAST COAST,29 YARRA RIVER,0.9,2003-11-18T00:00:00Z,2013,Collas Creek,Waterway section
2065,5849,SMYTH CREEK,4400,YARRA RIVER MAIN STREAM,YARRA RIVER,Yarra,DIV 2 - SOUTHEAST COAST,29 YARRA RIVER,5.79,2003-11-17T00:00:00Z,2013,Smyth Creek,Waterway section
2066,5896,BIG BILL CREEK,4400,YARRA RIVER MAIN STREAM,YARRA RIVER,Yarra,DIV 2 - SOUTHEAST COAST,29 YARRA RIVER,3.13,2003-11-10T00:00:00Z,2013,Big Bill Creek,Waterway section
2067,5866,TRIB OF YARRA CREEK,4400,YARRA RIVER MAIN STREAM,YARRA RIVER,Yarra,DIV 2 - SOUTHEAST COAST,29 YARRA RIVER,0.9,2003-11-17T00:00:00Z,2013,Tributary Of Yarra Creek,Waterway section
2068,5867,DEEP CREEK,4400,YARRA RIVER MAIN STREAM,YARRA RIVER,Yarra,DIV 2 - SOUTHEAST COAST,29 YARRA RIVER,9.12,2003-11-07T00:00:00Z,2013,Deep Creek,Waterway section
2069,5913,TRIB OF PAUL CREEK,5660,PAUL CREEK,YARRA RIVER,Yarra,DIV 2 - SOUTHEAST COAST,29 YARRA RIVER,1.14,2003-08-29T00:00:00Z,2013,Tributary Of Paul Creek,Waterway section
2070,5914,TRIB OF PAUL CREEK,5660,PAUL CREEK,YARRA RIVER,Yarra,DIV 2 - SOUTHEAST COAST,29 YARRA RIVER,1.14,2003-08-29T00:00:00Z,2013,Tributary Of Paul Creek,Waterway section
2071,5915,TRIB OF PAUL CREEK,5660,PAUL CREEK,YARRA RIVER,Yarra,DIV 2 - SOUTHEAST COAST,29 YARRA RIVER,1.19,2003-08-29T00:00:00Z,2013,Tributary Of Paul Creek,Waterway section
2072,6256,TRIB OF ARTHURS CREEK,4640,DIAMOND CREEK,YARRA RIVER,Yarra,DIV 2 - SOUTHEAST COAST,29 YARRA RIVER,1.85,2002-10-22T00:00:00Z,2013,Tributary Of Arthurs Creek,Waterway section
2073,6257,TRIB OF 6256,4640,DIAMOND CREEK,YARRA RIVER,Yarra,DIV 2 - SOUTHEAST COAST,29 YARRA RIVER,0.81,2002-10-22T00:00:00Z,2013,Tributary Of 6256,Waterway section
2074,6258,TRIB OF ARTHURS CREEK,4640,DIAMOND CREEK,YARRA RIVER,Yarra,DIV 2 - SOUTHEAST COAST,29 YARRA RIVER,1.07,2002-10-22T00:00:00Z,2013,Tributary Of Arthurs Creek,Waterway section
2075,6259,TRIB OF ARTHURS CREEK,4640,DIAMOND CREEK,YARRA RIVER,Yarra,DIV 2 - SOUTHEAST COAST,29 YARRA RIVER,0.71,2002-10-22T00:00:00Z,2013,Tributary Of Arthurs Creek,Waterway section
2076,6271,TRIB OF ARTHURS CREEK,4640,DIAMOND CREEK,YARRA RIVER,Yarra,DIV 2 - SOUTHEAST COAST,29 YARRA RIVER,1.14,2002-11-14T00:00:00Z,2013,Tributary Of Arthurs Creek,Waterway section
2077,6272,TRIB OF ARTHURS CREEK,4640,DIAMOND CREEK,YARRA RIVER,Yarra,DIV 2 - SOUTHEAST COAST,29 YARRA RIVER,2.82,2002-11-14T00:00:00Z,2013,Tributary Of Arthurs Creek,Waterway section
2078,6273,TRIB OF ARTHURS CREEK,4640,DIAMOND CREEK,YARRA RIVER,Yarra,DIV 2 - SOUTHEAST COAST,29 YARRA RIVER,0.58,2003-08-26T00:00:00Z,2013,Tributary Of Arthurs Creek,Waterway section
2079,6158,TRIB OF TOMAHAWK CREEK,5720,WOORI YALLOCK CREEK,YARRA RIVER,Yarra,DIV 2 - SOUTHEAST COAST,29 YARRA RIVER,1.07,2003-09-10T00:00:00Z,2013,Tributary Of Tomahawk Creek,Waterway section
2080,6159,TRIB OF MCCRAE CREEK,5720,WOORI YALLOCK CREEK,YARRA RIVER,Yarra,DIV 2 - SOUTHEAST COAST,29 YARRA RIVER,1.78,2002-11-14T00:00:00Z,2013,Tributary Of Mccrae Creek,Waterway section
2081,6160,TRIB OF HANSEN CREEK,5720,WOORI YALLOCK CREEK,YARRA RIVER,Yarra,DIV 2 - SOUTHEAST COAST,29 YARRA RIVER,1.82,2003-09-10T00:00:00Z,2013,Tributary Of Hansen Creek,Waterway section
2082,6161,TRIB OF HANSEN CREEK,5720,WOORI YALLOCK CREEK,YARRA RIVER,Yarra,DIV 2 - SOUTHEAST COAST,29 YARRA RIVER,1.91,2003-09-10T00:00:00Z,2013,Tributary Of Hansen Creek,Waterway section
2083,5897,LITTLE YANKEE JIM CREEK,4400,YARRA RIVER MAIN STREAM,YARRA RIVER,Yarra,DIV 2 - SOUTHEAST COAST,29 YARRA RIVER,3.49,2003-11-14T00:00:00Z,2013,Little Yankee Jim Creek,Waterway section
2084,5898,TRIB OF YARRA CREEK,4400,YARRA RIVER MAIN STREAM,YARRA RIVER,Yarra,DIV 2 - SOUTHEAST COAST,29 YARRA RIVER,0.83,2003-11-17T00:00:00Z,2013,Tributary Of Yarra Creek,Waterway section
2085,5901,TRIB OF 5899,4420,MERRI CREEK,YARRA RIVER,Yarra,DIV 2 - SOUTHEAST COAST,29 YARRA RIVER,1.76,2003-08-12T00:00:00Z,2013,Tributary Of 5899,Waterway section
2086,5767,BOB MANN CREEK,5720,WOORI YALLOCK CREEK,YARRA RIVER,Yarra,DIV 2 - SOUTHEAST COAST,29 YARRA RIVER,1.21,2003-09-10T00:00:00Z,2013,Bob Mann Creek,Waterway section
2087,5768,EMERALD CREEK,5720,WOORI YALLOCK CREEK,YARRA RIVER,Yarra,DIV 2 - SOUTHEAST COAST,29 YARRA RIVER,7.21,2003-09-11T00:00:00Z,2013,Emerald Creek,Waterway section
2088,5769,NATHANIA SPRINGS CREEK,5720,WOORI YALLOCK CREEK,YARRA RIVER,Yarra,DIV 2 - SOUTHEAST COAST,29 YARRA RIVER,1.15,2003-09-10T00:00:00Z,2013,Nathania Springs Creek,Waterway section
2089,5771,TRIB OF YARRA CREEK,4400,YARRA RIVER MAIN STREAM,YARRA RIVER,Yarra,DIV 2 - SOUTHEAST COAST,29 YARRA RIVER,2.91,2003-10-09T00:00:00Z,2013,Tributary Of Yarra Creek,Waterway section
2090,6274,TRIB OF ARTHURS CREEK,4640,DIAMOND CREEK,YARRA RIVER,Yarra,DIV 2 - SOUTHEAST COAST,29 YARRA RIVER,0.8,2003-08-26T00:00:00Z,2013,Tributary Of Arthurs Creek,Waterway section
2091,6276,TRIB OF GREENS RD GULLY,4640,DIAMOND CREEK,YARRA RIVER,Yarra,DIV 2 - SOUTHEAST COAST,29 YARRA RIVER,0.76,2003-08-26T00:00:00Z,2013,Tributary Of Greens Rd Gully,Waterway section
2092,6163,TRIB OF 6162,5810,LITTLE YARRA RIVER,YARRA RIVER,Yarra,DIV 2 - SOUTHEAST COAST,29 YARRA RIVER,2.83,2003-09-12T00:00:00Z,2013,Tributary Of 6162,Waterway section
2093,6164,TRIB OF LT YARRA RIVER,5810,LITTLE YARRA RIVER,YARRA RIVER,Yarra,DIV 2 - SOUTHEAST COAST,29 YARRA RIVER,1.01,2003-09-12T00:00:00Z,2013,Tributary Of Lt Yarra River,Waterway section
2094,6165,TRIB OF LT YARRA RIVER,5810,LITTLE YARRA RIVER,YARRA RIVER,Yarra,DIV 2 - SOUTHEAST COAST,29 YARRA RIVER,0.82,2003-09-12T00:00:00Z,2013,Tributary Of Lt Yarra River,Waterway section
2095,6166,TRIB OF LT YARRA RIVER,5810,LITTLE YARRA RIVER,YARRA RIVER,Yarra,DIV 2 - SOUTHEAST COAST,29 YARRA RIVER,0.75,2003-09-12T00:00:00Z,2013,Tributary Of Lt Yarra River,Waterway section
2096,6167,TRIB OF LT YARRA RIVER,5810,LITTLE YARRA RIVER,YARRA RIVER,Yarra,DIV 2 - SOUTHEAST COAST,29 YARRA RIVER,0.73,2003-09-12T00:00:00Z,2013,Tributary Of Lt Yarra River,Waterway section
2097,5753,SHEPHERD CREEK EAST BRANCH,5720,WOORI YALLOCK CREEK,YARRA RIVER,Yarra,DIV 2 - SOUTHEAST COAST,29 YARRA RIVER,5.94,2003-09-11T00:00:00Z,2013,Shepherd Creek East Branch,Waterway section
2098,5754,SHEPHERD CREEK WEST BRANCH,5720,WOORI YALLOCK CREEK,YARRA RIVER,Yarra,DIV 2 - SOUTHEAST COAST,29 YARRA RIVER,7,2003-09-11T00:00:00Z,2013,Shepherd Creek West Branch,Waterway section
2099,5819,SLATY CREEK,5810,LITTLE YARRA RIVER,YARRA RIVER,Yarra,DIV 2 - SOUTHEAST COAST,29 YARRA RIVER,7.69,2003-09-12T00:00:00Z,2013,Slaty Creek,Waterway section
2100,5820,CONDON CREEK,5810,LITTLE YARRA RIVER,YARRA RIVER,Yarra,DIV 2 - SOUTHEAST COAST,29 YARRA RIVER,1.14,2003-09-12T00:00:00Z,2013,Condon Creek,Waterway section
2101,5821,FIR TREE CREEK,5810,LITTLE YARRA RIVER,YARRA RIVER,Yarra,DIV 2 - SOUTHEAST COAST,29 YARRA RIVER,2.39,2003-09-12T00:00:00Z,2013,Fir Tree Creek,Waterway section
2102,6277,TRIB OF GREENS RD GULLY,4640,DIAMOND CREEK,YARRA RIVER,Yarra,DIV 2 - SOUTHEAST COAST,29 YARRA RIVER,0.79,2003-08-26T00:00:00Z,2013,Tributary Of Greens Rd Gully,Waterway section
2103,6278,TRIB OF ARTHURS CREEK,4640,DIAMOND CREEK,YARRA RIVER,Yarra,DIV 2 - SOUTHEAST COAST,29 YARRA RIVER,0.82,2003-08-26T00:00:00Z,2013,Tributary Of Arthurs Creek,Waterway section
2104,6279,TRIB OF 6278,4640,DIAMOND CREEK,YARRA RIVER,Yarra,DIV 2 - SOUTHEAST COAST,29 YARRA RIVER,0.61,2003-08-26T00:00:00Z,2013,Tributary Of 6278,Waterway section
2105,6168,TRIB OF LT YARRA RIVER,5810,LITTLE YARRA RIVER,YARRA RIVER,Yarra,DIV 2 - SOUTHEAST COAST,29 YARRA RIVER,1.01,2003-09-12T00:00:00Z,2013,Tributary Of Lt Yarra River,Waterway section
2106,6169,TRIB OF HACKETT CREEK,5810,LITTLE YARRA RIVER,YARRA RIVER,Yarra,DIV 2 - SOUTHEAST COAST,29 YARRA RIVER,1.06,2003-09-17T00:00:00Z,2013,Tributary Of Hackett Creek,Waterway section
2107,6170,TRIB OF BLAND SAND CREEK,5810,LITTLE YARRA RIVER,YARRA RIVER,Yarra,DIV 2 - SOUTHEAST COAST,29 YARRA RIVER,1.15,2003-11-28T00:00:00Z,2013,Tributary Of Bland Sand Creek,Waterway section
2108,6172,TRIB OF MENZIES CREEK,5720,WOORI YALLOCK CREEK,YARRA RIVER,Yarra,DIV 2 - SOUTHEAST COAST,29 YARRA RIVER,1.25,2003-09-11T00:00:00Z,2013,Tributary Of Menzies Creek,Waterway section
2109,6173,TRIB OF MENZIES CREEK,5720,WOORI YALLOCK CREEK,YARRA RIVER,Yarra,DIV 2 - SOUTHEAST COAST,29 YARRA RIVER,1.08,2003-11-27T00:00:00Z,2013,Tributary Of Menzies Creek,Waterway section
2110,5806,SCOTCHMANS CREEK,4400,YARRA RIVER MAIN STREAM,YARRA RIVER,Yarra,DIV 2 - SOUTHEAST COAST,29 YARRA RIVER,1.73,2003-11-19T00:00:00Z,2013,Scotchmans Creek,Waterway section
2111,5807,BRISBANE CREEK,4400,YARRA RIVER MAIN STREAM,YARRA RIVER,Yarra,DIV 2 - SOUTHEAST COAST,29 YARRA RIVER,2.89,2003-11-05T00:00:00Z,2013,Brisbane Creek,Waterway section
2112,5850,MORTIMERE CREEK,4400,YARRA RIVER MAIN STREAM,YARRA RIVER,Yarra,DIV 2 - SOUTHEAST COAST,29 YARRA RIVER,4.4,2003-11-18T00:00:00Z,2013,Mortimere Creek,Waterway section
2113,5868,BRAHAMS CREEK,4400,YARRA RIVER MAIN STREAM,YARRA RIVER,Yarra,DIV 2 - SOUTHEAST COAST,29 YARRA RIVER,4.8,2003-11-17T00:00:00Z,2013,Brahams Creek,Waterway section
2114,5869,MCDONALD CREEK,4400,YARRA RIVER MAIN STREAM,YARRA RIVER,Yarra,DIV 2 - SOUTHEAST COAST,29 YARRA RIVER,2.19,2003-11-17T00:00:00Z,2013,Mcdonald Creek,Waterway section
2115,5870,STARVATION CREEK,4400,YARRA RIVER MAIN STREAM,YARRA RIVER,Yarra,DIV 2 - SOUTHEAST COAST,29 YARRA RIVER,16.24,2003-11-17T00:00:00Z,2013,Starvation Creek,Waterway section
2116,5871,TRIB OF STARVATION CREEK,4400,YARRA RIVER MAIN STREAM,YARRA RIVER,Yarra,DIV 2 - SOUTHEAST COAST,29 YARRA RIVER,0.89,2003-11-14T00:00:00Z,2013,Tributary Of Starvation Creek,Waterway section
2117,5872,BAKER CREEK,4400,YARRA RIVER MAIN STREAM,YARRA RIVER,Yarra,DIV 2 - SOUTHEAST COAST,29 YARRA RIVER,2.63,2003-11-14T00:00:00Z,2013,Baker Creek,Waterway section
2118,6281,TRIB OF ARTHURS CREEK,4640,DIAMOND CREEK,YARRA RIVER,Yarra,DIV 2 - SOUTHEAST COAST,29 YARRA RIVER,0.59,2003-08-26T00:00:00Z,2013,Tributary Of Arthurs Creek,Waterway section
2119,6174,TRIB OF MENZIES CREEK,5720,WOORI YALLOCK CREEK,YARRA RIVER,Yarra,DIV 2 - SOUTHEAST COAST,29 YARRA RIVER,1.01,2003-09-10T00:00:00Z,2013,Tributary Of Menzies Creek,Waterway section
2120,6120,TRIB OF 6117,5720,WOORI YALLOCK CREEK,YARRA RIVER,Yarra,DIV 2 - SOUTHEAST COAST,29 YARRA RIVER,0.23,2003-12-09T00:00:00Z,2013,Tributary Of 6117,Waterway section
2121,6121,TRIB OF PLENTY RIVER (UPPER),4600,PLENTY RIVER,YARRA RIVER,Yarra,DIV 2 - SOUTHEAST COAST,29 YARRA RIVER,4.01,2003-10-16T00:00:00Z,2013,Tributary Of Plenty River (Upper),Waterway section
2122,6175,TRIB OF WATTLE CREEK,5720,WOORI YALLOCK CREEK,YARRA RIVER,Yarra,DIV 2 - SOUTHEAST COAST,29 YARRA RIVER,2.01,2003-09-11T00:00:00Z,2013,Tributary Of Wattle Creek,Waterway section
2123,5851,HYDE CREEK,4400,YARRA RIVER MAIN STREAM,YARRA RIVER,Yarra,DIV 2 - SOUTHEAST COAST,29 YARRA RIVER,2.14,2003-11-18T00:00:00Z,2013,Hyde Creek,Waterway section
2124,5852,STORM CREEK,4400,YARRA RIVER MAIN STREAM,YARRA RIVER,Yarra,DIV 2 - SOUTHEAST COAST,29 YARRA RIVER,3.05,2003-11-18T00:00:00Z,2013,Storm Creek,Waterway section
2125,5853,MUDDY CREEK (5853),4400,YARRA RIVER MAIN STREAM,YARRA RIVER,Yarra,DIV 2 - SOUTHEAST COAST,29 YARRA RIVER,2.37,2003-11-18T00:00:00Z,2013,Muddy Creek (5853),Waterway section
2126,5854,ANDERSONS CREEK (5854),4400,YARRA RIVER MAIN STREAM,YARRA RIVER,Yarra,DIV 2 - SOUTHEAST COAST,29 YARRA RIVER,0.78,2003-11-05T00:00:00Z,2013,Andersons Creek (5854),Waterway section
2127,5902,TRIB OF DRY CREEK (5656),5640,STEELS CREEK,YARRA RIVER,Yarra,DIV 2 - SOUTHEAST COAST,29 YARRA RIVER,1.81,2003-08-27T00:00:00Z,2013,Tributary Of Dry Creek (5656),Waterway section
2128,5873,TRIB OF STARVATION CREEK,4400,YARRA RIVER MAIN STREAM,YARRA RIVER,Yarra,DIV 2 - SOUTHEAST COAST,29 YARRA RIVER,1.31,2003-11-14T00:00:00Z,2013,Tributary Of Starvation Creek,Waterway section
2129,5916,TRIB OF PAUL CREEK,5660,PAUL CREEK,YARRA RIVER,Yarra,DIV 2 - SOUTHEAST COAST,29 YARRA RIVER,1.69,2003-08-29T00:00:00Z,2013,Tributary Of Paul Creek,Waterway section
2130,5917,TRIB OF PAUL CREEK,5660,PAUL CREEK,YARRA RIVER,Yarra,DIV 2 - SOUTHEAST COAST,29 YARRA RIVER,1.79,2003-08-29T00:00:00Z,2013,Tributary Of Paul Creek,Waterway section
2131,6284,TRIB OF ARTHURS CREEK,4640,DIAMOND CREEK,YARRA RIVER,Yarra,DIV 2 - SOUTHEAST COAST,29 YARRA RIVER,0.52,2003-08-26T00:00:00Z,2013,Tributary Of Arthurs Creek,Waterway section
2132,6285,TRIB OF ARTHURS CREEK,4640,DIAMOND CREEK,YARRA RIVER,Yarra,DIV 2 - SOUTHEAST COAST,29 YARRA RIVER,2.71,2003-08-26T00:00:00Z,2013,Tributary Of Arthurs Creek,Waterway section
2133,6290,CHADS CREEK,4640,DIAMOND CREEK,YARRA RIVER,Yarra,DIV 2 - SOUTHEAST COAST,29 YARRA RIVER,4.16,2002-11-14T00:00:00Z,2013,Chads Creek,Waterway section
2134,6185,TRIB OF SHEPHERD CREEK EAST,5720,WOORI YALLOCK CREEK,YARRA RIVER,Yarra,DIV 2 - SOUTHEAST COAST,29 YARRA RIVER,1.18,2003-09-10T00:00:00Z,2013,Tributary Of Shepherd Creek East,Waterway section
2135,6186,TRIB OF CHERRY HILL DRAIN,4400,YARRA RIVER MAIN STREAM,YARRA RIVER,Yarra,DIV 2 - SOUTHEAST COAST,29 YARRA RIVER,1.01,2003-08-25T00:00:00Z,2013,Tributary Of Cherry Hill Drain,Waterway section
2136,6187,TRIB OF YARRA RIVER,4400,YARRA RIVER MAIN STREAM,YARRA RIVER,Yarra,DIV 2 - SOUTHEAST COAST,29 YARRA RIVER,0.44,2003-11-19T00:00:00Z,2013,Tributary Of Yarra River,Waterway section
2137,6188,TRIB OF COCKATOO CREEK,5720,WOORI YALLOCK CREEK,YARRA RIVER,Yarra,DIV 2 - SOUTHEAST COAST,29 YARRA RIVER,1.47,2002-11-14T00:00:00Z,2013,Tributary Of Cockatoo Creek,Waterway section
2138,6189,TRIB OF O'SHANNASSY RIVER WEST,4400,YARRA RIVER MAIN STREAM,YARRA RIVER,Yarra,DIV 2 - SOUTHEAST COAST,29 YARRA RIVER,1.1,2003-11-05T00:00:00Z,2013,Tributary Of O'shannassy River West,Waterway section
2139,6190,TRIB OF O'SHANNASSY RIVER WEST,4400,YARRA RIVER MAIN STREAM,YARRA RIVER,Yarra,DIV 2 - SOUTHEAST COAST,29 YARRA RIVER,0.91,2003-11-05T00:00:00Z,2013,Tributary Of O'shannassy River West,Waterway section
2140,5903,PINCHGUT CREEK,5640,STEELS CREEK,YARRA RIVER,Yarra,DIV 2 - SOUTHEAST COAST,29 YARRA RIVER,1.35,2003-08-27T00:00:00Z,2013,Pinchgut Creek,Waterway section
2141,5905,TRIB OF STEELS CREEK,5640,STEELS CREEK,YARRA RIVER,Yarra,DIV 2 - SOUTHEAST COAST,29 YARRA RIVER,1.31,2003-08-28T00:00:00Z,2013,Tributary Of Steels Creek,Waterway section
2142,5755,BOGGY CREEK,5720,WOORI YALLOCK CREEK,YARRA RIVER,Yarra,DIV 2 - SOUTHEAST COAST,29 YARRA RIVER,4.3,2003-09-10T00:00:00Z,2013,Boggy Creek,Waterway section
2143,5772,TRIB OF YARRA CREEK,4400,YARRA RIVER MAIN STREAM,YARRA RIVER,Yarra,DIV 2 - SOUTHEAST COAST,29 YARRA RIVER,1.72,2003-11-19T00:00:00Z,2013,Tributary Of Yarra Creek,Waterway section
2144,5773,TRIB OF YARRA CREEK,4400,YARRA RIVER MAIN STREAM,YARRA RIVER,Yarra,DIV 2 - SOUTHEAST COAST,29 YARRA RIVER,0.95,2003-10-09T00:00:00Z,2013,Tributary Of Yarra Creek,Waterway section
2145,5774,URE CREEK,4400,YARRA RIVER MAIN STREAM,YARRA RIVER,Yarra,DIV 2 - SOUTHEAST COAST,29 YARRA RIVER,3.46,2002-10-03T00:00:00Z,2013,Ure Creek,Waterway section
2146,6291,TRIB OF CHADS CREEK,4640,DIAMOND CREEK,YARRA RIVER,Yarra,DIV 2 - SOUTHEAST COAST,29 YARRA RIVER,1.92,2002-11-14T00:00:00Z,2013,Tributary Of Chads Creek,Waterway section
2147,6292,TRIB OF CHADS CREEK,4640,DIAMOND CREEK,YARRA RIVER,Yarra,DIV 2 - SOUTHEAST COAST,29 YARRA RIVER,0.88,2002-11-14T00:00:00Z,2013,Tributary Of Chads Creek,Waterway section
2148,6293,TRIB OF CHADS CREEK,4640,DIAMOND CREEK,YARRA RIVER,Yarra,DIV 2 - SOUTHEAST COAST,29 YARRA RIVER,2.1,2002-11-14T00:00:00Z,2013,Tributary Of Chads Creek,Waterway section
2149,6294,TRIB OF CHADS CREEK,4640,DIAMOND CREEK,YARRA RIVER,Yarra,DIV 2 - SOUTHEAST COAST,29 YARRA RIVER,2.26,2002-11-14T00:00:00Z,2013,Tributary Of Chads Creek,Waterway section
2150,6176,TRIB OF 5798,5720,WOORI YALLOCK CREEK,YARRA RIVER,Yarra,DIV 2 - SOUTHEAST COAST,29 YARRA RIVER,0.96,2003-09-11T00:00:00Z,2013,Tributary Of 5798,Waterway section
2151,6177,TRIB OF GEMBROOK CREEK,5720,WOORI YALLOCK CREEK,YARRA RIVER,Yarra,DIV 2 - SOUTHEAST COAST,29 YARRA RIVER,1.01,2003-09-11T00:00:00Z,2013,Tributary Of Gembrook Creek,Waterway section
2152,6178,TRIB OF COCKATOO CREEK,5720,WOORI YALLOCK CREEK,YARRA RIVER,Yarra,DIV 2 - SOUTHEAST COAST,29 YARRA RIVER,0.9,2003-09-11T00:00:00Z,2013,Tributary Of Cockatoo Creek,Waterway section
2153,6179,TRIB OF COCKATOO CREEK,5720,WOORI YALLOCK CREEK,YARRA RIVER,Yarra,DIV 2 - SOUTHEAST COAST,29 YARRA RIVER,1.44,2003-09-11T00:00:00Z,2013,Tributary Of Cockatoo Creek,Waterway section
2154,6122,TRIB OF 6121,4600,PLENTY RIVER,YARRA RIVER,Yarra,DIV 2 - SOUTHEAST COAST,29 YARRA RIVER,1.54,2003-10-21T00:00:00Z,2013,Tributary Of 6121,Waterway section
2155,5756,FERNDALE CREEK,5720,WOORI YALLOCK CREEK,YARRA RIVER,Yarra,DIV 2 - SOUTHEAST COAST,29 YARRA RIVER,7.32,2003-09-10T00:00:00Z,2013,Ferndale Creek,Waterway section
2156,5757,MIDDLE CREEK,5720,WOORI YALLOCK CREEK,YARRA RIVER,Yarra,DIV 2 - SOUTHEAST COAST,29 YARRA RIVER,1.6,2003-09-10T00:00:00Z,2013,Middle Creek,Waterway section
2157,5758,TRIB OF WOORI YALLOCK CREEK,5720,WOORI YALLOCK CREEK,YARRA RIVER,Yarra,DIV 2 - SOUTHEAST COAST,29 YARRA RIVER,2.44,2003-09-10T00:00:00Z,2013,Tributary Of Woori Yallock Creek,Waterway section
2158,5808,DEE RIVER,4400,YARRA RIVER MAIN STREAM,YARRA RIVER,Yarra,DIV 2 - SOUTHEAST COAST,29 YARRA RIVER,4.61,2003-10-16T00:00:00Z,2013,Dee River,Waterway section
2159,5822,BLACK SAND CREEK,5810,LITTLE YARRA RIVER,YARRA RIVER,Yarra,DIV 2 - SOUTHEAST COAST,29 YARRA RIVER,7.88,2002-12-03T00:00:00Z,2013,Black Sand Creek,Waterway section
2160,5823,HACKETT CREEK,5810,LITTLE YARRA RIVER,YARRA RIVER,Yarra,DIV 2 - SOUTHEAST COAST,29 YARRA RIVER,2.64,2002-12-03T00:00:00Z,2013,Hackett Creek,Waterway section
2161,6295,TRIB OF ARTHURS CREEK,4640,DIAMOND CREEK,YARRA RIVER,Yarra,DIV 2 - SOUTHEAST COAST,29 YARRA RIVER,1,2002-11-14T00:00:00Z,2013,Tributary Of Arthurs Creek,Waterway section
2162,6296,STRATHEWEN RESERVE TRIB,4640,DIAMOND CREEK,YARRA RIVER,Yarra,DIV 2 - SOUTHEAST COAST,29 YARRA RIVER,4.6,2002-11-14T00:00:00Z,2013,Strathewen Reserve Tributary,Waterway section
2163,6297,RIFLE RANGE CREEK,4640,DIAMOND CREEK,YARRA RIVER,Yarra,DIV 2 - SOUTHEAST COAST,29 YARRA RIVER,2.53,2002-11-14T00:00:00Z,2013,Rifle Range Creek,Waterway section
2164,6298,TRIB OF RIFLE RANGE CREEK,4640,DIAMOND CREEK,YARRA RIVER,Yarra,DIV 2 - SOUTHEAST COAST,29 YARRA RIVER,0.79,2002-11-14T00:00:00Z,2013,Tributary Of Rifle Range Creek,Waterway section
2165,6180,TRIB OF SHEPHERD CREEK EAST,5720,WOORI YALLOCK CREEK,YARRA RIVER,Yarra,DIV 2 - SOUTHEAST COAST,29 YARRA RIVER,2.3,2003-09-11T00:00:00Z,2013,Tributary Of Shepherd Creek East,Waterway section
2166,6181,TRIB OF 6180,5720,WOORI YALLOCK CREEK,YARRA RIVER,Yarra,DIV 2 - SOUTHEAST COAST,29 YARRA RIVER,1.13,2003-09-11T00:00:00Z,2013,Tributary Of 6180,Waterway section
2167,6182,TRIB OF SHEPHERD CREEK EAST,5720,WOORI YALLOCK CREEK,YARRA RIVER,Yarra,DIV 2 - SOUTHEAST COAST,29 YARRA RIVER,1.63,2003-09-11T00:00:00Z,2013,Tributary Of Shepherd Creek East,Waterway section
2168,6183,CLARK CREEK,5720,WOORI YALLOCK CREEK,YARRA RIVER,Yarra,DIV 2 - SOUTHEAST COAST,29 YARRA RIVER,3.62,2003-09-11T00:00:00Z,2013,Clark Creek,Waterway section
2169,6184,TRIB OF CLARK CREEK,5720,WOORI YALLOCK CREEK,YARRA RIVER,Yarra,DIV 2 - SOUTHEAST COAST,29 YARRA RIVER,1,2003-09-11T00:00:00Z,2013,Tributary Of Clark Creek,Waterway section
2170,5809,PHEASANT CREEK,4400,YARRA RIVER MAIN STREAM,YARRA RIVER,Yarra,DIV 2 - SOUTHEAST COAST,29 YARRA RIVER,1.05,2003-11-19T00:00:00Z,2013,Pheasant Creek,Waterway section
2171,5810,LITTLE YARRA RIVER,5810,LITTLE YARRA RIVER,YARRA RIVER,Yarra,DIV 2 - SOUTHEAST COAST,29 YARRA RIVER,28.21,2003-09-17T00:00:00Z,2013,Little Yarra River,Waterway section
2172,5855,CEMENT CREEK,4400,YARRA RIVER MAIN STREAM,YARRA RIVER,Yarra,DIV 2 - SOUTHEAST COAST,29 YARRA RIVER,8.32,2003-11-05T00:00:00Z,2013,Cement Creek,Waterway section
2173,5874,TRIB OF STARVATION CREEK,4400,YARRA RIVER MAIN STREAM,YARRA RIVER,Yarra,DIV 2 - SOUTHEAST COAST,29 YARRA RIVER,1.34,2003-11-14T00:00:00Z,2013,Tributary Of Starvation Creek,Waterway section
2174,5875,DEDMAN CREEK,4400,YARRA RIVER MAIN STREAM,YARRA RIVER,Yarra,DIV 2 - SOUTHEAST COAST,29 YARRA RIVER,3.07,2003-11-14T00:00:00Z,2013,Dedman Creek,Waterway section
2175,5876,BURN CREEK,4400,YARRA RIVER MAIN STREAM,YARRA RIVER,Yarra,DIV 2 - SOUTHEAST COAST,29 YARRA RIVER,4.18,2003-11-14T00:00:00Z,2013,Burn Creek,Waterway section
2176,6299,TRIB OF ARTHURS CREEK,4640,DIAMOND CREEK,YARRA RIVER,Yarra,DIV 2 - SOUTHEAST COAST,29 YARRA RIVER,1.98,2002-11-14T00:00:00Z,2013,Tributary Of Arthurs Creek,Waterway section
2177,6300,DIAMOND CREEK (UPPER),4640,DIAMOND CREEK,YARRA RIVER,Yarra,DIV 2 - SOUTHEAST COAST,29 YARRA RIVER,18.35,2003-08-26T00:00:00Z,2013,Diamond Creek (Upper),Waterway section
2178,6301,CHERRY TREE GULLY,4640,DIAMOND CREEK,YARRA RIVER,Yarra,DIV 2 - SOUTHEAST COAST,29 YARRA RIVER,4.58,2002-10-29T00:00:00Z,2013,Cherry Tree Gully,Waterway section
2179,6302,TRIB OF CHERRY TREE GULLY,4640,DIAMOND CREEK,YARRA RIVER,Yarra,DIV 2 - SOUTHEAST COAST,29 YARRA RIVER,0.82,2002-10-22T00:00:00Z,2013,Tributary Of Cherry Tree Gully,Waterway section
2180,6303,TRIB OF CHERRY TREE GULLY,4640,DIAMOND CREEK,YARRA RIVER,Yarra,DIV 2 - SOUTHEAST COAST,29 YARRA RIVER,0.65,2002-10-22T00:00:00Z,2013,Tributary Of Cherry Tree Gully,Waterway section
2181,6304,MANUKA RD GULLY,4640,DIAMOND CREEK,YARRA RIVER,Yarra,DIV 2 - SOUTHEAST COAST,29 YARRA RIVER,2.93,2002-10-22T00:00:00Z,2013,Manuka Rd Gully,Waterway section
2182,6305,TRIB OF DIAMOND CREEK,4640,DIAMOND CREEK,YARRA RIVER,Yarra,DIV 2 - SOUTHEAST COAST,29 YARRA RIVER,0.78,2003-08-26T00:00:00Z,2013,Tributary Of Diamond Creek,Waterway section
2183,6191,TRIB OF O'SHANNASSY RIVER WEST,4400,YARRA RIVER MAIN STREAM,YARRA RIVER,Yarra,DIV 2 - SOUTHEAST COAST,29 YARRA RIVER,0.92,2003-11-05T00:00:00Z,2013,Tributary Of O'shannassy River West,Waterway section
2184,6134,DRAINS TO YAN YEAN RESERVOIR,4600,PLENTY RIVER,YARRA RIVER,Yarra,DIV 2 - SOUTHEAST COAST,29 YARRA RIVER,3.37,2003-08-19T00:00:00Z,2013,Drains To Yan Yean Reservoir,Waterway section
2185,6135,TRIB OF 6134,4600,PLENTY RIVER,YARRA RIVER,Yarra,DIV 2 - SOUTHEAST COAST,29 YARRA RIVER,1.4,2003-08-19T00:00:00Z,2013,Tributary Of 6134,Waterway section
2186,5856,CEMENT CREEK EAST BRANCH,4400,YARRA RIVER MAIN STREAM,YARRA RIVER,Yarra,DIV 2 - SOUTHEAST COAST,29 YARRA RIVER,6.86,2003-11-05T00:00:00Z,2013,Cement Creek East Branch,Waterway section
2187,5906,TRIB OF STEELS CREEK,5640,STEELS CREEK,YARRA RIVER,Yarra,DIV 2 - SOUTHEAST COAST,29 YARRA RIVER,1.1,2003-08-28T00:00:00Z,2013,Tributary Of Steels Creek,Waterway section
2188,5877,FLOWERPOT CREEK,4400,YARRA RIVER MAIN STREAM,YARRA RIVER,Yarra,DIV 2 - SOUTHEAST COAST,29 YARRA RIVER,2.79,2003-11-14T00:00:00Z,2013,Flowerpot Creek,Waterway section
2189,5918,TRIB OF 5917,5660,PAUL CREEK,YARRA RIVER,Yarra,DIV 2 - SOUTHEAST COAST,29 YARRA RIVER,1.32,2003-08-29T00:00:00Z,2013,Tributary Of 5917,Waterway section
2190,5919,TRIB OF 5918,5660,PAUL CREEK,YARRA RIVER,Yarra,DIV 2 - SOUTHEAST COAST,29 YARRA RIVER,1.21,2003-08-29T00:00:00Z,2013,Tributary Of 5918,Waterway section
2191,6306,TRIB OF DIAMOND CREEK,4640,DIAMOND CREEK,YARRA RIVER,Yarra,DIV 2 - SOUTHEAST COAST,29 YARRA RIVER,1.81,2003-08-26T00:00:00Z,2013,Tributary Of Diamond Creek,Waterway section
2192,6307,RED SHIRT GULLY DRAIN,4640,DIAMOND CREEK,YARRA RIVER,Yarra,DIV 2 - SOUTHEAST COAST,29 YARRA RIVER,2.16,2003-08-26T00:00:00Z,2013,Red Shirt Gully Drain,Waterway section
2193,6308,TRIB OF RED SHIRT GULLY DRAIN,4640,DIAMOND CREEK,YARRA RIVER,Yarra,DIV 2 - SOUTHEAST COAST,29 YARRA RIVER,1.55,2003-08-26T00:00:00Z,2013,Tributary Of Red Shirt Gully Drain,Waterway section
2194,6123,TRIB OF PLENTY RIVER (UPPER),4600,PLENTY RIVER,YARRA RIVER,Yarra,DIV 2 - SOUTHEAST COAST,29 YARRA RIVER,3.07,2003-10-21T00:00:00Z,2013,Tributary Of Plenty River (Upper),Waterway section
2195,6124,TRIB OF 6121,4600,PLENTY RIVER,YARRA RIVER,Yarra,DIV 2 - SOUTHEAST COAST,29 YARRA RIVER,1.04,2003-10-21T00:00:00Z,2013,Tributary Of 6121,Waterway section
2196,6125,TRIB OF PLENTY RIVER (UPPER),4600,PLENTY RIVER,YARRA RIVER,Yarra,DIV 2 - SOUTHEAST COAST,29 YARRA RIVER,2.68,2003-10-21T00:00:00Z,2013,Tributary Of Plenty River (Upper),Waterway section
2197,6126,TRIB OF PLENTY RIVER (UPPER),4600,PLENTY RIVER,YARRA RIVER,Yarra,DIV 2 - SOUTHEAST COAST,29 YARRA RIVER,0.89,2003-10-21T00:00:00Z,2013,Tributary Of Plenty River (Upper),Waterway section
2198,6127,TRIB OF PLENTY RIVER (UPPER),4600,PLENTY RIVER,YARRA RIVER,Yarra,DIV 2 - SOUTHEAST COAST,29 YARRA RIVER,1.52,2003-10-21T00:00:00Z,2013,Tributary Of Plenty River (Upper),Waterway section
2199,5907,TRIB OF STEELS CREEK,5640,STEELS CREEK,YARRA RIVER,Yarra,DIV 2 - SOUTHEAST COAST,29 YARRA RIVER,3.67,2003-08-28T00:00:00Z,2013,Tributary Of Steels Creek,Waterway section
2200,5759,EGG ROCK CREEK,5720,WOORI YALLOCK CREEK,YARRA RIVER,Yarra,DIV 2 - SOUTHEAST COAST,29 YARRA RIVER,2.85,2003-09-11T00:00:00Z,2013,Egg Rock Creek,Waterway section
2201,5775,WEBERS CREEK,4400,YARRA RIVER MAIN STREAM,YARRA RIVER,Yarra,DIV 2 - SOUTHEAST COAST,29 YARRA RIVER,1.73,2003-11-19T00:00:00Z,2013,Webers Creek,Waterway section
2202,5776,WOORI YALLOCK M.D. DIVERSION,4400,YARRA RIVER MAIN STREAM,YARRA RIVER,Yarra,DIV 2 - SOUTHEAST COAST,29 YARRA RIVER,0.43,2003-10-09T00:00:00Z,2013,Woori Yallock Main Drain. Diversion,Melbourne Water main drain
2203,5777,TRIB OF YARRA CREEK,4400,YARRA RIVER MAIN STREAM,YARRA RIVER,Yarra,DIV 2 - SOUTHEAST COAST,29 YARRA RIVER,1.3,2003-10-09T00:00:00Z,2013,Tributary Of Yarra Creek,Waterway section
2204,6152,TRIB OF EGG ROCK CREEK,5720,WOORI YALLOCK CREEK,YARRA RIVER,Yarra,DIV 2 - SOUTHEAST COAST,29 YARRA RIVER,1.03,2003-09-11T00:00:00Z,2013,Tributary Of Egg Rock Creek,Waterway section
2205,6309,TRIB OF RED SHIRT GULLY DRAIN,4640,DIAMOND CREEK,YARRA RIVER,Yarra,DIV 2 - SOUTHEAST COAST,29 YARRA RIVER,0.74,2003-08-26T00:00:00Z,2013,Tributary Of Red Shirt Gully Drain,Waterway section
2206,6310,TRIB OF DIAMOND CREEK,4640,DIAMOND CREEK,YARRA RIVER,Yarra,DIV 2 - SOUTHEAST COAST,29 YARRA RIVER,0.96,2003-08-26T00:00:00Z,2013,Tributary Of Diamond Creek,Waterway section
2207,6311,TRIB OF DIAMOND CREEK,4640,DIAMOND CREEK,YARRA RIVER,Yarra,DIV 2 - SOUTHEAST COAST,29 YARRA RIVER,0.82,2003-08-26T00:00:00Z,2013,Tributary Of Diamond Creek,Waterway section
2208,6312,HILDEBRAND RD TRIB,4640,DIAMOND CREEK,YARRA RIVER,Yarra,DIV 2 - SOUTHEAST COAST,29 YARRA RIVER,2.77,2003-08-26T00:00:00Z,2013,Hildebrand Rd Tributary,Waterway section
2209,6128,TRIB OF COCKATOO CREEK,5720,WOORI YALLOCK CREEK,YARRA RIVER,Yarra,DIV 2 - SOUTHEAST COAST,29 YARRA RIVER,1.73,2003-09-10T00:00:00Z,2013,Tributary Of Cockatoo Creek,Waterway section
2210,6129,TRIB OF 6128,5720,WOORI YALLOCK CREEK,YARRA RIVER,Yarra,DIV 2 - SOUTHEAST COAST,29 YARRA RIVER,0.7,2003-09-11T00:00:00Z,2013,Tributary Of 6128,Waterway section
2211,6130,TRIB OF COCKATOO CREEK,5720,WOORI YALLOCK CREEK,YARRA RIVER,Yarra,DIV 2 - SOUTHEAST COAST,29 YARRA RIVER,2.54,2003-09-10T00:00:00Z,2013,Tributary Of Cockatoo Creek,Waterway section
2212,6131,DRAINS TO YAN YEAN RESERVOIR,4600,PLENTY RIVER,YARRA RIVER,Yarra,DIV 2 - SOUTHEAST COAST,29 YARRA RIVER,5.29,2002-11-14T00:00:00Z,2013,Drains To Yan Yean Reservoir,Waterway section
2213,6132,TRIB OF 6131,4600,PLENTY RIVER,YARRA RIVER,Yarra,DIV 2 - SOUTHEAST COAST,29 YARRA RIVER,1.9,2002-11-14T00:00:00Z,2013,Tributary Of 6131,Waterway section
2214,5760,STONEY CREEK,5720,WOORI YALLOCK CREEK,YARRA RIVER,Yarra,DIV 2 - SOUTHEAST COAST,29 YARRA RIVER,3.84,2003-09-10T00:00:00Z,2013,Stoney Creek,Waterway section
2215,5761,DESMOND CREEK,5720,WOORI YALLOCK CREEK,YARRA RIVER,Yarra,DIV 2 - SOUTHEAST COAST,29 YARRA RIVER,1,2002-11-14T00:00:00Z,2013,Desmond Creek,Waterway section
2216,5762,TRIB OF WOORI YALLOCK CREEK,5720,WOORI YALLOCK CREEK,YARRA RIVER,Yarra,DIV 2 - SOUTHEAST COAST,29 YARRA RIVER,1.85,2003-09-11T00:00:00Z,2013,Tributary Of Woori Yallock Creek,Waterway section
2217,6153,TRIB OF TOMAHAWK CREEK,5720,WOORI YALLOCK CREEK,YARRA RIVER,Yarra,DIV 2 - SOUTHEAST COAST,29 YARRA RIVER,0.89,2003-09-11T00:00:00Z,2013,Tributary Of Tomahawk Creek,Waterway section
2218,6154,TRIB OF TOMAHAWK CREEK,5720,WOORI YALLOCK CREEK,YARRA RIVER,Yarra,DIV 2 - SOUTHEAST COAST,29 YARRA RIVER,1.08,2003-09-11T00:00:00Z,2013,Tributary Of Tomahawk Creek,Waterway section
2219,6155,TRIB OF TOMAHAWK CREEK,5720,WOORI YALLOCK CREEK,YARRA RIVER,Yarra,DIV 2 - SOUTHEAST COAST,29 YARRA RIVER,1.51,2003-09-11T00:00:00Z,2013,Tributary Of Tomahawk Creek,Waterway section
2220,6156,TRIB OF TOMAHAWK CREEK,5720,WOORI YALLOCK CREEK,YARRA RIVER,Yarra,DIV 2 - SOUTHEAST COAST,29 YARRA RIVER,1.26,2003-09-11T00:00:00Z,2013,Tributary Of Tomahawk Creek,Waterway section
2221,6157,TRIB OF TOMAHAWK CREEK,5720,WOORI YALLOCK CREEK,YARRA RIVER,Yarra,DIV 2 - SOUTHEAST COAST,29 YARRA RIVER,1.18,2003-09-11T00:00:00Z,2013,Tributary Of Tomahawk Creek,Waterway section
2222,6227,TRIB OF KANGAROO CREEK,4640,DIAMOND CREEK,YARRA RIVER,Yarra,DIV 2 - SOUTHEAST COAST,29 YARRA RIVER,3.27,2002-10-23T00:00:00Z,2013,Tributary Of Kangaroo Creek,Waterway section
2223,6313,TRIB OF DIAMOND CREEK,4640,DIAMOND CREEK,YARRA RIVER,Yarra,DIV 2 - SOUTHEAST COAST,29 YARRA RIVER,1.58,2003-08-26T00:00:00Z,2013,Tributary Of Diamond Creek,Waterway section
2224,6314,TRIB OF DIAMOND CREEK,4640,DIAMOND CREEK,YARRA RIVER,Yarra,DIV 2 - SOUTHEAST COAST,29 YARRA RIVER,1.04,2003-08-26T00:00:00Z,2013,Tributary Of Diamond Creek,Waterway section
2225,6315,SMITHS GULLY,4640,DIAMOND CREEK,YARRA RIVER,Yarra,DIV 2 - SOUTHEAST COAST,29 YARRA RIVER,3.03,2003-08-26T00:00:00Z,2013,Smiths Gully,Waterway section
2226,5799,TRIB OF YARRA CREEK,4400,YARRA RIVER MAIN STREAM,YARRA RIVER,Yarra,DIV 2 - SOUTHEAST COAST,29 YARRA RIVER,1.31,2003-11-19T00:00:00Z,2013,Tributary Of Yarra Creek,Waterway section
2227,5800,YARRA RIVER (5800),4400,YARRA RIVER MAIN STREAM,YARRA RIVER,Yarra,DIV 2 - SOUTHEAST COAST,29 YARRA RIVER,29.53,2003-11-19T00:00:00Z,2013,Yarra River (5800),Waterway section
2228,5802,PLATTS CREEK,4400,YARRA RIVER MAIN STREAM,YARRA RIVER,Yarra,DIV 2 - SOUTHEAST COAST,29 YARRA RIVER,2.25,2002-11-14T00:00:00Z,2013,Platts Creek,Waterway section
2229,5803,YANKEE JIM CREEK,4400,YARRA RIVER MAIN STREAM,YARRA RIVER,Yarra,DIV 2 - SOUTHEAST COAST,29 YARRA RIVER,4.59,2002-10-28T00:00:00Z,2013,Yankee Jim Creek,Waterway section
2230,5838,TRIB OF BLACK SAND CREEK,5810,LITTLE YARRA RIVER,YARRA RIVER,Yarra,DIV 2 - SOUTHEAST COAST,29 YARRA RIVER,1.49,2003-11-28T00:00:00Z,2013,Tributary Of Black Sand Creek,Waterway section
2231,5839,TRIB OF LT YARRA RIVER,5810,LITTLE YARRA RIVER,YARRA RIVER,Yarra,DIV 2 - SOUTHEAST COAST,29 YARRA RIVER,3.9,2003-09-12T00:00:00Z,2013,Tributary Of Lt Yarra River,Waterway section
2232,5812,YARRA JUNCTION M.D.,5810,LITTLE YARRA RIVER,YARRA RIVER,Yarra,DIV 2 - SOUTHEAST COAST,29 YARRA RIVER,3.96,2002-10-18T00:00:00Z,2013,Yarra Junction Main Drain.,Melbourne Water main drain
2233,5813,BRITANNIA CREEK,5810,LITTLE YARRA RIVER,YARRA RIVER,Yarra,DIV 2 - SOUTHEAST COAST,29 YARRA RIVER,11.59,2002-12-03T00:00:00Z,2013,Britannia Creek,Waterway section
2234,5814,TRIB OF BRITANNIA CREEK,5810,LITTLE YARRA RIVER,YARRA RIVER,Yarra,DIV 2 - SOUTHEAST COAST,29 YARRA RIVER,1.6,2003-10-09T00:00:00Z,2013,Tributary Of Britannia Creek,Waterway section
2235,5815,EDWARDSTOWN CREEK,5810,LITTLE YARRA RIVER,YARRA RIVER,Yarra,DIV 2 - SOUTHEAST COAST,29 YARRA RIVER,0.97,2003-10-09T00:00:00Z,2013,Edwardstown Creek,Waterway section
2236,5857,WEBSTER CREEK,4400,YARRA RIVER MAIN STREAM,YARRA RIVER,Yarra,DIV 2 - SOUTHEAST COAST,29 YARRA RIVER,2.53,2003-11-05T00:00:00Z,2013,Webster Creek,Waterway section
2237,6228,TRIB OF DEEP CREEK,4640,DIAMOND CREEK,YARRA RIVER,Yarra,DIV 2 - SOUTHEAST COAST,29 YARRA RIVER,1.97,2003-08-21T00:00:00Z,2013,Tributary Of Deep Creek,Waterway section
2238,6229,TRIB OF RUNNING CREEK,4640,DIAMOND CREEK,YARRA RIVER,Yarra,DIV 2 - SOUTHEAST COAST,29 YARRA RIVER,1.28,2003-08-21T00:00:00Z,2013,Tributary Of Running Creek,Waterway section
2239,6231,TRIB OF RUNNING CREEK,4640,DIAMOND CREEK,YARRA RIVER,Yarra,DIV 2 - SOUTHEAST COAST,29 YARRA RIVER,1.05,2002-10-22T00:00:00Z,2013,Tributary Of Running Creek,Waterway section
2240,6232,TRIB OF RUNNING CREEK,4640,DIAMOND CREEK,YARRA RIVER,Yarra,DIV 2 - SOUTHEAST COAST,29 YARRA RIVER,1.95,2002-10-22T00:00:00Z,2013,Tributary Of Running Creek,Waterway section
2241,6316,TRIB OF SMITHS GULLY DRAIN,4640,DIAMOND CREEK,YARRA RIVER,Yarra,DIV 2 - SOUTHEAST COAST,29 YARRA RIVER,0.87,2003-08-26T00:00:00Z,2013,Tributary Of Smiths Gully Drain,Waterway section
2242,6317,TRIB OF SMITHS GULLY DRAIN,4640,DIAMOND CREEK,YARRA RIVER,Yarra,DIV 2 - SOUTHEAST COAST,29 YARRA RIVER,0.61,2003-08-26T00:00:00Z,2013,Tributary Of Smiths Gully Drain,Waterway section
2243,6318,TRIB OF SMITHS GULLY DRAIN,4640,DIAMOND CREEK,YARRA RIVER,Yarra,DIV 2 - SOUTHEAST COAST,29 YARRA RIVER,2.08,2003-08-26T00:00:00Z,2013,Tributary Of Smiths Gully Drain,Waterway section
2244,6319,TRIB OF SMITHS GULLY DRAIN,4640,DIAMOND CREEK,YARRA RIVER,Yarra,DIV 2 - SOUTHEAST COAST,29 YARRA RIVER,5.11,2003-08-26T00:00:00Z,2013,Tributary Of Smiths Gully Drain,Waterway section
2245,6321,TRIB OF DIAMOND CREEK,4640,DIAMOND CREEK,YARRA RIVER,Yarra,DIV 2 - SOUTHEAST COAST,29 YARRA RIVER,1.35,2002-09-18T00:00:00Z,2013,Tributary Of Diamond Creek,Waterway section
2246,5841,TRIB OF BIG PATS CREEK,4400,YARRA RIVER MAIN STREAM,YARRA RIVER,Yarra,DIV 2 - SOUTHEAST COAST,29 YARRA RIVER,1.38,2003-11-18T00:00:00Z,2013,Tributary Of Big Pats Creek,Waterway section
2247,5842,LITTLE MICK CREEK,4400,YARRA RIVER MAIN STREAM,YARRA RIVER,Yarra,DIV 2 - SOUTHEAST COAST,29 YARRA RIVER,2.44,2003-11-18T00:00:00Z,2013,Little Mick Creek,Waterway section
2248,5843,MISSISSIPPI CREEK,4400,YARRA RIVER MAIN STREAM,YARRA RIVER,Yarra,DIV 2 - SOUTHEAST COAST,29 YARRA RIVER,9.81,2003-11-17T00:00:00Z,2013,Mississippi Creek,Waterway section
2249,5844,LYREBIRD CREEK (5844),4400,YARRA RIVER MAIN STREAM,YARRA RIVER,Yarra,DIV 2 - SOUTHEAST COAST,29 YARRA RIVER,1.88,2003-11-17T00:00:00Z,2013,Lyrebird Creek (5844),Waterway section
2250,5858,CEMENT CREEK WEST BRANCH,4400,YARRA RIVER MAIN STREAM,YARRA RIVER,Yarra,DIV 2 - SOUTHEAST COAST,29 YARRA RIVER,4.18,2003-11-05T00:00:00Z,2013,Cement Creek West Branch,Waterway section
2251,5859,TRIB OF YARRA CREEK,4400,YARRA RIVER MAIN STREAM,YARRA RIVER,Yarra,DIV 2 - SOUTHEAST COAST,29 YARRA RIVER,3.89,2003-11-05T00:00:00Z,2013,Tributary Of Yarra Creek,Waterway section
2252,5860,O'SHANNASSY RIVER,4400,YARRA RIVER MAIN STREAM,YARRA RIVER,Yarra,DIV 2 - SOUTHEAST COAST,29 YARRA RIVER,28,2003-11-07T00:00:00Z,2013,O'shannassy River,Waterway section
2253,5861,TRIB OF O'SHANNASSY RIVER,4400,YARRA RIVER MAIN STREAM,YARRA RIVER,Yarra,DIV 2 - SOUTHEAST COAST,29 YARRA RIVER,1.65,2003-11-07T00:00:00Z,2013,Tributary Of O'shannassy River,Waterway section
2254,5862,TRIB OF O'SHANNASSY RIVER,4400,YARRA RIVER MAIN STREAM,YARRA RIVER,Yarra,DIV 2 - SOUTHEAST COAST,29 YARRA RIVER,3.32,2003-11-07T00:00:00Z,2013,Tributary Of O'shannassy River,Waterway section
2255,5863,TRIB OF YARRA CREEK,4400,YARRA RIVER MAIN STREAM,YARRA RIVER,Yarra,DIV 2 - SOUTHEAST COAST,29 YARRA RIVER,1.26,2003-11-05T00:00:00Z,2013,Tributary Of Yarra Creek,Waterway section
2256,6234,TRIB OF RUNNING CREEK,4640,DIAMOND CREEK,YARRA RIVER,Yarra,DIV 2 - SOUTHEAST COAST,29 YARRA RIVER,0.57,2002-12-02T00:00:00Z,2013,Tributary Of Running Creek,Waterway section
2257,6322,TRIB OF 6321,4640,DIAMOND CREEK,YARRA RIVER,Yarra,DIV 2 - SOUTHEAST COAST,29 YARRA RIVER,1.07,2003-12-10T00:00:00Z,2013,Tributary Of 6321,Waterway section
2258,6323,TRIB OF DIAMOND CREEK,4640,DIAMOND CREEK,YARRA RIVER,Yarra,DIV 2 - SOUTHEAST COAST,29 YARRA RIVER,4.34,2003-08-26T00:00:00Z,2013,Tributary Of Diamond Creek,Waterway section
2259,6324,TRIB OF 6323,4640,DIAMOND CREEK,YARRA RIVER,Yarra,DIV 2 - SOUTHEAST COAST,29 YARRA RIVER,1.1,2003-08-26T00:00:00Z,2013,Tributary Of 6323,Waterway section
2260,5894,CROOKED CREEK,4400,YARRA RIVER MAIN STREAM,YARRA RIVER,Yarra,DIV 2 - SOUTHEAST COAST,29 YARRA RIVER,5.9,2003-11-14T00:00:00Z,2013,Crooked Creek,Waterway section
2261,5895,MUDDY CREEK,4400,YARRA RIVER MAIN STREAM,YARRA RIVER,Yarra,DIV 2 - SOUTHEAST COAST,29 YARRA RIVER,3.55,2003-11-14T00:00:00Z,2013,Muddy Creek,Waterway section
2262,5749,AVONSLEIGH CREEK,5720,WOORI YALLOCK CREEK,YARRA RIVER,Yarra,DIV 2 - SOUTHEAST COAST,29 YARRA RIVER,1,2003-09-10T00:00:00Z,2013,Avonsleigh Creek,Waterway section
2263,5750,TOMAHAWK CREEK,5720,WOORI YALLOCK CREEK,YARRA RIVER,Yarra,DIV 2 - SOUTHEAST COAST,29 YARRA RIVER,9.61,2003-09-11T00:00:00Z,2013,Tomahawk Creek,Waterway section
2264,5908,TRIB OF STEELS CREEK,5640,STEELS CREEK,YARRA RIVER,Yarra,DIV 2 - SOUTHEAST COAST,29 YARRA RIVER,2.33,2003-08-28T00:00:00Z,2013,Tributary Of Steels Creek,Waterway section
2265,5909,TRIB OF 5647,5640,STEELS CREEK,YARRA RIVER,Yarra,DIV 2 - SOUTHEAST COAST,29 YARRA RIVER,0.69,2003-08-28T00:00:00Z,2013,Tributary Of 5647,Waterway section
2266,5910,WALSH CREEK,4400,YARRA RIVER MAIN STREAM,YARRA RIVER,Yarra,DIV 2 - SOUTHEAST COAST,29 YARRA RIVER,28.34,2003-11-11T00:00:00Z,2013,Walsh Creek,Waterway section
2267,5911,TRIB OF PAUL CREEK,5660,PAUL CREEK,YARRA RIVER,Yarra,DIV 2 - SOUTHEAST COAST,29 YARRA RIVER,1.06,2003-08-29T00:00:00Z,2013,Tributary Of Paul Creek,Waterway section
2268,6235,TRIB OF RUNNING CREEK,4640,DIAMOND CREEK,YARRA RIVER,Yarra,DIV 2 - SOUTHEAST COAST,29 YARRA RIVER,0.65,2002-10-22T00:00:00Z,2013,Tributary Of Running Creek,Waterway section
2269,6236,TRIB OF RUNNING CREEK,4640,DIAMOND CREEK,YARRA RIVER,Yarra,DIV 2 - SOUTHEAST COAST,29 YARRA RIVER,2.63,2002-10-22T00:00:00Z,2013,Tributary Of Running Creek,Waterway section
2270,6325,TRIB OF 6323,4640,DIAMOND CREEK,YARRA RIVER,Yarra,DIV 2 - SOUTHEAST COAST,29 YARRA RIVER,0.68,2003-08-26T00:00:00Z,2013,Tributary Of 6323,Waterway section
2271,6326,YOW YOW CREEK,4640,DIAMOND CREEK,YARRA RIVER,Yarra,DIV 2 - SOUTHEAST COAST,29 YARRA RIVER,1.16,2003-08-26T00:00:00Z,2013,Yow Yow Creek,Waterway section
2272,6327,WILD DOG CREEK (6327),4640,DIAMOND CREEK,YARRA RIVER,Yarra,DIV 2 - SOUTHEAST COAST,29 YARRA RIVER,2.27,2003-08-26T00:00:00Z,2013,Wild Dog Creek (6327),Waterway section
2273,5751,WATTLE CREEK (5751),5720,WOORI YALLOCK CREEK,YARRA RIVER,Yarra,DIV 2 - SOUTHEAST COAST,29 YARRA RIVER,4.8,2003-09-11T00:00:00Z,2013,Wattle Creek (5751),Waterway section
2274,5752,GEMBROOK CREEK,5720,WOORI YALLOCK CREEK,YARRA RIVER,Yarra,DIV 2 - SOUTHEAST COAST,29 YARRA RIVER,5.59,2003-09-11T00:00:00Z,2013,Gembrook Creek,Waterway section
2275,5912,TRIB OF PAUL CREEK,5660,PAUL CREEK,YARRA RIVER,Yarra,DIV 2 - SOUTHEAST COAST,29 YARRA RIVER,0.79,2003-08-29T00:00:00Z,2013,Tributary Of Paul Creek,Waterway section
2276,5763,CLUB CREEK,5720,WOORI YALLOCK CREEK,YARRA RIVER,Yarra,DIV 2 - SOUTHEAST COAST,29 YARRA RIVER,2.6,2003-09-11T00:00:00Z,2013,Club Creek,Waterway section
2277,5764,TRIB OF WOORI YALLOCK CREEK,5720,WOORI YALLOCK CREEK,YARRA RIVER,Yarra,DIV 2 - SOUTHEAST COAST,29 YARRA RIVER,5.43,2003-09-11T00:00:00Z,2013,Tributary Of Woori Yallock Creek,Waterway section
2278,5765,MENZIES CREEK,5720,WOORI YALLOCK CREEK,YARRA RIVER,Yarra,DIV 2 - SOUTHEAST COAST,29 YARRA RIVER,6.44,2003-09-11T00:00:00Z,2013,Menzies Creek,Waterway section
2279,6241,TRIB OF RUNNING CREEK,4640,DIAMOND CREEK,YARRA RIVER,Yarra,DIV 2 - SOUTHEAST COAST,29 YARRA RIVER,0.75,2002-10-22T00:00:00Z,2013,Tributary Of Running Creek,Waterway section
2280,6242,TRIB OF RUNNING CREEK,4640,DIAMOND CREEK,YARRA RIVER,Yarra,DIV 2 - SOUTHEAST COAST,29 YARRA RIVER,0.75,2002-10-22T00:00:00Z,2013,Tributary Of Running Creek,Waterway section
2281,6328,TRIB OF DIAMOND CREEK,4640,DIAMOND CREEK,YARRA RIVER,Yarra,DIV 2 - SOUTHEAST COAST,29 YARRA RIVER,0.63,2003-08-26T00:00:00Z,2013,Tributary Of Diamond Creek,Waterway section
2282,6329,TRIB OF DIAMOND CREEK,4640,DIAMOND CREEK,YARRA RIVER,Yarra,DIV 2 - SOUTHEAST COAST,29 YARRA RIVER,1.98,2003-08-26T00:00:00Z,2013,Tributary Of Diamond Creek,Waterway section
2283,6330,TRIB OF DIAMOND CREEK,4640,DIAMOND CREEK,YARRA RIVER,Yarra,DIV 2 - SOUTHEAST COAST,29 YARRA RIVER,0.77,2003-08-26T00:00:00Z,2013,Tributary Of Diamond Creek,Waterway section
2284,5804,WALKERS CREEK,4400,YARRA RIVER MAIN STREAM,YARRA RIVER,Yarra,DIV 2 - SOUTHEAST COAST,29 YARRA RIVER,3.57,2003-10-16T00:00:00Z,2013,Walkers Creek,Waterway section
2285,5805,YTHAN CREEK,4400,YARRA RIVER MAIN STREAM,YARRA RIVER,Yarra,DIV 2 - SOUTHEAST COAST,29 YARRA RIVER,5.43,2003-10-16T00:00:00Z,2013,Ythan Creek,Waterway section
2286,5845,TRIB OF MISSISSIPPI CREEK,4400,YARRA RIVER MAIN STREAM,YARRA RIVER,Yarra,DIV 2 - SOUTHEAST COAST,29 YARRA RIVER,1.04,2003-11-17T00:00:00Z,2013,Tributary Of Mississippi Creek,Waterway section
2287,5846,BRIDE CREEK,4400,YARRA RIVER MAIN STREAM,YARRA RIVER,Yarra,DIV 2 - SOUTHEAST COAST,29 YARRA RIVER,1.9,2003-11-18T00:00:00Z,2013,Bride Creek,Waterway section
2288,5766,TI-TREE CREEK,5720,WOORI YALLOCK CREEK,YARRA RIVER,Yarra,DIV 2 - SOUTHEAST COAST,29 YARRA RIVER,2.16,2003-09-10T00:00:00Z,2013,Ti-Tree Creek,Waterway section
2289,5816,TUGWELL CREEK,5810,LITTLE YARRA RIVER,YARRA RIVER,Yarra,DIV 2 - SOUTHEAST COAST,29 YARRA RIVER,1.63,2002-11-14T00:00:00Z,2013,Tugwell Creek,Waterway section
2290,5817,KILN CREEK,5810,LITTLE YARRA RIVER,YARRA RIVER,Yarra,DIV 2 - SOUTHEAST COAST,29 YARRA RIVER,0.53,2003-10-09T00:00:00Z,2013,Kiln Creek,Waterway section
2291,8534,TRIB OF 8529,8500,LERDERDERG RIVER,WERRIBEE RIVER,Werribee,DIV 2 - SOUTHEAST COAST,31 WERRIBEE RIVER,0.93,2006-03-20T00:00:00Z,2013,Tributary Of 8529,Waterway section
2292,8535,SCOTTIES GULLY,8500,LERDERDERG RIVER,WERRIBEE RIVER,Werribee,DIV 2 - SOUTHEAST COAST,31 WERRIBEE RIVER,3.6,2006-03-20T00:00:00Z,2013,Scotties Gully,Waterway section
2293,8536,TRIB OF SCOTTIES GULLY,8500,LERDERDERG RIVER,WERRIBEE RIVER,Werribee,DIV 2 - SOUTHEAST COAST,31 WERRIBEE RIVER,0.91,2006-03-20T00:00:00Z,2013,Tributary Of Scotties Gully,Waterway section
2294,8588,RUTHS CREEK,8500,LERDERDERG RIVER,WERRIBEE RIVER,Werribee,DIV 2 - SOUTHEAST COAST,31 WERRIBEE RIVER,3.59,2006-03-20T00:00:00Z,2013,Ruths Creek,Waterway section
2295,8589,TRIB OF RUTHS CREEK,8500,LERDERDERG RIVER,WERRIBEE RIVER,Werribee,DIV 2 - SOUTHEAST COAST,31 WERRIBEE RIVER,0.92,2006-03-20T00:00:00Z,2013,Tributary Of Ruths Creek,Waterway section
2296,8590,TRIB OF LERDERDERG RIVER,8500,LERDERDERG RIVER,WERRIBEE RIVER,Werribee,DIV 2 - SOUTHEAST COAST,31 WERRIBEE RIVER,2.13,2006-03-20T00:00:00Z,2013,Tributary Of Lerderderg River,Waterway section
2297,8591,KANGAROO GULLY,8500,LERDERDERG RIVER,WERRIBEE RIVER,Werribee,DIV 2 - SOUTHEAST COAST,31 WERRIBEE RIVER,3.26,2006-03-20T00:00:00Z,2013,Kangaroo Gully,Waterway section
2298,8215,TRIB OF YANGARDOOK CREEK,8200,TOOLERN CREEK,WERRIBEE RIVER,Werribee,DIV 2 - SOUTHEAST COAST,31 WERRIBEE RIVER,0.92,2006-03-20T00:00:00Z,2013,Tributary Of Yangardook Creek,Waterway section
2299,8216,TRIB OF TOOLERN CREEK,8200,TOOLERN CREEK,WERRIBEE RIVER,Werribee,DIV 2 - SOUTHEAST COAST,31 WERRIBEE RIVER,1.17,2006-03-20T00:00:00Z,2013,Tributary Of Toolern Creek,Waterway section
2300,8217,TRIB OF TOOLERN CREEK,8200,TOOLERN CREEK,WERRIBEE RIVER,Werribee,DIV 2 - SOUTHEAST COAST,31 WERRIBEE RIVER,3.28,2006-03-20T00:00:00Z,2013,Tributary Of Toolern Creek,Waterway section
2301,6576,TRIB OF KALKALLO CREEK,4420,MERRI CREEK,YARRA RIVER,Yarra,DIV 2 - SOUTHEAST COAST,29 YARRA RIVER,0.79,NA,2013,Tributary Of Kalkallo Creek,Waterway section
2302,6577,TRIB OF 6565,4420,MERRI CREEK,YARRA RIVER,Yarra,DIV 2 - SOUTHEAST COAST,29 YARRA RIVER,0.84,NA,2013,Tributary Of 6565,Waterway section
2303,6601,DEEP CREEK,6600,DEEP CREEK,MARIBYRNONG RIVER,Maribyrnong,DIV 2 - SOUTHEAST COAST,30 MARIBYRNONG RIVER,118.88,2006-03-20T00:00:00Z,2013,Deep Creek,Waterway section
2304,8537,TRIB OF SCOTTIES GULLY,8500,LERDERDERG RIVER,WERRIBEE RIVER,Werribee,DIV 2 - SOUTHEAST COAST,31 WERRIBEE RIVER,1.38,2006-03-20T00:00:00Z,2013,Tributary Of Scotties Gully,Waterway section
2305,8538,LINKS RD OUTFALL DRAIN,8500,LERDERDERG RIVER,WERRIBEE RIVER,Werribee,DIV 2 - SOUTHEAST COAST,31 WERRIBEE RIVER,1.44,2006-03-20T00:00:00Z,2013,Links Rd Outfall Drain,Waterway section
2306,8592,JACKSONS GULLY,8500,LERDERDERG RIVER,WERRIBEE RIVER,Werribee,DIV 2 - SOUTHEAST COAST,31 WERRIBEE RIVER,1.68,2006-03-20T00:00:00Z,2013,Jacksons Gully,Waterway section
2307,8593,YANKEE CREEK,8500,LERDERDERG RIVER,WERRIBEE RIVER,Werribee,DIV 2 - SOUTHEAST COAST,31 WERRIBEE RIVER,4.54,2006-03-20T00:00:00Z,2013,Yankee Creek,Waterway section
2308,8406,TRIB OF PYRITES CREEK,8400,PYRITES CREEK,WERRIBEE RIVER,Werribee,DIV 2 - SOUTHEAST COAST,31 WERRIBEE RIVER,0.78,2006-03-20T00:00:00Z,2013,Tributary Of Pyrites Creek,Waterway section
2309,8407,TRIB OF PYRITES CREEK,8400,PYRITES CREEK,WERRIBEE RIVER,Werribee,DIV 2 - SOUTHEAST COAST,31 WERRIBEE RIVER,0.78,2006-03-20T00:00:00Z,2013,Tributary Of Pyrites Creek,Waterway section
2310,8408,TRIB OF PYRITES CREEK,8400,PYRITES CREEK,WERRIBEE RIVER,Werribee,DIV 2 - SOUTHEAST COAST,31 WERRIBEE RIVER,2.31,2006-03-20T00:00:00Z,2013,Tributary Of Pyrites Creek,Waterway section
2311,6369,TRIB OF MAIN CREEK,6340,EMU CREEK,MARIBYRNONG RIVER,Maribyrnong,DIV 2 - SOUTHEAST COAST,30 MARIBYRNONG RIVER,0.81,2006-03-20T00:00:00Z,2013,Tributary Of Main Creek,Waterway section
2312,6370,TRIB OF CHARLIES CREEK,6340,EMU CREEK,MARIBYRNONG RIVER,Maribyrnong,DIV 2 - SOUTHEAST COAST,30 MARIBYRNONG RIVER,1.4,2006-03-20T00:00:00Z,2013,Tributary Of Charlies Creek,Waterway section
2313,6371,TRIB OF CHARLIES CREEK,6340,EMU CREEK,MARIBYRNONG RIVER,Maribyrnong,DIV 2 - SOUTHEAST COAST,30 MARIBYRNONG RIVER,0.95,2006-03-20T00:00:00Z,2013,Tributary Of Charlies Creek,Waterway section
2314,6372,TRIB OF CHARLIES CREEK,6340,EMU CREEK,MARIBYRNONG RIVER,Maribyrnong,DIV 2 - SOUTHEAST COAST,30 MARIBYRNONG RIVER,0.89,2006-03-20T00:00:00Z,2013,Tributary Of Charlies Creek,Waterway section
2315,8539,TRIB OF LERDERDERG RIVER,8500,LERDERDERG RIVER,WERRIBEE RIVER,Werribee,DIV 2 - SOUTHEAST COAST,31 WERRIBEE RIVER,0.9,2006-03-20T00:00:00Z,2013,Tributary Of Lerderderg River,Waterway section
2316,8594,SAW PIT GULLY,8500,LERDERDERG RIVER,WERRIBEE RIVER,Werribee,DIV 2 - SOUTHEAST COAST,31 WERRIBEE RIVER,0.91,2006-03-20T00:00:00Z,2013,Saw Pit Gully,Waterway section
2317,8595,PEACOCK CREEK,8500,LERDERDERG RIVER,WERRIBEE RIVER,Werribee,DIV 2 - SOUTHEAST COAST,31 WERRIBEE RIVER,1.98,2006-03-20T00:00:00Z,2013,Peacock Creek,Waterway section
2318,8596,BURNT BRIDGE CREEK,8500,LERDERDERG RIVER,WERRIBEE RIVER,Werribee,DIV 2 - SOUTHEAST COAST,31 WERRIBEE RIVER,2.05,2006-03-20T00:00:00Z,2013,Burnt Bridge Creek,Waterway section
2319,8597,TRIB OF YANKEE CREEK,8500,LERDERDERG RIVER,WERRIBEE RIVER,Werribee,DIV 2 - SOUTHEAST COAST,31 WERRIBEE RIVER,4.36,2006-03-20T00:00:00Z,2013,Tributary Of Yankee Creek,Waterway section
2320,8409,TRIB OF PYRITES CREEK,8400,PYRITES CREEK,WERRIBEE RIVER,Werribee,DIV 2 - SOUTHEAST COAST,31 WERRIBEE RIVER,1.56,2006-03-20T00:00:00Z,2013,Tributary Of Pyrites Creek,Waterway section
2321,8509,TRIB OF LERDERDERG RIVER,8500,LERDERDERG RIVER,WERRIBEE RIVER,Werribee,DIV 2 - SOUTHEAST COAST,31 WERRIBEE RIVER,1.07,2006-03-20T00:00:00Z,2013,Tributary Of Lerderderg River,Waterway section
2322,8163,TRIB OF WERRIBEE RIVER (UPPER),8100,WERRIBEE RIVER (UPPER),WERRIBEE RIVER,Werribee,DIV 2 - SOUTHEAST COAST,31 WERRIBEE RIVER,0.77,2006-03-20T00:00:00Z,2013,Tributary Of Werribee River (Upper),Waterway section
2323,6430,TRIB OF LINTONS CREEK,6400,BOYD CREEK,MARIBYRNONG RIVER,Maribyrnong,DIV 2 - SOUTHEAST COAST,30 MARIBYRNONG RIVER,0.92,2006-03-20T00:00:00Z,2013,Tributary Of Lintons Creek,Waterway section
2324,6431,TRIB OF SLAB HUT CREEK,6400,BOYD CREEK,MARIBYRNONG RIVER,Maribyrnong,DIV 2 - SOUTHEAST COAST,30 MARIBYRNONG RIVER,0.7,2006-03-20T00:00:00Z,2013,Tributary Of Slab Hut Creek,Waterway section
2325,6432,TRIB OF SLAB HUT CREEK,6400,BOYD CREEK,MARIBYRNONG RIVER,Maribyrnong,DIV 2 - SOUTHEAST COAST,30 MARIBYRNONG RIVER,0.94,2006-03-20T00:00:00Z,2013,Tributary Of Slab Hut Creek,Waterway section
2326,8540,TRIB OF 8539,8500,LERDERDERG RIVER,WERRIBEE RIVER,Werribee,DIV 2 - SOUTHEAST COAST,31 WERRIBEE RIVER,0.89,2006-03-20T00:00:00Z,2013,Tributary Of 8539,Waterway section
2327,8541,TRIB OF LERDERDERG RIVER,8500,LERDERDERG RIVER,WERRIBEE RIVER,Werribee,DIV 2 - SOUTHEAST COAST,31 WERRIBEE RIVER,0.63,2006-03-20T00:00:00Z,2013,Tributary Of Lerderderg River,Waterway section
2328,8542,TRIB OF LERDERDERG RIVER,8500,LERDERDERG RIVER,WERRIBEE RIVER,Werribee,DIV 2 - SOUTHEAST COAST,31 WERRIBEE RIVER,1.68,2006-03-20T00:00:00Z,2013,Tributary Of Lerderderg River,Waterway section
2329,8598,TRIB OF 8597,8500,LERDERDERG RIVER,WERRIBEE RIVER,Werribee,DIV 2 - SOUTHEAST COAST,31 WERRIBEE RIVER,0.83,2006-03-20T00:00:00Z,2013,Tributary Of 8597,Waterway section
2330,8599,SNAKE GULLY CREEK,8500,LERDERDERG RIVER,WERRIBEE RIVER,Werribee,DIV 2 - SOUTHEAST COAST,31 WERRIBEE RIVER,1.79,2006-03-20T00:00:00Z,2013,Snake Gully Creek,Waterway section
2331,8600,NUGGET CREEK,8500,LERDERDERG RIVER,WERRIBEE RIVER,Werribee,DIV 2 - SOUTHEAST COAST,31 WERRIBEE RIVER,3.17,2006-03-20T00:00:00Z,2013,Nugget Creek,Waterway section
2332,8601,LONG GULLY,8500,LERDERDERG RIVER,WERRIBEE RIVER,Werribee,DIV 2 - SOUTHEAST COAST,31 WERRIBEE RIVER,4.63,2006-03-20T00:00:00Z,2013,Long Gully,Waterway section
2333,8602,TRIB OF LONG GULLY,8500,LERDERDERG RIVER,WERRIBEE RIVER,Werribee,DIV 2 - SOUTHEAST COAST,31 WERRIBEE RIVER,1.11,2006-03-20T00:00:00Z,2013,Tributary Of Long Gully,Waterway section
2334,8603,SPLIT TREE GULLY,8500,LERDERDERG RIVER,WERRIBEE RIVER,Werribee,DIV 2 - SOUTHEAST COAST,31 WERRIBEE RIVER,4.39,2006-03-20T00:00:00Z,2013,Split Tree Gully,Waterway section
2335,8411,TRIB OF PYRITES CREEK,8400,PYRITES CREEK,WERRIBEE RIVER,Werribee,DIV 2 - SOUTHEAST COAST,31 WERRIBEE RIVER,0.66,2006-03-20T00:00:00Z,2013,Tributary Of Pyrites Creek,Waterway section
2336,8412,TRIB OF PYRITES CREEK,8400,PYRITES CREEK,WERRIBEE RIVER,Werribee,DIV 2 - SOUTHEAST COAST,31 WERRIBEE RIVER,4.46,2006-03-20T00:00:00Z,2013,Tributary Of Pyrites Creek,Waterway section
2337,8413,TRIB OF 8412,8400,PYRITES CREEK,WERRIBEE RIVER,Werribee,DIV 2 - SOUTHEAST COAST,31 WERRIBEE RIVER,2.13,2006-03-20T00:00:00Z,2013,Tributary Of 8412,Waterway section
2338,8414,COCKATOO CREEK,8400,PYRITES CREEK,WERRIBEE RIVER,Werribee,DIV 2 - SOUTHEAST COAST,31 WERRIBEE RIVER,2.82,2006-03-20T00:00:00Z,2013,Cockatoo Creek,Waterway section
2339,6507,TRIB OF MERRI CREEK (OUTER),4420,MERRI CREEK,YARRA RIVER,Yarra,DIV 2 - SOUTHEAST COAST,29 YARRA RIVER,0.74,2003-08-07T00:00:00Z,2013,Tributary Of Merri Creek (Outer),Waterway section
2340,6508,TRIB OF MERRI CREEK (OUTER),4420,MERRI CREEK,YARRA RIVER,Yarra,DIV 2 - SOUTHEAST COAST,29 YARRA RIVER,3.11,2003-08-07T00:00:00Z,2013,Tributary Of Merri Creek (Outer),Waterway section
2341,6511,TRIB OF MERRI CREEK (OUTER),4420,MERRI CREEK,YARRA RIVER,Yarra,DIV 2 - SOUTHEAST COAST,29 YARRA RIVER,2.39,2003-08-07T00:00:00Z,2013,Tributary Of Merri Creek (Outer),Waterway section
2342,6512,TRIB OF 6511,4420,MERRI CREEK,YARRA RIVER,Yarra,DIV 2 - SOUTHEAST COAST,29 YARRA RIVER,0.2,2003-11-24T00:00:00Z,2013,Tributary Of 6511,Waterway section
2343,6513,TRIB OF MERRI CREEK (OUTER),4420,MERRI CREEK,YARRA RIVER,Yarra,DIV 2 - SOUTHEAST COAST,29 YARRA RIVER,9.75,2003-10-15T00:00:00Z,2013,Tributary Of Merri Creek (Outer),Waterway section
2344,8543,TRIB OF LERDERDERG RIVER,8500,LERDERDERG RIVER,WERRIBEE RIVER,Werribee,DIV 2 - SOUTHEAST COAST,31 WERRIBEE RIVER,1.8,2006-03-20T00:00:00Z,2013,Tributary Of Lerderderg River,Waterway section
2345,8544,TRIB OF 8543,8500,LERDERDERG RIVER,WERRIBEE RIVER,Werribee,DIV 2 - SOUTHEAST COAST,31 WERRIBEE RIVER,1.05,2006-03-20T00:00:00Z,2013,Tributary Of 8543,Waterway section
2346,8545,TRIB OF LERDERDERG RIVER,8500,LERDERDERG RIVER,WERRIBEE RIVER,Werribee,DIV 2 - SOUTHEAST COAST,31 WERRIBEE RIVER,1.44,2006-03-20T00:00:00Z,2013,Tributary Of Lerderderg River,Waterway section
2347,8546,WATTIES GULLY,8500,LERDERDERG RIVER,WERRIBEE RIVER,Werribee,DIV 2 - SOUTHEAST COAST,31 WERRIBEE RIVER,3.5,2006-03-20T00:00:00Z,2013,Watties Gully,Waterway section
2348,8604,TRIB OF LONG GULLY,8500,LERDERDERG RIVER,WERRIBEE RIVER,Werribee,DIV 2 - SOUTHEAST COAST,31 WERRIBEE RIVER,1.73,2006-03-20T00:00:00Z,2013,Tributary Of Long Gully,Waterway section
2349,8221,TRIB OF TOOLERN CREEK,8200,TOOLERN CREEK,WERRIBEE RIVER,Werribee,DIV 2 - SOUTHEAST COAST,31 WERRIBEE RIVER,0.81,2006-03-20T00:00:00Z,2013,Tributary Of Toolern Creek,Waterway section
2350,8222,TRIB OF TOOLERN CREEK,8200,TOOLERN CREEK,WERRIBEE RIVER,Werribee,DIV 2 - SOUTHEAST COAST,31 WERRIBEE RIVER,3.82,2006-03-20T00:00:00Z,2013,Tributary Of Toolern Creek,Waterway section
2351,6602,TRIB OF DEEP CREEK,6600,DEEP CREEK,MARIBYRNONG RIVER,Maribyrnong,DIV 2 - SOUTHEAST COAST,30 MARIBYRNONG RIVER,0.8,2006-03-20T00:00:00Z,2013,Tributary Of Deep Creek,Waterway section
2352,6603,TRIB OF DEEP CREEK,6600,DEEP CREEK,MARIBYRNONG RIVER,Maribyrnong,DIV 2 - SOUTHEAST COAST,30 MARIBYRNONG RIVER,2.32,2006-03-20T00:00:00Z,2013,Tributary Of Deep Creek,Waterway section
2353,6604,TRIB OF DEEP CREEK,6600,DEEP CREEK,MARIBYRNONG RIVER,Maribyrnong,DIV 2 - SOUTHEAST COAST,30 MARIBYRNONG RIVER,0.77,2006-03-20T00:00:00Z,2013,Tributary Of Deep Creek,Waterway section
2354,8547,TRIB OF WATTIES GULLY,8500,LERDERDERG RIVER,WERRIBEE RIVER,Werribee,DIV 2 - SOUTHEAST COAST,31 WERRIBEE RIVER,0.86,2006-03-20T00:00:00Z,2013,Tributary Of Watties Gully,Waterway section
2355,8548,TRIB OF WATTIES GULLY,8500,LERDERDERG RIVER,WERRIBEE RIVER,Werribee,DIV 2 - SOUTHEAST COAST,31 WERRIBEE RIVER,4.32,2006-03-20T00:00:00Z,2013,Tributary Of Watties Gully,Waterway section
2356,8549,TRIB OF 8548,8500,LERDERDERG RIVER,WERRIBEE RIVER,Werribee,DIV 2 - SOUTHEAST COAST,31 WERRIBEE RIVER,1.86,2006-03-20T00:00:00Z,2013,Tributary Of 8548,Waterway section
2357,8550,TRIB OF 8549,8500,LERDERDERG RIVER,WERRIBEE RIVER,Werribee,DIV 2 - SOUTHEAST COAST,31 WERRIBEE RIVER,1.15,2006-03-20T00:00:00Z,2013,Tributary Of 8549,Waterway section
2358,8551,AH KOW GULLY,8500,LERDERDERG RIVER,WERRIBEE RIVER,Werribee,DIV 2 - SOUTHEAST COAST,31 WERRIBEE RIVER,2.34,2006-03-20T00:00:00Z,2013,Ah Kow Gully,Waterway section
2359,8552,TRIB OF LERDERDERG RIVER,8500,LERDERDERG RIVER,WERRIBEE RIVER,Werribee,DIV 2 - SOUTHEAST COAST,31 WERRIBEE RIVER,1.48,2006-03-20T00:00:00Z,2013,Tributary Of Lerderderg River,Waterway section
2360,8553,CLEARWATER GULLY,8500,LERDERDERG RIVER,WERRIBEE RIVER,Werribee,DIV 2 - SOUTHEAST COAST,31 WERRIBEE RIVER,6.52,2006-03-20T00:00:00Z,2013,Clearwater Gully,Waterway section
2361,8554,TRIB OF CLEARWATER GULLY,8500,LERDERDERG RIVER,WERRIBEE RIVER,Werribee,DIV 2 - SOUTHEAST COAST,31 WERRIBEE RIVER,2.7,2006-03-20T00:00:00Z,2013,Tributary Of Clearwater Gully,Waterway section
2362,8154,TRIB OF 8153,8100,WERRIBEE RIVER (UPPER),WERRIBEE RIVER,Werribee,DIV 2 - SOUTHEAST COAST,31 WERRIBEE RIVER,1.13,2006-03-20T00:00:00Z,2013,Tributary Of 8153,Waterway section
2363,8155,TRIB OF 8154,8100,WERRIBEE RIVER (UPPER),WERRIBEE RIVER,Werribee,DIV 2 - SOUTHEAST COAST,31 WERRIBEE RIVER,0.79,2006-03-20T00:00:00Z,2013,Tributary Of 8154,Waterway section
2364,8156,TRIB OF 8153,8100,WERRIBEE RIVER (UPPER),WERRIBEE RIVER,Werribee,DIV 2 - SOUTHEAST COAST,31 WERRIBEE RIVER,2.27,2006-03-20T00:00:00Z,2013,Tributary Of 8153,Waterway section
2365,8164,TRIB OF WERRIBEE RIVER (UPPER),8100,WERRIBEE RIVER (UPPER),WERRIBEE RIVER,Werribee,DIV 2 - SOUTHEAST COAST,31 WERRIBEE RIVER,1.18,2006-03-20T00:00:00Z,2013,Tributary Of Werribee River (Upper),Waterway section
2366,8218,TRIB OF 8217,8200,TOOLERN CREEK,WERRIBEE RIVER,Werribee,DIV 2 - SOUTHEAST COAST,31 WERRIBEE RIVER,0.88,2006-03-20T00:00:00Z,2013,Tributary Of 8217,Waterway section
2367,6373,TRIB OF CHARLIES CREEK,6340,EMU CREEK,MARIBYRNONG RIVER,Maribyrnong,DIV 2 - SOUTHEAST COAST,30 MARIBYRNONG RIVER,0.83,2006-03-20T00:00:00Z,2013,Tributary Of Charlies Creek,Waterway section
2368,6374,TRIB OF BOLINDA CREEK,6340,EMU CREEK,MARIBYRNONG RIVER,Maribyrnong,DIV 2 - SOUTHEAST COAST,30 MARIBYRNONG RIVER,1.1,2006-03-20T00:00:00Z,2013,Tributary Of Bolinda Creek,Waterway section
2369,8555,TRIB OF CLEARWATER GULLY,8500,LERDERDERG RIVER,WERRIBEE RIVER,Werribee,DIV 2 - SOUTHEAST COAST,31 WERRIBEE RIVER,0.98,2006-03-20T00:00:00Z,2013,Tributary Of Clearwater Gully,Waterway section
2370,8556,TRIB OF CLEARWATER GULLY,8500,LERDERDERG RIVER,WERRIBEE RIVER,Werribee,DIV 2 - SOUTHEAST COAST,31 WERRIBEE RIVER,0.68,2006-03-20T00:00:00Z,2013,Tributary Of Clearwater Gully,Waterway section
2371,8189,TRIB OF 8187,8100,WERRIBEE RIVER (UPPER),WERRIBEE RIVER,Werribee,DIV 2 - SOUTHEAST COAST,31 WERRIBEE RIVER,0.77,2006-03-20T00:00:00Z,2013,Tributary Of 8187,Waterway section
2372,8201,TOOLERN CREEK,8200,TOOLERN CREEK,WERRIBEE RIVER,Werribee,DIV 2 - SOUTHEAST COAST,31 WERRIBEE RIVER,35.85,2006-03-20T00:00:00Z,2013,Toolern Creek,Waterway section
2373,8202,RYANS CREEK,8200,TOOLERN CREEK,WERRIBEE RIVER,Werribee,DIV 2 - SOUTHEAST COAST,31 WERRIBEE RIVER,7.01,2006-03-20T00:00:00Z,2013,Ryans Creek,Waterway section
2374,8203,LITTLE BLIND CREEK,8200,TOOLERN CREEK,WERRIBEE RIVER,Werribee,DIV 2 - SOUTHEAST COAST,31 WERRIBEE RIVER,8.99,2006-03-20T00:00:00Z,2013,Little Blind Creek,Waterway section
2375,8204,MOWBRAY CRES DRAIN,8200,TOOLERN CREEK,WERRIBEE RIVER,Werribee,DIV 2 - SOUTHEAST COAST,31 WERRIBEE RIVER,0.42,2006-03-20T00:00:00Z,2013,Mowbray Cres Drain,Waterway section
2376,8510,CAIRNS DR DRAIN,8500,LERDERDERG RIVER,WERRIBEE RIVER,Werribee,DIV 2 - SOUTHEAST COAST,31 WERRIBEE RIVER,1.78,2006-03-20T00:00:00Z,2013,Cairns Dr Drain,Waterway section
2377,8511,ROBERTSONS RD DRAIN,8500,LERDERDERG RIVER,WERRIBEE RIVER,Werribee,DIV 2 - SOUTHEAST COAST,31 WERRIBEE RIVER,0.93,2006-03-20T00:00:00Z,2013,Robertsons Rd Drain,Waterway section
2378,8512,GOODMAN CREEK,8500,LERDERDERG RIVER,WERRIBEE RIVER,Werribee,DIV 2 - SOUTHEAST COAST,31 WERRIBEE RIVER,15.62,2006-03-20T00:00:00Z,2013,Goodman Creek,Waterway section
2379,6433,TRIB OF SLAB HUT CREEK,6400,BOYD CREEK,MARIBYRNONG RIVER,Maribyrnong,DIV 2 - SOUTHEAST COAST,30 MARIBYRNONG RIVER,0.83,2006-03-20T00:00:00Z,2013,Tributary Of Slab Hut Creek,Waterway section
2380,8557,TRIB OF CLEARWATER GULLY,8500,LERDERDERG RIVER,WERRIBEE RIVER,Werribee,DIV 2 - SOUTHEAST COAST,31 WERRIBEE RIVER,0.73,2006-03-20T00:00:00Z,2013,Tributary Of Clearwater Gully,Waterway section
2381,8558,TRIB OF LERDERDERG RIVER,8500,LERDERDERG RIVER,WERRIBEE RIVER,Werribee,DIV 2 - SOUTHEAST COAST,31 WERRIBEE RIVER,2.75,2006-03-20T00:00:00Z,2013,Tributary Of Lerderderg River,Waterway section
2382,8559,TRIB OF 8558,8500,LERDERDERG RIVER,WERRIBEE RIVER,Werribee,DIV 2 - SOUTHEAST COAST,31 WERRIBEE RIVER,1.21,2006-03-20T00:00:00Z,2013,Tributary Of 8558,Waterway section
2383,8560,TRIB OF LERDERDERG RIVER,8500,LERDERDERG RIVER,WERRIBEE RIVER,Werribee,DIV 2 - SOUTHEAST COAST,31 WERRIBEE RIVER,0.95,2006-03-20T00:00:00Z,2013,Tributary Of Lerderderg River,Waterway section
2384,8205,VICTORIA AVE DRAIN,8200,TOOLERN CREEK,WERRIBEE RIVER,Werribee,DIV 2 - SOUTHEAST COAST,31 WERRIBEE RIVER,0.25,2006-03-20T00:00:00Z,2013,Victoria Ave Drain,Waterway section
2385,8206,TRIB OF LITTLE BLIND CREEK,8200,TOOLERN CREEK,WERRIBEE RIVER,Werribee,DIV 2 - SOUTHEAST COAST,31 WERRIBEE RIVER,8.05,2006-03-20T00:00:00Z,2013,Tributary Of Little Blind Creek,Waterway section
2386,8318,TRIB OF DJERRIWARRH CREEK,8300,DJERRIWARRH CREEK,WERRIBEE RIVER,Werribee,DIV 2 - SOUTHEAST COAST,31 WERRIBEE RIVER,0.85,2006-03-20T00:00:00Z,2013,Tributary Of Djerriwarrh Creek,Waterway section
2387,8223,TRIB OF TOOLERN CREEK,8200,TOOLERN CREEK,WERRIBEE RIVER,Werribee,DIV 2 - SOUTHEAST COAST,31 WERRIBEE RIVER,0.97,2006-03-20T00:00:00Z,2013,Tributary Of Toolern Creek,Waterway section
2388,8415,TRIB OF COCKATOO CREEK,8400,PYRITES CREEK,WERRIBEE RIVER,Werribee,DIV 2 - SOUTHEAST COAST,31 WERRIBEE RIVER,0.96,2006-03-20T00:00:00Z,2013,Tributary Of Cockatoo Creek,Waterway section
2389,8416,TRIB OF PYRITES CREEK,8400,PYRITES CREEK,WERRIBEE RIVER,Werribee,DIV 2 - SOUTHEAST COAST,31 WERRIBEE RIVER,1.91,2006-03-20T00:00:00Z,2013,Tributary Of Pyrites Creek,Waterway section
2390,6434,TRIB OF SLAB HUT CREEK,6400,BOYD CREEK,MARIBYRNONG RIVER,Maribyrnong,DIV 2 - SOUTHEAST COAST,30 MARIBYRNONG RIVER,1.36,2006-03-20T00:00:00Z,2013,Tributary Of Slab Hut Creek,Waterway section
2391,6514,TRIB OF MERRI CREEK (OUTER),4420,MERRI CREEK,YARRA RIVER,Yarra,DIV 2 - SOUTHEAST COAST,29 YARRA RIVER,2.1,2003-08-13T00:00:00Z,2013,Tributary Of Merri Creek (Outer),Waterway section
2392,8561,TRIB OF LERDERDERG RIVER,8500,LERDERDERG RIVER,WERRIBEE RIVER,Werribee,DIV 2 - SOUTHEAST COAST,31 WERRIBEE RIVER,0.63,2006-03-20T00:00:00Z,2013,Tributary Of Lerderderg River,Waterway section
2393,8562,WHISKY GULLY,8500,LERDERDERG RIVER,WERRIBEE RIVER,Werribee,DIV 2 - SOUTHEAST COAST,31 WERRIBEE RIVER,7.12,2006-03-20T00:00:00Z,2013,Whisky Gully,Waterway section
2394,8563,TRIB OF WHISKY GULLY,8500,LERDERDERG RIVER,WERRIBEE RIVER,Werribee,DIV 2 - SOUTHEAST COAST,31 WERRIBEE RIVER,1.04,2006-03-20T00:00:00Z,2013,Tributary Of Whisky Gully,Waterway section
2395,8564,TRIB OF WHISKY GULLY,8500,LERDERDERG RIVER,WERRIBEE RIVER,Werribee,DIV 2 - SOUTHEAST COAST,31 WERRIBEE RIVER,0.95,2006-03-20T00:00:00Z,2013,Tributary Of Whisky Gully,Waterway section
2396,8319,TRIB OF DJERRIWARRH CREEK,8300,DJERRIWARRH CREEK,WERRIBEE RIVER,Werribee,DIV 2 - SOUTHEAST COAST,31 WERRIBEE RIVER,1.31,2006-03-20T00:00:00Z,2013,Tributary Of Djerriwarrh Creek,Waterway section
2397,8219,TRIB OF TOOLERN CREEK,8200,TOOLERN CREEK,WERRIBEE RIVER,Werribee,DIV 2 - SOUTHEAST COAST,31 WERRIBEE RIVER,3.37,2006-03-20T00:00:00Z,2013,Tributary Of Toolern Creek,Waterway section
2398,8220,TRIB OF 8219,8200,TOOLERN CREEK,WERRIBEE RIVER,Werribee,DIV 2 - SOUTHEAST COAST,31 WERRIBEE RIVER,0.65,2006-03-20T00:00:00Z,2013,Tributary Of 8219,Waterway section
2399,8410,TRIB OF PYRITES CREEK,8400,PYRITES CREEK,WERRIBEE RIVER,Werribee,DIV 2 - SOUTHEAST COAST,31 WERRIBEE RIVER,0.93,2006-03-20T00:00:00Z,2013,Tributary Of Pyrites Creek,Waterway section
2400,6515,TRIB OF MERRI CREEK (OUTER),4420,MERRI CREEK,YARRA RIVER,Yarra,DIV 2 - SOUTHEAST COAST,29 YARRA RIVER,2.18,2003-08-11T00:00:00Z,2013,Tributary Of Merri Creek (Outer),Waterway section
2401,6519,TRIB OF MERRI CREEK (OUTER),4420,MERRI CREEK,YARRA RIVER,Yarra,DIV 2 - SOUTHEAST COAST,29 YARRA RIVER,1.18,2003-08-11T00:00:00Z,2013,Tributary Of Merri Creek (Outer),Waterway section
2402,6605,TRIB OF DEEP CREEK,6600,DEEP CREEK,MARIBYRNONG RIVER,Maribyrnong,DIV 2 - SOUTHEAST COAST,30 MARIBYRNONG RIVER,0.73,2006-03-20T00:00:00Z,2013,Tributary Of Deep Creek,Waterway section
2403,6606,TRIB OF DEEP CREEK,6600,DEEP CREEK,MARIBYRNONG RIVER,Maribyrnong,DIV 2 - SOUTHEAST COAST,30 MARIBYRNONG RIVER,2.27,2006-03-20T00:00:00Z,2013,Tributary Of Deep Creek,Waterway section
2404,6607,TRIB OF 6606,6600,DEEP CREEK,MARIBYRNONG RIVER,Maribyrnong,DIV 2 - SOUTHEAST COAST,30 MARIBYRNONG RIVER,1.79,2006-03-20T00:00:00Z,2013,Tributary Of 6606,Waterway section
2405,6608,TRIB OF DEEP CREEK,6600,DEEP CREEK,MARIBYRNONG RIVER,Maribyrnong,DIV 2 - SOUTHEAST COAST,30 MARIBYRNONG RIVER,3.19,2006-03-20T00:00:00Z,2013,Tributary Of Deep Creek,Waterway section
2406,6609,TRIB OF DEEP CREEK,6600,DEEP CREEK,MARIBYRNONG RIVER,Maribyrnong,DIV 2 - SOUTHEAST COAST,30 MARIBYRNONG RIVER,2.02,2006-03-20T00:00:00Z,2013,Tributary Of Deep Creek,Waterway section
2407,8565,TRIB OF WHISKY GULLY,8500,LERDERDERG RIVER,WERRIBEE RIVER,Werribee,DIV 2 - SOUTHEAST COAST,31 WERRIBEE RIVER,0.78,2006-03-20T00:00:00Z,2013,Tributary Of Whisky Gully,Waterway section
2408,8566,TRIB OF WHISKY GULLY,8500,LERDERDERG RIVER,WERRIBEE RIVER,Werribee,DIV 2 - SOUTHEAST COAST,31 WERRIBEE RIVER,1.02,2006-03-20T00:00:00Z,2013,Tributary Of Whisky Gully,Waterway section
2409,8435,TRIB OF 8427,8400,PYRITES CREEK,WERRIBEE RIVER,Werribee,DIV 2 - SOUTHEAST COAST,31 WERRIBEE RIVER,0.87,2006-03-20T00:00:00Z,2013,Tributary Of 8427,Waterway section
2410,8436,TRIB OF PYRITES CREEK,8400,PYRITES CREEK,WERRIBEE RIVER,Werribee,DIV 2 - SOUTHEAST COAST,31 WERRIBEE RIVER,0.8,2006-03-20T00:00:00Z,2013,Tributary Of Pyrites Creek,Waterway section
2411,8437,TRIB OF PYRITES CREEK,8400,PYRITES CREEK,WERRIBEE RIVER,Werribee,DIV 2 - SOUTHEAST COAST,31 WERRIBEE RIVER,0.83,2006-03-20T00:00:00Z,2013,Tributary Of Pyrites Creek,Waterway section
2412,8165,TRIB OF 8164,8100,WERRIBEE RIVER (UPPER),WERRIBEE RIVER,Werribee,DIV 2 - SOUTHEAST COAST,31 WERRIBEE RIVER,1.16,2006-03-20T00:00:00Z,2013,Tributary Of 8164,Waterway section
2413,8166,MCGEE CREEK,8100,WERRIBEE RIVER (UPPER),WERRIBEE RIVER,Werribee,DIV 2 - SOUTHEAST COAST,31 WERRIBEE RIVER,2.08,2006-03-20T00:00:00Z,2013,Mcgee Creek,Waterway section
2414,8167,TRIB OF MCGEE CREEK,8100,WERRIBEE RIVER (UPPER),WERRIBEE RIVER,Werribee,DIV 2 - SOUTHEAST COAST,31 WERRIBEE RIVER,1.05,2006-03-20T00:00:00Z,2013,Tributary Of Mcgee Creek,Waterway section
2415,6610,TRIB OF DEEP CREEK,6600,DEEP CREEK,MARIBYRNONG RIVER,Maribyrnong,DIV 2 - SOUTHEAST COAST,30 MARIBYRNONG RIVER,5.07,2006-03-20T00:00:00Z,2013,Tributary Of Deep Creek,Waterway section
2416,6611,TRIB OF DEEP CREEK,6600,DEEP CREEK,MARIBYRNONG RIVER,Maribyrnong,DIV 2 - SOUTHEAST COAST,30 MARIBYRNONG RIVER,7.04,2006-03-20T00:00:00Z,2013,Tributary Of Deep Creek,Waterway section
2417,6375,TRIB OF BOLINDA CREEK,6340,EMU CREEK,MARIBYRNONG RIVER,Maribyrnong,DIV 2 - SOUTHEAST COAST,30 MARIBYRNONG RIVER,1.73,2006-03-20T00:00:00Z,2013,Tributary Of Bolinda Creek,Waterway section
2418,6376,DUCKHOLE CREEK,6340,EMU CREEK,MARIBYRNONG RIVER,Maribyrnong,DIV 2 - SOUTHEAST COAST,30 MARIBYRNONG RIVER,3.41,2006-03-20T00:00:00Z,2013,Duckhole Creek,Waterway section
2419,6377,DRY CREEK,6340,EMU CREEK,MARIBYRNONG RIVER,Maribyrnong,DIV 2 - SOUTHEAST COAST,30 MARIBYRNONG RIVER,8.64,2006-03-20T00:00:00Z,2013,Dry Creek,Waterway section
2420,6378,TRIB OF DRY CREEK,6340,EMU CREEK,MARIBYRNONG RIVER,Maribyrnong,DIV 2 - SOUTHEAST COAST,30 MARIBYRNONG RIVER,2.31,2006-03-20T00:00:00Z,2013,Tributary Of Dry Creek,Waterway section
2421,6379,SANDY CREEK,6340,EMU CREEK,MARIBYRNONG RIVER,Maribyrnong,DIV 2 - SOUTHEAST COAST,30 MARIBYRNONG RIVER,4.67,2006-03-20T00:00:00Z,2013,Sandy Creek,Waterway section
2422,6380,TRIB OF BOLINDA CREEK,6340,EMU CREEK,MARIBYRNONG RIVER,Maribyrnong,DIV 2 - SOUTHEAST COAST,30 MARIBYRNONG RIVER,3.65,2006-03-20T00:00:00Z,2013,Tributary Of Bolinda Creek,Waterway section
2423,8567,TRIB OF WHISKY GULLY,8500,LERDERDERG RIVER,WERRIBEE RIVER,Werribee,DIV 2 - SOUTHEAST COAST,31 WERRIBEE RIVER,0.69,2006-03-20T00:00:00Z,2013,Tributary Of Whisky Gully,Waterway section
2424,8568,GOWAN GULLY,8500,LERDERDERG RIVER,WERRIBEE RIVER,Werribee,DIV 2 - SOUTHEAST COAST,31 WERRIBEE RIVER,5.16,2006-03-20T00:00:00Z,2013,Gowan Gully,Waterway section
2425,8569,TRIB OF LERDERDERG RIVER,8500,LERDERDERG RIVER,WERRIBEE RIVER,Werribee,DIV 2 - SOUTHEAST COAST,31 WERRIBEE RIVER,0.79,2006-03-20T00:00:00Z,2013,Tributary Of Lerderderg River,Waterway section
2426,8570,NOLAN GULLY,8500,LERDERDERG RIVER,WERRIBEE RIVER,Werribee,DIV 2 - SOUTHEAST COAST,31 WERRIBEE RIVER,3.97,2006-03-20T00:00:00Z,2013,Nolan Gully,Waterway section
2427,8571,SARDINE CREEK,8500,LERDERDERG RIVER,WERRIBEE RIVER,Werribee,DIV 2 - SOUTHEAST COAST,31 WERRIBEE RIVER,2.73,2006-03-20T00:00:00Z,2013,Sardine Creek,Waterway section
2428,8501,LERDERDERG RIVER,8500,LERDERDERG RIVER,WERRIBEE RIVER,Werribee,DIV 2 - SOUTHEAST COAST,31 WERRIBEE RIVER,47.82,2006-03-20T00:00:00Z,2013,Lerderderg River,Waterway section
2429,8157,TRIB OF 8156,8100,WERRIBEE RIVER (UPPER),WERRIBEE RIVER,Werribee,DIV 2 - SOUTHEAST COAST,31 WERRIBEE RIVER,0.94,2006-03-20T00:00:00Z,2013,Tributary Of 8156,Waterway section
2430,8158,TRIB OF WERRIBEE RIVER (UPPER),8100,WERRIBEE RIVER (UPPER),WERRIBEE RIVER,Werribee,DIV 2 - SOUTHEAST COAST,31 WERRIBEE RIVER,0.99,2006-03-20T00:00:00Z,2013,Tributary Of Werribee River (Upper),Waterway section
2431,8159,TRIB OF WERRIBEE RIVER (UPPER),8100,WERRIBEE RIVER (UPPER),WERRIBEE RIVER,Werribee,DIV 2 - SOUTHEAST COAST,31 WERRIBEE RIVER,1.89,2006-03-20T00:00:00Z,2013,Tributary Of Werribee River (Upper),Waterway section
2432,8417,MONUMENT GULLY,8400,PYRITES CREEK,WERRIBEE RIVER,Werribee,DIV 2 - SOUTHEAST COAST,31 WERRIBEE RIVER,0.63,2006-03-20T00:00:00Z,2013,Monument Gully,Waterway section
2433,8418,CATARACT CREEK,8400,PYRITES CREEK,WERRIBEE RIVER,Werribee,DIV 2 - SOUTHEAST COAST,31 WERRIBEE RIVER,5.92,2006-03-20T00:00:00Z,2013,Cataract Creek,Waterway section
2434,8419,TRIB OF PYRITES CREEK,8400,PYRITES CREEK,WERRIBEE RIVER,Werribee,DIV 2 - SOUTHEAST COAST,31 WERRIBEE RIVER,3.43,2006-03-20T00:00:00Z,2013,Tributary Of Pyrites Creek,Waterway section
2435,8513,TRIB OF GOODMAN CREEK,8500,LERDERDERG RIVER,WERRIBEE RIVER,Werribee,DIV 2 - SOUTHEAST COAST,31 WERRIBEE RIVER,0.92,2006-03-20T00:00:00Z,2013,Tributary Of Goodman Creek,Waterway section
2436,8186,TRIB OF WERRIBEE RIVER (UPPER),8100,WERRIBEE RIVER (UPPER),WERRIBEE RIVER,Werribee,DIV 2 - SOUTHEAST COAST,31 WERRIBEE RIVER,1.33,2006-03-20T00:00:00Z,2013,Tributary Of Werribee River (Upper),Waterway section
2437,8187,TRIB OF WERRIBEE RIVER (UPPER),8100,WERRIBEE RIVER (UPPER),WERRIBEE RIVER,Werribee,DIV 2 - SOUTHEAST COAST,31 WERRIBEE RIVER,4.28,2006-03-20T00:00:00Z,2013,Tributary Of Werribee River (Upper),Waterway section
2438,8188,TRIB OF 8187,8100,WERRIBEE RIVER (UPPER),WERRIBEE RIVER,Werribee,DIV 2 - SOUTHEAST COAST,31 WERRIBEE RIVER,0.76,2006-03-20T00:00:00Z,2013,Tributary Of 8187,Waterway section
2439,8572,BILLET CREEK,8500,LERDERDERG RIVER,WERRIBEE RIVER,Werribee,DIV 2 - SOUTHEAST COAST,31 WERRIBEE RIVER,7.49,2006-03-20T00:00:00Z,2013,Billet Creek,Waterway section
2440,8573,TRIB OF BILLET CREEK,8500,LERDERDERG RIVER,WERRIBEE RIVER,Werribee,DIV 2 - SOUTHEAST COAST,31 WERRIBEE RIVER,2.45,2006-03-20T00:00:00Z,2013,Tributary Of Billet Creek,Waterway section
2441,8574,TRIB OF SARDINE CREEK,8500,LERDERDERG RIVER,WERRIBEE RIVER,Werribee,DIV 2 - SOUTHEAST COAST,31 WERRIBEE RIVER,0.68,2006-03-20T00:00:00Z,2013,Tributary Of Sardine Creek,Waterway section
2442,8575,GARDINERS CREEK,8500,LERDERDERG RIVER,WERRIBEE RIVER,Werribee,DIV 2 - SOUTHEAST COAST,31 WERRIBEE RIVER,2.14,2006-03-20T00:00:00Z,2013,Gardiners Creek,Waterway section
2443,8576,TRIB OF GARDINERS CREEK,8500,LERDERDERG RIVER,WERRIBEE RIVER,Werribee,DIV 2 - SOUTHEAST COAST,31 WERRIBEE RIVER,3.57,2006-03-20T00:00:00Z,2013,Tributary Of Gardiners Creek,Waterway section
2444,8207,TRIB OF LITTLE BLIND CREEK,8200,TOOLERN CREEK,WERRIBEE RIVER,Werribee,DIV 2 - SOUTHEAST COAST,31 WERRIBEE RIVER,0.94,2006-03-20T00:00:00Z,2013,Tributary Of Little Blind Creek,Waterway section
2445,8208,TRIB OF TOOLERN CREEK,8200,TOOLERN CREEK,WERRIBEE RIVER,Werribee,DIV 2 - SOUTHEAST COAST,31 WERRIBEE RIVER,5.33,2006-03-20T00:00:00Z,2013,Tributary Of Toolern Creek,Waterway section
2446,8210,TRIB OF TOOLERN CREEK,8200,TOOLERN CREEK,WERRIBEE RIVER,Werribee,DIV 2 - SOUTHEAST COAST,31 WERRIBEE RIVER,1.24,2006-03-20T00:00:00Z,2013,Tributary Of Toolern Creek,Waterway section
2447,8211,TRIB OF TOOLERN CREEK,8200,TOOLERN CREEK,WERRIBEE RIVER,Werribee,DIV 2 - SOUTHEAST COAST,31 WERRIBEE RIVER,3.12,2006-03-20T00:00:00Z,2013,Tributary Of Toolern Creek,Waterway section
2448,8212,TRIB OF 8211,8200,TOOLERN CREEK,WERRIBEE RIVER,Werribee,DIV 2 - SOUTHEAST COAST,31 WERRIBEE RIVER,4.98,2006-03-20T00:00:00Z,2013,Tributary Of 8211,Waterway section
2449,6367,TRIB OF MAIN CREEK,6340,EMU CREEK,MARIBYRNONG RIVER,Maribyrnong,DIV 2 - SOUTHEAST COAST,30 MARIBYRNONG RIVER,1.31,2006-03-20T00:00:00Z,2013,Tributary Of Main Creek,Waterway section
2450,8311,TRIB OF BOGGY CREEK,8300,DJERRIWARRH CREEK,WERRIBEE RIVER,Werribee,DIV 2 - SOUTHEAST COAST,31 WERRIBEE RIVER,1.15,2006-03-20T00:00:00Z,2013,Tributary Of Boggy Creek,Waterway section
2451,8312,TRIB OF BOGGY CREEK,8300,DJERRIWARRH CREEK,WERRIBEE RIVER,Werribee,DIV 2 - SOUTHEAST COAST,31 WERRIBEE RIVER,2.31,2006-03-20T00:00:00Z,2013,Tributary Of Boggy Creek,Waterway section
2452,8313,TRIB OF DJERRIWARRH CREEK,8300,DJERRIWARRH CREEK,WERRIBEE RIVER,Werribee,DIV 2 - SOUTHEAST COAST,31 WERRIBEE RIVER,3.58,2006-03-20T00:00:00Z,2013,Tributary Of Djerriwarrh Creek,Waterway section
2453,8314,TRIB OF 8313,8300,DJERRIWARRH CREEK,WERRIBEE RIVER,Werribee,DIV 2 - SOUTHEAST COAST,31 WERRIBEE RIVER,1.03,2006-03-20T00:00:00Z,2013,Tributary Of 8313,Waterway section
2454,8315,TRIB OF DJERRIWARRH CREEK,8300,DJERRIWARRH CREEK,WERRIBEE RIVER,Werribee,DIV 2 - SOUTHEAST COAST,31 WERRIBEE RIVER,1.7,2006-03-20T00:00:00Z,2013,Tributary Of Djerriwarrh Creek,Waterway section
2455,8316,TRIB OF DJERRIWARRH CREEK,8300,DJERRIWARRH CREEK,WERRIBEE RIVER,Werribee,DIV 2 - SOUTHEAST COAST,31 WERRIBEE RIVER,2.61,2006-03-20T00:00:00Z,2013,Tributary Of Djerriwarrh Creek,Waterway section
2456,8577,TRIB OF 8576,8500,LERDERDERG RIVER,WERRIBEE RIVER,Werribee,DIV 2 - SOUTHEAST COAST,31 WERRIBEE RIVER,1.26,2006-03-20T00:00:00Z,2013,Tributary Of 8576,Waterway section
2457,8578,TRIB OF 8576,8500,LERDERDERG RIVER,WERRIBEE RIVER,Werribee,DIV 2 - SOUTHEAST COAST,31 WERRIBEE RIVER,2.05,2006-03-20T00:00:00Z,2013,Tributary Of 8576,Waterway section
2458,8213,TRIB OF 8211,8200,TOOLERN CREEK,WERRIBEE RIVER,Werribee,DIV 2 - SOUTHEAST COAST,31 WERRIBEE RIVER,1.5,2006-03-20T00:00:00Z,2013,Tributary Of 8211,Waterway section
2459,8321,TRIB OF DJERRIWARRH CREEK,8300,DJERRIWARRH CREEK,WERRIBEE RIVER,Werribee,DIV 2 - SOUTHEAST COAST,31 WERRIBEE RIVER,0.62,2006-03-20T00:00:00Z,2013,Tributary Of Djerriwarrh Creek,Waterway section
2460,8401,PYRITES CREEK,8400,PYRITES CREEK,WERRIBEE RIVER,Werribee,DIV 2 - SOUTHEAST COAST,31 WERRIBEE RIVER,31.46,2006-03-20T00:00:00Z,2013,Pyrites Creek,Waterway section
2461,8402,TRIB OF PYRITES CREEK,8400,PYRITES CREEK,WERRIBEE RIVER,Werribee,DIV 2 - SOUTHEAST COAST,31 WERRIBEE RIVER,2.65,2006-03-20T00:00:00Z,2013,Tributary Of Pyrites Creek,Waterway section
2462,8403,TRIB OF PYRITES CREEK,8400,PYRITES CREEK,WERRIBEE RIVER,Werribee,DIV 2 - SOUTHEAST COAST,31 WERRIBEE RIVER,1.06,2006-03-20T00:00:00Z,2013,Tributary Of Pyrites Creek,Waterway section
2463,8404,TRIB OF PYRITES CREEK,8400,PYRITES CREEK,WERRIBEE RIVER,Werribee,DIV 2 - SOUTHEAST COAST,31 WERRIBEE RIVER,1.65,2006-03-20T00:00:00Z,2013,Tributary Of Pyrites Creek,Waterway section
2464,6368,TRIB OF MAIN CREEK,6340,EMU CREEK,MARIBYRNONG RIVER,Maribyrnong,DIV 2 - SOUTHEAST COAST,30 MARIBYRNONG RIVER,0.98,2006-03-20T00:00:00Z,2013,Tributary Of Main Creek,Waterway section
2465,6427,TRIB OF 6426,6400,BOYD CREEK,MARIBYRNONG RIVER,Maribyrnong,DIV 2 - SOUTHEAST COAST,30 MARIBYRNONG RIVER,0.98,2006-03-20T00:00:00Z,2013,Tributary Of 6426,Waterway section
2466,8317,TRIB OF 8316,8300,DJERRIWARRH CREEK,WERRIBEE RIVER,Werribee,DIV 2 - SOUTHEAST COAST,31 WERRIBEE RIVER,0.68,2006-03-20T00:00:00Z,2013,Tributary Of 8316,Waterway section
2467,8433,TRIB OF 8427,8400,PYRITES CREEK,WERRIBEE RIVER,Werribee,DIV 2 - SOUTHEAST COAST,31 WERRIBEE RIVER,0.97,2006-03-20T00:00:00Z,2013,Tributary Of 8427,Waterway section
2468,8579,TRIB OF 8576,8500,LERDERDERG RIVER,WERRIBEE RIVER,Werribee,DIV 2 - SOUTHEAST COAST,31 WERRIBEE RIVER,2.11,2006-03-20T00:00:00Z,2013,Tributary Of 8576,Waterway section
2469,8580,DIGGERS CREEK,8500,LERDERDERG RIVER,WERRIBEE RIVER,Werribee,DIV 2 - SOUTHEAST COAST,31 WERRIBEE RIVER,5.78,2006-03-20T00:00:00Z,2013,Diggers Creek,Waterway section
2470,8405,TRIB OF PYRITES CREEK,8400,PYRITES CREEK,WERRIBEE RIVER,Werribee,DIV 2 - SOUTHEAST COAST,31 WERRIBEE RIVER,0.71,2006-03-20T00:00:00Z,2013,Tributary Of Pyrites Creek,Waterway section
2471,8502,LERDERDERG ST DRAIN,8500,LERDERDERG RIVER,WERRIBEE RIVER,Werribee,DIV 2 - SOUTHEAST COAST,31 WERRIBEE RIVER,0.37,2006-03-20T00:00:00Z,2013,Lerderderg St Drain,Waterway section
2472,8503,TRIB OF LERDERDERG ST DRAIN,8500,LERDERDERG RIVER,WERRIBEE RIVER,Werribee,DIV 2 - SOUTHEAST COAST,31 WERRIBEE RIVER,0.31,2006-03-20T00:00:00Z,2013,Tributary Of Lerderderg St Drain,Waterway section
2473,6428,TRIB OF BOYD CREEK,6400,BOYD CREEK,MARIBYRNONG RIVER,Maribyrnong,DIV 2 - SOUTHEAST COAST,30 MARIBYRNONG RIVER,0.9,2006-03-20T00:00:00Z,2013,Tributary Of Boyd Creek,Waterway section
2474,6429,TRIB OF LINTONS CREEK,6400,BOYD CREEK,MARIBYRNONG RIVER,Maribyrnong,DIV 2 - SOUTHEAST COAST,30 MARIBYRNONG RIVER,1.86,2006-03-20T00:00:00Z,2013,Tributary Of Lintons Creek,Waterway section
2475,6500,MERRI CREEK (OUTER),4420,MERRI CREEK,YARRA RIVER,Yarra,DIV 2 - SOUTHEAST COAST,29 YARRA RIVER,36.45,2003-08-07T00:00:00Z,2013,Merri Creek (Outer),Waterway section
2476,6501,TRIB OF MERRI CREEK (OUTER),4420,MERRI CREEK,YARRA RIVER,Yarra,DIV 2 - SOUTHEAST COAST,29 YARRA RIVER,1.48,2003-10-29T00:00:00Z,2013,Tributary Of Merri Creek (Outer),Waterway section
2477,8434,TRIB OF 8427,8400,PYRITES CREEK,WERRIBEE RIVER,Werribee,DIV 2 - SOUTHEAST COAST,31 WERRIBEE RIVER,0.95,2006-03-20T00:00:00Z,2013,Tributary Of 8427,Waterway section
2478,8530,TRIB OF 8529,8500,LERDERDERG RIVER,WERRIBEE RIVER,Werribee,DIV 2 - SOUTHEAST COAST,31 WERRIBEE RIVER,0.69,2006-03-20T00:00:00Z,2013,Tributary Of 8529,Waterway section
2479,8581,TRIB OF DIGGERS CREEK,8500,LERDERDERG RIVER,WERRIBEE RIVER,Werribee,DIV 2 - SOUTHEAST COAST,31 WERRIBEE RIVER,1.13,2006-03-20T00:00:00Z,2013,Tributary Of Diggers Creek,Waterway section
2480,8582,TRIB OF DIGGERS CREEK,8500,LERDERDERG RIVER,WERRIBEE RIVER,Werribee,DIV 2 - SOUTHEAST COAST,31 WERRIBEE RIVER,1.22,2006-03-20T00:00:00Z,2013,Tributary Of Diggers Creek,Waterway section
2481,8506,GREY ST DRAIN,8500,LERDERDERG RIVER,WERRIBEE RIVER,Werribee,DIV 2 - SOUTHEAST COAST,31 WERRIBEE RIVER,0.98,2006-03-20T00:00:00Z,2013,Grey St Drain,Waterway section
2482,8507,TRIB OF LERDERDERG RIVER,8500,LERDERDERG RIVER,WERRIBEE RIVER,Werribee,DIV 2 - SOUTHEAST COAST,31 WERRIBEE RIVER,2.28,2006-03-20T00:00:00Z,2013,Tributary Of Lerderderg River,Waterway section
2483,8508,TRIB OF LERDERDERG RIVER,8500,LERDERDERG RIVER,WERRIBEE RIVER,Werribee,DIV 2 - SOUTHEAST COAST,31 WERRIBEE RIVER,2.06,2006-03-20T00:00:00Z,2013,Tributary Of Lerderderg River,Waterway section
2484,8160,TRIB OF WERRIBEE RIVER (UPPER),8100,WERRIBEE RIVER (UPPER),WERRIBEE RIVER,Werribee,DIV 2 - SOUTHEAST COAST,31 WERRIBEE RIVER,0.95,2006-03-20T00:00:00Z,2013,Tributary Of Werribee River (Upper),Waterway section
2485,8161,TRIB OF WERRIBEE RIVER (UPPER),8100,WERRIBEE RIVER (UPPER),WERRIBEE RIVER,Werribee,DIV 2 - SOUTHEAST COAST,31 WERRIBEE RIVER,1.93,2006-03-20T00:00:00Z,2013,Tributary Of Werribee River (Upper),Waterway section
2486,6502,TRIB OF MERRI CREEK (OUTER),4420,MERRI CREEK,YARRA RIVER,Yarra,DIV 2 - SOUTHEAST COAST,29 YARRA RIVER,2.27,2003-08-08T00:00:00Z,2013,Tributary Of Merri Creek (Outer),Waterway section
2487,6503,TRIB OF MERRI CREEK (OUTER),4420,MERRI CREEK,YARRA RIVER,Yarra,DIV 2 - SOUTHEAST COAST,29 YARRA RIVER,3.23,2003-10-29T00:00:00Z,2013,Tributary Of Merri Creek (Outer),Waterway section
2488,6505,TRIB OF MERRI CREEK (OUTER),4420,MERRI CREEK,YARRA RIVER,Yarra,DIV 2 - SOUTHEAST COAST,29 YARRA RIVER,0.96,2003-08-07T00:00:00Z,2013,Tributary Of Merri Creek (Outer),Waterway section
2489,6506,TRIB OF MERRI CREEK (OUTER),4420,MERRI CREEK,YARRA RIVER,Yarra,DIV 2 - SOUTHEAST COAST,29 YARRA RIVER,0.89,2003-08-07T00:00:00Z,2013,Tributary Of Merri Creek (Outer),Waterway section
2490,8531,TRIB OF 8529,8500,LERDERDERG RIVER,WERRIBEE RIVER,Werribee,DIV 2 - SOUTHEAST COAST,31 WERRIBEE RIVER,0.93,2006-03-20T00:00:00Z,2013,Tributary Of 8529,Waterway section
2491,8532,TRIB OF 8529,8500,LERDERDERG RIVER,WERRIBEE RIVER,Werribee,DIV 2 - SOUTHEAST COAST,31 WERRIBEE RIVER,2.24,2006-03-20T00:00:00Z,2013,Tributary Of 8529,Waterway section
2492,8533,TRIB OF 8529,8500,LERDERDERG RIVER,WERRIBEE RIVER,Werribee,DIV 2 - SOUTHEAST COAST,31 WERRIBEE RIVER,0.81,2006-03-20T00:00:00Z,2013,Tributary Of 8529,Waterway section
2493,8583,TRIB OF DIGGERS CREEK,8500,LERDERDERG RIVER,WERRIBEE RIVER,Werribee,DIV 2 - SOUTHEAST COAST,31 WERRIBEE RIVER,0.98,2006-03-20T00:00:00Z,2013,Tributary Of Diggers Creek,Waterway section
2494,8584,CLEAR WATER CREEK,8500,LERDERDERG RIVER,WERRIBEE RIVER,Werribee,DIV 2 - SOUTHEAST COAST,31 WERRIBEE RIVER,11.23,2006-03-20T00:00:00Z,2013,Clear Water Creek,Waterway section
2495,8585,WOMBAT CREEK,8500,LERDERDERG RIVER,WERRIBEE RIVER,Werribee,DIV 2 - SOUTHEAST COAST,31 WERRIBEE RIVER,2.35,2006-03-20T00:00:00Z,2013,Wombat Creek,Waterway section
2496,8586,SCRUBBY GULLY,8500,LERDERDERG RIVER,WERRIBEE RIVER,Werribee,DIV 2 - SOUTHEAST COAST,31 WERRIBEE RIVER,1.01,2006-03-20T00:00:00Z,2013,Scrubby Gully,Waterway section
2497,8587,ALLENS CREEK,8500,LERDERDERG RIVER,WERRIBEE RIVER,Werribee,DIV 2 - SOUTHEAST COAST,31 WERRIBEE RIVER,4.49,2006-03-20T00:00:00Z,2013,Allens Creek,Waterway section
2498,8162,TRIB OF WERRIBEE RIVER (UPPER),8100,WERRIBEE RIVER (UPPER),WERRIBEE RIVER,Werribee,DIV 2 - SOUTHEAST COAST,31 WERRIBEE RIVER,1.09,2006-03-20T00:00:00Z,2013,Tributary Of Werribee River (Upper),Waterway section
2499,8214,YANGARDOOK CREEK,8200,TOOLERN CREEK,WERRIBEE RIVER,Werribee,DIV 2 - SOUTHEAST COAST,31 WERRIBEE RIVER,8.14,2006-03-20T00:00:00Z,2013,Yangardook Creek,Waterway section
2500,6632,TRIB OF KONAGADERRA CREEK,6600,DEEP CREEK,MARIBYRNONG RIVER,Maribyrnong,DIV 2 - SOUTHEAST COAST,30 MARIBYRNONG RIVER,1.28,2006-03-20T00:00:00Z,2013,Tributary Of Konagaderra Creek,Waterway section
2501,6633,TRIB OF KONAGADERRA CREEK,6600,DEEP CREEK,MARIBYRNONG RIVER,Maribyrnong,DIV 2 - SOUTHEAST COAST,30 MARIBYRNONG RIVER,4.08,2006-03-20T00:00:00Z,2013,Tributary Of Konagaderra Creek,Waterway section
2502,6634,TRIB OF KONAGADERRA CREEK,6600,DEEP CREEK,MARIBYRNONG RIVER,Maribyrnong,DIV 2 - SOUTHEAST COAST,30 MARIBYRNONG RIVER,3.25,2006-03-20T00:00:00Z,2013,Tributary Of Konagaderra Creek,Waterway section
2503,6635,TRIB OF 6634,6600,DEEP CREEK,MARIBYRNONG RIVER,Maribyrnong,DIV 2 - SOUTHEAST COAST,30 MARIBYRNONG RIVER,1.35,2006-03-20T00:00:00Z,2013,Tributary Of 6634,Waterway section
2504,6636,TRIB OF KONAGADERRA CREEK,6600,DEEP CREEK,MARIBYRNONG RIVER,Maribyrnong,DIV 2 - SOUTHEAST COAST,30 MARIBYRNONG RIVER,3.96,2006-03-20T00:00:00Z,2013,Tributary Of Konagaderra Creek,Waterway section
2505,6637,TRIB OF 6636,6600,DEEP CREEK,MARIBYRNONG RIVER,Maribyrnong,DIV 2 - SOUTHEAST COAST,30 MARIBYRNONG RIVER,4.27,2006-03-20T00:00:00Z,2013,Tributary Of 6636,Waterway section
2506,6638,TRIB OF 6636,6600,DEEP CREEK,MARIBYRNONG RIVER,Maribyrnong,DIV 2 - SOUTHEAST COAST,30 MARIBYRNONG RIVER,3.56,2006-03-20T00:00:00Z,2013,Tributary Of 6636,Waterway section
2507,6443,TRIB OF 6442,6400,BOYD CREEK,MARIBYRNONG RIVER,Maribyrnong,DIV 2 - SOUTHEAST COAST,30 MARIBYRNONG RIVER,0.77,2006-03-20T00:00:00Z,2013,Tributary Of 6442,Waterway section
2508,6444,TRIB OF 6441,6400,BOYD CREEK,MARIBYRNONG RIVER,Maribyrnong,DIV 2 - SOUTHEAST COAST,30 MARIBYRNONG RIVER,2.55,2006-03-20T00:00:00Z,2013,Tributary Of 6441,Waterway section
2509,6525,TRIB OF MERRI CREEK (OUTER),4420,MERRI CREEK,YARRA RIVER,Yarra,DIV 2 - SOUTHEAST COAST,29 YARRA RIVER,0.88,2003-11-28T00:00:00Z,2013,Tributary Of Merri Creek (Outer),Waterway section
2510,6453,TRIB OF 6451,6400,BOYD CREEK,MARIBYRNONG RIVER,Maribyrnong,DIV 2 - SOUTHEAST COAST,30 MARIBYRNONG RIVER,0.66,2006-03-20T00:00:00Z,2013,Tributary Of 6451,Waterway section
2511,6454,TRIB OF NUMBER THREE CREEK,6400,BOYD CREEK,MARIBYRNONG RIVER,Maribyrnong,DIV 2 - SOUTHEAST COAST,30 MARIBYRNONG RIVER,1.77,2006-03-20T00:00:00Z,2013,Tributary Of Number Three Creek,Waterway section
2512,6455,TRIB OF NUMBER THREE CREEK,6400,BOYD CREEK,MARIBYRNONG RIVER,Maribyrnong,DIV 2 - SOUTHEAST COAST,30 MARIBYRNONG RIVER,1.27,2006-03-20T00:00:00Z,2013,Tributary Of Number Three Creek,Waterway section
2513,6554,TRIB OF 6553,4420,MERRI CREEK,YARRA RIVER,Yarra,DIV 2 - SOUTHEAST COAST,29 YARRA RIVER,0.24,2003-11-24T00:00:00Z,2013,Tributary Of 6553,Waterway section
2514,6713,TRIB OF 6712,6600,DEEP CREEK,MARIBYRNONG RIVER,Maribyrnong,DIV 2 - SOUTHEAST COAST,30 MARIBYRNONG RIVER,3.92,2006-03-20T00:00:00Z,2013,Tributary Of 6712,Waterway section
2515,6748,TRIB OF 6747,6600,DEEP CREEK,MARIBYRNONG RIVER,Maribyrnong,DIV 2 - SOUTHEAST COAST,30 MARIBYRNONG RIVER,0.64,2006-03-20T00:00:00Z,2013,Tributary Of 6747,Waterway section
2516,6749,TRIB OF 6747,6600,DEEP CREEK,MARIBYRNONG RIVER,Maribyrnong,DIV 2 - SOUTHEAST COAST,30 MARIBYRNONG RIVER,1.07,2006-03-20T00:00:00Z,2013,Tributary Of 6747,Waterway section
2517,6750,DEEP CREEK,6600,DEEP CREEK,MARIBYRNONG RIVER,Maribyrnong,DIV 2 - SOUTHEAST COAST,30 MARIBYRNONG RIVER,3.08,2006-03-20T00:00:00Z,2013,Deep Creek,Waterway section
2518,6751,TRIB OF DEEP CREEK,6600,DEEP CREEK,MARIBYRNONG RIVER,Maribyrnong,DIV 2 - SOUTHEAST COAST,30 MARIBYRNONG RIVER,1.26,2006-03-20T00:00:00Z,2013,Tributary Of Deep Creek,Waterway section
2519,6639,TRIB OF DEEP CREEK,6600,DEEP CREEK,MARIBYRNONG RIVER,Maribyrnong,DIV 2 - SOUTHEAST COAST,30 MARIBYRNONG RIVER,0.76,2006-03-20T00:00:00Z,2013,Tributary Of Deep Creek,Waterway section
2520,6640,TRIB OF DEEP CREEK,6600,DEEP CREEK,MARIBYRNONG RIVER,Maribyrnong,DIV 2 - SOUTHEAST COAST,30 MARIBYRNONG RIVER,1.36,2006-03-20T00:00:00Z,2013,Tributary Of Deep Creek,Waterway section
2521,6641,TRIB OF DEEP CREEK,6600,DEEP CREEK,MARIBYRNONG RIVER,Maribyrnong,DIV 2 - SOUTHEAST COAST,30 MARIBYRNONG RIVER,1.64,2006-03-20T00:00:00Z,2013,Tributary Of Deep Creek,Waterway section
2522,6526,TRIB OF 6522,4420,MERRI CREEK,YARRA RIVER,Yarra,DIV 2 - SOUTHEAST COAST,29 YARRA RIVER,0.76,NA,2013,Tributary Of 6522,Waterway section
2523,6527,TRIB OF MERRI CREEK (OUTER),4420,MERRI CREEK,YARRA RIVER,Yarra,DIV 2 - SOUTHEAST COAST,29 YARRA RIVER,1.11,NA,2013,Tributary Of Merri Creek (Outer),Waterway section
2524,6529,STRATHAIRD CREEK,4420,MERRI CREEK,YARRA RIVER,Yarra,DIV 2 - SOUTHEAST COAST,29 YARRA RIVER,12.01,NA,2013,Strathaird Creek,Waterway section
2525,6342,TRIB OF EMU CREEK,6340,EMU CREEK,MARIBYRNONG RIVER,Maribyrnong,DIV 2 - SOUTHEAST COAST,30 MARIBYRNONG RIVER,1.99,2006-03-20T00:00:00Z,2013,Tributary Of Emu Creek,Waterway section
2526,6556,TRIB OF KALKALLO CREEK,4420,MERRI CREEK,YARRA RIVER,Yarra,DIV 2 - SOUTHEAST COAST,29 YARRA RIVER,1.27,2003-10-29T00:00:00Z,2013,Tributary Of Kalkallo Creek,Waterway section
2527,6557,TRIB OF KALKALLO CREEK,4420,MERRI CREEK,YARRA RIVER,Yarra,DIV 2 - SOUTHEAST COAST,29 YARRA RIVER,5.58,NA,2013,Tributary Of Kalkallo Creek,Waterway section
2528,6558,TRIB OF 6559,4420,MERRI CREEK,YARRA RIVER,Yarra,DIV 2 - SOUTHEAST COAST,29 YARRA RIVER,2.17,NA,2013,Tributary Of 6559,Waterway section
2529,6559,TRIB OF KALKALLO CREEK,4420,MERRI CREEK,YARRA RIVER,Yarra,DIV 2 - SOUTHEAST COAST,29 YARRA RIVER,8.14,NA,2013,Tributary Of Kalkallo Creek,Waterway section
2530,6549,TRIB OF KALKALLO CREEK,4420,MERRI CREEK,YARRA RIVER,Yarra,DIV 2 - SOUTHEAST COAST,29 YARRA RIVER,3.81,NA,2013,Tributary Of Kalkallo Creek,Waterway section
2531,6561,TRIB OF KALKALLO CREEK,4420,MERRI CREEK,YARRA RIVER,Yarra,DIV 2 - SOUTHEAST COAST,29 YARRA RIVER,3.37,NA,2013,Tributary Of Kalkallo Creek,Waterway section
2532,6565,TRIB OF 6561,4420,MERRI CREEK,YARRA RIVER,Yarra,DIV 2 - SOUTHEAST COAST,29 YARRA RIVER,2.76,NA,2013,Tributary Of 6561,Waterway section
2533,6566,TRIB OF 6561,4420,MERRI CREEK,YARRA RIVER,Yarra,DIV 2 - SOUTHEAST COAST,29 YARRA RIVER,0.39,NA,2013,Tributary Of 6561,Waterway section
2534,6563,DONNYBROOK CREEK,4420,MERRI CREEK,YARRA RIVER,Yarra,DIV 2 - SOUTHEAST COAST,29 YARRA RIVER,2.31,NA,2013,Donnybrook Creek,Waterway section
2535,6562,DONNYBROOK CREEK WEST,4420,MERRI CREEK,YARRA RIVER,Yarra,DIV 2 - SOUTHEAST COAST,29 YARRA RIVER,5.08,2003-10-29T00:00:00Z,2013,Donnybrook Creek West,Waterway section
2536,6752,TRIB OF DEEP CREEK,6600,DEEP CREEK,MARIBYRNONG RIVER,Maribyrnong,DIV 2 - SOUTHEAST COAST,30 MARIBYRNONG RIVER,5.88,2006-03-20T00:00:00Z,2013,Tributary Of Deep Creek,Waterway section
2537,6811,TRIB OF JACKSONS CREEK,6800,JACKSONS CREEK,MARIBYRNONG RIVER,Maribyrnong,DIV 2 - SOUTHEAST COAST,30 MARIBYRNONG RIVER,1.26,2006-03-20T00:00:00Z,2013,Tributary Of Jacksons Creek,Waterway section
2538,6812,TRIB OF JACKSONS CREEK,6800,JACKSONS CREEK,MARIBYRNONG RIVER,Maribyrnong,DIV 2 - SOUTHEAST COAST,30 MARIBYRNONG RIVER,0.92,2006-03-20T00:00:00Z,2013,Tributary Of Jacksons Creek,Waterway section
2539,6642,TRIB OF DEEP CREEK,6600,DEEP CREEK,MARIBYRNONG RIVER,Maribyrnong,DIV 2 - SOUTHEAST COAST,30 MARIBYRNONG RIVER,1.23,2006-03-20T00:00:00Z,2013,Tributary Of Deep Creek,Waterway section
2540,6643,TRIB OF DEEP CREEK,6600,DEEP CREEK,MARIBYRNONG RIVER,Maribyrnong,DIV 2 - SOUTHEAST COAST,30 MARIBYRNONG RIVER,2.34,2006-03-20T00:00:00Z,2013,Tributary Of Deep Creek,Waterway section
2541,6343,TRIB OF 6342,6340,EMU CREEK,MARIBYRNONG RIVER,Maribyrnong,DIV 2 - SOUTHEAST COAST,30 MARIBYRNONG RIVER,1.47,2006-03-20T00:00:00Z,2013,Tributary Of 6342,Waterway section
2542,6344,TRIB OF EMU CREEK,6340,EMU CREEK,MARIBYRNONG RIVER,Maribyrnong,DIV 2 - SOUTHEAST COAST,30 MARIBYRNONG RIVER,7.09,2006-03-20T00:00:00Z,2013,Tributary Of Emu Creek,Waterway section
2543,6345,TRIB OF EMU CREEK,6340,EMU CREEK,MARIBYRNONG RIVER,Maribyrnong,DIV 2 - SOUTHEAST COAST,30 MARIBYRNONG RIVER,1.78,2006-03-20T00:00:00Z,2013,Tributary Of Emu Creek,Waterway section
2544,6346,TRIB OF EMU CREEK,6340,EMU CREEK,MARIBYRNONG RIVER,Maribyrnong,DIV 2 - SOUTHEAST COAST,30 MARIBYRNONG RIVER,0.91,2006-03-20T00:00:00Z,2013,Tributary Of Emu Creek,Waterway section
2545,6361,TRIB OF 6358,6340,EMU CREEK,MARIBYRNONG RIVER,Maribyrnong,DIV 2 - SOUTHEAST COAST,30 MARIBYRNONG RIVER,0.69,2006-03-20T00:00:00Z,2013,Tributary Of 6358,Waterway section
2546,6362,TRIB OF 6358,6340,EMU CREEK,MARIBYRNONG RIVER,Maribyrnong,DIV 2 - SOUTHEAST COAST,30 MARIBYRNONG RIVER,0.87,2006-03-20T00:00:00Z,2013,Tributary Of 6358,Waterway section
2547,6857,TRIB OF 6856,6800,JACKSONS CREEK,MARIBYRNONG RIVER,Maribyrnong,DIV 2 - SOUTHEAST COAST,30 MARIBYRNONG RIVER,1.04,2006-03-20T00:00:00Z,2013,Tributary Of 6856,Waterway section
2548,6858,TRIB OF 6856,6800,JACKSONS CREEK,MARIBYRNONG RIVER,Maribyrnong,DIV 2 - SOUTHEAST COAST,30 MARIBYRNONG RIVER,0.93,2006-03-20T00:00:00Z,2013,Tributary Of 6856,Waterway section
2549,6714,TRIB OF DEEP CREEK,6600,DEEP CREEK,MARIBYRNONG RIVER,Maribyrnong,DIV 2 - SOUTHEAST COAST,30 MARIBYRNONG RIVER,7.49,2006-03-20T00:00:00Z,2013,Tributary Of Deep Creek,Waterway section
2550,6715,TRIB OF 6714,6600,DEEP CREEK,MARIBYRNONG RIVER,Maribyrnong,DIV 2 - SOUTHEAST COAST,30 MARIBYRNONG RIVER,2.24,2006-03-20T00:00:00Z,2013,Tributary Of 6714,Waterway section
2551,6644,TRIB OF DEEP CREEK,6600,DEEP CREEK,MARIBYRNONG RIVER,Maribyrnong,DIV 2 - SOUTHEAST COAST,30 MARIBYRNONG RIVER,1.03,2006-03-20T00:00:00Z,2013,Tributary Of Deep Creek,Waterway section
2552,6645,TRIB OF DEEP CREEK,6600,DEEP CREEK,MARIBYRNONG RIVER,Maribyrnong,DIV 2 - SOUTHEAST COAST,30 MARIBYRNONG RIVER,1.56,2006-03-20T00:00:00Z,2013,Tributary Of Deep Creek,Waterway section
2553,6388,TRIB OF EMU CREEK,6340,EMU CREEK,MARIBYRNONG RIVER,Maribyrnong,DIV 2 - SOUTHEAST COAST,30 MARIBYRNONG RIVER,2.72,2006-03-20T00:00:00Z,2013,Tributary Of Emu Creek,Waterway section
2554,6389,TRIB OF EMU CREEK,6340,EMU CREEK,MARIBYRNONG RIVER,Maribyrnong,DIV 2 - SOUTHEAST COAST,30 MARIBYRNONG RIVER,2.22,2006-03-20T00:00:00Z,2013,Tributary Of Emu Creek,Waterway section
2555,6390,TRIB OF EMU CREEK,6340,EMU CREEK,MARIBYRNONG RIVER,Maribyrnong,DIV 2 - SOUTHEAST COAST,30 MARIBYRNONG RIVER,4.97,2006-03-20T00:00:00Z,2013,Tributary Of Emu Creek,Waterway section
2556,6401,BOYD CREEK,6400,BOYD CREEK,MARIBYRNONG RIVER,Maribyrnong,DIV 2 - SOUTHEAST COAST,30 MARIBYRNONG RIVER,6.08,2006-03-20T00:00:00Z,2013,Boyd Creek,Waterway section
2557,6402,NUMBER THREE CREEK,6400,BOYD CREEK,MARIBYRNONG RIVER,Maribyrnong,DIV 2 - SOUTHEAST COAST,30 MARIBYRNONG RIVER,18.89,2006-03-20T00:00:00Z,2013,Number Three Creek,Waterway section
2558,6403,LINTONS CREEK,6400,BOYD CREEK,MARIBYRNONG RIVER,Maribyrnong,DIV 2 - SOUTHEAST COAST,30 MARIBYRNONG RIVER,9.01,2006-03-20T00:00:00Z,2013,Lintons Creek,Waterway section
2559,6404,SLAB HUT CREEK,6400,BOYD CREEK,MARIBYRNONG RIVER,Maribyrnong,DIV 2 - SOUTHEAST COAST,30 MARIBYRNONG RIVER,5.33,2006-03-20T00:00:00Z,2013,Slab Hut Creek,Waterway section
2560,6405,TRIB OF BOYD CREEK,6400,BOYD CREEK,MARIBYRNONG RIVER,Maribyrnong,DIV 2 - SOUTHEAST COAST,30 MARIBYRNONG RIVER,3.86,2006-03-20T00:00:00Z,2013,Tributary Of Boyd Creek,Waterway section
2561,6406,TRIB OF 6405,6400,BOYD CREEK,MARIBYRNONG RIVER,Maribyrnong,DIV 2 - SOUTHEAST COAST,30 MARIBYRNONG RIVER,0.85,2006-03-20T00:00:00Z,2013,Tributary Of 6405,Waterway section
2562,6407,TRIB OF 6405,6400,BOYD CREEK,MARIBYRNONG RIVER,Maribyrnong,DIV 2 - SOUTHEAST COAST,30 MARIBYRNONG RIVER,1.13,2006-03-20T00:00:00Z,2013,Tributary Of 6405,Waterway section
2563,6417,TRIB OF 6410,6400,BOYD CREEK,MARIBYRNONG RIVER,Maribyrnong,DIV 2 - SOUTHEAST COAST,30 MARIBYRNONG RIVER,1.56,2006-03-20T00:00:00Z,2013,Tributary Of 6410,Waterway section
2564,6418,TRIB OF 6410,6400,BOYD CREEK,MARIBYRNONG RIVER,Maribyrnong,DIV 2 - SOUTHEAST COAST,30 MARIBYRNONG RIVER,0.7,2006-03-20T00:00:00Z,2013,Tributary Of 6410,Waterway section
2565,6716,TRIB OF 6714,6600,DEEP CREEK,MARIBYRNONG RIVER,Maribyrnong,DIV 2 - SOUTHEAST COAST,30 MARIBYRNONG RIVER,0.72,2006-03-20T00:00:00Z,2013,Tributary Of 6714,Waterway section
2566,6717,TRIB OF 6714,6600,DEEP CREEK,MARIBYRNONG RIVER,Maribyrnong,DIV 2 - SOUTHEAST COAST,30 MARIBYRNONG RIVER,1.44,2006-03-20T00:00:00Z,2013,Tributary Of 6714,Waterway section
2567,6718,TRIB OF 6717,6600,DEEP CREEK,MARIBYRNONG RIVER,Maribyrnong,DIV 2 - SOUTHEAST COAST,30 MARIBYRNONG RIVER,0.7,2006-03-20T00:00:00Z,2013,Tributary Of 6717,Waterway section
2568,6646,TRIB OF DEEP CREEK,6600,DEEP CREEK,MARIBYRNONG RIVER,Maribyrnong,DIV 2 - SOUTHEAST COAST,30 MARIBYRNONG RIVER,0.64,2006-03-20T00:00:00Z,2013,Tributary Of Deep Creek,Waterway section
2569,6647,TRIB OF DEEP CREEK,6600,DEEP CREEK,MARIBYRNONG RIVER,Maribyrnong,DIV 2 - SOUTHEAST COAST,30 MARIBYRNONG RIVER,1.04,2006-03-20T00:00:00Z,2013,Tributary Of Deep Creek,Waterway section
2570,6445,TRIB OF 6444,6400,BOYD CREEK,MARIBYRNONG RIVER,Maribyrnong,DIV 2 - SOUTHEAST COAST,30 MARIBYRNONG RIVER,0.89,2006-03-20T00:00:00Z,2013,Tributary Of 6444,Waterway section
2571,6446,TRIB OF 6444,6400,BOYD CREEK,MARIBYRNONG RIVER,Maribyrnong,DIV 2 - SOUTHEAST COAST,30 MARIBYRNONG RIVER,1.57,2006-03-20T00:00:00Z,2013,Tributary Of 6444,Waterway section
2572,6456,TRIB OF NUMBER THREE CREEK,6400,BOYD CREEK,MARIBYRNONG RIVER,Maribyrnong,DIV 2 - SOUTHEAST COAST,30 MARIBYRNONG RIVER,1.34,2006-03-20T00:00:00Z,2013,Tributary Of Number Three Creek,Waterway section
2573,6457,TRIB OF NUMBER THREE CREEK,6400,BOYD CREEK,MARIBYRNONG RIVER,Maribyrnong,DIV 2 - SOUTHEAST COAST,30 MARIBYRNONG RIVER,0.98,2006-03-20T00:00:00Z,2013,Tributary Of Number Three Creek,Waterway section
2574,6753,TRIB OF 6752,6600,DEEP CREEK,MARIBYRNONG RIVER,Maribyrnong,DIV 2 - SOUTHEAST COAST,30 MARIBYRNONG RIVER,0.6,2006-03-20T00:00:00Z,2013,Tributary Of 6752,Waterway section
2575,6754,TRIB OF 6752,6600,DEEP CREEK,MARIBYRNONG RIVER,Maribyrnong,DIV 2 - SOUTHEAST COAST,30 MARIBYRNONG RIVER,0.74,2006-03-20T00:00:00Z,2013,Tributary Of 6752,Waterway section
2576,6648,TRIB OF DEEP CREEK,6600,DEEP CREEK,MARIBYRNONG RIVER,Maribyrnong,DIV 2 - SOUTHEAST COAST,30 MARIBYRNONG RIVER,1.11,2006-03-20T00:00:00Z,2013,Tributary Of Deep Creek,Waterway section
2577,6649,TRIB OF DEEP CREEK,6600,DEEP CREEK,MARIBYRNONG RIVER,Maribyrnong,DIV 2 - SOUTHEAST COAST,30 MARIBYRNONG RIVER,4.43,2006-03-20T00:00:00Z,2013,Tributary Of Deep Creek,Waterway section
2578,6650,TRIB OF 6649,6600,DEEP CREEK,MARIBYRNONG RIVER,Maribyrnong,DIV 2 - SOUTHEAST COAST,30 MARIBYRNONG RIVER,2.1,2006-03-20T00:00:00Z,2013,Tributary Of 6649,Waterway section
2579,6651,TRIB OF DEEP CREEK,6600,DEEP CREEK,MARIBYRNONG RIVER,Maribyrnong,DIV 2 - SOUTHEAST COAST,30 MARIBYRNONG RIVER,0.91,2006-03-20T00:00:00Z,2013,Tributary Of Deep Creek,Waterway section
2580,6531,TAYLORS CREEK,4420,MERRI CREEK,YARRA RIVER,Yarra,DIV 2 - SOUTHEAST COAST,29 YARRA RIVER,0.88,NA,2013,Taylors Creek,Waterway section
2581,6532,PRETTY SALLY DR DRAIN,4420,MERRI CREEK,YARRA RIVER,Yarra,DIV 2 - SOUTHEAST COAST,29 YARRA RIVER,2.42,NA,2013,Pretty Sally Dr Drain,Waterway section
2582,6459,TRIB OF NUMBER THREE CREEK,6400,BOYD CREEK,MARIBYRNONG RIVER,Maribyrnong,DIV 2 - SOUTHEAST COAST,30 MARIBYRNONG RIVER,0.77,2006-03-20T00:00:00Z,2013,Tributary Of Number Three Creek,Waterway section
2583,6460,TRIB OF NUMBER THREE CREEK,6400,BOYD CREEK,MARIBYRNONG RIVER,Maribyrnong,DIV 2 - SOUTHEAST COAST,30 MARIBYRNONG RIVER,0.68,2006-03-20T00:00:00Z,2013,Tributary Of Number Three Creek,Waterway section
2584,6461,TRIB OF NUMBER THREE CREEK,6400,BOYD CREEK,MARIBYRNONG RIVER,Maribyrnong,DIV 2 - SOUTHEAST COAST,30 MARIBYRNONG RIVER,5.81,2006-03-20T00:00:00Z,2013,Tributary Of Number Three Creek,Waterway section
2585,6813,TRIB OF JACKSONS CREEK,6800,JACKSONS CREEK,MARIBYRNONG RIVER,Maribyrnong,DIV 2 - SOUTHEAST COAST,30 MARIBYRNONG RIVER,1.56,2006-03-20T00:00:00Z,2013,Tributary Of Jacksons Creek,Waterway section
2586,6814,HARPERS CREEK,6800,JACKSONS CREEK,MARIBYRNONG RIVER,Maribyrnong,DIV 2 - SOUTHEAST COAST,30 MARIBYRNONG RIVER,6.64,2006-03-20T00:00:00Z,2013,Harpers Creek,Waterway section
2587,6815,TRIB OF 6814,6800,JACKSONS CREEK,MARIBYRNONG RIVER,Maribyrnong,DIV 2 - SOUTHEAST COAST,30 MARIBYRNONG RIVER,1.52,2006-03-20T00:00:00Z,2013,Tributary Of 6814,Waterway section
2588,6652,TRIB OF 6651,6600,DEEP CREEK,MARIBYRNONG RIVER,Maribyrnong,DIV 2 - SOUTHEAST COAST,30 MARIBYRNONG RIVER,0.96,2006-03-20T00:00:00Z,2013,Tributary Of 6651,Waterway section
2589,6653,TRIB OF DEEP CREEK,6600,DEEP CREEK,MARIBYRNONG RIVER,Maribyrnong,DIV 2 - SOUTHEAST COAST,30 MARIBYRNONG RIVER,1.12,2006-03-20T00:00:00Z,2013,Tributary Of Deep Creek,Waterway section
2590,6654,TRIB OF DEEP CREEK,6600,DEEP CREEK,MARIBYRNONG RIVER,Maribyrnong,DIV 2 - SOUTHEAST COAST,30 MARIBYRNONG RIVER,8.37,2006-03-20T00:00:00Z,2013,Tributary Of Deep Creek,Waterway section
2591,6533,TRIB OF TAYLORS CREEK,4420,MERRI CREEK,YARRA RIVER,Yarra,DIV 2 - SOUTHEAST COAST,29 YARRA RIVER,1.18,NA,2013,Tributary Of Taylors Creek,Waterway section
2592,6347,SUNNINGDALE AVE DRAIN,6340,EMU CREEK,MARIBYRNONG RIVER,Maribyrnong,DIV 2 - SOUTHEAST COAST,30 MARIBYRNONG RIVER,0.35,2006-03-20T00:00:00Z,2013,Sunningdale Ave Drain,Waterway section
2593,6348,LANCEFIELD RD DRAIN,6340,EMU CREEK,MARIBYRNONG RIVER,Maribyrnong,DIV 2 - SOUTHEAST COAST,30 MARIBYRNONG RIVER,1.97,2006-03-20T00:00:00Z,2013,Lancefield Rd Drain,Waterway section
2594,6349,TRIB OF EMU CREEK,6340,EMU CREEK,MARIBYRNONG RIVER,Maribyrnong,DIV 2 - SOUTHEAST COAST,30 MARIBYRNONG RIVER,2.14,2006-03-20T00:00:00Z,2013,Tributary Of Emu Creek,Waterway section
2595,6350,TRIB OF EMU CREEK,6340,EMU CREEK,MARIBYRNONG RIVER,Maribyrnong,DIV 2 - SOUTHEAST COAST,30 MARIBYRNONG RIVER,3.63,2006-03-20T00:00:00Z,2013,Tributary Of Emu Creek,Waterway section
2596,6567,TRIB OF 6561,4420,MERRI CREEK,YARRA RIVER,Yarra,DIV 2 - SOUTHEAST COAST,29 YARRA RIVER,0.75,2003-10-29T00:00:00Z,2013,Tributary Of 6561,Waterway section
2597,6568,TRIB OF 6557,4420,MERRI CREEK,YARRA RIVER,Yarra,DIV 2 - SOUTHEAST COAST,29 YARRA RIVER,3.3,NA,2013,Tributary Of 6557,Waterway section
2598,6569,TRIB OF 6557,4420,MERRI CREEK,YARRA RIVER,Yarra,DIV 2 - SOUTHEAST COAST,29 YARRA RIVER,0.86,NA,2013,Tributary Of 6557,Waterway section
2599,6571,TRIB OF 6559,4420,MERRI CREEK,YARRA RIVER,Yarra,DIV 2 - SOUTHEAST COAST,29 YARRA RIVER,4.15,NA,2013,Tributary Of 6559,Waterway section
2600,6572,TRIB OF 6559,4420,MERRI CREEK,YARRA RIVER,Yarra,DIV 2 - SOUTHEAST COAST,29 YARRA RIVER,3.31,NA,2013,Tributary Of 6559,Waterway section
2601,6573,TRIB OF KALKALLO CREEK,4420,MERRI CREEK,YARRA RIVER,Yarra,DIV 2 - SOUTHEAST COAST,29 YARRA RIVER,0.7,NA,2013,Tributary Of Kalkallo Creek,Waterway section
2602,6381,TRIB OF BOLINDA CREEK,6340,EMU CREEK,MARIBYRNONG RIVER,Maribyrnong,DIV 2 - SOUTHEAST COAST,30 MARIBYRNONG RIVER,1.1,2006-03-20T00:00:00Z,2013,Tributary Of Bolinda Creek,Waterway section
2603,6382,TRIB OF BOLINDA CREEK,6340,EMU CREEK,MARIBYRNONG RIVER,Maribyrnong,DIV 2 - SOUTHEAST COAST,30 MARIBYRNONG RIVER,3.05,2006-03-20T00:00:00Z,2013,Tributary Of Bolinda Creek,Waterway section
2604,6655,TRIB OF 6654,6600,DEEP CREEK,MARIBYRNONG RIVER,Maribyrnong,DIV 2 - SOUTHEAST COAST,30 MARIBYRNONG RIVER,1.14,2006-03-20T00:00:00Z,2013,Tributary Of 6654,Waterway section
2605,6656,TRIB OF DEEP CREEK,6600,DEEP CREEK,MARIBYRNONG RIVER,Maribyrnong,DIV 2 - SOUTHEAST COAST,30 MARIBYRNONG RIVER,0.87,2006-03-20T00:00:00Z,2013,Tributary Of Deep Creek,Waterway section
2606,6657,TRIB OF DEEP CREEK,6600,DEEP CREEK,MARIBYRNONG RIVER,Maribyrnong,DIV 2 - SOUTHEAST COAST,30 MARIBYRNONG RIVER,1.52,2006-03-20T00:00:00Z,2013,Tributary Of Deep Creek,Waterway section
2607,6408,TRIB OF 6407,6400,BOYD CREEK,MARIBYRNONG RIVER,Maribyrnong,DIV 2 - SOUTHEAST COAST,30 MARIBYRNONG RIVER,2.16,2006-03-20T00:00:00Z,2013,Tributary Of 6407,Waterway section
2608,6409,TRIB OF 6405,6400,BOYD CREEK,MARIBYRNONG RIVER,Maribyrnong,DIV 2 - SOUTHEAST COAST,30 MARIBYRNONG RIVER,0.91,2006-03-20T00:00:00Z,2013,Tributary Of 6405,Waterway section
2609,6410,TRIB OF BOYD CREEK,6400,BOYD CREEK,MARIBYRNONG RIVER,Maribyrnong,DIV 2 - SOUTHEAST COAST,30 MARIBYRNONG RIVER,6.86,2006-03-20T00:00:00Z,2013,Tributary Of Boyd Creek,Waterway section
2610,6419,TRIB OF 6410,6400,BOYD CREEK,MARIBYRNONG RIVER,Maribyrnong,DIV 2 - SOUTHEAST COAST,30 MARIBYRNONG RIVER,0.75,2006-03-20T00:00:00Z,2013,Tributary Of 6410,Waterway section
2611,6420,TRIB OF 6410,6400,BOYD CREEK,MARIBYRNONG RIVER,Maribyrnong,DIV 2 - SOUTHEAST COAST,30 MARIBYRNONG RIVER,2.34,2006-03-20T00:00:00Z,2013,Tributary Of 6410,Waterway section
2612,6421,TRIB OF BOYD CREEK,6400,BOYD CREEK,MARIBYRNONG RIVER,Maribyrnong,DIV 2 - SOUTHEAST COAST,30 MARIBYRNONG RIVER,2.97,2006-03-20T00:00:00Z,2013,Tributary Of Boyd Creek,Waterway section
2613,6462,TRIB OF 6421,6400,BOYD CREEK,MARIBYRNONG RIVER,Maribyrnong,DIV 2 - SOUTHEAST COAST,30 MARIBYRNONG RIVER,1.23,2006-03-20T00:00:00Z,2013,Tributary Of 6421,Waterway section
2614,6424,TRIB OF 6421,6400,BOYD CREEK,MARIBYRNONG RIVER,Maribyrnong,DIV 2 - SOUTHEAST COAST,30 MARIBYRNONG RIVER,1.42,2006-03-20T00:00:00Z,2013,Tributary Of 6421,Waterway section
2615,6435,TRIB OF LINTONS CREEK,6400,BOYD CREEK,MARIBYRNONG RIVER,Maribyrnong,DIV 2 - SOUTHEAST COAST,30 MARIBYRNONG RIVER,0.81,2006-03-20T00:00:00Z,2013,Tributary Of Lintons Creek,Waterway section
2616,6436,TRIB OF LINTONS CREEK,6400,BOYD CREEK,MARIBYRNONG RIVER,Maribyrnong,DIV 2 - SOUTHEAST COAST,30 MARIBYRNONG RIVER,2.52,2006-03-20T00:00:00Z,2013,Tributary Of Lintons Creek,Waterway section
2617,6437,TRIB OF LINTONS CREEK,6400,BOYD CREEK,MARIBYRNONG RIVER,Maribyrnong,DIV 2 - SOUTHEAST COAST,30 MARIBYRNONG RIVER,1.6,2006-03-20T00:00:00Z,2013,Tributary Of Lintons Creek,Waterway section
2618,6658,TRIB OF DEEP CREEK,6600,DEEP CREEK,MARIBYRNONG RIVER,Maribyrnong,DIV 2 - SOUTHEAST COAST,30 MARIBYRNONG RIVER,5.34,2006-03-20T00:00:00Z,2013,Tributary Of Deep Creek,Waterway section
2619,6659,TRIB OF 6658,6600,DEEP CREEK,MARIBYRNONG RIVER,Maribyrnong,DIV 2 - SOUTHEAST COAST,30 MARIBYRNONG RIVER,2.48,2006-03-20T00:00:00Z,2013,Tributary Of 6658,Waterway section
2620,6660,TRIB OF 6658,6600,DEEP CREEK,MARIBYRNONG RIVER,Maribyrnong,DIV 2 - SOUTHEAST COAST,30 MARIBYRNONG RIVER,2.14,2006-03-20T00:00:00Z,2013,Tributary Of 6658,Waterway section
2621,6661,TRIB OF 6658,6600,DEEP CREEK,MARIBYRNONG RIVER,Maribyrnong,DIV 2 - SOUTHEAST COAST,30 MARIBYRNONG RIVER,1.03,2006-03-20T00:00:00Z,2013,Tributary Of 6658,Waterway section
2622,6411,TRIB OF 6410,6400,BOYD CREEK,MARIBYRNONG RIVER,Maribyrnong,DIV 2 - SOUTHEAST COAST,30 MARIBYRNONG RIVER,2.37,2006-03-20T00:00:00Z,2013,Tributary Of 6410,Waterway section
2623,6447,TRIB OF 6441,6400,BOYD CREEK,MARIBYRNONG RIVER,Maribyrnong,DIV 2 - SOUTHEAST COAST,30 MARIBYRNONG RIVER,0.9,2006-03-20T00:00:00Z,2013,Tributary Of 6441,Waterway section
2624,6448,TRIB OF NUMBER THREE CREEK,6400,BOYD CREEK,MARIBYRNONG RIVER,Maribyrnong,DIV 2 - SOUTHEAST COAST,30 MARIBYRNONG RIVER,0.93,2006-03-20T00:00:00Z,2013,Tributary Of Number Three Creek,Waterway section
2625,6536,TRIB OF MITTAGONG CREEK,4420,MERRI CREEK,YARRA RIVER,Yarra,DIV 2 - SOUTHEAST COAST,29 YARRA RIVER,1.45,NA,2013,Tributary Of Mittagong Creek,Waterway section
2626,6574,TRIB OF KALKALLO CREEK,4420,MERRI CREEK,YARRA RIVER,Yarra,DIV 2 - SOUTHEAST COAST,29 YARRA RIVER,1.22,NA,2013,Tributary Of Kalkallo Creek,Waterway section
2627,6575,TRIB OF KALKALLO CREEK,4420,MERRI CREEK,YARRA RIVER,Yarra,DIV 2 - SOUTHEAST COAST,29 YARRA RIVER,1,NA,2013,Tributary Of Kalkallo Creek,Waterway section
2628,6438,TRIB OF NUMBER THREE CREEK,6400,BOYD CREEK,MARIBYRNONG RIVER,Maribyrnong,DIV 2 - SOUTHEAST COAST,30 MARIBYRNONG RIVER,0.77,2006-03-20T00:00:00Z,2013,Tributary Of Number Three Creek,Waterway section
2629,6520,TRIB OF 6513,4420,MERRI CREEK,YARRA RIVER,Yarra,DIV 2 - SOUTHEAST COAST,29 YARRA RIVER,0.84,NA,2013,Tributary Of 6513,Waterway section
2630,6662,TRIB OF DEEP CREEK,6600,DEEP CREEK,MARIBYRNONG RIVER,Maribyrnong,DIV 2 - SOUTHEAST COAST,30 MARIBYRNONG RIVER,0.88,2006-03-20T00:00:00Z,2013,Tributary Of Deep Creek,Waterway section
2631,6663,TRIB OF DEEP CREEK,6600,DEEP CREEK,MARIBYRNONG RIVER,Maribyrnong,DIV 2 - SOUTHEAST COAST,30 MARIBYRNONG RIVER,2.52,2006-03-20T00:00:00Z,2013,Tributary Of Deep Creek,Waterway section
2632,6664,TRIB OF 6663,6600,DEEP CREEK,MARIBYRNONG RIVER,Maribyrnong,DIV 2 - SOUTHEAST COAST,30 MARIBYRNONG RIVER,0.76,2006-03-20T00:00:00Z,2013,Tributary Of 6663,Waterway section
2633,6665,TRIB OF DEEP CREEK,6600,DEEP CREEK,MARIBYRNONG RIVER,Maribyrnong,DIV 2 - SOUTHEAST COAST,30 MARIBYRNONG RIVER,5.1,2006-03-20T00:00:00Z,2013,Tributary Of Deep Creek,Waterway section
2634,6666,TRIB OF 6665,6600,DEEP CREEK,MARIBYRNONG RIVER,Maribyrnong,DIV 2 - SOUTHEAST COAST,30 MARIBYRNONG RIVER,5.12,2006-03-20T00:00:00Z,2013,Tributary Of 6665,Waterway section
2635,6537,TRIB OF MITTAGONG CREEK,4420,MERRI CREEK,YARRA RIVER,Yarra,DIV 2 - SOUTHEAST COAST,29 YARRA RIVER,0.8,NA,2013,Tributary Of Mittagong Creek,Waterway section
2636,6538,TRIB OF MITTAGONG CREEK,4420,MERRI CREEK,YARRA RIVER,Yarra,DIV 2 - SOUTHEAST COAST,29 YARRA RIVER,2.02,NA,2013,Tributary Of Mittagong Creek,Waterway section
2637,6539,TRIB OF MERRI CREEK (OUTER),4420,MERRI CREEK,YARRA RIVER,Yarra,DIV 2 - SOUTHEAST COAST,29 YARRA RIVER,0.89,NA,2013,Tributary Of Merri Creek (Outer),Waterway section
2638,6540,TRIB OF MERRI CREEK (OUTER),4420,MERRI CREEK,YARRA RIVER,Yarra,DIV 2 - SOUTHEAST COAST,29 YARRA RIVER,1.78,NA,2013,Tributary Of Merri Creek (Outer),Waterway section
2639,6363,TRIB OF 6358,6340,EMU CREEK,MARIBYRNONG RIVER,Maribyrnong,DIV 2 - SOUTHEAST COAST,30 MARIBYRNONG RIVER,0.88,2006-03-20T00:00:00Z,2013,Tributary Of 6358,Waterway section
2640,6364,CHARLIES CREEK,6340,EMU CREEK,MARIBYRNONG RIVER,Maribyrnong,DIV 2 - SOUTHEAST COAST,30 MARIBYRNONG RIVER,9.88,2006-03-20T00:00:00Z,2013,Charlies Creek,Waterway section
2641,6365,TRIB OF CHARLIES CREEK,6340,EMU CREEK,MARIBYRNONG RIVER,Maribyrnong,DIV 2 - SOUTHEAST COAST,30 MARIBYRNONG RIVER,2.73,2006-03-20T00:00:00Z,2013,Tributary Of Charlies Creek,Waterway section
2642,6366,MAIN CREEK,6340,EMU CREEK,MARIBYRNONG RIVER,Maribyrnong,DIV 2 - SOUTHEAST COAST,30 MARIBYRNONG RIVER,10.51,2006-03-20T00:00:00Z,2013,Main Creek,Waterway section
2643,6522,TRIB OF MERRI CREEK (OUTER),4420,MERRI CREEK,YARRA RIVER,Yarra,DIV 2 - SOUTHEAST COAST,29 YARRA RIVER,1.82,NA,2013,Tributary Of Merri Creek (Outer),Waterway section
2644,6523,TRIB OF MERRI CREEK (OUTER),4420,MERRI CREEK,YARRA RIVER,Yarra,DIV 2 - SOUTHEAST COAST,29 YARRA RIVER,5.65,NA,2013,Tributary Of Merri Creek (Outer),Waterway section
2645,6524,TRIB OF MERRI CREEK (OUTER),4420,MERRI CREEK,YARRA RIVER,Yarra,DIV 2 - SOUTHEAST COAST,29 YARRA RIVER,2.21,NA,2013,Tributary Of Merri Creek (Outer),Waterway section
2646,6612,TRIB OF 6611,6600,DEEP CREEK,MARIBYRNONG RIVER,Maribyrnong,DIV 2 - SOUTHEAST COAST,30 MARIBYRNONG RIVER,1.93,2006-03-20T00:00:00Z,2013,Tributary Of 6611,Waterway section
2647,6667,TRIB OF 6666,6600,DEEP CREEK,MARIBYRNONG RIVER,Maribyrnong,DIV 2 - SOUTHEAST COAST,30 MARIBYRNONG RIVER,0.95,2006-03-20T00:00:00Z,2013,Tributary Of 6666,Waterway section
2648,6668,TRIB OF DEEP CREEK,6600,DEEP CREEK,MARIBYRNONG RIVER,Maribyrnong,DIV 2 - SOUTHEAST COAST,30 MARIBYRNONG RIVER,1.74,2006-03-20T00:00:00Z,2013,Tributary Of Deep Creek,Waterway section
2649,6351,TRIB OF 6350,6340,EMU CREEK,MARIBYRNONG RIVER,Maribyrnong,DIV 2 - SOUTHEAST COAST,30 MARIBYRNONG RIVER,0.94,2006-03-20T00:00:00Z,2013,Tributary Of 6350,Waterway section
2650,6352,TRIB OF EMU CREEK,6340,EMU CREEK,MARIBYRNONG RIVER,Maribyrnong,DIV 2 - SOUTHEAST COAST,30 MARIBYRNONG RIVER,1.28,2006-03-20T00:00:00Z,2013,Tributary Of Emu Creek,Waterway section
2651,6353,TRIB OF EMU CREEK,6340,EMU CREEK,MARIBYRNONG RIVER,Maribyrnong,DIV 2 - SOUTHEAST COAST,30 MARIBYRNONG RIVER,1.64,2006-03-20T00:00:00Z,2013,Tributary Of Emu Creek,Waterway section
2652,6425,TRIB OF 6421,6400,BOYD CREEK,MARIBYRNONG RIVER,Maribyrnong,DIV 2 - SOUTHEAST COAST,30 MARIBYRNONG RIVER,0.93,2006-03-20T00:00:00Z,2013,Tributary Of 6421,Waterway section
2653,6426,TRIB OF BOYD CREEK,6400,BOYD CREEK,MARIBYRNONG RIVER,Maribyrnong,DIV 2 - SOUTHEAST COAST,30 MARIBYRNONG RIVER,1.59,2006-03-20T00:00:00Z,2013,Tributary Of Boyd Creek,Waterway section
2654,6458,TRIB OF NUMBER THREE CREEK,6400,BOYD CREEK,MARIBYRNONG RIVER,Maribyrnong,DIV 2 - SOUTHEAST COAST,30 MARIBYRNONG RIVER,1.34,2006-03-20T00:00:00Z,2013,Tributary Of Number Three Creek,Waterway section
2655,6613,TRIB OF 6611,6600,DEEP CREEK,MARIBYRNONG RIVER,Maribyrnong,DIV 2 - SOUTHEAST COAST,30 MARIBYRNONG RIVER,1.86,2006-03-20T00:00:00Z,2013,Tributary Of 6611,Waterway section
2656,6614,TRIB OF DEEP CREEK,6600,DEEP CREEK,MARIBYRNONG RIVER,Maribyrnong,DIV 2 - SOUTHEAST COAST,30 MARIBYRNONG RIVER,2.23,2006-03-20T00:00:00Z,2013,Tributary Of Deep Creek,Waterway section
2657,6615,TRIB OF 6614,6600,DEEP CREEK,MARIBYRNONG RIVER,Maribyrnong,DIV 2 - SOUTHEAST COAST,30 MARIBYRNONG RIVER,0.78,2006-03-20T00:00:00Z,2013,Tributary Of 6614,Waterway section
2658,6669,TRIB OF DEEP CREEK,6600,DEEP CREEK,MARIBYRNONG RIVER,Maribyrnong,DIV 2 - SOUTHEAST COAST,30 MARIBYRNONG RIVER,0.8,2006-03-20T00:00:00Z,2013,Tributary Of Deep Creek,Waterway section
2659,6670,TRIB OF DEEP CREEK,6600,DEEP CREEK,MARIBYRNONG RIVER,Maribyrnong,DIV 2 - SOUTHEAST COAST,30 MARIBYRNONG RIVER,6.91,2006-03-20T00:00:00Z,2013,Tributary Of Deep Creek,Waterway section
2660,6671,TRIB OF 6670,6600,DEEP CREEK,MARIBYRNONG RIVER,Maribyrnong,DIV 2 - SOUTHEAST COAST,30 MARIBYRNONG RIVER,1.31,2006-03-20T00:00:00Z,2013,Tributary Of 6670,Waterway section
2661,6412,TRIB OF 6411,6400,BOYD CREEK,MARIBYRNONG RIVER,Maribyrnong,DIV 2 - SOUTHEAST COAST,30 MARIBYRNONG RIVER,0.7,2006-03-20T00:00:00Z,2013,Tributary Of 6411,Waterway section
2662,6413,TRIB OF 6410,6400,BOYD CREEK,MARIBYRNONG RIVER,Maribyrnong,DIV 2 - SOUTHEAST COAST,30 MARIBYRNONG RIVER,0.68,2006-03-20T00:00:00Z,2013,Tributary Of 6410,Waterway section
2663,6745,TRIB OF 6743,6600,DEEP CREEK,MARIBYRNONG RIVER,Maribyrnong,DIV 2 - SOUTHEAST COAST,30 MARIBYRNONG RIVER,1.29,2006-03-20T00:00:00Z,2013,Tributary Of 6743,Waterway section
2664,6746,TRIB OF 6743,6600,DEEP CREEK,MARIBYRNONG RIVER,Maribyrnong,DIV 2 - SOUTHEAST COAST,30 MARIBYRNONG RIVER,0.58,2006-03-20T00:00:00Z,2013,Tributary Of 6743,Waterway section
2665,6747,TRIB OF DRY CREEK,6600,DEEP CREEK,MARIBYRNONG RIVER,Maribyrnong,DIV 2 - SOUTHEAST COAST,30 MARIBYRNONG RIVER,2.21,2006-03-20T00:00:00Z,2013,Tributary Of Dry Creek,Waterway section
2666,6616,TRIB OF 6614,6600,DEEP CREEK,MARIBYRNONG RIVER,Maribyrnong,DIV 2 - SOUTHEAST COAST,30 MARIBYRNONG RIVER,0.66,2006-03-20T00:00:00Z,2013,Tributary Of 6614,Waterway section
2667,6617,TRIB OF DEEP CREEK,6600,DEEP CREEK,MARIBYRNONG RIVER,Maribyrnong,DIV 2 - SOUTHEAST COAST,30 MARIBYRNONG RIVER,1.98,2006-03-20T00:00:00Z,2013,Tributary Of Deep Creek,Waterway section
2668,6618,TRIB OF DEEP CREEK,6600,DEEP CREEK,MARIBYRNONG RIVER,Maribyrnong,DIV 2 - SOUTHEAST COAST,30 MARIBYRNONG RIVER,1.52,2006-03-20T00:00:00Z,2013,Tributary Of Deep Creek,Waterway section
2669,6619,TRIB OF DEEP CREEK,6600,DEEP CREEK,MARIBYRNONG RIVER,Maribyrnong,DIV 2 - SOUTHEAST COAST,30 MARIBYRNONG RIVER,2.26,2006-03-20T00:00:00Z,2013,Tributary Of Deep Creek,Waterway section
2670,6620,KONAGADERRA CREEK,6600,DEEP CREEK,MARIBYRNONG RIVER,Maribyrnong,DIV 2 - SOUTHEAST COAST,30 MARIBYRNONG RIVER,12.54,2006-03-20T00:00:00Z,2013,Konagaderra Creek,Waterway section
2671,6672,TRIB OF DEEP CREEK,6600,DEEP CREEK,MARIBYRNONG RIVER,Maribyrnong,DIV 2 - SOUTHEAST COAST,30 MARIBYRNONG RIVER,0.7,2006-03-20T00:00:00Z,2013,Tributary Of Deep Creek,Waterway section
2672,6673,TRIB OF DEEP CREEK,6600,DEEP CREEK,MARIBYRNONG RIVER,Maribyrnong,DIV 2 - SOUTHEAST COAST,30 MARIBYRNONG RIVER,0.76,2006-03-20T00:00:00Z,2013,Tributary Of Deep Creek,Waterway section
2673,6674,TRIB OF DEEP CREEK,6600,DEEP CREEK,MARIBYRNONG RIVER,Maribyrnong,DIV 2 - SOUTHEAST COAST,30 MARIBYRNONG RIVER,2.54,2006-03-20T00:00:00Z,2013,Tributary Of Deep Creek,Waterway section
2674,6675,TRIB OF DEEP CREEK,6600,DEEP CREEK,MARIBYRNONG RIVER,Maribyrnong,DIV 2 - SOUTHEAST COAST,30 MARIBYRNONG RIVER,1.09,2006-03-20T00:00:00Z,2013,Tributary Of Deep Creek,Waterway section
2675,6449,TRIB OF NUMBER THREE CREEK,6400,BOYD CREEK,MARIBYRNONG RIVER,Maribyrnong,DIV 2 - SOUTHEAST COAST,30 MARIBYRNONG RIVER,1.85,2006-03-20T00:00:00Z,2013,Tributary Of Number Three Creek,Waterway section
2676,6450,TRIB OF NUMBER THREE CREEK,6400,BOYD CREEK,MARIBYRNONG RIVER,Maribyrnong,DIV 2 - SOUTHEAST COAST,30 MARIBYRNONG RIVER,0.74,2006-03-20T00:00:00Z,2013,Tributary Of Number Three Creek,Waterway section
2677,6803,TRIB OF 6802,6800,JACKSONS CREEK,MARIBYRNONG RIVER,Maribyrnong,DIV 2 - SOUTHEAST COAST,30 MARIBYRNONG RIVER,1.15,2006-03-20T00:00:00Z,2013,Tributary Of 6802,Waterway section
2678,6804,TAME ST DRAIN,6800,JACKSONS CREEK,MARIBYRNONG RIVER,Maribyrnong,DIV 2 - SOUTHEAST COAST,30 MARIBYRNONG RIVER,8,2006-03-20T00:00:00Z,2013,Tame St Drain,Waterway section
2679,6805,TRIB OF TAME ST DRAIN,6800,JACKSONS CREEK,MARIBYRNONG RIVER,Maribyrnong,DIV 2 - SOUTHEAST COAST,30 MARIBYRNONG RIVER,3.71,2006-03-20T00:00:00Z,2013,Tributary Of Tame St Drain,Waterway section
2680,6806,TRIB OF 6805,6800,JACKSONS CREEK,MARIBYRNONG RIVER,Maribyrnong,DIV 2 - SOUTHEAST COAST,30 MARIBYRNONG RIVER,2.02,2006-03-20T00:00:00Z,2013,Tributary Of 6805,Waterway section
2681,6807,TRIB OF TAME ST DRAIN,6800,JACKSONS CREEK,MARIBYRNONG RIVER,Maribyrnong,DIV 2 - SOUTHEAST COAST,30 MARIBYRNONG RIVER,0.67,2006-03-20T00:00:00Z,2013,Tributary Of Tame St Drain,Waterway section
2682,6808,TRIB OF JACKSONS CREEK,6800,JACKSONS CREEK,MARIBYRNONG RIVER,Maribyrnong,DIV 2 - SOUTHEAST COAST,30 MARIBYRNONG RIVER,2.33,2006-03-20T00:00:00Z,2013,Tributary Of Jacksons Creek,Waterway section
2683,6621,TRIB OF KONAGADERRA CREEK,6600,DEEP CREEK,MARIBYRNONG RIVER,Maribyrnong,DIV 2 - SOUTHEAST COAST,30 MARIBYRNONG RIVER,1.64,2006-03-20T00:00:00Z,2013,Tributary Of Konagaderra Creek,Waterway section
2684,6622,TRIB OF KONAGADERRA CREEK,6600,DEEP CREEK,MARIBYRNONG RIVER,Maribyrnong,DIV 2 - SOUTHEAST COAST,30 MARIBYRNONG RIVER,11.34,2006-03-20T00:00:00Z,2013,Tributary Of Konagaderra Creek,Waterway section
2685,6334,TRIB OF DIAMOND CREEK,4640,DIAMOND CREEK,YARRA RIVER,Yarra,DIV 2 - SOUTHEAST COAST,29 YARRA RIVER,0.98,2003-08-26T00:00:00Z,2013,Tributary Of Diamond Creek,Waterway section
2686,6335,TRIB OF DIAMOND CREEK,4640,DIAMOND CREEK,YARRA RIVER,Yarra,DIV 2 - SOUTHEAST COAST,29 YARRA RIVER,1.72,2003-08-26T00:00:00Z,2013,Tributary Of Diamond Creek,Waterway section
2687,6336,TRIB OF DIAMOND CREEK,4640,DIAMOND CREEK,YARRA RIVER,Yarra,DIV 2 - SOUTHEAST COAST,29 YARRA RIVER,0.96,2003-08-26T00:00:00Z,2013,Tributary Of Diamond Creek,Waterway section
2688,6337,TRIB OF DIAMOND CREEK,4640,DIAMOND CREEK,YARRA RIVER,Yarra,DIV 2 - SOUTHEAST COAST,29 YARRA RIVER,0.64,2003-08-26T00:00:00Z,2013,Tributary Of Diamond Creek,Waterway section
2689,6338,TRIB OF DIAMOND CREEK,4640,DIAMOND CREEK,YARRA RIVER,Yarra,DIV 2 - SOUTHEAST COAST,29 YARRA RIVER,0.69,2003-08-26T00:00:00Z,2013,Tributary Of Diamond Creek,Waterway section
2690,6451,TRIB OF NUMBER THREE CREEK,6400,BOYD CREEK,MARIBYRNONG RIVER,Maribyrnong,DIV 2 - SOUTHEAST COAST,30 MARIBYRNONG RIVER,3.65,2006-03-20T00:00:00Z,2013,Tributary Of Number Three Creek,Waterway section
2691,6541,TRIB OF MERRI CREEK (OUTER),4420,MERRI CREEK,YARRA RIVER,Yarra,DIV 2 - SOUTHEAST COAST,29 YARRA RIVER,1.07,NA,2013,Tributary Of Merri Creek (Outer),Waterway section
2692,6542,TRIB OF MERRI CREEK (OUTER),4420,MERRI CREEK,YARRA RIVER,Yarra,DIV 2 - SOUTHEAST COAST,29 YARRA RIVER,2.45,NA,2013,Tributary Of Merri Creek (Outer),Waterway section
2693,6550,KALKALLO CREEK,4420,MERRI CREEK,YARRA RIVER,Yarra,DIV 2 - SOUTHEAST COAST,29 YARRA RIVER,10.89,NA,2013,Kalkallo Creek,Waterway section
2694,6551,TRIB OF KALKALLO CREEK,4420,MERRI CREEK,YARRA RIVER,Yarra,DIV 2 - SOUTHEAST COAST,29 YARRA RIVER,6.3,2003-10-29T00:00:00Z,2013,Tributary Of Kalkallo Creek,Waterway section
2695,6552,TRIB OF KALKALLO CREEK,4420,MERRI CREEK,YARRA RIVER,Yarra,DIV 2 - SOUTHEAST COAST,29 YARRA RIVER,1.54,2003-08-07T00:00:00Z,2013,Tributary Of Kalkallo Creek,Waterway section
2696,6809,TRIB OF 6808,6800,JACKSONS CREEK,MARIBYRNONG RIVER,Maribyrnong,DIV 2 - SOUTHEAST COAST,30 MARIBYRNONG RIVER,2.83,2006-03-20T00:00:00Z,2013,Tributary Of 6808,Waterway section
2697,6810,TRIB OF 6809,6800,JACKSONS CREEK,MARIBYRNONG RIVER,Maribyrnong,DIV 2 - SOUTHEAST COAST,30 MARIBYRNONG RIVER,1.93,2006-03-20T00:00:00Z,2013,Tributary Of 6809,Waterway section
2698,6854,TRIB OF JACKSONS CREEK,6800,JACKSONS CREEK,MARIBYRNONG RIVER,Maribyrnong,DIV 2 - SOUTHEAST COAST,30 MARIBYRNONG RIVER,0.66,2006-03-20T00:00:00Z,2013,Tributary Of Jacksons Creek,Waterway section
2699,6623,TRIB OF 6622,6600,DEEP CREEK,MARIBYRNONG RIVER,Maribyrnong,DIV 2 - SOUTHEAST COAST,30 MARIBYRNONG RIVER,1.29,2006-03-20T00:00:00Z,2013,Tributary Of 6622,Waterway section
2700,6624,TRIB OF 6622,6600,DEEP CREEK,MARIBYRNONG RIVER,Maribyrnong,DIV 2 - SOUTHEAST COAST,30 MARIBYRNONG RIVER,3.35,2006-03-20T00:00:00Z,2013,Tributary Of 6622,Waterway section
2701,6625,TRIB OF 6622,6600,DEEP CREEK,MARIBYRNONG RIVER,Maribyrnong,DIV 2 - SOUTHEAST COAST,30 MARIBYRNONG RIVER,1.01,2006-03-20T00:00:00Z,2013,Tributary Of 6622,Waterway section
2702,6383,TRIB OF BOLINDA CREEK,6340,EMU CREEK,MARIBYRNONG RIVER,Maribyrnong,DIV 2 - SOUTHEAST COAST,30 MARIBYRNONG RIVER,1.09,2006-03-20T00:00:00Z,2013,Tributary Of Bolinda Creek,Waterway section
2703,6384,TRIB OF BOLINDA CREEK,6340,EMU CREEK,MARIBYRNONG RIVER,Maribyrnong,DIV 2 - SOUTHEAST COAST,30 MARIBYRNONG RIVER,0.82,2006-03-20T00:00:00Z,2013,Tributary Of Bolinda Creek,Waterway section
2704,6553,TRIB OF KALKALLO CREEK,4420,MERRI CREEK,YARRA RIVER,Yarra,DIV 2 - SOUTHEAST COAST,29 YARRA RIVER,1.91,2003-08-07T00:00:00Z,2013,Tributary Of Kalkallo Creek,Waterway section
2705,6354,TRIB OF EMU CREEK,6340,EMU CREEK,MARIBYRNONG RIVER,Maribyrnong,DIV 2 - SOUTHEAST COAST,30 MARIBYRNONG RIVER,0.97,2006-03-20T00:00:00Z,2013,Tributary Of Emu Creek,Waterway section
2706,6355,TRIB OF EMU CREEK,6340,EMU CREEK,MARIBYRNONG RIVER,Maribyrnong,DIV 2 - SOUTHEAST COAST,30 MARIBYRNONG RIVER,9.95,2006-03-20T00:00:00Z,2013,Tributary Of Emu Creek,Waterway section
2707,6356,TRIB OF 6355,6340,EMU CREEK,MARIBYRNONG RIVER,Maribyrnong,DIV 2 - SOUTHEAST COAST,30 MARIBYRNONG RIVER,3.35,2006-03-20T00:00:00Z,2013,Tributary Of 6355,Waterway section
2708,6357,BOLINDA CREEK,6340,EMU CREEK,MARIBYRNONG RIVER,Maribyrnong,DIV 2 - SOUTHEAST COAST,30 MARIBYRNONG RIVER,18.69,2006-03-20T00:00:00Z,2013,Bolinda Creek,Waterway section
2709,6358,TRIB OF BOLINDA CREEK,6340,EMU CREEK,MARIBYRNONG RIVER,Maribyrnong,DIV 2 - SOUTHEAST COAST,30 MARIBYRNONG RIVER,4.36,2006-03-20T00:00:00Z,2013,Tributary Of Bolinda Creek,Waterway section
2710,6359,TRIB OF 6358,6340,EMU CREEK,MARIBYRNONG RIVER,Maribyrnong,DIV 2 - SOUTHEAST COAST,30 MARIBYRNONG RIVER,2.81,2006-03-20T00:00:00Z,2013,Tributary Of 6358,Waterway section
2711,6855,TRIB OF JACKSONS CREEK,6800,JACKSONS CREEK,MARIBYRNONG RIVER,Maribyrnong,DIV 2 - SOUTHEAST COAST,30 MARIBYRNONG RIVER,1.93,2006-03-20T00:00:00Z,2013,Tributary Of Jacksons Creek,Waterway section
2712,6856,TRIB OF JACKSONS CREEK,6800,JACKSONS CREEK,MARIBYRNONG RIVER,Maribyrnong,DIV 2 - SOUTHEAST COAST,30 MARIBYRNONG RIVER,6.97,2006-03-20T00:00:00Z,2013,Tributary Of Jacksons Creek,Waterway section
2713,6626,TRIB OF KONAGADERRA CREEK,6600,DEEP CREEK,MARIBYRNONG RIVER,Maribyrnong,DIV 2 - SOUTHEAST COAST,30 MARIBYRNONG RIVER,0.75,2006-03-20T00:00:00Z,2013,Tributary Of Konagaderra Creek,Waterway section
2714,6627,TRIB OF KONAGADERRA CREEK,6600,DEEP CREEK,MARIBYRNONG RIVER,Maribyrnong,DIV 2 - SOUTHEAST COAST,30 MARIBYRNONG RIVER,4.5,2006-03-20T00:00:00Z,2013,Tributary Of Konagaderra Creek,Waterway section
2715,6628,TRIB OF KONAGADERRA CREEK,6600,DEEP CREEK,MARIBYRNONG RIVER,Maribyrnong,DIV 2 - SOUTHEAST COAST,30 MARIBYRNONG RIVER,1.42,2006-03-20T00:00:00Z,2013,Tributary Of Konagaderra Creek,Waterway section
2716,6629,TRIB OF KONAGADERRA CREEK,6600,DEEP CREEK,MARIBYRNONG RIVER,Maribyrnong,DIV 2 - SOUTHEAST COAST,30 MARIBYRNONG RIVER,9.51,2006-03-20T00:00:00Z,2013,Tributary Of Konagaderra Creek,Waterway section
2717,6385,TRIB OF BOLINDA CREEK,6340,EMU CREEK,MARIBYRNONG RIVER,Maribyrnong,DIV 2 - SOUTHEAST COAST,30 MARIBYRNONG RIVER,1.7,2006-03-20T00:00:00Z,2013,Tributary Of Bolinda Creek,Waterway section
2718,6386,TRIB OF BOLINDA CREEK,6340,EMU CREEK,MARIBYRNONG RIVER,Maribyrnong,DIV 2 - SOUTHEAST COAST,30 MARIBYRNONG RIVER,2.02,2006-03-20T00:00:00Z,2013,Tributary Of Bolinda Creek,Waterway section
2719,6387,TRIB OF BOLINDA CREEK,6340,EMU CREEK,MARIBYRNONG RIVER,Maribyrnong,DIV 2 - SOUTHEAST COAST,30 MARIBYRNONG RIVER,1.6,2006-03-20T00:00:00Z,2013,Tributary Of Bolinda Creek,Waterway section
2720,6439,TRIB OF NUMBER THREE CREEK,6400,BOYD CREEK,MARIBYRNONG RIVER,Maribyrnong,DIV 2 - SOUTHEAST COAST,30 MARIBYRNONG RIVER,2.7,2006-03-20T00:00:00Z,2013,Tributary Of Number Three Creek,Waterway section
2721,6440,TRIB OF NUMBER THREE CREEK,6400,BOYD CREEK,MARIBYRNONG RIVER,Maribyrnong,DIV 2 - SOUTHEAST COAST,30 MARIBYRNONG RIVER,0.89,2006-03-20T00:00:00Z,2013,Tributary Of Number Three Creek,Waterway section
2722,6441,TRIB OF NUMBER THREE CREEK,6400,BOYD CREEK,MARIBYRNONG RIVER,Maribyrnong,DIV 2 - SOUTHEAST COAST,30 MARIBYRNONG RIVER,6.48,2006-03-20T00:00:00Z,2013,Tributary Of Number Three Creek,Waterway section
2723,6442,TRIB OF 6441,6400,BOYD CREEK,MARIBYRNONG RIVER,Maribyrnong,DIV 2 - SOUTHEAST COAST,30 MARIBYRNONG RIVER,2.27,2006-03-20T00:00:00Z,2013,Tributary Of 6441,Waterway section
2724,6360,TRIB OF 6358,6340,EMU CREEK,MARIBYRNONG RIVER,Maribyrnong,DIV 2 - SOUTHEAST COAST,30 MARIBYRNONG RIVER,1.27,2006-03-20T00:00:00Z,2013,Tributary Of 6358,Waterway section
2725,6414,TRIB OF 6410,6400,BOYD CREEK,MARIBYRNONG RIVER,Maribyrnong,DIV 2 - SOUTHEAST COAST,30 MARIBYRNONG RIVER,1.53,2006-03-20T00:00:00Z,2013,Tributary Of 6410,Waterway section
2726,6415,TRIB OF 6410,6400,BOYD CREEK,MARIBYRNONG RIVER,Maribyrnong,DIV 2 - SOUTHEAST COAST,30 MARIBYRNONG RIVER,2.84,2006-03-20T00:00:00Z,2013,Tributary Of 6410,Waterway section
2727,6416,TRIB OF 6410,6400,BOYD CREEK,MARIBYRNONG RIVER,Maribyrnong,DIV 2 - SOUTHEAST COAST,30 MARIBYRNONG RIVER,2.81,2006-03-20T00:00:00Z,2013,Tributary Of 6410,Waterway section
2728,6452,TRIB OF 6451,6400,BOYD CREEK,MARIBYRNONG RIVER,Maribyrnong,DIV 2 - SOUTHEAST COAST,30 MARIBYRNONG RIVER,1.63,2006-03-20T00:00:00Z,2013,Tributary Of 6451,Waterway section
2729,6709,TRIB OF 6702,6600,DEEP CREEK,MARIBYRNONG RIVER,Maribyrnong,DIV 2 - SOUTHEAST COAST,30 MARIBYRNONG RIVER,1.54,2006-03-20T00:00:00Z,2013,Tributary Of 6702,Waterway section
2730,6710,TRIB OF 6702,6600,DEEP CREEK,MARIBYRNONG RIVER,Maribyrnong,DIV 2 - SOUTHEAST COAST,30 MARIBYRNONG RIVER,1.13,2006-03-20T00:00:00Z,2013,Tributary Of 6702,Waterway section
2731,6711,TRIB OF DEEP CREEK,6600,DEEP CREEK,MARIBYRNONG RIVER,Maribyrnong,DIV 2 - SOUTHEAST COAST,30 MARIBYRNONG RIVER,2.78,2006-03-20T00:00:00Z,2013,Tributary Of Deep Creek,Waterway section
2732,6712,TRIB OF DEEP CREEK,6600,DEEP CREEK,MARIBYRNONG RIVER,Maribyrnong,DIV 2 - SOUTHEAST COAST,30 MARIBYRNONG RIVER,6.49,2006-03-20T00:00:00Z,2013,Tributary Of Deep Creek,Waterway section
2733,6630,TRIB OF 6629,6600,DEEP CREEK,MARIBYRNONG RIVER,Maribyrnong,DIV 2 - SOUTHEAST COAST,30 MARIBYRNONG RIVER,1.32,2006-03-20T00:00:00Z,2013,Tributary Of 6629,Waterway section
2734,6631,TRIB OF 6629,6600,DEEP CREEK,MARIBYRNONG RIVER,Maribyrnong,DIV 2 - SOUTHEAST COAST,30 MARIBYRNONG RIVER,1.26,2006-03-20T00:00:00Z,2013,Tributary Of 6629,Waterway section
2735,8019,TRIB OF WERRIBEE RIVER (LOWER),8000,WERRIBEE RIVER (LOWER),WERRIBEE RIVER,Werribee,DIV 2 - SOUTHEAST COAST,31 WERRIBEE RIVER,1.39,2006-03-20T00:00:00Z,2013,Tributary Of Werribee River (Lower),Waterway section
2736,8020,TRIB OF WERRIBEE RIVER (LOWER),8000,WERRIBEE RIVER (LOWER),WERRIBEE RIVER,Werribee,DIV 2 - SOUTHEAST COAST,31 WERRIBEE RIVER,2.54,2006-03-20T00:00:00Z,2013,Tributary Of Werribee River (Lower),Waterway section
2737,8021,TRIB OF WERRIBEE RIVER (LOWER),8000,WERRIBEE RIVER (LOWER),WERRIBEE RIVER,Werribee,DIV 2 - SOUTHEAST COAST,31 WERRIBEE RIVER,1.47,2006-03-20T00:00:00Z,2013,Tributary Of Werribee River (Lower),Waterway section
2738,8022,TRIB OF WERRIBEE RIVER (LOWER),8000,WERRIBEE RIVER (LOWER),WERRIBEE RIVER,Werribee,DIV 2 - SOUTHEAST COAST,31 WERRIBEE RIVER,14.66,2006-03-20T00:00:00Z,2013,Tributary Of Werribee River (Lower),Waterway section
2739,8023,TRIB OF 8022,8000,WERRIBEE RIVER (LOWER),WERRIBEE RIVER,Werribee,DIV 2 - SOUTHEAST COAST,31 WERRIBEE RIVER,2.07,2006-03-20T00:00:00Z,2013,Tributary Of 8022,Waterway section
2740,8024,TRIB OF 8022,8000,WERRIBEE RIVER (LOWER),WERRIBEE RIVER,Werribee,DIV 2 - SOUTHEAST COAST,31 WERRIBEE RIVER,2.01,2006-03-20T00:00:00Z,2013,Tributary Of 8022,Waterway section
2741,8025,TRIB OF 8022,8000,WERRIBEE RIVER (LOWER),WERRIBEE RIVER,Werribee,DIV 2 - SOUTHEAST COAST,31 WERRIBEE RIVER,4.01,2006-03-20T00:00:00Z,2013,Tributary Of 8022,Waterway section
2742,7515,TRIB OF 7510,7500,LITTLE RIVER (LOWER),LITTLE RIVER,Werribee,DIV 2 - SOUTHEAST COAST,32 MOORABOOL RIVER,2.55,2006-02-20T00:00:00Z,2013,Tributary Of 7510,Waterway section
2743,8209,TRIB OF 8208,8200,TOOLERN CREEK,WERRIBEE RIVER,Werribee,DIV 2 - SOUTHEAST COAST,31 WERRIBEE RIVER,1.15,2006-03-20T00:00:00Z,2013,Tributary Of 8208,Waterway section
2744,5900,YARRA RIVER,4400,YARRA RIVER MAIN STREAM,YARRA RIVER,Yarra,DIV 2 - SOUTHEAST COAST,29 YARRA RIVER,53.12,2002-11-14T00:00:00Z,2013,Yarra River,Waterway section
2745,5660,PAUL CREEK,5660,PAUL CREEK,YARRA RIVER,Yarra,DIV 2 - SOUTHEAST COAST,29 YARRA RIVER,19.76,2003-08-29T00:00:00Z,2013,Paul Creek,Waterway section
2746,5664,TRIB OF YARRA CREEK,4400,YARRA RIVER MAIN STREAM,YARRA RIVER,Yarra,DIV 2 - SOUTHEAST COAST,29 YARRA RIVER,13.2,2003-10-07T00:00:00Z,2013,Tributary Of Yarra Creek,Waterway section
2747,5943,TRIB OF 5664,4400,YARRA RIVER MAIN STREAM,YARRA RIVER,Yarra,DIV 2 - SOUTHEAST COAST,29 YARRA RIVER,1.41,2003-09-03T00:00:00Z,2013,Tributary Of 5664,Waterway section
2748,8608,TRIB OF LERDERDERG RIVER,8500,LERDERDERG RIVER,WERRIBEE RIVER,Werribee,DIV 2 - SOUTHEAST COAST,31 WERRIBEE RIVER,1.3,2006-03-20T00:00:00Z,2013,Tributary Of Lerderderg River,Waterway section
2749,7802,TRIB OF 7801,7800,7800 TRIB OF LT RIVER (UPPER),LITTLE RIVER,Werribee,DIV 2 - SOUTHEAST COAST,32 MOORABOOL RIVER,2.42,2006-02-20T00:00:00Z,2013,Tributary Of 7801,Waterway section
2750,7803,TRIB OF 7801,7800,7800 TRIB OF LT RIVER (UPPER),LITTLE RIVER,Werribee,DIV 2 - SOUTHEAST COAST,32 MOORABOOL RIVER,5.46,2006-02-20T00:00:00Z,2013,Tributary Of 7801,Waterway section
2751,7807,TRIB OF 7801,7800,7800 TRIB OF LT RIVER (UPPER),LITTLE RIVER,Werribee,DIV 2 - SOUTHEAST COAST,32 MOORABOOL RIVER,2.71,2006-02-20T00:00:00Z,2013,Tributary Of 7801,Waterway section
2752,7808,TRIB OF 7801,7800,7800 TRIB OF LT RIVER (UPPER),LITTLE RIVER,Werribee,DIV 2 - SOUTHEAST COAST,32 MOORABOOL RIVER,3.09,2006-02-20T00:00:00Z,2013,Tributary Of 7801,Waterway section
2753,7520,TRIB OF 7510,7500,LITTLE RIVER (LOWER),LITTLE RIVER,Werribee,DIV 2 - SOUTHEAST COAST,32 MOORABOOL RIVER,1.12,2006-02-20T00:00:00Z,2013,Tributary Of 7510,Waterway section
2754,7525,TRIB OF 7510,7500,LITTLE RIVER (LOWER),LITTLE RIVER,Werribee,DIV 2 - SOUTHEAST COAST,32 MOORABOOL RIVER,6.76,2006-02-20T00:00:00Z,2013,Tributary Of 7510,Waterway section
2755,7530,TRIB OF LITTLE RV (LOWER),7500,LITTLE RIVER (LOWER),LITTLE RIVER,Werribee,DIV 2 - SOUTHEAST COAST,32 MOORABOOL RIVER,11.49,2006-02-20T00:00:00Z,2013,Tributary Of Little Rv (Lower),Waterway section
2756,7535,TRIB OF 7530,7500,LITTLE RIVER (LOWER),LITTLE RIVER,Werribee,DIV 2 - SOUTHEAST COAST,32 MOORABOOL RIVER,6.51,2006-02-20T00:00:00Z,2013,Tributary Of 7530,Waterway section
2757,7540,TRIB OF LITTLE RV (LOWER),7500,LITTLE RIVER (LOWER),LITTLE RIVER,Werribee,DIV 2 - SOUTHEAST COAST,32 MOORABOOL RIVER,11.01,2006-02-20T00:00:00Z,2013,Tributary Of Little Rv (Lower),Waterway section
2758,7545,TRIB OF 7540,7500,LITTLE RIVER (LOWER),LITTLE RIVER,Werribee,DIV 2 - SOUTHEAST COAST,32 MOORABOOL RIVER,2.77,2006-02-20T00:00:00Z,2013,Tributary Of 7540,Waterway section
2759,7550,TRIB OF LITTLE RV (LOWER),7500,LITTLE RIVER (LOWER),LITTLE RIVER,Werribee,DIV 2 - SOUTHEAST COAST,32 MOORABOOL RIVER,5.7,2006-02-20T00:00:00Z,2013,Tributary Of Little Rv (Lower),Waterway section
2760,7555,TRIB OF LITTLE RV (LOWER),7500,LITTLE RIVER (LOWER),LITTLE RIVER,Werribee,DIV 2 - SOUTHEAST COAST,32 MOORABOOL RIVER,4.57,2006-02-20T00:00:00Z,2013,Tributary Of Little Rv (Lower),Waterway section
2761,7560,TRIB OF LITTLE RV (LOWER),7500,LITTLE RIVER (LOWER),LITTLE RIVER,Werribee,DIV 2 - SOUTHEAST COAST,32 MOORABOOL RIVER,8.91,2006-02-20T00:00:00Z,2013,Tributary Of Little Rv (Lower),Waterway section
2762,7565,TRIB OF 7560,7500,LITTLE RIVER (LOWER),LITTLE RIVER,Werribee,DIV 2 - SOUTHEAST COAST,32 MOORABOOL RIVER,2.91,2006-02-20T00:00:00Z,2013,Tributary Of 7560,Waterway section
2763,2222,TRIB OF WARRINGINE CREEK,2200,HASTINGS NORTH,MORN'N PENINSULA / WESTERN PORT,Western Port,DIV 2 - SOUTHEAST COAST,28 BUNYIP RIVER,3.05,2003-12-15T00:00:00Z,2013,Tributary Of Warringine Creek,Waterway section
2764,2232,TRIB OF KINGS CREEK,2200,HASTINGS NORTH,MORN'N PENINSULA / WESTERN PORT,Western Port,DIV 2 - SOUTHEAST COAST,28 BUNYIP RIVER,4.47,2003-12-15T00:00:00Z,2013,Tributary Of Kings Creek,Waterway section
2765,8609,RAT GULLY,8500,LERDERDERG RIVER,WERRIBEE RIVER,Werribee,DIV 2 - SOUTHEAST COAST,31 WERRIBEE RIVER,0.72,2006-03-20T00:00:00Z,2013,Rat Gully,Waterway section
2766,8718,TRIB OF BLUE GULLY,8700,PYKES CREEK,WERRIBEE RIVER,Werribee,DIV 2 - SOUTHEAST COAST,31 WERRIBEE RIVER,0.87,2006-03-20T00:00:00Z,2013,Tributary Of Blue Gully,Waterway section
2767,8719,TRIB OF BLUE GULLY,8700,PYKES CREEK,WERRIBEE RIVER,Werribee,DIV 2 - SOUTHEAST COAST,31 WERRIBEE RIVER,1.55,2006-03-20T00:00:00Z,2013,Tributary Of Blue Gully,Waterway section
2768,8720,TRIB OF BLUE GULLY,8700,PYKES CREEK,WERRIBEE RIVER,Werribee,DIV 2 - SOUTHEAST COAST,31 WERRIBEE RIVER,1.63,2006-03-20T00:00:00Z,2013,Tributary Of Blue Gully,Waterway section
2769,7809,TRIB OF 7808,7800,7800 TRIB OF LT RIVER (UPPER),LITTLE RIVER,Werribee,DIV 2 - SOUTHEAST COAST,32 MOORABOOL RIVER,3.38,2006-02-20T00:00:00Z,2013,Tributary Of 7808,Waterway section
2770,7810,TRIB OF 7808,7800,7800 TRIB OF LT RIVER (UPPER),LITTLE RIVER,Werribee,DIV 2 - SOUTHEAST COAST,32 MOORABOOL RIVER,1.3,2006-02-20T00:00:00Z,2013,Tributary Of 7808,Waterway section
2771,8004,BULBAN RD DRAIN,8000,WERRIBEE RIVER (LOWER),WERRIBEE RIVER,Werribee,DIV 2 - SOUTHEAST COAST,31 WERRIBEE RIVER,1.71,2006-03-20T00:00:00Z,2013,Bulban Rd Drain,Waterway section
2772,8005,WESTLEIGH DRAIN,8000,WERRIBEE RIVER (LOWER),WERRIBEE RIVER,Werribee,DIV 2 - SOUTHEAST COAST,31 WERRIBEE RIVER,0.97,2006-03-20T00:00:00Z,2013,Westleigh Drain,Waterway section
2773,7570,TRIB OF 7560,7500,LITTLE RIVER (LOWER),LITTLE RIVER,Werribee,DIV 2 - SOUTHEAST COAST,32 MOORABOOL RIVER,2.47,2006-02-20T00:00:00Z,2013,Tributary Of 7560,Waterway section
2774,7575,TRIB OF 7560,7500,LITTLE RIVER (LOWER),LITTLE RIVER,Werribee,DIV 2 - SOUTHEAST COAST,32 MOORABOOL RIVER,1.49,2006-02-20T00:00:00Z,2013,Tributary Of 7560,Waterway section
2775,7711,TRIB OF CHERRY CREEK,7700,LOLLYPOP CREEK,LITTLE RIVER,Werribee,DIV 2 - SOUTHEAST COAST,32 MOORABOOL RIVER,1.83,2006-02-20T00:00:00Z,2013,Tributary Of Cherry Creek,Waterway section
2776,7713,TRIB OF LOLLYPOP CREEK,7700,LOLLYPOP CREEK,LITTLE RIVER,Werribee,DIV 2 - SOUTHEAST COAST,32 MOORABOOL RIVER,5.15,2006-02-20T00:00:00Z,2013,Tributary Of Lollypop Creek,Waterway section
2777,7716,WERRIBEE WEST DRAIN,7700,LOLLYPOP CREEK,LITTLE RIVER,Werribee,DIV 2 - SOUTHEAST COAST,32 MOORABOOL RIVER,5.02,2006-02-20T00:00:00Z,2013,Werribee West Drain,Waterway section
2778,7720,BLACK FOREST RD DRAIN,7700,LOLLYPOP CREEK,LITTLE RIVER,Werribee,DIV 2 - SOUTHEAST COAST,32 MOORABOOL RIVER,2.49,2006-02-20T00:00:00Z,2013,Black Forest Rd Drain,Waterway section
2779,7723,TRIB OF LOLLYPOP CREEK,7700,LOLLYPOP CREEK,LITTLE RIVER,Werribee,DIV 2 - SOUTHEAST COAST,32 MOORABOOL RIVER,7.59,2006-02-20T00:00:00Z,2013,Tributary Of Lollypop Creek,Waterway section
2780,7875,TRIB OF STONY CREEK,7850,STONY CREEK,LITTLE RIVER,Werribee,DIV 2 - SOUTHEAST COAST,32 MOORABOOL RIVER,1.98,2006-02-20T00:00:00Z,2013,Tributary Of Stony Creek,Waterway section
2781,2231,KINGS CREEK D.S.,2200,HASTINGS NORTH,MORN'N PENINSULA / WESTERN PORT,Western Port,DIV 2 - SOUTHEAST COAST,28 BUNYIP RIVER,2.66,2002-10-18T00:00:00Z,2013,Kings Creek Downstream.,Waterway section
2782,2240,OLIVERS  CREEK,2200,HASTINGS NORTH,MORN'N PENINSULA / WESTERN PORT,Western Port,DIV 2 - SOUTHEAST COAST,28 BUNYIP RIVER,17.17,2003-12-15T00:00:00Z,2013,Olivers Creek,Waterway section
2783,7805,TRIB OF 7803,7800,7800 TRIB OF LT RIVER (UPPER),LITTLE RIVER,Werribee,DIV 2 - SOUTHEAST COAST,32 MOORABOOL RIVER,2.52,2006-02-20T00:00:00Z,2013,Tributary Of 7803,Waterway section
2784,4634,SIMONS CREEK,4600,PLENTY RIVER,YARRA RIVER,Yarra,DIV 2 - SOUTHEAST COAST,29 YARRA RIVER,4.52,2002-11-14T00:00:00Z,2013,Simons Creek,Waterway section
2785,8001,WERRIBEE RIVER (LOWER),8000,WERRIBEE RIVER (LOWER),WERRIBEE RIVER,Werribee,DIV 2 - SOUTHEAST COAST,31 WERRIBEE RIVER,62.07,2006-03-20T00:00:00Z,2013,Werribee River (Lower),Waterway section
2786,8036,COOLIBAH CREEK,8000,WERRIBEE RIVER (LOWER),WERRIBEE RIVER,Werribee,DIV 2 - SOUTHEAST COAST,31 WERRIBEE RIVER,21.9,2006-03-20T00:00:00Z,2013,Coolibah Creek,Waterway section
2787,8721,TRIB OF 8720,8700,PYKES CREEK,WERRIBEE RIVER,Werribee,DIV 2 - SOUTHEAST COAST,31 WERRIBEE RIVER,1.22,2006-03-20T00:00:00Z,2013,Tributary Of 8720,Waterway section
2788,8821,TRIB OF SPRING CREEK,8800,PARWAN CREEK,WERRIBEE RIVER,Werribee,DIV 2 - SOUTHEAST COAST,31 WERRIBEE RIVER,0.9,2006-03-20T00:00:00Z,2013,Tributary Of Spring Creek,Waterway section
2789,8006,LEIGH ST DRAIN,8000,WERRIBEE RIVER (LOWER),WERRIBEE RIVER,Werribee,DIV 2 - SOUTHEAST COAST,31 WERRIBEE RIVER,1.78,2006-03-20T00:00:00Z,2013,Leigh St Drain,Waterway section
2790,6989,TRIB OF WILLIMIGONGON CREEK,6950,RIDDELLS CREEK,MARIBYRNONG RIVER,Maribyrnong,DIV 2 - SOUTHEAST COAST,30 MARIBYRNONG RIVER,0.6,2006-03-20T00:00:00Z,2013,Tributary Of Willimigongon Creek,Waterway section
2791,7880,TRIB OF STONY CREEK,7850,STONY CREEK,LITTLE RIVER,Werribee,DIV 2 - SOUTHEAST COAST,32 MOORABOOL RIVER,1.11,2006-02-20T00:00:00Z,2013,Tributary Of Stony Creek,Waterway section
2792,7883,TRIB OF STONY CREEK,7850,STONY CREEK,LITTLE RIVER,Werribee,DIV 2 - SOUTHEAST COAST,32 MOORABOOL RIVER,0.63,2006-02-20T00:00:00Z,2013,Tributary Of Stony Creek,Waterway section
2793,7885,TRIB OF STONY CREEK,7850,STONY CREEK,LITTLE RIVER,Werribee,DIV 2 - SOUTHEAST COAST,32 MOORABOOL RIVER,1.95,2006-02-20T00:00:00Z,2013,Tributary Of Stony Creek,Waterway section
2794,8028,MALLEE CREEK,8000,WERRIBEE RIVER (LOWER),WERRIBEE RIVER,Werribee,DIV 2 - SOUTHEAST COAST,31 WERRIBEE RIVER,0.97,2008-10-29T00:00:00Z,2013,Mallee Creek,Waterway section
2795,8037,EYNESBURY CREEK,8000,WERRIBEE RIVER (LOWER),WERRIBEE RIVER,Werribee,DIV 2 - SOUTHEAST COAST,31 WERRIBEE RIVER,12.72,2006-03-20T00:00:00Z,2013,Eynesbury Creek,Waterway section
2796,8038,DIGGERS CREEK,8000,WERRIBEE RIVER (LOWER),WERRIBEE RIVER,Werribee,DIV 2 - SOUTHEAST COAST,31 WERRIBEE RIVER,2.65,2008-10-29T00:00:00Z,2013,Diggers Creek,Waterway section
2797,8107,KORKUPERRIMUL CREEK,8100,WERRIBEE RIVER (UPPER),WERRIBEE RIVER,Werribee,DIV 2 - SOUTHEAST COAST,31 WERRIBEE RIVER,15.83,2006-03-20T00:00:00Z,2013,Korkuperrimul Creek,Waterway section
2798,2681,SCALP CREEK,2600,TARAGO RIVER,BUNYIP RIVER,Western Port,DIV 2 - SOUTHEAST COAST,28 BUNYIP RIVER,4.96,2003-09-18T00:00:00Z,2013,Scalp Creek,Waterway section
2799,2680,TARAGO RIVER (LOWER),2600,TARAGO RIVER,BUNYIP RIVER,Western Port,DIV 2 - SOUTHEAST COAST,28 BUNYIP RIVER,29.65,2003-09-19T00:00:00Z,2013,Tarago River (Lower),Waterway section
2800,8612,TRIB OF LERDERDERG RIVER,8500,LERDERDERG RIVER,WERRIBEE RIVER,Werribee,DIV 2 - SOUTHEAST COAST,31 WERRIBEE RIVER,1.08,2006-03-20T00:00:00Z,2013,Tributary Of Lerderderg River,Waterway section
2801,8613,GREEN GULLY,8500,LERDERDERG RIVER,WERRIBEE RIVER,Werribee,DIV 2 - SOUTHEAST COAST,31 WERRIBEE RIVER,1.49,2006-03-20T00:00:00Z,2013,Green Gully,Waterway section
2802,8614,WILD DOG CREEK,8500,LERDERDERG RIVER,WERRIBEE RIVER,Werribee,DIV 2 - SOUTHEAST COAST,31 WERRIBEE RIVER,2.91,2006-03-20T00:00:00Z,2013,Wild Dog Creek,Waterway section
2803,8615,FRENCHMAN CREEK,8500,LERDERDERG RIVER,WERRIBEE RIVER,Werribee,DIV 2 - SOUTHEAST COAST,31 WERRIBEE RIVER,1.39,2006-03-20T00:00:00Z,2013,Frenchman Creek,Waterway section
2804,8722,TRIB OF DALE CREEK,8700,PYKES CREEK,WERRIBEE RIVER,Werribee,DIV 2 - SOUTHEAST COAST,31 WERRIBEE RIVER,0.89,2006-03-20T00:00:00Z,2013,Tributary Of Dale Creek,Waterway section
2805,6990,TRIB OF TURITABLE CREEK,6950,RIDDELLS CREEK,MARIBYRNONG RIVER,Maribyrnong,DIV 2 - SOUTHEAST COAST,30 MARIBYRNONG RIVER,1.16,2006-03-20T00:00:00Z,2013,Tributary Of Turitable Creek,Waterway section
2806,7621,TRIB OF 7618,7600,LITTLE RIVER (UPPER),LITTLE RIVER,Werribee,DIV 2 - SOUTHEAST COAST,32 MOORABOOL RIVER,0.98,2006-02-20T00:00:00Z,2013,Tributary Of 7618,Waterway section
2807,7890,TRIB OF STONY CREEK,7850,STONY CREEK,LITTLE RIVER,Werribee,DIV 2 - SOUTHEAST COAST,32 MOORABOOL RIVER,2.14,2006-02-20T00:00:00Z,2013,Tributary Of Stony Creek,Waterway section
2808,8027,IRONBARK CREEK,8000,WERRIBEE RIVER (LOWER),WERRIBEE RIVER,Werribee,DIV 2 - SOUTHEAST COAST,31 WERRIBEE RIVER,1.47,2006-03-20T00:00:00Z,2013,Ironbark Creek,Waterway section
2809,8029,TRIB OF 8036,8000,WERRIBEE RIVER (LOWER),WERRIBEE RIVER,Werribee,DIV 2 - SOUTHEAST COAST,31 WERRIBEE RIVER,3.54,2006-03-20T00:00:00Z,2013,Tributary Of 8036,Waterway section
2810,8030,TRIB OF WERRIBEE RIVER (LOWER),8000,WERRIBEE RIVER (LOWER),WERRIBEE RIVER,Werribee,DIV 2 - SOUTHEAST COAST,31 WERRIBEE RIVER,3.39,2006-03-20T00:00:00Z,2013,Tributary Of Werribee River (Lower),Waterway section
2811,8031,TRIB OF WERRIBEE RIVER (LOWER),8000,WERRIBEE RIVER (LOWER),WERRIBEE RIVER,Werribee,DIV 2 - SOUTHEAST COAST,31 WERRIBEE RIVER,0.96,2006-03-20T00:00:00Z,2013,Tributary Of Werribee River (Lower),Waterway section
2812,8032,TRIB OF WERRIBEE RIVER (LOWER),8000,WERRIBEE RIVER (LOWER),WERRIBEE RIVER,Werribee,DIV 2 - SOUTHEAST COAST,31 WERRIBEE RIVER,1.72,2006-03-20T00:00:00Z,2013,Tributary Of Werribee River (Lower),Waterway section
2813,8033,TRIB OF WERRIBEE RIVER (LOWER),8000,WERRIBEE RIVER (LOWER),WERRIBEE RIVER,Werribee,DIV 2 - SOUTHEAST COAST,31 WERRIBEE RIVER,3.76,2006-03-20T00:00:00Z,2013,Tributary Of Werribee River (Lower),Waterway section
2814,8034,TRIB OF WERRIBEE RIVER (LOWER),8000,WERRIBEE RIVER (LOWER),WERRIBEE RIVER,Werribee,DIV 2 - SOUTHEAST COAST,31 WERRIBEE RIVER,1.35,2006-03-20T00:00:00Z,2013,Tributary Of Werribee River (Lower),Waterway section
2815,2682,TRIB OF LOWER TARAGO RIVER,2600,TARAGO RIVER,BUNYIP RIVER,Western Port,DIV 2 - SOUTHEAST COAST,28 BUNYIP RIVER,3.47,2003-09-18T00:00:00Z,2013,Tributary Of Lower Tarago River,Waterway section
2816,2670,IRONSIDE CREEK,2600,TARAGO RIVER,BUNYIP RIVER,Western Port,DIV 2 - SOUTHEAST COAST,28 BUNYIP RIVER,10.77,2003-09-18T00:00:00Z,2013,Ironside Creek,Waterway section
2817,2621,NINE MILE CREEK,2600,TARAGO RIVER,BUNYIP RIVER,Western Port,DIV 2 - SOUTHEAST COAST,28 BUNYIP RIVER,12.2,2003-09-18T00:00:00Z,2013,Nine Mile Creek,Waterway section
2818,2620,LABERTOUCHE CREEK,2600,TARAGO RIVER,BUNYIP RIVER,Western Port,DIV 2 - SOUTHEAST COAST,28 BUNYIP RIVER,17.27,2003-09-18T00:00:00Z,2013,Labertouche Creek,Waterway section
2819,2697,CRYSTAL CREEK,2600,TARAGO RIVER,BUNYIP RIVER,Western Port,DIV 2 - SOUTHEAST COAST,28 BUNYIP RIVER,7.77,2003-09-18T00:00:00Z,2013,Crystal Creek,Waterway section
2820,5314,WATSONS CREEK (5314),5470,WATSONS CREEK,YARRA RIVER,Yarra,DIV 2 - SOUTHEAST COAST,29 YARRA RIVER,0.93,2003-08-29T00:00:00Z,2013,Watsons Creek (5314),Waterway section
2821,5466,STEAVENSON CREEK,5470,WATSONS CREEK,YARRA RIVER,Yarra,DIV 2 - SOUTHEAST COAST,29 YARRA RIVER,4.17,2003-08-29T00:00:00Z,2013,Steavenson Creek,Waterway section
2822,5600,YARRA RIVER (5600),4400,YARRA RIVER MAIN STREAM,YARRA RIVER,Yarra,DIV 2 - SOUTHEAST COAST,29 YARRA RIVER,37.85,2003-11-19T00:00:00Z,2013,Yarra River (5600),Waterway section
2823,5635,TRIB OF YARRA CREEK,4400,YARRA RIVER MAIN STREAM,YARRA RIVER,Yarra,DIV 2 - SOUTHEAST COAST,29 YARRA RIVER,2.18,2003-10-07T00:00:00Z,2013,Tributary Of Yarra Creek,Waterway section
2824,7622,TRIB OF 7621,7600,LITTLE RIVER (UPPER),LITTLE RIVER,Werribee,DIV 2 - SOUTHEAST COAST,32 MOORABOOL RIVER,0.83,2006-02-20T00:00:00Z,2013,Tributary Of 7621,Waterway section
2825,7811,TRIB OF 7801,7800,7800 TRIB OF LT RIVER (UPPER),LITTLE RIVER,Werribee,DIV 2 - SOUTHEAST COAST,32 MOORABOOL RIVER,0.95,2006-02-20T00:00:00Z,2013,Tributary Of 7801,Waterway section
2826,7812,TRIB OF 7801,7800,7800 TRIB OF LT RIVER (UPPER),LITTLE RIVER,Werribee,DIV 2 - SOUTHEAST COAST,32 MOORABOOL RIVER,1.98,2006-02-20T00:00:00Z,2013,Tributary Of 7801,Waterway section
2827,7813,TRIB OF 7801,7800,7800 TRIB OF LT RIVER (UPPER),LITTLE RIVER,Werribee,DIV 2 - SOUTHEAST COAST,32 MOORABOOL RIVER,2.65,2006-02-20T00:00:00Z,2013,Tributary Of 7801,Waterway section
2828,7814,TRIB OF 7801,7800,7800 TRIB OF LT RIVER (UPPER),LITTLE RIVER,Werribee,DIV 2 - SOUTHEAST COAST,32 MOORABOOL RIVER,1.72,2006-02-20T00:00:00Z,2013,Tributary Of 7801,Waterway section
2829,7580,TRIB OF LITTLE RV (LOWER),7500,LITTLE RIVER (LOWER),LITTLE RIVER,Werribee,DIV 2 - SOUTHEAST COAST,32 MOORABOOL RIVER,0.75,2006-02-20T00:00:00Z,2013,Tributary Of Little Rv (Lower),Waterway section
2830,7585,TRIB OF LITTLE RV (UPPER),7500,LITTLE RIVER (LOWER),LITTLE RIVER,Werribee,DIV 2 - SOUTHEAST COAST,32 MOORABOOL RIVER,3.18,2006-02-20T00:00:00Z,2013,Tributary Of Little Rv (Upper),Waterway section
2831,7587,TRIB OF 7585,7500,LITTLE RIVER (LOWER),LITTLE RIVER,Werribee,DIV 2 - SOUTHEAST COAST,32 MOORABOOL RIVER,2.55,2006-02-20T00:00:00Z,2013,Tributary Of 7585,Waterway section
2832,7590,TRIB OF 7585,7500,LITTLE RIVER (LOWER),LITTLE RIVER,Werribee,DIV 2 - SOUTHEAST COAST,32 MOORABOOL RIVER,1.65,2006-02-20T00:00:00Z,2013,Tributary Of 7585,Waterway section
2833,2695,QUARTZ CREEK,2600,TARAGO RIVER,BUNYIP RIVER,Western Port,DIV 2 - SOUTHEAST COAST,28 BUNYIP RIVER,8.25,2003-09-18T00:00:00Z,2013,Quartz Creek,Waterway section
2834,2823,RYSON CREEK,2800,BUNYIP RIVER,BUNYIP RIVER,Western Port,DIV 2 - SOUTHEAST COAST,28 BUNYIP RIVER,15.94,2003-09-23T00:00:00Z,2013,Ryson Creek,Waterway section
2835,2824,LAWSON CREEK,2800,BUNYIP RIVER,BUNYIP RIVER,Western Port,DIV 2 - SOUTHEAST COAST,28 BUNYIP RIVER,5.08,2003-09-24T00:00:00Z,2013,Lawson Creek,Waterway section
2836,8822,TRIB OF SPRING CREEK,8800,PARWAN CREEK,WERRIBEE RIVER,Werribee,DIV 2 - SOUTHEAST COAST,31 WERRIBEE RIVER,1.57,2006-03-20T00:00:00Z,2013,Tributary Of Spring Creek,Waterway section
2837,5944,TRIB OF 5664,4400,YARRA RIVER MAIN STREAM,YARRA RIVER,Yarra,DIV 2 - SOUTHEAST COAST,29 YARRA RIVER,1.08,2003-10-07T00:00:00Z,2013,Tributary Of 5664,Waterway section
2838,7815,TRIB OF 7814,7800,7800 TRIB OF LT RIVER (UPPER),LITTLE RIVER,Werribee,DIV 2 - SOUTHEAST COAST,32 MOORABOOL RIVER,0.88,2006-02-20T00:00:00Z,2013,Tributary Of 7814,Waterway section
2839,7816,TRIB OF 7801,7800,7800 TRIB OF LT RIVER (UPPER),LITTLE RIVER,Werribee,DIV 2 - SOUTHEAST COAST,32 MOORABOOL RIVER,2.16,2006-02-20T00:00:00Z,2013,Tributary Of 7801,Waterway section
2840,7817,TRIB OF 7801,7800,7800 TRIB OF LT RIVER (UPPER),LITTLE RIVER,Werribee,DIV 2 - SOUTHEAST COAST,32 MOORABOOL RIVER,1.08,2006-02-20T00:00:00Z,2013,Tributary Of 7801,Waterway section
2841,7818,TRIB OF 7801,7800,7800 TRIB OF LT RIVER (UPPER),LITTLE RIVER,Werribee,DIV 2 - SOUTHEAST COAST,32 MOORABOOL RIVER,2.4,2006-02-20T00:00:00Z,2013,Tributary Of 7801,Waterway section
2842,8008,HOOKER RD DRAIN,8000,WERRIBEE RIVER (LOWER),WERRIBEE RIVER,Werribee,DIV 2 - SOUTHEAST COAST,31 WERRIBEE RIVER,0.93,2006-03-20T00:00:00Z,2013,Hooker Rd Drain,Waterway section
2843,8713,TRIB OF DALE CREEK,8700,PYKES CREEK,WERRIBEE RIVER,Werribee,DIV 2 - SOUTHEAST COAST,31 WERRIBEE RIVER,1.27,2006-03-20T00:00:00Z,2013,Tributary Of Dale Creek,Waterway section
2844,8714,TRIB OF DALE CREEK,8700,PYKES CREEK,WERRIBEE RIVER,Werribee,DIV 2 - SOUTHEAST COAST,31 WERRIBEE RIVER,0.99,2006-03-20T00:00:00Z,2013,Tributary Of Dale Creek,Waterway section
2845,2822,TEA TREE CREEK EAST,2800,BUNYIP RIVER,BUNYIP RIVER,Western Port,DIV 2 - SOUTHEAST COAST,28 BUNYIP RIVER,6.32,2003-09-23T00:00:00Z,2013,Tea Tree Creek East,Waterway section
2846,2821,SARDINE CREEK,2800,BUNYIP RIVER,BUNYIP RIVER,Western Port,DIV 2 - SOUTHEAST COAST,28 BUNYIP RIVER,8.26,2003-09-23T00:00:00Z,2013,Sardine Creek,Waterway section
2847,8723,TRIB OF DALE CREEK,8700,PYKES CREEK,WERRIBEE RIVER,Werribee,DIV 2 - SOUTHEAST COAST,31 WERRIBEE RIVER,0.94,2006-03-20T00:00:00Z,2013,Tributary Of Dale Creek,Waterway section
2848,8724,TRIB OF DALE CREEK,8700,PYKES CREEK,WERRIBEE RIVER,Werribee,DIV 2 - SOUTHEAST COAST,31 WERRIBEE RIVER,1.5,2006-03-20T00:00:00Z,2013,Tributary Of Dale Creek,Waterway section
2849,8823,TRIB OF SPRING CREEK,8800,PARWAN CREEK,WERRIBEE RIVER,Werribee,DIV 2 - SOUTHEAST COAST,31 WERRIBEE RIVER,6.42,2006-03-20T00:00:00Z,2013,Tributary Of Spring Creek,Waterway section
2850,8824,TRIB OF PARWAN CREEK,8800,PARWAN CREEK,WERRIBEE RIVER,Werribee,DIV 2 - SOUTHEAST COAST,31 WERRIBEE RIVER,1.94,2006-03-20T00:00:00Z,2013,Tributary Of Parwan Creek,Waterway section
2851,8825,TRIB OF PARWAN CREEK,8800,PARWAN CREEK,WERRIBEE RIVER,Werribee,DIV 2 - SOUTHEAST COAST,31 WERRIBEE RIVER,1.35,2006-03-20T00:00:00Z,2013,Tributary Of Parwan Creek,Waterway section
2852,8009,TRIB OF WERRIBEE RIVER (LOWER),8000,WERRIBEE RIVER (LOWER),WERRIBEE RIVER,Werribee,DIV 2 - SOUTHEAST COAST,31 WERRIBEE RIVER,1.54,2006-03-20T00:00:00Z,2013,Tributary Of Werribee River (Lower),Waterway section
2853,8010,DAVIS CREEK,8000,WERRIBEE RIVER (LOWER),WERRIBEE RIVER,Werribee,DIV 2 - SOUTHEAST COAST,31 WERRIBEE RIVER,9.7,2006-03-20T00:00:00Z,2013,Davis Creek,Waterway section
2854,8011,TRIB OF DAVIS CREEK,8000,WERRIBEE RIVER (LOWER),WERRIBEE RIVER,Werribee,DIV 2 - SOUTHEAST COAST,31 WERRIBEE RIVER,1.53,2006-03-20T00:00:00Z,2013,Tributary Of Davis Creek,Waterway section
2855,8012,TRIB OF DAVIS CREEK,8000,WERRIBEE RIVER (LOWER),WERRIBEE RIVER,Werribee,DIV 2 - SOUTHEAST COAST,31 WERRIBEE RIVER,11.93,2006-03-20T00:00:00Z,2013,Tributary Of Davis Creek,Waterway section
2856,8013,TRIB OF 8012,8000,WERRIBEE RIVER (LOWER),WERRIBEE RIVER,Werribee,DIV 2 - SOUTHEAST COAST,31 WERRIBEE RIVER,2.76,2006-03-20T00:00:00Z,2013,Tributary Of 8012,Waterway section
2857,6991,TRIB OF 6990,6950,RIDDELLS CREEK,MARIBYRNONG RIVER,Maribyrnong,DIV 2 - SOUTHEAST COAST,30 MARIBYRNONG RIVER,0.64,2006-03-20T00:00:00Z,2013,Tributary Of 6990,Waterway section
2858,6992,TRIB OF RIDDELLS CREEK,6950,RIDDELLS CREEK,MARIBYRNONG RIVER,Maribyrnong,DIV 2 - SOUTHEAST COAST,30 MARIBYRNONG RIVER,5.98,2006-03-20T00:00:00Z,2013,Tributary Of Riddells Creek,Waterway section
2859,8814,TRIB OF 8810,8800,PARWAN CREEK,WERRIBEE RIVER,Werribee,DIV 2 - SOUTHEAST COAST,31 WERRIBEE RIVER,1.8,2006-03-20T00:00:00Z,2013,Tributary Of 8810,Waterway section
2860,8815,TRIB OF 8810,8800,PARWAN CREEK,WERRIBEE RIVER,Werribee,DIV 2 - SOUTHEAST COAST,31 WERRIBEE RIVER,3.35,2006-03-20T00:00:00Z,2013,Tributary Of 8810,Waterway section
2861,8816,TRIB OF 8810,8800,PARWAN CREEK,WERRIBEE RIVER,Werribee,DIV 2 - SOUTHEAST COAST,31 WERRIBEE RIVER,0.78,2006-03-20T00:00:00Z,2013,Tributary Of 8810,Waterway section
2862,9894,"Natural depression, no outfall drain",8000,WERRIBEE RIVER (LOWER),WERRIBEE RIVER,Werribee,DIV 2 - SOUTHEAST COAST,31 WERRIBEE RIVER,6.08,2006-03-20T00:00:00Z,2013,"Natural Depression, No Outfall Drain",Waterway section
2863,9893,9893 Outfalls Direct to Bay,8000,WERRIBEE RIVER (LOWER),WERRIBEE RIVER,Werribee,DIV 2 - SOUTHEAST COAST,31 WERRIBEE RIVER,11.33,2006-03-20T00:00:00Z,2013,Outfalls Direct To Bay,Waterway section
2864,9896,WTP Drainage Catchment,7500,LITTLE RIVER (LOWER),LITTLE RIVER,Werribee,DIV 2 - SOUTHEAST COAST,32 MOORABOOL RIVER,92.04,2006-03-17T00:00:00Z,2013,Wtp Drainage Catchment,Waterway section
2865,2808,TIN CREEK,2800,BUNYIP RIVER,BUNYIP RIVER,Western Port,DIV 2 - SOUTHEAST COAST,28 BUNYIP RIVER,9.84,2003-09-19T00:00:00Z,2013,Tin Creek,Waterway section
2866,2691,SISTERS CREEK,2600,TARAGO RIVER,BUNYIP RIVER,Western Port,DIV 2 - SOUTHEAST COAST,28 BUNYIP RIVER,4.64,2003-09-18T00:00:00Z,2013,Sisters Creek,Waterway section
2867,8616,TRIB OF FRENCHMAN CREEK,8500,LERDERDERG RIVER,WERRIBEE RIVER,Werribee,DIV 2 - SOUTHEAST COAST,31 WERRIBEE RIVER,0.88,2006-03-20T00:00:00Z,2013,Tributary Of Frenchman Creek,Waterway section
2868,8617,PADDYS GULLY,8500,LERDERDERG RIVER,WERRIBEE RIVER,Werribee,DIV 2 - SOUTHEAST COAST,31 WERRIBEE RIVER,0.89,2006-03-20T00:00:00Z,2013,Paddys Gully,Waterway section
2869,6993,TRIB OF 6992,6950,RIDDELLS CREEK,MARIBYRNONG RIVER,Maribyrnong,DIV 2 - SOUTHEAST COAST,30 MARIBYRNONG RIVER,0.86,2006-03-20T00:00:00Z,2013,Tributary Of 6992,Waterway section
2870,6994,TRIB OF 6992,6950,RIDDELLS CREEK,MARIBYRNONG RIVER,Maribyrnong,DIV 2 - SOUTHEAST COAST,30 MARIBYRNONG RIVER,1.73,2006-03-20T00:00:00Z,2013,Tributary Of 6992,Waterway section
2871,7623,TRIB OF 7618,7600,LITTLE RIVER (UPPER),LITTLE RIVER,Werribee,DIV 2 - SOUTHEAST COAST,32 MOORABOOL RIVER,0.99,2006-02-20T00:00:00Z,2013,Tributary Of 7618,Waterway section
2872,3610,CHINAMANS CREEK,3600,CHINAMANS CREEK,MORN'N PENINSULA / PORT PHILLIP,Western Port,DIV 2 - SOUTHEAST COAST,28 BUNYIP RIVER,24.61,NA,2013,Chinamans Creek,Waterway section
2873,6820,BLIND CREEK,6800,JACKSONS CREEK,MARIBYRNONG RIVER,Maribyrnong,DIV 2 - SOUTHEAST COAST,30 MARIBYRNONG RIVER,5.62,2006-03-20T00:00:00Z,2013,Blind Creek,Waterway section
2874,6819,BROOK ST DRAIN,6800,JACKSONS CREEK,MARIBYRNONG RIVER,Maribyrnong,DIV 2 - SOUTHEAST COAST,30 MARIBYRNONG RIVER,2.23,2006-03-20T00:00:00Z,2013,Brook St Drain,Waterway section
2875,6823,ANDERSON RD DIVERSION DRAIN,6800,JACKSONS CREEK,MARIBYRNONG RIVER,Maribyrnong,DIV 2 - SOUTHEAST COAST,30 MARIBYRNONG RIVER,1.62,2006-03-20T00:00:00Z,2013,Anderson Rd Diversion Drain,Waterway section
2876,2692,SPION KOPJE CREEK,2600,TARAGO RIVER,BUNYIP RIVER,Western Port,DIV 2 - SOUTHEAST COAST,28 BUNYIP RIVER,8.2,2003-09-18T00:00:00Z,2013,Spion Kopje Creek,Waterway section
2877,2693,BLACK BUTT CREEK,2600,TARAGO RIVER,BUNYIP RIVER,Western Port,DIV 2 - SOUTHEAST COAST,28 BUNYIP RIVER,5.45,2003-09-18T00:00:00Z,2013,Black Butt Creek,Waterway section
2878,2694,BELLBIRD CREEK,2600,TARAGO RIVER,BUNYIP RIVER,Western Port,DIV 2 - SOUTHEAST COAST,28 BUNYIP RIVER,8.13,2003-09-18T00:00:00Z,2013,Bellbird Creek,Waterway section
2879,2696,TARAGO RIVER EAST BRANCH,2600,TARAGO RIVER,BUNYIP RIVER,Western Port,DIV 2 - SOUTHEAST COAST,28 BUNYIP RIVER,13.25,2003-09-18T00:00:00Z,2013,Tarago River East Branch,Waterway section
2880,2690,TARAGO RIVER (UPPER),2600,TARAGO RIVER,BUNYIP RIVER,Western Port,DIV 2 - SOUTHEAST COAST,28 BUNYIP RIVER,56.93,2003-09-18T00:00:00Z,2013,Tarago River (Upper),Waterway section
2881,5641,STEELS CREEK HENDERSON RD TRIB,5640,STEELS CREEK,YARRA RIVER,Yarra,DIV 2 - SOUTHEAST COAST,29 YARRA RIVER,4.1,2002-11-14T00:00:00Z,2013,Steels Creek Henderson Rd Tributary,Waterway section
2882,8610,BAKER BILLS GULLY,8500,LERDERDERG RIVER,WERRIBEE RIVER,Werribee,DIV 2 - SOUTHEAST COAST,31 WERRIBEE RIVER,1.19,2006-03-20T00:00:00Z,2013,Baker Bills Gully,Waterway section
2883,8611,TRAM CREEK,8500,LERDERDERG RIVER,WERRIBEE RIVER,Werribee,DIV 2 - SOUTHEAST COAST,31 WERRIBEE RIVER,2.24,2006-03-20T00:00:00Z,2013,Tram Creek,Waterway section
2884,7624,TRIB OF 7618,7600,LITTLE RIVER (UPPER),LITTLE RIVER,Werribee,DIV 2 - SOUTHEAST COAST,32 MOORABOOL RIVER,0.83,2006-02-20T00:00:00Z,2013,Tributary Of 7618,Waterway section
2885,7625,TRIB OF 7618,7600,LITTLE RIVER (UPPER),LITTLE RIVER,Werribee,DIV 2 - SOUTHEAST COAST,32 MOORABOOL RIVER,1.53,2006-02-20T00:00:00Z,2013,Tributary Of 7618,Waterway section
2886,7626,TRIB OF 7625,7600,LITTLE RIVER (UPPER),LITTLE RIVER,Werribee,DIV 2 - SOUTHEAST COAST,32 MOORABOOL RIVER,0.68,2006-02-20T00:00:00Z,2013,Tributary Of 7625,Waterway section
2887,77 ?,"Drain not yet numbered, upstream of WTP catchment",7700,LOLLYPOP CREEK,LITTLE RIVER,Werribee,DIV 2 - SOUTHEAST COAST,32 MOORABOOL RIVER,1.75,2006-03-17T00:00:00Z,2013,"Drain Not Yet Numbered, Upstream Of Wtp Catchment",Waterway section
2888,7701,LOLLYPOP CREEK,7700,LOLLYPOP CREEK,LITTLE RIVER,Werribee,DIV 2 - SOUTHEAST COAST,32 MOORABOOL RIVER,32.61,2006-02-20T00:00:00Z,2013,Lollypop Creek,Waterway section
2889,3361,TRIB OF BASS RIVER,3300,BASS RIVER MAIN STREAM,BASS RIVER,Western Port,DIV 2 - SOUTHEAST COAST,27 SOUTH GIPPSLAND,1.07,2006-02-03T00:00:00Z,2013,Tributary Of Bass River,Waterway section
2890,3982,TRIB OF LITTLE BASS RIVER,3980,LITTLE BASS RIVER,BASS RIVER,Western Port,DIV 2 - SOUTHEAST COAST,27 SOUTH GIPPSLAND,2,2006-02-03T00:00:00Z,2013,Tributary Of Little Bass River,Waterway section
2891,3981,LITTLE BASS RIVER,3980,LITTLE BASS RIVER,BASS RIVER,Western Port,DIV 2 - SOUTHEAST COAST,27 SOUTH GIPPSLAND,6.56,2006-02-03T00:00:00Z,2013,Little Bass River,Waterway section
2892,2410,LANG LANG RIVER (LOWER),2410,LOWER LANG LANG RIVER,LANG LANG RIVER,Western Port,DIV 2 - SOUTHEAST COAST,28 BUNYIP RIVER,31.22,2003-12-19T00:00:00Z,2013,Lang Lang River (Lower),Waterway section
2893,2900,YALLOCK CREEK,2900,YALLOCK CREEK,YALLOCK CREEK,Western Port,DIV 2 - SOUTHEAST COAST,28 BUNYIP RIVER,110.93,2002-11-14T00:00:00Z,2013,Yallock Creek,Waterway section
2894,8505,HALLETTS WAY DRAIN,8500,LERDERDERG RIVER,WERRIBEE RIVER,Werribee,DIV 2 - SOUTHEAST COAST,31 WERRIBEE RIVER,0.75,2008-10-30T00:00:00Z,2013,Halletts Way Drain,Waterway section
2895,8504,MASONS LANE DRAIN,8500,LERDERDERG RIVER,WERRIBEE RIVER,Werribee,DIV 2 - SOUTHEAST COAST,31 WERRIBEE RIVER,1.34,2006-03-20T00:00:00Z,2013,Masons Lane Drain,Waterway section
2896,8322,TRIB OF DJERRIWARRH CREEK,8300,DJERRIWARRH CREEK,WERRIBEE RIVER,Werribee,DIV 2 - SOUTHEAST COAST,31 WERRIBEE RIVER,0.74,2008-10-31T00:00:00Z,2013,Tributary Of Djerriwarrh Creek,Waterway section
2897,8826,TRIB OF PARWAN CREEK,8800,PARWAN CREEK,WERRIBEE RIVER,Werribee,DIV 2 - SOUTHEAST COAST,31 WERRIBEE RIVER,0.85,2006-03-20T00:00:00Z,2013,Tributary Of Parwan Creek,Waterway section
2898,8827,TRIB OF PARWAN CREEK,8800,PARWAN CREEK,WERRIBEE RIVER,Werribee,DIV 2 - SOUTHEAST COAST,31 WERRIBEE RIVER,3.61,2006-03-20T00:00:00Z,2013,Tributary Of Parwan Creek,Waterway section
2899,5639,YARRA GLEN M.D.,4400,YARRA RIVER MAIN STREAM,YARRA RIVER,Yarra,DIV 2 - SOUTHEAST COAST,29 YARRA RIVER,0.92,2003-10-07T00:00:00Z,2013,Yarra Glen Main Drain.,Melbourne Water main drain
2900,7819,TRIB OF 7801,7800,7800 TRIB OF LT RIVER (UPPER),LITTLE RIVER,Werribee,DIV 2 - SOUTHEAST COAST,32 MOORABOOL RIVER,1.29,2006-02-20T00:00:00Z,2013,Tributary Of 7801,Waterway section
2901,7820,TRIB OF 7801,7800,7800 TRIB OF LT RIVER (UPPER),LITTLE RIVER,Werribee,DIV 2 - SOUTHEAST COAST,32 MOORABOOL RIVER,0.83,2006-02-20T00:00:00Z,2013,Tributary Of 7801,Waterway section
2902,7851,STONY CREEK,7850,STONY CREEK,LITTLE RIVER,Werribee,DIV 2 - SOUTHEAST COAST,32 MOORABOOL RIVER,14.18,2006-02-20T00:00:00Z,2013,Stony Creek,Waterway section
2903,2953,HOLTS DRAIN,2930,MUSK CREEK,YALLOCK CREEK,Western Port,DIV 2 - SOUTHEAST COAST,28 BUNYIP RIVER,9.97,2003-10-17T00:00:00Z,2013,Holts Drain,Waterway section
2904,2905,HEIFER CREEK,2930,MUSK CREEK,YALLOCK CREEK,Western Port,DIV 2 - SOUTHEAST COAST,28 BUNYIP RIVER,10.8,2002-11-14T00:00:00Z,2013,Heifer Creek,Waterway section
2905,2930,MUSK CREEK,2930,MUSK CREEK,YALLOCK CREEK,Western Port,DIV 2 - SOUTHEAST COAST,28 BUNYIP RIVER,45.84,2003-10-17T00:00:00Z,2013,Musk Creek,Waterway section
2906,2423,TRIB OF LANG LANG RV (MIDDLE),2420,LANG LANG RIVER (MIDDLE),LANG LANG RIVER,Western Port,DIV 2 - SOUTHEAST COAST,28 BUNYIP RIVER,2.4,2003-12-19T00:00:00Z,2013,Tributary Of Lang Lang Rv (Middle),Waterway section
2907,2462,TRIB OF O'MAHONEYS CREEK,2460,O'MAHONEY'S CREEK,LANG LANG RIVER,Western Port,DIV 2 - SOUTHEAST COAST,28 BUNYIP RIVER,5.69,2003-10-17T00:00:00Z,2013,Tributary Of O'mahoneys Creek,Waterway section
2908,2463,TRIB OF O'MAHONEYS CREEK,2460,O'MAHONEY'S CREEK,LANG LANG RIVER,Western Port,DIV 2 - SOUTHEAST COAST,28 BUNYIP RIVER,5.37,2003-10-17T00:00:00Z,2013,Tributary Of O'mahoneys Creek,Waterway section
2909,2912,KING PARROT CREEK,2912,KING PARROT CREEK,YALLOCK CREEK,Western Port,DIV 2 - SOUTHEAST COAST,28 BUNYIP RIVER,41.36,2003-12-01T00:00:00Z,2013,King Parrot Creek,Waterway section
2910,8301,DJERRIWARRH CREEK,8300,DJERRIWARRH CREEK,WERRIBEE RIVER,Werribee,DIV 2 - SOUTHEAST COAST,31 WERRIBEE RIVER,21.93,2006-03-20T00:00:00Z,2013,Djerriwarrh Creek,Waterway section
2911,3301,BASS RIVER,3300,BASS RIVER MAIN STREAM,BASS RIVER,Western Port,DIV 2 - SOUTHEAST COAST,27 SOUTH GIPPSLAND,52.34,2006-02-03T00:00:00Z,2013,Bass River,Waterway section
2912,2422,TRIB OF LANG LANG RV (MIDDLE),2420,LANG LANG RIVER (MIDDLE),LANG LANG RIVER,Western Port,DIV 2 - SOUTHEAST COAST,28 BUNYIP RIVER,11.78,2002-11-20T00:00:00Z,2013,Tributary Of Lang Lang Rv (Middle),Waterway section
2913,2883,BUNYIP WEST D.S.,2800,BUNYIP RIVER,BUNYIP RIVER,Western Port,DIV 2 - SOUTHEAST COAST,28 BUNYIP RIVER,1.5,2008-11-26T00:00:00Z,2013,Bunyip West Downstream.,Waterway section
2914,8725,TRIB OF DALE CREEK,8700,PYKES CREEK,WERRIBEE RIVER,Werribee,DIV 2 - SOUTHEAST COAST,31 WERRIBEE RIVER,0.65,2006-03-20T00:00:00Z,2013,Tributary Of Dale Creek,Waterway section
2915,8726,TRIB OF DALE CREEK,8700,PYKES CREEK,WERRIBEE RIVER,Werribee,DIV 2 - SOUTHEAST COAST,31 WERRIBEE RIVER,2.81,2006-03-20T00:00:00Z,2013,Tributary Of Dale Creek,Waterway section
2916,8727,TRIB OF KORJAMNUNNIP CREEK,8700,PYKES CREEK,WERRIBEE RIVER,Werribee,DIV 2 - SOUTHEAST COAST,31 WERRIBEE RIVER,1.14,2006-03-20T00:00:00Z,2013,Tributary Of Korjamnunnip Creek,Waterway section
2917,8728,TRIB OF KORJAMNUNNIP CREEK,8700,PYKES CREEK,WERRIBEE RIVER,Werribee,DIV 2 - SOUTHEAST COAST,31 WERRIBEE RIVER,2.82,2006-03-20T00:00:00Z,2013,Tributary Of Korjamnunnip Creek,Waterway section
2918,8014,TRIB OF 8012,8000,WERRIBEE RIVER (LOWER),WERRIBEE RIVER,Werribee,DIV 2 - SOUTHEAST COAST,31 WERRIBEE RIVER,0.92,2006-03-20T00:00:00Z,2013,Tributary Of 8012,Waterway section
2919,8015,TRIB OF DAVIS CREEK,8000,WERRIBEE RIVER (LOWER),WERRIBEE RIVER,Werribee,DIV 2 - SOUTHEAST COAST,31 WERRIBEE RIVER,3.86,2006-03-20T00:00:00Z,2013,Tributary Of Davis Creek,Waterway section
2920,8016,TARNEIT RISE DRAIN,8000,WERRIBEE RIVER (LOWER),WERRIBEE RIVER,Werribee,DIV 2 - SOUTHEAST COAST,31 WERRIBEE RIVER,1.05,2006-03-20T00:00:00Z,2013,Tarneit Rise Drain,Waterway section
2921,2421,TRIB OF LANG LANG RV (MIDDLE),2420,LANG LANG RIVER (MIDDLE),LANG LANG RIVER,Western Port,DIV 2 - SOUTHEAST COAST,28 BUNYIP RIVER,7.17,NA,2013,Tributary Of Lang Lang Rv (Middle),Waterway section
2922,2412,TRIB OLD LANG LANG R W PORT RD,2410,LOWER LANG LANG RIVER,LANG LANG RIVER,Western Port,DIV 2 - SOUTHEAST COAST,28 BUNYIP RIVER,10.88,NA,2013,Tributary Old Lang Lang R W Port Rd,Waterway section
2923,2444,TRIB OF LITTLE LANG LANG RIVER,2440,LITTLE LANG LANG RIVER,LANG LANG RIVER,Western Port,DIV 2 - SOUTHEAST COAST,28 BUNYIP RIVER,3.24,2003-10-20T00:00:00Z,2013,Tributary Of Little Lang Lang River,Waterway section
2924,2442,TRIB OF LITTLE LANG LANG RIVER,2440,LITTLE LANG LANG RIVER,LANG LANG RIVER,Western Port,DIV 2 - SOUTHEAST COAST,28 BUNYIP RIVER,3.47,2003-10-20T00:00:00Z,2013,Tributary Of Little Lang Lang River,Waterway section
2925,2443,TRIB OF LITTLE LANG LANG RIVER,2440,LITTLE LANG LANG RIVER,LANG LANG RIVER,Western Port,DIV 2 - SOUTHEAST COAST,28 BUNYIP RIVER,4.23,2003-10-20T00:00:00Z,2013,Tributary Of Little Lang Lang River,Waterway section
2926,2441,TRIB OF LITTLE LANG LANG RIVER,2440,LITTLE LANG LANG RIVER,LANG LANG RIVER,Western Port,DIV 2 - SOUTHEAST COAST,28 BUNYIP RIVER,5.51,2003-10-20T00:00:00Z,2013,Tributary Of Little Lang Lang River,Waterway section
2927,2495,TRIB OF ELIZA CREEK,2490,PHEASANT CREEK,LANG LANG RIVER,Western Port,DIV 2 - SOUTHEAST COAST,28 BUNYIP RIVER,5.9,2003-10-17T00:00:00Z,2013,Tributary Of Eliza Creek,Waterway section
2928,2494,ELIZA CREEK,2490,PHEASANT CREEK,LANG LANG RIVER,Western Port,DIV 2 - SOUTHEAST COAST,28 BUNYIP RIVER,14.98,2003-10-17T00:00:00Z,2013,Eliza Creek,Waterway section
2929,2491,TRIB OF PHEASANT CREEK TRIB,2490,PHEASANT CREEK,LANG LANG RIVER,Western Port,DIV 2 - SOUTHEAST COAST,28 BUNYIP RIVER,6.24,2003-10-17T00:00:00Z,2013,Tributary Of Pheasant Creek Tributary,Waterway section
2930,2490,PHEASANT CREEK,2490,PHEASANT CREEK,LANG LANG RIVER,Western Port,DIV 2 - SOUTHEAST COAST,28 BUNYIP RIVER,25.06,2003-10-17T00:00:00Z,2013,Pheasant Creek,Waterway section
2931,2854,WATTLETREE RD DRAIN,2800,BUNYIP RIVER,BUNYIP RIVER,Western Port,DIV 2 - SOUTHEAST COAST,28 BUNYIP RIVER,2.4,2008-11-26T00:00:00Z,2013,Wattletree Rd Drain,Waterway section
2932,8605,BACK CREEK,8500,LERDERDERG RIVER,WERRIBEE RIVER,Werribee,DIV 2 - SOUTHEAST COAST,31 WERRIBEE RIVER,2.7,2006-03-20T00:00:00Z,2013,Back Creek,Waterway section
2933,8606,WHIPSTICK CREEK,8500,LERDERDERG RIVER,WERRIBEE RIVER,Werribee,DIV 2 - SOUTHEAST COAST,31 WERRIBEE RIVER,1.31,2006-03-20T00:00:00Z,2013,Whipstick Creek,Waterway section
2934,7795,TRIB OF BALLIANG CREEK,7750,BALLIANG CREEK,LITTLE RIVER,Werribee,DIV 2 - SOUTHEAST COAST,32 MOORABOOL RIVER,1.13,2006-02-20T00:00:00Z,2013,Tributary Of Balliang Creek,Waterway section
2935,8017,TRIB OF WERRIBEE RIVER (LOWER),8000,WERRIBEE RIVER (LOWER),WERRIBEE RIVER,Werribee,DIV 2 - SOUTHEAST COAST,31 WERRIBEE RIVER,3.73,2006-03-20T00:00:00Z,2013,Tributary Of Werribee River (Lower),Waterway section
2936,6995,TRIB OF RIDDELLS CREEK,6950,RIDDELLS CREEK,MARIBYRNONG RIVER,Maribyrnong,DIV 2 - SOUTHEAST COAST,30 MARIBYRNONG RIVER,0.74,2006-03-20T00:00:00Z,2013,Tributary Of Riddells Creek,Waterway section
2937,6996,TRIB OF RIDDELLS CREEK,6950,RIDDELLS CREEK,MARIBYRNONG RIVER,Maribyrnong,DIV 2 - SOUTHEAST COAST,30 MARIBYRNONG RIVER,0.86,2006-03-20T00:00:00Z,2013,Tributary Of Riddells Creek,Waterway section
2938,2493,TRIB OF PHEASANT CREEK,2490,PHEASANT CREEK,LANG LANG RIVER,Western Port,DIV 2 - SOUTHEAST COAST,28 BUNYIP RIVER,6.83,2003-10-17T00:00:00Z,2013,Tributary Of Pheasant Creek,Waterway section
2939,2431,TRIB OF LANG LANG RIVER,2430,LANG LANG RIVER (UPPER),LANG LANG RIVER,Western Port,DIV 2 - SOUTHEAST COAST,28 BUNYIP RIVER,6.5,2003-10-17T00:00:00Z,2013,Tributary Of Lang Lang River,Waterway section
2940,2430,LANG LANG RIVER (UPPER),2430,LANG LANG RIVER (UPPER),LANG LANG RIVER,Western Port,DIV 2 - SOUTHEAST COAST,28 BUNYIP RIVER,23.88,2003-10-17T00:00:00Z,2013,Lang Lang River (Upper),Waterway section
2941,2460,O'MAHONEY'S CREEK,2460,O'MAHONEY'S CREEK,LANG LANG RIVER,Western Port,DIV 2 - SOUTHEAST COAST,28 BUNYIP RIVER,20.18,2003-10-08T00:00:00Z,2013,O'mahoney's Creek,Waterway section
2942,2433,TRIB LANG LANG RV PRATTS HILLS,2430,LANG LANG RIVER (UPPER),LANG LANG RIVER,Western Port,DIV 2 - SOUTHEAST COAST,28 BUNYIP RIVER,8.38,2003-10-17T00:00:00Z,2013,Tributary Lang Lang Rv Pratts Hills,Waterway section
2943,2435,TRIB OF LANG LANG RIVER,2430,LANG LANG RIVER (UPPER),LANG LANG RIVER,Western Port,DIV 2 - SOUTHEAST COAST,28 BUNYIP RIVER,6.16,2003-10-17T00:00:00Z,2013,Tributary Of Lang Lang River,Waterway section
2944,2436,TRIB OF LANG LANG RIVER,2430,LANG LANG RIVER (UPPER),LANG LANG RIVER,Western Port,DIV 2 - SOUTHEAST COAST,28 BUNYIP RIVER,4.12,2003-10-17T00:00:00Z,2013,Tributary Of Lang Lang River,Waterway section
2945,2437,TRIB OF LANG LANG RIVER,2430,LANG LANG RIVER (UPPER),LANG LANG RIVER,Western Port,DIV 2 - SOUTHEAST COAST,28 BUNYIP RIVER,4.44,2003-10-17T00:00:00Z,2013,Tributary Of Lang Lang River,Waterway section
2946,2438,TRIB OF LANG LANG RIVER,2430,LANG LANG RIVER (UPPER),LANG LANG RIVER,Western Port,DIV 2 - SOUTHEAST COAST,28 BUNYIP RIVER,5.73,2003-10-17T00:00:00Z,2013,Tributary Of Lang Lang River,Waterway section
2947,2434,TRIB OF LANG LANG RIVER,2430,LANG LANG RIVER (UPPER),LANG LANG RIVER,Western Port,DIV 2 - SOUTHEAST COAST,28 BUNYIP RIVER,2.5,2003-10-17T00:00:00Z,2013,Tributary Of Lang Lang River,Waterway section
2948,2451,MT VIEW CREEK SOUTH BRANCH,2430,LANG LANG RIVER (UPPER),LANG LANG RIVER,Western Port,DIV 2 - SOUTHEAST COAST,28 BUNYIP RIVER,4.71,2003-10-17T00:00:00Z,2013,Mt View Creek South Branch,Waterway section
2949,2453,TRIB OF MT VIEW CREEK,2430,LANG LANG RIVER (UPPER),LANG LANG RIVER,Western Port,DIV 2 - SOUTHEAST COAST,28 BUNYIP RIVER,4.49,2003-10-17T00:00:00Z,2013,Tributary Of Mt View Creek,Waterway section
2950,2432,TRIB OF LANG LANG RIVER,2430,LANG LANG RIVER (UPPER),LANG LANG RIVER,Western Port,DIV 2 - SOUTHEAST COAST,28 BUNYIP RIVER,4.32,2003-10-17T00:00:00Z,2013,Tributary Of Lang Lang River,Waterway section
2951,2461,TRIB OF O'MAHONEYS CREEK,2460,O'MAHONEY'S CREEK,LANG LANG RIVER,Western Port,DIV 2 - SOUTHEAST COAST,28 BUNYIP RIVER,6.83,2003-10-08T00:00:00Z,2013,Tributary Of O'mahoneys Creek,Waterway section
2952,2473,TRIB OF MINNIEBURN CREEK,2460,O'MAHONEY'S CREEK,LANG LANG RIVER,Western Port,DIV 2 - SOUTHEAST COAST,28 BUNYIP RIVER,7.87,2003-10-08T00:00:00Z,2013,Tributary Of Minnieburn Creek,Waterway section
2953,8607,GERMAN GULLY,8500,LERDERDERG RIVER,WERRIBEE RIVER,Werribee,DIV 2 - SOUTHEAST COAST,31 WERRIBEE RIVER,1.03,2006-03-20T00:00:00Z,2013,German Gully,Waterway section
2954,8715,TRIB OF DALE CREEK,8700,PYKES CREEK,WERRIBEE RIVER,Werribee,DIV 2 - SOUTHEAST COAST,31 WERRIBEE RIVER,1.03,2006-03-20T00:00:00Z,2013,Tributary Of Dale Creek,Waterway section
2955,8002,SOUTHERN DRAIN,8000,WERRIBEE RIVER (LOWER),WERRIBEE RIVER,Werribee,DIV 2 - SOUTHEAST COAST,31 WERRIBEE RIVER,3.16,2006-03-20T00:00:00Z,2013,Southern Drain,Waterway section
2956,8003,RIVERSIDE AVE DRAIN,8000,WERRIBEE RIVER (LOWER),WERRIBEE RIVER,Werribee,DIV 2 - SOUTHEAST COAST,31 WERRIBEE RIVER,0.62,2006-03-20T00:00:00Z,2013,Riverside Ave Drain,Waterway section
2957,7702,BELFRAGES SWAMP DN (WTP SUBDN),7700,LOLLYPOP CREEK,LITTLE RIVER,Werribee,DIV 2 - SOUTHEAST COAST,32 MOORABOOL RIVER,1.08,2006-03-17T00:00:00Z,2013,Belfrages Swamp Dn (Wtp Subdn),Waterway section
2958,7703,TRIB OF LOLLYPOP CREEK,7700,LOLLYPOP CREEK,LITTLE RIVER,Werribee,DIV 2 - SOUTHEAST COAST,32 MOORABOOL RIVER,3.56,2006-02-20T00:00:00Z,2013,Tributary Of Lollypop Creek,Waterway section
2959,7704,TRIB OF 7703,7700,LOLLYPOP CREEK,LITTLE RIVER,Werribee,DIV 2 - SOUTHEAST COAST,32 MOORABOOL RIVER,1.22,2006-02-20T00:00:00Z,2013,Tributary Of 7703,Waterway section
2960,7705,CHERRY CREEK,7700,LOLLYPOP CREEK,LITTLE RIVER,Werribee,DIV 2 - SOUTHEAST COAST,32 MOORABOOL RIVER,7.81,2006-02-20T00:00:00Z,2013,Cherry Creek,Waterway section
2961,7707,TRIB OF CHERRY CREEK,7700,LOLLYPOP CREEK,LITTLE RIVER,Werribee,DIV 2 - SOUTHEAST COAST,32 MOORABOOL RIVER,19.79,2006-02-20T00:00:00Z,2013,Tributary Of Cherry Creek,Waterway section
2962,7709,TRIB OF 7707,7700,LOLLYPOP CREEK,LITTLE RIVER,Werribee,DIV 2 - SOUTHEAST COAST,32 MOORABOOL RIVER,1.57,2006-02-20T00:00:00Z,2013,Tributary Of 7707,Waterway section
2963,7710,TRIB OF 7707,7700,LOLLYPOP CREEK,LITTLE RIVER,Werribee,DIV 2 - SOUTHEAST COAST,32 MOORABOOL RIVER,1.18,2006-02-20T00:00:00Z,2013,Tributary Of 7707,Waterway section
2964,2475,TRIB OF MINNIEBURN CREEK,2460,O'MAHONEY'S CREEK,LANG LANG RIVER,Western Port,DIV 2 - SOUTHEAST COAST,28 BUNYIP RIVER,3.73,2003-10-08T00:00:00Z,2013,Tributary Of Minnieburn Creek,Waterway section
2965,2474,TRIB OF 2475,2460,O'MAHONEY'S CREEK,LANG LANG RIVER,Western Port,DIV 2 - SOUTHEAST COAST,28 BUNYIP RIVER,5.03,2003-10-08T00:00:00Z,2013,Tributary Of 2475,Waterway section
2966,2476,MINNIEBURN CREEK NORTH BRANCH,2460,O'MAHONEY'S CREEK,LANG LANG RIVER,Western Port,DIV 2 - SOUTHEAST COAST,28 BUNYIP RIVER,10.34,2003-10-08T00:00:00Z,2013,Minnieburn Creek North Branch,Waterway section
2967,2482,ADAMS CREEK SOUTH BRANCH,2480,ADAMS CREEK,LANG LANG RIVER,Western Port,DIV 2 - SOUTHEAST COAST,28 BUNYIP RIVER,4.66,2002-11-14T00:00:00Z,2013,Adams Creek South Branch,Waterway section
2968,2480,ADAMS CREEK,2480,ADAMS CREEK,LANG LANG RIVER,Western Port,DIV 2 - SOUTHEAST COAST,28 BUNYIP RIVER,28.01,2002-11-14T00:00:00Z,2013,Adams Creek,Waterway section
2969,2481,ADAMS CREEK NORTH BRANCH,2480,ADAMS CREEK,LANG LANG RIVER,Western Port,DIV 2 - SOUTHEAST COAST,28 BUNYIP RIVER,6.98,2002-11-14T00:00:00Z,2013,Adams Creek North Branch,Waterway section
2970,2445,LITTLE LANG LANG RV STH BR,2440,LITTLE LANG LANG RIVER,LANG LANG RIVER,Western Port,DIV 2 - SOUTHEAST COAST,28 BUNYIP RIVER,14.88,2003-10-20T00:00:00Z,2013,Little Lang Lang Rv Sth Br,Waterway section
2971,2447,TRIB LITTLE LANG LANG R STH BR,2440,LITTLE LANG LANG RIVER,LANG LANG RIVER,Western Port,DIV 2 - SOUTHEAST COAST,28 BUNYIP RIVER,3.63,2003-10-20T00:00:00Z,2013,Tributary Little Lang Lang R Sth Br,Waterway section
2972,8716,TRIB OF DALE CREEK,8700,PYKES CREEK,WERRIBEE RIVER,Werribee,DIV 2 - SOUTHEAST COAST,31 WERRIBEE RIVER,1.26,2006-03-20T00:00:00Z,2013,Tributary Of Dale Creek,Waterway section
2973,8717,BLUE GULLY,8700,PYKES CREEK,WERRIBEE RIVER,Werribee,DIV 2 - SOUTHEAST COAST,31 WERRIBEE RIVER,8.8,2006-03-20T00:00:00Z,2013,Blue Gully,Waterway section
2974,6984,TRIB OF 6983,6950,RIDDELLS CREEK,MARIBYRNONG RIVER,Maribyrnong,DIV 2 - SOUTHEAST COAST,30 MARIBYRNONG RIVER,1.23,2006-03-20T00:00:00Z,2013,Tributary Of 6983,Waterway section
2975,6985,TRIB OF 6983,6950,RIDDELLS CREEK,MARIBYRNONG RIVER,Maribyrnong,DIV 2 - SOUTHEAST COAST,30 MARIBYRNONG RIVER,2.84,2006-03-20T00:00:00Z,2013,Tributary Of 6983,Waterway section
2976,6986,TRIB OF 6981,6950,RIDDELLS CREEK,MARIBYRNONG RIVER,Maribyrnong,DIV 2 - SOUTHEAST COAST,30 MARIBYRNONG RIVER,1.44,2006-03-20T00:00:00Z,2013,Tributary Of 6981,Waterway section
2977,6987,TURITABLE CREEK,6950,RIDDELLS CREEK,MARIBYRNONG RIVER,Maribyrnong,DIV 2 - SOUTHEAST COAST,30 MARIBYRNONG RIVER,3.57,2006-03-20T00:00:00Z,2013,Turitable Creek,Waterway section
2978,6988,WILLIMIGONGON CREEK,6950,RIDDELLS CREEK,MARIBYRNONG RIVER,Maribyrnong,DIV 2 - SOUTHEAST COAST,30 MARIBYRNONG RIVER,5.65,2006-03-20T00:00:00Z,2013,Willimigongon Creek,Waterway section
2979,7855,TRIB OF STONY CREEK,7850,STONY CREEK,LITTLE RIVER,Werribee,DIV 2 - SOUTHEAST COAST,32 MOORABOOL RIVER,0.78,2006-02-20T00:00:00Z,2013,Tributary Of Stony Creek,Waterway section
2980,7860,CATTLE GULLY,7850,STONY CREEK,LITTLE RIVER,Werribee,DIV 2 - SOUTHEAST COAST,32 MOORABOOL RIVER,1.58,2006-02-20T00:00:00Z,2013,Cattle Gully,Waterway section
2981,7865,TRIB OF STONY CREEK,7850,STONY CREEK,LITTLE RIVER,Werribee,DIV 2 - SOUTHEAST COAST,32 MOORABOOL RIVER,1.72,2006-02-20T00:00:00Z,2013,Tributary Of Stony Creek,Waterway section
2982,2416,JETTY LANE DRAIN,2410,LOWER LANG LANG RIVER,LANG LANG RIVER,Western Port,DIV 2 - SOUTHEAST COAST,28 BUNYIP RIVER,1.91,NA,2013,Jetty Lane Drain,Waterway section
2983,2414,TRIB OF STANLAKES RD DRAIN,2410,LOWER LANG LANG RIVER,LANG LANG RIVER,Western Port,DIV 2 - SOUTHEAST COAST,28 BUNYIP RIVER,2.83,NA,2013,Tributary Of Stanlakes Rd Drain,Waterway section
2984,8817,TRIB OF 8810,8800,PARWAN CREEK,WERRIBEE RIVER,Werribee,DIV 2 - SOUTHEAST COAST,31 WERRIBEE RIVER,1.28,2006-03-20T00:00:00Z,2013,Tributary Of 8810,Waterway section
2985,8818,TRIB OF 8810,8800,PARWAN CREEK,WERRIBEE RIVER,Werribee,DIV 2 - SOUTHEAST COAST,31 WERRIBEE RIVER,2.88,2006-03-20T00:00:00Z,2013,Tributary Of 8810,Waterway section
2986,8819,SPRING CREEK,8800,PARWAN CREEK,WERRIBEE RIVER,Werribee,DIV 2 - SOUTHEAST COAST,31 WERRIBEE RIVER,14.09,2006-03-20T00:00:00Z,2013,Spring Creek,Waterway section
2987,7619,TRIB OF 7618,7600,LITTLE RIVER (UPPER),LITTLE RIVER,Werribee,DIV 2 - SOUTHEAST COAST,32 MOORABOOL RIVER,0.69,2006-02-20T00:00:00Z,2013,Tributary Of 7618,Waterway section
2988,7620,TRIB OF 7618,7600,LITTLE RIVER (UPPER),LITTLE RIVER,Werribee,DIV 2 - SOUTHEAST COAST,32 MOORABOOL RIVER,1.65,2006-02-20T00:00:00Z,2013,Tributary Of 7618,Waterway section
2989,7870,TRIB OF STONY CREEK,7850,STONY CREEK,LITTLE RIVER,Werribee,DIV 2 - SOUTHEAST COAST,32 MOORABOOL RIVER,0.85,2006-02-20T00:00:00Z,2013,Tributary Of Stony Creek,Waterway section
2990,8018,TRIB OF WERRIBEE RIVER (LOWER),8000,WERRIBEE RIVER (LOWER),WERRIBEE RIVER,Werribee,DIV 2 - SOUTHEAST COAST,31 WERRIBEE RIVER,3.05,2006-03-20T00:00:00Z,2013,Tributary Of Werribee River (Lower),Waterway section
2991,2415,TRIB OF 2414,2410,LOWER LANG LANG RIVER,LANG LANG RIVER,Western Port,DIV 2 - SOUTHEAST COAST,28 BUNYIP RIVER,2.04,NA,2013,Tributary Of 2414,Waterway section
2992,2413,STANLAKES RD DRAIN,2410,LOWER LANG LANG RIVER,LANG LANG RIVER,Western Port,DIV 2 - SOUTHEAST COAST,28 BUNYIP RIVER,2.31,NA,2013,Stanlakes Rd Drain,Waterway section
2993,1102,BRAESIDE WEST D.S.,1100,MORDIALLOC CREEK,MORDIALLOC CREEK,Dandenong,DIV 2 - SOUTHEAST COAST,28 BUNYIP RIVER,2.84,2002-10-17T00:00:00Z,2013,Braeside West Downstream.,Waterway section
2994,8820,TRIB OF SPRING CREEK,8800,PARWAN CREEK,WERRIBEE RIVER,Werribee,DIV 2 - SOUTHEAST COAST,31 WERRIBEE RIVER,1.02,2006-03-20T00:00:00Z,2013,Tributary Of Spring Creek,Waterway section
2995,3854,CREEK 3854,3830,MULTIPLE OUTFALLS DIRECT TO BAY,BASS RIVER,Western Port,DIV 2 - SOUTHEAST COAST,27 SOUTH GIPPSLAND,6.96,2006-02-03T00:00:00Z,2013,Creek 3854,Waterway section
2996,3851,CREEK 3851,3830,MULTIPLE OUTFALLS DIRECT TO BAY,BASS RIVER,Western Port,DIV 2 - SOUTHEAST COAST,27 SOUTH GIPPSLAND,12.52,2006-02-03T00:00:00Z,2013,Creek 3851,Waterway section
2997,3847,CREEK 3847,3830,MULTIPLE OUTFALLS DIRECT TO BAY,BASS RIVER,Western Port,DIV 2 - SOUTHEAST COAST,27 SOUTH GIPPSLAND,4.11,2006-02-03T00:00:00Z,2013,Creek 3847,Waterway section
2998,3926,TRIB OF TENNENT CREEK,3920,TENNENT CREEK,BASS RIVER,Western Port,DIV 2 - SOUTHEAST COAST,27 SOUTH GIPPSLAND,3.61,2006-02-03T00:00:00Z,2013,Tributary Of Tennent Creek,Waterway section
2999,3848,CREEK 3848,3830,MULTIPLE OUTFALLS DIRECT TO BAY,BASS RIVER,Western Port,DIV 2 - SOUTHEAST COAST,27 SOUTH GIPPSLAND,0.62,2006-09-11T00:00:00Z,2013,Creek 3848,Waterway section
3000,7596,TRIB OF WTP SUBDRAIN,7500,LITTLE RIVER (LOWER),LITTLE RIVER,Werribee,DIV 2 - SOUTHEAST COAST,32 MOORABOOL RIVER,6.06,2006-03-17T00:00:00Z,2013,Tributary Of Wtp Subdrain,Waterway section
3001,7601,LITTLE RIVER (UPPER),7600,LITTLE RIVER (UPPER),LITTLE RIVER,Werribee,DIV 2 - SOUTHEAST COAST,32 MOORABOOL RIVER,21.3,2006-02-20T00:00:00Z,2013,Little River (Upper),Waterway section
3002,8120,TRIB OF 8119,8100,WERRIBEE RIVER (UPPER),WERRIBEE RIVER,Werribee,DIV 2 - SOUTHEAST COAST,31 WERRIBEE RIVER,0.81,2006-03-20T00:00:00Z,2013,Tributary Of 8119,Waterway section
3003,8121,TRIB OF KORKUPERRIMUL CREEK,8100,WERRIBEE RIVER (UPPER),WERRIBEE RIVER,Werribee,DIV 2 - SOUTHEAST COAST,31 WERRIBEE RIVER,1.09,2006-03-20T00:00:00Z,2013,Tributary Of Korkuperrimul Creek,Waterway section
3004,7751,BALLIANG CREEK,7750,BALLIANG CREEK,LITTLE RIVER,Werribee,DIV 2 - SOUTHEAST COAST,32 MOORABOOL RIVER,54.33,2006-02-20T00:00:00Z,2013,Balliang Creek,Waterway section
3005,7915,TRIB OF SANDY CREEK,7900,SANDY CREEK,LITTLE RIVER,Werribee,DIV 2 - SOUTHEAST COAST,32 MOORABOOL RIVER,0.99,2006-02-20T00:00:00Z,2013,Tributary Of Sandy Creek,Waterway section
3006,8171,TRIB OF 8169,8100,WERRIBEE RIVER (UPPER),WERRIBEE RIVER,Werribee,DIV 2 - SOUTHEAST COAST,31 WERRIBEE RIVER,0.7,2006-03-20T00:00:00Z,2013,Tributary Of 8169,Waterway section
3007,8172,TRIB OF 8169,8100,WERRIBEE RIVER (UPPER),WERRIBEE RIVER,Werribee,DIV 2 - SOUTHEAST COAST,31 WERRIBEE RIVER,0.7,2006-03-20T00:00:00Z,2013,Tributary Of 8169,Waterway section
3008,7726,PEDDER ST DRAIN,7700,LOLLYPOP CREEK,LITTLE RIVER,Werribee,DIV 2 - SOUTHEAST COAST,32 MOORABOOL RIVER,1.72,2006-02-20T00:00:00Z,2013,Pedder St Drain,Waterway section
3009,7730,TRIB OF LOLLYPOP CREEK,7700,LOLLYPOP CREEK,LITTLE RIVER,Werribee,DIV 2 - SOUTHEAST COAST,32 MOORABOOL RIVER,11.85,2006-02-20T00:00:00Z,2013,Tributary Of Lollypop Creek,Waterway section
3010,8122,TRIB OF 8121,8100,WERRIBEE RIVER (UPPER),WERRIBEE RIVER,Werribee,DIV 2 - SOUTHEAST COAST,31 WERRIBEE RIVER,0.71,2006-03-20T00:00:00Z,2013,Tributary Of 8121,Waterway section
3011,8123,TRIB OF WERRIBEE RIVER (UPPER),8100,WERRIBEE RIVER (UPPER),WERRIBEE RIVER,Werribee,DIV 2 - SOUTHEAST COAST,31 WERRIBEE RIVER,0.77,2006-03-20T00:00:00Z,2013,Tributary Of Werribee River (Upper),Waterway section
3012,8124,TRIB OF WERRIBEE RIVER (UPPER),8100,WERRIBEE RIVER (UPPER),WERRIBEE RIVER,Werribee,DIV 2 - SOUTHEAST COAST,31 WERRIBEE RIVER,1.88,2006-03-20T00:00:00Z,2013,Tributary Of Werribee River (Upper),Waterway section
3013,8125,TRIB OF WERRIBEE RIVER (UPPER),8100,WERRIBEE RIVER (UPPER),WERRIBEE RIVER,Werribee,DIV 2 - SOUTHEAST COAST,31 WERRIBEE RIVER,1.84,2006-03-20T00:00:00Z,2013,Tributary Of Werribee River (Upper),Waterway section
3014,8126,MYRNIONG CREEK,8100,WERRIBEE RIVER (UPPER),WERRIBEE RIVER,Werribee,DIV 2 - SOUTHEAST COAST,31 WERRIBEE RIVER,13.37,2006-03-20T00:00:00Z,2013,Myrniong Creek,Waterway section
3015,7920,TRIB OF SANDY CREEK,7900,SANDY CREEK,LITTLE RIVER,Werribee,DIV 2 - SOUTHEAST COAST,32 MOORABOOL RIVER,4.16,2006-02-20T00:00:00Z,2013,Tributary Of Sandy Creek,Waterway section
3016,7925,TRIB OF SANDY CREEK,7900,SANDY CREEK,LITTLE RIVER,Werribee,DIV 2 - SOUTHEAST COAST,32 MOORABOOL RIVER,1.28,2006-02-20T00:00:00Z,2013,Tributary Of Sandy Creek,Waterway section
3017,6974,TRIB OF BARRINGO CREEK,6950,RIDDELLS CREEK,MARIBYRNONG RIVER,Maribyrnong,DIV 2 - SOUTHEAST COAST,30 MARIBYRNONG RIVER,0.8,2006-03-20T00:00:00Z,2013,Tributary Of Barringo Creek,Waterway section
3018,6975,TRIB OF BARRINGO CREEK,6950,RIDDELLS CREEK,MARIBYRNONG RIVER,Maribyrnong,DIV 2 - SOUTHEAST COAST,30 MARIBYRNONG RIVER,3.39,2006-03-20T00:00:00Z,2013,Tributary Of Barringo Creek,Waterway section
3019,8303,TRIB OF 8302,8300,DJERRIWARRH CREEK,WERRIBEE RIVER,Werribee,DIV 2 - SOUTHEAST COAST,31 WERRIBEE RIVER,0.69,2006-03-20T00:00:00Z,2013,Tributary Of 8302,Waterway section
3020,8304,TRIB OF 8302,8300,DJERRIWARRH CREEK,WERRIBEE RIVER,Werribee,DIV 2 - SOUTHEAST COAST,31 WERRIBEE RIVER,1.39,2006-03-20T00:00:00Z,2013,Tributary Of 8302,Waterway section
3021,7893,TRIB OF STONY CREEK,7850,STONY CREEK,LITTLE RIVER,Werribee,DIV 2 - SOUTHEAST COAST,32 MOORABOOL RIVER,0.96,2006-02-20T00:00:00Z,2013,Tributary Of Stony Creek,Waterway section
3022,7895,TRIB OF STONY CREEK,7850,STONY CREEK,LITTLE RIVER,Werribee,DIV 2 - SOUTHEAST COAST,32 MOORABOOL RIVER,10.96,2006-02-20T00:00:00Z,2013,Tributary Of Stony Creek,Waterway section
3023,7901,SANDY CREEK,7900,SANDY CREEK,LITTLE RIVER,Werribee,DIV 2 - SOUTHEAST COAST,32 MOORABOOL RIVER,33.11,2006-02-20T00:00:00Z,2013,Sandy Creek,Waterway section
3024,7905,TRIB OF SANDY CREEK,7900,SANDY CREEK,LITTLE RIVER,Werribee,DIV 2 - SOUTHEAST COAST,32 MOORABOOL RIVER,2.92,2006-02-20T00:00:00Z,2013,Tributary Of Sandy Creek,Waterway section
3025,8127,TRIB OF MYRNIONG CREEK,8100,WERRIBEE RIVER (UPPER),WERRIBEE RIVER,Werribee,DIV 2 - SOUTHEAST COAST,31 WERRIBEE RIVER,0.68,2006-03-20T00:00:00Z,2013,Tributary Of Myrniong Creek,Waterway section
3026,8128,TRIB OF MYRNIONG CREEK,8100,WERRIBEE RIVER (UPPER),WERRIBEE RIVER,Werribee,DIV 2 - SOUTHEAST COAST,31 WERRIBEE RIVER,2.71,2006-03-20T00:00:00Z,2013,Tributary Of Myrniong Creek,Waterway section
3027,8129,TRIB OF MYRNIONG CREEK,8100,WERRIBEE RIVER (UPPER),WERRIBEE RIVER,Werribee,DIV 2 - SOUTHEAST COAST,31 WERRIBEE RIVER,1.79,2006-03-20T00:00:00Z,2013,Tributary Of Myrniong Creek,Waterway section
3028,8130,TRIB OF MYRNIONG CREEK,8100,WERRIBEE RIVER (UPPER),WERRIBEE RIVER,Werribee,DIV 2 - SOUTHEAST COAST,31 WERRIBEE RIVER,2.66,2006-03-20T00:00:00Z,2013,Tributary Of Myrniong Creek,Waterway section
3029,6976,TRIB OF BARRINGO CREEK,6950,RIDDELLS CREEK,MARIBYRNONG RIVER,Maribyrnong,DIV 2 - SOUTHEAST COAST,30 MARIBYRNONG RIVER,0.76,2006-03-20T00:00:00Z,2013,Tributary Of Barringo Creek,Waterway section
3030,7611,TRIB OF REILLY CREEK,7600,LITTLE RIVER (UPPER),LITTLE RIVER,Werribee,DIV 2 - SOUTHEAST COAST,32 MOORABOOL RIVER,1.12,2006-02-20T00:00:00Z,2013,Tributary Of Reilly Creek,Waterway section
3031,8422,TRIB OF 8421,8400,PYRITES CREEK,WERRIBEE RIVER,Werribee,DIV 2 - SOUTHEAST COAST,31 WERRIBEE RIVER,1.21,2006-03-20T00:00:00Z,2013,Tributary Of 8421,Waterway section
3032,8423,TRIB OF PYRITES CREEK,8400,PYRITES CREEK,WERRIBEE RIVER,Werribee,DIV 2 - SOUTHEAST COAST,31 WERRIBEE RIVER,2.55,2006-03-20T00:00:00Z,2013,Tributary Of Pyrites Creek,Waterway section
3033,8035,REES RD DRAIN,8000,WERRIBEE RIVER (LOWER),WERRIBEE RIVER,Werribee,DIV 2 - SOUTHEAST COAST,31 WERRIBEE RIVER,1.83,2006-03-20T00:00:00Z,2013,Rees Rd Drain,Waterway section
3034,8040,TRIB OF WERRIBEE RIVER (LOWER),8000,WERRIBEE RIVER (LOWER),WERRIBEE RIVER,Werribee,DIV 2 - SOUTHEAST COAST,31 WERRIBEE RIVER,1.13,2006-03-20T00:00:00Z,2013,Tributary Of Werribee River (Lower),Waterway section
3035,8131,TRIB OF MYRNIONG CREEK,8100,WERRIBEE RIVER (UPPER),WERRIBEE RIVER,Werribee,DIV 2 - SOUTHEAST COAST,31 WERRIBEE RIVER,0.78,2006-03-20T00:00:00Z,2013,Tributary Of Myrniong Creek,Waterway section
3036,8132,TRIB OF MYRNIONG CREEK,8100,WERRIBEE RIVER (UPPER),WERRIBEE RIVER,Werribee,DIV 2 - SOUTHEAST COAST,31 WERRIBEE RIVER,1.59,2006-03-20T00:00:00Z,2013,Tributary Of Myrniong Creek,Waterway section
3037,8133,TRIB OF MYRNIONG CREEK,8100,WERRIBEE RIVER (UPPER),WERRIBEE RIVER,Werribee,DIV 2 - SOUTHEAST COAST,31 WERRIBEE RIVER,1.59,2006-03-20T00:00:00Z,2013,Tributary Of Myrniong Creek,Waterway section
3038,7612,TRIB OF REILLY CREEK,7600,LITTLE RIVER (UPPER),LITTLE RIVER,Werribee,DIV 2 - SOUTHEAST COAST,32 MOORABOOL RIVER,1.08,2006-02-20T00:00:00Z,2013,Tributary Of Reilly Creek,Waterway section
3039,7755,TRIB OF BALLIANG CREEK,7750,BALLIANG CREEK,LITTLE RIVER,Werribee,DIV 2 - SOUTHEAST COAST,32 MOORABOOL RIVER,4.55,2006-02-20T00:00:00Z,2013,Tributary Of Balliang Creek,Waterway section
3040,7758,TRIB OF BALLIANG CREEK,7750,BALLIANG CREEK,LITTLE RIVER,Werribee,DIV 2 - SOUTHEAST COAST,32 MOORABOOL RIVER,1.87,2006-02-20T00:00:00Z,2013,Tributary Of Balliang Creek,Waterway section
3041,7760,TRIB OF BALLIANG CREEK,7750,BALLIANG CREEK,LITTLE RIVER,Werribee,DIV 2 - SOUTHEAST COAST,32 MOORABOOL RIVER,20.52,2006-02-20T00:00:00Z,2013,Tributary Of Balliang Creek,Waterway section
3042,7763,TRIB OF BALLIANG CREEK,7750,BALLIANG CREEK,LITTLE RIVER,Werribee,DIV 2 - SOUTHEAST COAST,32 MOORABOOL RIVER,4.75,2006-02-20T00:00:00Z,2013,Tributary Of Balliang Creek,Waterway section
3043,7765,TRIB OF BALLIANG CREEK,7750,BALLIANG CREEK,LITTLE RIVER,Werribee,DIV 2 - SOUTHEAST COAST,32 MOORABOOL RIVER,7.07,2006-02-20T00:00:00Z,2013,Tributary Of Balliang Creek,Waterway section
3044,7767,TRIB OF 7765,7750,BALLIANG CREEK,LITTLE RIVER,Werribee,DIV 2 - SOUTHEAST COAST,32 MOORABOOL RIVER,1.45,2006-02-20T00:00:00Z,2013,Tributary Of 7765,Waterway section
3045,7770,DRY CREEK,7750,BALLIANG CREEK,LITTLE RIVER,Werribee,DIV 2 - SOUTHEAST COAST,32 MOORABOOL RIVER,3.66,2006-02-20T00:00:00Z,2013,Dry Creek,Waterway section
3046,8520,TRIB OF 8515,8500,LERDERDERG RIVER,WERRIBEE RIVER,Werribee,DIV 2 - SOUTHEAST COAST,31 WERRIBEE RIVER,0.96,2006-03-20T00:00:00Z,2013,Tributary Of 8515,Waterway section
3047,8521,TRIB OF GOODMAN CREEK,8500,LERDERDERG RIVER,WERRIBEE RIVER,Werribee,DIV 2 - SOUTHEAST COAST,31 WERRIBEE RIVER,1.33,2006-03-20T00:00:00Z,2013,Tributary Of Goodman Creek,Waterway section
3048,8045,ARNOLDS CREEK,8000,WERRIBEE RIVER (LOWER),WERRIBEE RIVER,Werribee,DIV 2 - SOUTHEAST COAST,31 WERRIBEE RIVER,3.22,2006-03-20T00:00:00Z,2013,Arnolds Creek,Waterway section
3049,8046,BOTANICA SPRINGS CREEK,8000,WERRIBEE RIVER (LOWER),WERRIBEE RIVER,Werribee,DIV 2 - SOUTHEAST COAST,31 WERRIBEE RIVER,2.88,2006-03-20T00:00:00Z,2013,Botanica Springs Creek,Waterway section
3050,8050,ARNOLDS CREEK EAST BRANCH,8000,WERRIBEE RIVER (LOWER),WERRIBEE RIVER,Werribee,DIV 2 - SOUTHEAST COAST,31 WERRIBEE RIVER,10.32,2006-03-20T00:00:00Z,2013,Arnolds Creek East Branch,Waterway section
3051,8051,TRIB OF ARNOLDS CREEK EAST BR,8000,WERRIBEE RIVER (LOWER),WERRIBEE RIVER,Werribee,DIV 2 - SOUTHEAST COAST,31 WERRIBEE RIVER,1.39,2006-03-20T00:00:00Z,2013,Tributary Of Arnolds Creek East Br,Waterway section
3052,8055,ARNOLDS CREEK WEST BRANCH,8000,WERRIBEE RIVER (LOWER),WERRIBEE RIVER,Werribee,DIV 2 - SOUTHEAST COAST,31 WERRIBEE RIVER,4.81,2006-03-20T00:00:00Z,2013,Arnolds Creek West Branch,Waterway section
3053,8134,TRIB OF MYRNIONG CREEK,8100,WERRIBEE RIVER (UPPER),WERRIBEE RIVER,Werribee,DIV 2 - SOUTHEAST COAST,31 WERRIBEE RIVER,1.77,2006-03-20T00:00:00Z,2013,Tributary Of Myrniong Creek,Waterway section
3054,8135,TRIB OF WERRIBEE RIVER (UPPER),8100,WERRIBEE RIVER (UPPER),WERRIBEE RIVER,Werribee,DIV 2 - SOUTHEAST COAST,31 WERRIBEE RIVER,1.42,2006-03-20T00:00:00Z,2013,Tributary Of Werribee River (Upper),Waterway section
3055,8136,TRIB OF WERRIBEE RIVER (UPPER),8100,WERRIBEE RIVER (UPPER),WERRIBEE RIVER,Werribee,DIV 2 - SOUTHEAST COAST,31 WERRIBEE RIVER,2.41,2006-03-20T00:00:00Z,2013,Tributary Of Werribee River (Upper),Waterway section
3056,7775,TRIB OF DRY CREEK,7750,BALLIANG CREEK,LITTLE RIVER,Werribee,DIV 2 - SOUTHEAST COAST,32 MOORABOOL RIVER,1.67,2006-02-20T00:00:00Z,2013,Tributary Of Dry Creek,Waterway section
3057,7780,TRIB OF BALLIANG CREEK,7750,BALLIANG CREEK,LITTLE RIVER,Werribee,DIV 2 - SOUTHEAST COAST,32 MOORABOOL RIVER,5.5,2006-02-20T00:00:00Z,2013,Tributary Of Balliang Creek,Waterway section
3058,7785,TRIB OF 7780,7750,BALLIANG CREEK,LITTLE RIVER,Werribee,DIV 2 - SOUTHEAST COAST,32 MOORABOOL RIVER,2.07,2006-02-20T00:00:00Z,2013,Tributary Of 7780,Waterway section
3059,7787,TRIB OF BALLIANG CREEK,7750,BALLIANG CREEK,LITTLE RIVER,Werribee,DIV 2 - SOUTHEAST COAST,32 MOORABOOL RIVER,1.05,2006-02-20T00:00:00Z,2013,Tributary Of Balliang Creek,Waterway section
3060,7930,TRIB OF SANDY CREEK,7900,SANDY CREEK,LITTLE RIVER,Werribee,DIV 2 - SOUTHEAST COAST,32 MOORABOOL RIVER,0.73,2006-02-20T00:00:00Z,2013,Tributary Of Sandy Creek,Waterway section
3061,8522,NUGGETY GULLY,8500,LERDERDERG RIVER,WERRIBEE RIVER,Werribee,DIV 2 - SOUTHEAST COAST,31 WERRIBEE RIVER,3.51,2006-03-20T00:00:00Z,2013,Nuggety Gully,Waterway section
3062,8173,TRIB OF 8169,8100,WERRIBEE RIVER (UPPER),WERRIBEE RIVER,Werribee,DIV 2 - SOUTHEAST COAST,31 WERRIBEE RIVER,0.68,2006-03-20T00:00:00Z,2013,Tributary Of 8169,Waterway section
3063,8174,TRIB OF 8169,8100,WERRIBEE RIVER (UPPER),WERRIBEE RIVER,Werribee,DIV 2 - SOUTHEAST COAST,31 WERRIBEE RIVER,0.94,2006-03-20T00:00:00Z,2013,Tributary Of 8169,Waterway section
3064,8056,CAMBRIAN WAY DRAIN,8000,WERRIBEE RIVER (LOWER),WERRIBEE RIVER,Werribee,DIV 2 - SOUTHEAST COAST,31 WERRIBEE RIVER,0.66,2006-03-20T00:00:00Z,2013,Cambrian Way Drain,Waterway section
3065,8057,CENTENARY AVE DRAIN,8000,WERRIBEE RIVER (LOWER),WERRIBEE RIVER,Werribee,DIV 2 - SOUTHEAST COAST,31 WERRIBEE RIVER,0.84,2006-03-20T00:00:00Z,2013,Centenary Ave Drain,Waterway section
3066,8137,TRIB OF 8136,8100,WERRIBEE RIVER (UPPER),WERRIBEE RIVER,Werribee,DIV 2 - SOUTHEAST COAST,31 WERRIBEE RIVER,0.71,2006-03-20T00:00:00Z,2013,Tributary Of 8136,Waterway section
3067,8138,TRIB OF WERRIBEE RIVER (UPPER),8100,WERRIBEE RIVER (UPPER),WERRIBEE RIVER,Werribee,DIV 2 - SOUTHEAST COAST,31 WERRIBEE RIVER,0.88,2006-03-20T00:00:00Z,2013,Tributary Of Werribee River (Upper),Waterway section
3068,7945,TRIB OF SANDY CREEK,7900,SANDY CREEK,LITTLE RIVER,Werribee,DIV 2 - SOUTHEAST COAST,32 MOORABOOL RIVER,1.16,2006-02-20T00:00:00Z,2013,Tributary Of Sandy Creek,Waterway section
3069,7946,TRIB OF SANDY CREEK,7900,SANDY CREEK,LITTLE RIVER,Werribee,DIV 2 - SOUTHEAST COAST,32 MOORABOOL RIVER,3.66,2006-02-20T00:00:00Z,2013,Tributary Of Sandy Creek,Waterway section
3070,6980,TRIB OF 6979,6950,RIDDELLS CREEK,MARIBYRNONG RIVER,Maribyrnong,DIV 2 - SOUTHEAST COAST,30 MARIBYRNONG RIVER,1.3,2006-03-20T00:00:00Z,2013,Tributary Of 6979,Waterway section
3071,6981,TRIB OF RIDDELLS CREEK,6950,RIDDELLS CREEK,MARIBYRNONG RIVER,Maribyrnong,DIV 2 - SOUTHEAST COAST,30 MARIBYRNONG RIVER,3.56,2006-03-20T00:00:00Z,2013,Tributary Of Riddells Creek,Waterway section
3072,8175,SPARGOS CREEK,8100,WERRIBEE RIVER (UPPER),WERRIBEE RIVER,Werribee,DIV 2 - SOUTHEAST COAST,31 WERRIBEE RIVER,4.7,2006-03-20T00:00:00Z,2013,Spargos Creek,Waterway section
3073,8305,TRIB OF 8302,8300,DJERRIWARRH CREEK,WERRIBEE RIVER,Werribee,DIV 2 - SOUTHEAST COAST,31 WERRIBEE RIVER,1.49,2006-03-20T00:00:00Z,2013,Tributary Of 8302,Waterway section
3074,8058,TRIB OF ARNOLDS CREEK WEST BR,8000,WERRIBEE RIVER (LOWER),WERRIBEE RIVER,Werribee,DIV 2 - SOUTHEAST COAST,31 WERRIBEE RIVER,1.13,2006-03-20T00:00:00Z,2013,Tributary Of Arnolds Creek West Br,Waterway section
3075,8139,TRIB OF WERRIBEE RIVER (UPPER),8100,WERRIBEE RIVER (UPPER),WERRIBEE RIVER,Werribee,DIV 2 - SOUTHEAST COAST,31 WERRIBEE RIVER,1.36,2006-03-20T00:00:00Z,2013,Tributary Of Werribee River (Upper),Waterway section
3076,8140,TRIB OF WERRIBEE RIVER (UPPER),8100,WERRIBEE RIVER (UPPER),WERRIBEE RIVER,Werribee,DIV 2 - SOUTHEAST COAST,31 WERRIBEE RIVER,3.46,2006-03-20T00:00:00Z,2013,Tributary Of Werribee River (Upper),Waterway section
3077,8141,TRIB OF 8140,8100,WERRIBEE RIVER (UPPER),WERRIBEE RIVER,Werribee,DIV 2 - SOUTHEAST COAST,31 WERRIBEE RIVER,0.67,2006-03-20T00:00:00Z,2013,Tributary Of 8140,Waterway section
3078,8142,TRIB OF WERRIBEE RIVER (UPPER),8100,WERRIBEE RIVER (UPPER),WERRIBEE RIVER,Werribee,DIV 2 - SOUTHEAST COAST,31 WERRIBEE RIVER,4.38,2006-03-20T00:00:00Z,2013,Tributary Of Werribee River (Upper),Waterway section
3079,8143,TRIB OF WERRIBEE RIVER (UPPER),8100,WERRIBEE RIVER (UPPER),WERRIBEE RIVER,Werribee,DIV 2 - SOUTHEAST COAST,31 WERRIBEE RIVER,2.93,2006-03-20T00:00:00Z,2013,Tributary Of Werribee River (Upper),Waterway section
3080,7935,TRIB OF SANDY CREEK,7900,SANDY CREEK,LITTLE RIVER,Werribee,DIV 2 - SOUTHEAST COAST,32 MOORABOOL RIVER,0.77,2006-02-20T00:00:00Z,2013,Tributary Of Sandy Creek,Waterway section
3081,6977,TRIB OF 6971,6950,RIDDELLS CREEK,MARIBYRNONG RIVER,Maribyrnong,DIV 2 - SOUTHEAST COAST,30 MARIBYRNONG RIVER,0.47,2006-03-20T00:00:00Z,2013,Tributary Of 6971,Waterway section
3082,8306,TRIB OF 8302,8300,DJERRIWARRH CREEK,WERRIBEE RIVER,Werribee,DIV 2 - SOUTHEAST COAST,31 WERRIBEE RIVER,0.91,2006-03-20T00:00:00Z,2013,Tributary Of 8302,Waterway section
3083,8424,TRIB OF PYRITES CREEK,8400,PYRITES CREEK,WERRIBEE RIVER,Werribee,DIV 2 - SOUTHEAST COAST,31 WERRIBEE RIVER,0.82,2006-03-20T00:00:00Z,2013,Tributary Of Pyrites Creek,Waterway section
3084,8059,TRIB OF ARNOLDS CREEK WEST BR,8000,WERRIBEE RIVER (LOWER),WERRIBEE RIVER,Werribee,DIV 2 - SOUTHEAST COAST,31 WERRIBEE RIVER,1.26,2006-03-20T00:00:00Z,2013,Tributary Of Arnolds Creek West Br,Waterway section
3085,8060,TRIB OF WERRIBEE RIVER (LOWER),8000,WERRIBEE RIVER (LOWER),WERRIBEE RIVER,Werribee,DIV 2 - SOUTHEAST COAST,31 WERRIBEE RIVER,6.31,2006-03-20T00:00:00Z,2013,Tributary Of Werribee River (Lower),Waterway section
3086,8062,TRIB OF WERRIBEE RIVER (LOWER),8000,WERRIBEE RIVER (LOWER),WERRIBEE RIVER,Werribee,DIV 2 - SOUTHEAST COAST,31 WERRIBEE RIVER,1.69,2006-03-20T00:00:00Z,2013,Tributary Of Werribee River (Lower),Waterway section
3087,8144,GOSLING ST DRAIN,8100,WERRIBEE RIVER (UPPER),WERRIBEE RIVER,Werribee,DIV 2 - SOUTHEAST COAST,31 WERRIBEE RIVER,1.67,2006-03-20T00:00:00Z,2013,Gosling St Drain,Waterway section
3088,8145,TRIB OF GOSLING ST DRAIN,8100,WERRIBEE RIVER (UPPER),WERRIBEE RIVER,Werribee,DIV 2 - SOUTHEAST COAST,31 WERRIBEE RIVER,1.22,2006-03-20T00:00:00Z,2013,Tributary Of Gosling St Drain,Waterway section
3089,8146,TRIB OF WERRIBEE RIVER (UPPER),8100,WERRIBEE RIVER (UPPER),WERRIBEE RIVER,Werribee,DIV 2 - SOUTHEAST COAST,31 WERRIBEE RIVER,2.18,2006-03-20T00:00:00Z,2013,Tributary Of Werribee River (Upper),Waterway section
3090,8147,TRIB OF 8146,8100,WERRIBEE RIVER (UPPER),WERRIBEE RIVER,Werribee,DIV 2 - SOUTHEAST COAST,31 WERRIBEE RIVER,0.71,2006-03-20T00:00:00Z,2013,Tributary Of 8146,Waterway section
3091,8148,TRIB OF 8146,8100,WERRIBEE RIVER (UPPER),WERRIBEE RIVER,Werribee,DIV 2 - SOUTHEAST COAST,31 WERRIBEE RIVER,1.62,2006-03-20T00:00:00Z,2013,Tributary Of 8146,Waterway section
3092,8149,TRIB OF WERRIBEE RIVER (UPPER),8100,WERRIBEE RIVER (UPPER),WERRIBEE RIVER,Werribee,DIV 2 - SOUTHEAST COAST,31 WERRIBEE RIVER,1.8,2006-03-20T00:00:00Z,2013,Tributary Of Werribee River (Upper),Waterway section
3093,7614,TRIB OF SWALLOWTAIL CREEK,7600,LITTLE RIVER (UPPER),LITTLE RIVER,Werribee,DIV 2 - SOUTHEAST COAST,32 MOORABOOL RIVER,1.34,2006-02-20T00:00:00Z,2013,Tributary Of Swallowtail Creek,Waterway section
3094,8426,TRIB OF PYRITES CREEK,8400,PYRITES CREEK,WERRIBEE RIVER,Werribee,DIV 2 - SOUTHEAST COAST,31 WERRIBEE RIVER,2.78,2006-03-20T00:00:00Z,2013,Tributary Of Pyrites Creek,Waterway section
3095,8427,TRIB OF PYRITES CREEK,8400,PYRITES CREEK,WERRIBEE RIVER,Werribee,DIV 2 - SOUTHEAST COAST,31 WERRIBEE RIVER,6.6,2006-03-20T00:00:00Z,2013,Tributary Of Pyrites Creek,Waterway section
3096,8523,TRIB OF NUGGETY GULLY,8500,LERDERDERG RIVER,WERRIBEE RIVER,Werribee,DIV 2 - SOUTHEAST COAST,31 WERRIBEE RIVER,0.64,2006-03-20T00:00:00Z,2013,Tributary Of Nuggety Gully,Waterway section
3097,8524,TRIB OF NUGGETY GULLY,8500,LERDERDERG RIVER,WERRIBEE RIVER,Werribee,DIV 2 - SOUTHEAST COAST,31 WERRIBEE RIVER,1.11,2006-03-20T00:00:00Z,2013,Tributary Of Nuggety Gully,Waterway section
3098,8065,TRIB OF WERRIBEE RIVER (LOWER),8000,WERRIBEE RIVER (LOWER),WERRIBEE RIVER,Werribee,DIV 2 - SOUTHEAST COAST,31 WERRIBEE RIVER,1.19,2006-03-20T00:00:00Z,2013,Tributary Of Werribee River (Lower),Waterway section
3099,8070,D1 DRAIN,8000,WERRIBEE RIVER (LOWER),WERRIBEE RIVER,Werribee,DIV 2 - SOUTHEAST COAST,31 WERRIBEE RIVER,12.92,2006-03-20T00:00:00Z,2013,D1 Drain,Waterway section
3100,8071,D1 DRAIN (UPPER),8000,WERRIBEE RIVER (LOWER),WERRIBEE RIVER,Werribee,DIV 2 - SOUTHEAST COAST,31 WERRIBEE RIVER,2.38,2006-03-20T00:00:00Z,2013,D1 Drain (Upper),Waterway section
3101,8150,TRIB OF WERRIBEE RIVER (UPPER),8100,WERRIBEE RIVER (UPPER),WERRIBEE RIVER,Werribee,DIV 2 - SOUTHEAST COAST,31 WERRIBEE RIVER,1.59,2006-03-20T00:00:00Z,2013,Tributary Of Werribee River (Upper),Waterway section
3102,8151,TRIB OF WERRIBEE RIVER (UPPER),8100,WERRIBEE RIVER (UPPER),WERRIBEE RIVER,Werribee,DIV 2 - SOUTHEAST COAST,31 WERRIBEE RIVER,1.05,2006-03-20T00:00:00Z,2013,Tributary Of Werribee River (Upper),Waterway section
3103,6982,TRIB OF 6981,6950,RIDDELLS CREEK,MARIBYRNONG RIVER,Maribyrnong,DIV 2 - SOUTHEAST COAST,30 MARIBYRNONG RIVER,1.07,2006-03-20T00:00:00Z,2013,Tributary Of 6981,Waterway section
3104,6983,TRIB OF 6981,6950,RIDDELLS CREEK,MARIBYRNONG RIVER,Maribyrnong,DIV 2 - SOUTHEAST COAST,30 MARIBYRNONG RIVER,1.57,2006-03-20T00:00:00Z,2013,Tributary Of 6981,Waterway section
3105,7615,TRIB OF SWALLOWTAIL CREEK,7600,LITTLE RIVER (UPPER),LITTLE RIVER,Werribee,DIV 2 - SOUTHEAST COAST,32 MOORABOOL RIVER,1.3,2006-02-20T00:00:00Z,2013,Tributary Of Swallowtail Creek,Waterway section
3106,7616,TRIB OF REILLY CREEK,7600,LITTLE RIVER (UPPER),LITTLE RIVER,Werribee,DIV 2 - SOUTHEAST COAST,32 MOORABOOL RIVER,0.79,2006-02-20T00:00:00Z,2013,Tributary Of Reilly Creek,Waterway section
3107,8525,KNOCK EM DOWN GULLY,8500,LERDERDERG RIVER,WERRIBEE RIVER,Werribee,DIV 2 - SOUTHEAST COAST,31 WERRIBEE RIVER,3.71,2006-03-20T00:00:00Z,2013,Knock Em Down Gully,Waterway section
3108,8176,TRIB OF SPARGOS CREEK,8100,WERRIBEE RIVER (UPPER),WERRIBEE RIVER,Werribee,DIV 2 - SOUTHEAST COAST,31 WERRIBEE RIVER,0.62,2006-03-20T00:00:00Z,2013,Tributary Of Spargos Creek,Waterway section
3109,8177,TRIB OF SPARGOS CREEK,8100,WERRIBEE RIVER (UPPER),WERRIBEE RIVER,Werribee,DIV 2 - SOUTHEAST COAST,31 WERRIBEE RIVER,2.04,2006-03-20T00:00:00Z,2013,Tributary Of Spargos Creek,Waterway section
3110,8178,TRIB OF 8177,8100,WERRIBEE RIVER (UPPER),WERRIBEE RIVER,Werribee,DIV 2 - SOUTHEAST COAST,31 WERRIBEE RIVER,0.97,2006-03-20T00:00:00Z,2013,Tributary Of 8177,Waterway section
3111,8075,POINT COOK CREEK,8000,WERRIBEE RIVER (LOWER),WERRIBEE RIVER,Werribee,DIV 2 - SOUTHEAST COAST,31 WERRIBEE RIVER,10.39,2006-03-20T00:00:00Z,2013,Point Cook Creek,Waterway section
3112,8080,SNEYDES RD DRAIN,8000,WERRIBEE RIVER (LOWER),WERRIBEE RIVER,Werribee,DIV 2 - SOUTHEAST COAST,31 WERRIBEE RIVER,1.1,2006-03-20T00:00:00Z,2013,Sneydes Rd Drain,Waterway section
3113,8152,TRIB OF WERRIBEE RIVER (UPPER),8100,WERRIBEE RIVER (UPPER),WERRIBEE RIVER,Werribee,DIV 2 - SOUTHEAST COAST,31 WERRIBEE RIVER,0.74,2006-03-20T00:00:00Z,2013,Tributary Of Werribee River (Upper),Waterway section
3114,8153,TRIB OF WERRIBEE RIVER (UPPER),8100,WERRIBEE RIVER (UPPER),WERRIBEE RIVER,Werribee,DIV 2 - SOUTHEAST COAST,31 WERRIBEE RIVER,3.33,2006-03-20T00:00:00Z,2013,Tributary Of Werribee River (Upper),Waterway section
3115,6968,TRIB OF 6966,6950,RIDDELLS CREEK,MARIBYRNONG RIVER,Maribyrnong,DIV 2 - SOUTHEAST COAST,30 MARIBYRNONG RIVER,0.85,2006-03-20T00:00:00Z,2013,Tributary Of 6966,Waterway section
3116,6978,TRIB OF 6971,6950,RIDDELLS CREEK,MARIBYRNONG RIVER,Maribyrnong,DIV 2 - SOUTHEAST COAST,30 MARIBYRNONG RIVER,0.91,2006-03-20T00:00:00Z,2013,Tributary Of 6971,Waterway section
3117,6979,TRIB OF 6971,6950,RIDDELLS CREEK,MARIBYRNONG RIVER,Maribyrnong,DIV 2 - SOUTHEAST COAST,30 MARIBYRNONG RIVER,2.63,2006-03-20T00:00:00Z,2013,Tributary Of 6971,Waterway section
3118,7613,SWALLOWTAIL CREEK,7600,LITTLE RIVER (UPPER),LITTLE RIVER,Werribee,DIV 2 - SOUTHEAST COAST,32 MOORABOOL RIVER,6.34,2006-02-20T00:00:00Z,2013,Swallowtail Creek,Waterway section
3119,8179,TRIB OF SPARGOS CREEK,8100,WERRIBEE RIVER (UPPER),WERRIBEE RIVER,Werribee,DIV 2 - SOUTHEAST COAST,31 WERRIBEE RIVER,1.85,2006-03-20T00:00:00Z,2013,Tributary Of Spargos Creek,Waterway section
3120,8180,MUSK CREEK,8100,WERRIBEE RIVER (UPPER),WERRIBEE RIVER,Werribee,DIV 2 - SOUTHEAST COAST,31 WERRIBEE RIVER,2.35,2006-03-20T00:00:00Z,2013,Musk Creek,Waterway section
3121,8307,TRIB OF DJERRIWARRH CREEK,8300,DJERRIWARRH CREEK,WERRIBEE RIVER,Werribee,DIV 2 - SOUTHEAST COAST,31 WERRIBEE RIVER,0.92,2006-03-20T00:00:00Z,2013,Tributary Of Djerriwarrh Creek,Waterway section
3122,8085,SHAWS RD DRAIN,8000,WERRIBEE RIVER (LOWER),WERRIBEE RIVER,Werribee,DIV 2 - SOUTHEAST COAST,31 WERRIBEE RIVER,3.16,2006-03-20T00:00:00Z,2013,Shaws Rd Drain,Waterway section
3123,6969,TRIB OF 6966,6950,RIDDELLS CREEK,MARIBYRNONG RIVER,Maribyrnong,DIV 2 - SOUTHEAST COAST,30 MARIBYRNONG RIVER,0.81,2006-03-20T00:00:00Z,2013,Tributary Of 6966,Waterway section
3124,7602,TRIB OF LITTLE RV (UPPER),7600,LITTLE RIVER (UPPER),LITTLE RIVER,Werribee,DIV 2 - SOUTHEAST COAST,32 MOORABOOL RIVER,1.7,2006-02-20T00:00:00Z,2013,Tributary Of Little Rv (Upper),Waterway section
3125,7603,TRIB OF LITTLE RV (UPPER),7600,LITTLE RIVER (UPPER),LITTLE RIVER,Werribee,DIV 2 - SOUTHEAST COAST,32 MOORABOOL RIVER,3.19,2006-02-20T00:00:00Z,2013,Tributary Of Little Rv (Upper),Waterway section
3126,7604,TRIB OF LITTLE RV (UPPER),7600,LITTLE RIVER (UPPER),LITTLE RIVER,Werribee,DIV 2 - SOUTHEAST COAST,32 MOORABOOL RIVER,2.98,2006-02-20T00:00:00Z,2013,Tributary Of Little Rv (Upper),Waterway section
3127,7790,TRIB OF BALLIANG CREEK,7750,BALLIANG CREEK,LITTLE RIVER,Werribee,DIV 2 - SOUTHEAST COAST,32 MOORABOOL RIVER,0.92,2006-02-20T00:00:00Z,2013,Tributary Of Balliang Creek,Waterway section
3128,7940,TRIB OF SANDY CREEK,7900,SANDY CREEK,LITTLE RIVER,Werribee,DIV 2 - SOUTHEAST COAST,32 MOORABOOL RIVER,1.25,2006-02-20T00:00:00Z,2013,Tributary Of Sandy Creek,Waterway section
3129,8428,TRIB OF 8427,8400,PYRITES CREEK,WERRIBEE RIVER,Werribee,DIV 2 - SOUTHEAST COAST,31 WERRIBEE RIVER,1.46,2006-03-20T00:00:00Z,2013,Tributary Of 8427,Waterway section
3130,8090,TARNEIT RD DRAIN,8000,WERRIBEE RIVER (LOWER),WERRIBEE RIVER,Werribee,DIV 2 - SOUTHEAST COAST,31 WERRIBEE RIVER,3.31,2006-03-20T00:00:00Z,2013,Tarneit Rd Drain,Waterway section
3131,8101,WERRIBEE RIVER (UPPER),8100,WERRIBEE RIVER (UPPER),WERRIBEE RIVER,Werribee,DIV 2 - SOUTHEAST COAST,31 WERRIBEE RIVER,58.14,2006-03-20T00:00:00Z,2013,Werribee River (Upper),Waterway section
3132,8102,FISKEN ST DRAIN,8500,WERRIBEE RIVER (UPPER),WERRIBEE RIVER,Werribee,DIV 2 - SOUTHEAST COAST,31 WERRIBEE RIVER,1.72,2006-03-20T00:00:00Z,2013,Fisken St Drain,Waterway section
3133,8103,TRIB OF MADDINGLEY PK DRAIN,8100,WERRIBEE RIVER (UPPER),WERRIBEE RIVER,Werribee,DIV 2 - SOUTHEAST COAST,31 WERRIBEE RIVER,4.44,2006-03-20T00:00:00Z,2013,Tributary Of Maddingley Pk Drain,Waterway section
3134,8104,MADDINGLEY PARK DRAIN,8100,WERRIBEE RIVER (UPPER),WERRIBEE RIVER,Werribee,DIV 2 - SOUTHEAST COAST,31 WERRIBEE RIVER,4.88,2006-03-20T00:00:00Z,2013,Maddingley Park Drain,Waterway section
3135,7605,TRIB OF LITTLE RV (UPPER),7600,LITTLE RIVER (UPPER),LITTLE RIVER,Werribee,DIV 2 - SOUTHEAST COAST,32 MOORABOOL RIVER,20.69,2006-02-20T00:00:00Z,2013,Tributary Of Little Rv (Upper),Waterway section
3136,7733,TRIB OF 7730,7700,LOLLYPOP CREEK,LITTLE RIVER,Werribee,DIV 2 - SOUTHEAST COAST,32 MOORABOOL RIVER,1.29,2006-02-20T00:00:00Z,2013,Tributary Of 7730,Waterway section
3137,7735,TRIB OF 7730,7700,LOLLYPOP CREEK,LITTLE RIVER,Werribee,DIV 2 - SOUTHEAST COAST,32 MOORABOOL RIVER,1.07,2006-02-20T00:00:00Z,2013,Tributary Of 7730,Waterway section
3138,7736,TRIB OF 7730,7700,LOLLYPOP CREEK,LITTLE RIVER,Werribee,DIV 2 - SOUTHEAST COAST,32 MOORABOOL RIVER,2.79,2006-02-20T00:00:00Z,2013,Tributary Of 7730,Waterway section
3139,7738,TRIB OF 7736,7700,LOLLYPOP CREEK,LITTLE RIVER,Werribee,DIV 2 - SOUTHEAST COAST,32 MOORABOOL RIVER,1.9,2006-02-20T00:00:00Z,2013,Tributary Of 7736,Waterway section
3140,8514,TRIB OF GOODMAN CREEK,8500,LERDERDERG RIVER,WERRIBEE RIVER,Werribee,DIV 2 - SOUTHEAST COAST,31 WERRIBEE RIVER,1.1,2006-03-20T00:00:00Z,2013,Tributary Of Goodman Creek,Waterway section
3141,8515,TRIB OF GOODMAN CREEK,8500,LERDERDERG RIVER,WERRIBEE RIVER,Werribee,DIV 2 - SOUTHEAST COAST,31 WERRIBEE RIVER,3.67,2006-03-20T00:00:00Z,2013,Tributary Of Goodman Creek,Waterway section
3142,8516,TRIB OF 8515,8500,LERDERDERG RIVER,WERRIBEE RIVER,Werribee,DIV 2 - SOUTHEAST COAST,31 WERRIBEE RIVER,1.16,2006-03-20T00:00:00Z,2013,Tributary Of 8515,Waterway section
3143,8429,TRIB OF 8427,8400,PYRITES CREEK,WERRIBEE RIVER,Werribee,DIV 2 - SOUTHEAST COAST,31 WERRIBEE RIVER,1.03,2006-03-20T00:00:00Z,2013,Tributary Of 8427,Waterway section
3144,8526,TRIB OF KNOCK EM DOWN GULLY,8500,LERDERDERG RIVER,WERRIBEE RIVER,Werribee,DIV 2 - SOUTHEAST COAST,31 WERRIBEE RIVER,0.95,2006-03-20T00:00:00Z,2013,Tributary Of Knock Em Down Gully,Waterway section
3145,8105,TRIB OF MADDINGLEY PK DRAIN,8100,WERRIBEE RIVER (UPPER),WERRIBEE RIVER,Werribee,DIV 2 - SOUTHEAST COAST,31 WERRIBEE RIVER,1.38,2006-03-20T00:00:00Z,2013,Tributary Of Maddingley Pk Drain,Waterway section
3146,8106,TRIB OF WERRIBEE RIVER (UPPER),8100,WERRIBEE RIVER (UPPER),WERRIBEE RIVER,Werribee,DIV 2 - SOUTHEAST COAST,31 WERRIBEE RIVER,4.07,2006-03-20T00:00:00Z,2013,Tributary Of Werribee River (Upper),Waterway section
3147,7910,TRIB OF 7905,7900,SANDY CREEK,LITTLE RIVER,Werribee,DIV 2 - SOUTHEAST COAST,32 MOORABOOL RIVER,1,2006-02-20T00:00:00Z,2013,Tributary Of 7905,Waterway section
3148,8168,TRIB OF WERRIBEE RIVER (UPPER),8100,WERRIBEE RIVER (UPPER),WERRIBEE RIVER,Werribee,DIV 2 - SOUTHEAST COAST,31 WERRIBEE RIVER,1.11,2006-03-20T00:00:00Z,2013,Tributary Of Werribee River (Upper),Waterway section
3149,8169,TRIB OF WERRIBEE RIVER (UPPER),8100,WERRIBEE RIVER (UPPER),WERRIBEE RIVER,Werribee,DIV 2 - SOUTHEAST COAST,31 WERRIBEE RIVER,6.22,2006-03-20T00:00:00Z,2013,Tributary Of Werribee River (Upper),Waterway section
3150,8170,TRIB OF 8169,8100,WERRIBEE RIVER (UPPER),WERRIBEE RIVER,Werribee,DIV 2 - SOUTHEAST COAST,31 WERRIBEE RIVER,1.17,2006-03-20T00:00:00Z,2013,Tributary Of 8169,Waterway section
3151,8527,MIDDLE GULLY,8500,LERDERDERG RIVER,WERRIBEE RIVER,Werribee,DIV 2 - SOUTHEAST COAST,31 WERRIBEE RIVER,4.25,2006-03-20T00:00:00Z,2013,Middle Gully,Waterway section
3152,8528,TRIB OF MIDDLE GULLY,8500,LERDERDERG RIVER,WERRIBEE RIVER,Werribee,DIV 2 - SOUTHEAST COAST,31 WERRIBEE RIVER,0.68,2006-03-20T00:00:00Z,2013,Tributary Of Middle Gully,Waterway section
3153,8529,TRIB OF MIDDLE GULLY,8500,LERDERDERG RIVER,WERRIBEE RIVER,Werribee,DIV 2 - SOUTHEAST COAST,31 WERRIBEE RIVER,4.5,2006-03-20T00:00:00Z,2013,Tributary Of Middle Gully,Waterway section
3154,8181,TRIB OF MUSK CREEK,8100,WERRIBEE RIVER (UPPER),WERRIBEE RIVER,Werribee,DIV 2 - SOUTHEAST COAST,31 WERRIBEE RIVER,0.9,2006-03-20T00:00:00Z,2013,Tributary Of Musk Creek,Waterway section
3155,8182,LOUSY CREEK,8100,WERRIBEE RIVER (UPPER),WERRIBEE RIVER,Werribee,DIV 2 - SOUTHEAST COAST,31 WERRIBEE RIVER,1.02,2006-03-20T00:00:00Z,2013,Lousy Creek,Waterway section
3156,8108,TRIB OF KORKUPERRIMUL CREEK,8100,WERRIBEE RIVER (UPPER),WERRIBEE RIVER,Werribee,DIV 2 - SOUTHEAST COAST,31 WERRIBEE RIVER,0.93,2006-03-20T00:00:00Z,2013,Tributary Of Korkuperrimul Creek,Waterway section
3157,8109,TRIB OF KORKUPERRIMUL CREEK,8100,WERRIBEE RIVER (UPPER),WERRIBEE RIVER,Werribee,DIV 2 - SOUTHEAST COAST,31 WERRIBEE RIVER,2.34,2006-03-20T00:00:00Z,2013,Tributary Of Korkuperrimul Creek,Waterway section
3158,8110,TRIB OF KORKUPERRIMUL CREEK,8100,WERRIBEE RIVER (UPPER),WERRIBEE RIVER,Werribee,DIV 2 - SOUTHEAST COAST,31 WERRIBEE RIVER,2.79,2006-03-20T00:00:00Z,2013,Tributary Of Korkuperrimul Creek,Waterway section
3159,8111,TRIB OF KORKUPERRIMUL CREEK,8100,WERRIBEE RIVER (UPPER),WERRIBEE RIVER,Werribee,DIV 2 - SOUTHEAST COAST,31 WERRIBEE RIVER,4.09,2006-03-20T00:00:00Z,2013,Tributary Of Korkuperrimul Creek,Waterway section
3160,6970,TRIB OF RIDDELLS CREEK,6950,RIDDELLS CREEK,MARIBYRNONG RIVER,Maribyrnong,DIV 2 - SOUTHEAST COAST,30 MARIBYRNONG RIVER,1.31,2006-03-20T00:00:00Z,2013,Tributary Of Riddells Creek,Waterway section
3161,6971,TRIB OF RIDDELLS CREEK,6950,RIDDELLS CREEK,MARIBYRNONG RIVER,Maribyrnong,DIV 2 - SOUTHEAST COAST,30 MARIBYRNONG RIVER,2.62,2006-03-20T00:00:00Z,2013,Tributary Of Riddells Creek,Waterway section
3162,6972,BARRINGO CREEK,6950,RIDDELLS CREEK,MARIBYRNONG RIVER,Maribyrnong,DIV 2 - SOUTHEAST COAST,30 MARIBYRNONG RIVER,7.25,2006-03-20T00:00:00Z,2013,Barringo Creek,Waterway section
3163,8224,TRIB OF TOOLERN CREEK,8200,TOOLERN CREEK,WERRIBEE RIVER,Werribee,DIV 2 - SOUTHEAST COAST,31 WERRIBEE RIVER,0.94,2006-03-20T00:00:00Z,2013,Tributary Of Toolern Creek,Waterway section
3164,8225,TRIB OF TOOLERN CREEK,8200,TOOLERN CREEK,WERRIBEE RIVER,Werribee,DIV 2 - SOUTHEAST COAST,31 WERRIBEE RIVER,0.87,2006-03-20T00:00:00Z,2013,Tributary Of Toolern Creek,Waterway section
3165,8302,TRIB OF DJERRIWARRH CREEK,8300,DJERRIWARRH CREEK,WERRIBEE RIVER,Werribee,DIV 2 - SOUTHEAST COAST,31 WERRIBEE RIVER,8.67,2006-03-20T00:00:00Z,2013,Tributary Of Djerriwarrh Creek,Waterway section
3166,8183,TRIB OF LOUSY CREEK,8100,WERRIBEE RIVER (UPPER),WERRIBEE RIVER,Werribee,DIV 2 - SOUTHEAST COAST,31 WERRIBEE RIVER,1.09,2006-03-20T00:00:00Z,2013,Tributary Of Lousy Creek,Waterway section
3167,8184,STANFIELD CREEK,8100,WERRIBEE RIVER (UPPER),WERRIBEE RIVER,Werribee,DIV 2 - SOUTHEAST COAST,31 WERRIBEE RIVER,4.43,2006-03-20T00:00:00Z,2013,Stanfield Creek,Waterway section
3168,8185,TRIB OF STANFIELD CREEK,8100,WERRIBEE RIVER (UPPER),WERRIBEE RIVER,Werribee,DIV 2 - SOUTHEAST COAST,31 WERRIBEE RIVER,1.9,2006-03-20T00:00:00Z,2013,Tributary Of Stanfield Creek,Waterway section
3169,8112,TRIB OF 8111,8100,WERRIBEE RIVER (UPPER),WERRIBEE RIVER,Werribee,DIV 2 - SOUTHEAST COAST,31 WERRIBEE RIVER,1.67,2006-03-20T00:00:00Z,2013,Tributary Of 8111,Waterway section
3170,8113,TRIB OF 8111,8100,WERRIBEE RIVER (UPPER),WERRIBEE RIVER,Werribee,DIV 2 - SOUTHEAST COAST,31 WERRIBEE RIVER,2.46,2006-03-20T00:00:00Z,2013,Tributary Of 8111,Waterway section
3171,8114,TRIB OF 8111,8100,WERRIBEE RIVER (UPPER),WERRIBEE RIVER,Werribee,DIV 2 - SOUTHEAST COAST,31 WERRIBEE RIVER,0.78,2006-03-20T00:00:00Z,2013,Tributary Of 8111,Waterway section
3172,7606,TRIB OF LITTLE RV (UPPER),7600,LITTLE RIVER (UPPER),LITTLE RIVER,Werribee,DIV 2 - SOUTHEAST COAST,32 MOORABOOL RIVER,1.54,2006-02-20T00:00:00Z,2013,Tributary Of Little Rv (Upper),Waterway section
3173,7607,TRIB OF LITTLE RV (UPPER),7600,LITTLE RIVER (UPPER),LITTLE RIVER,Werribee,DIV 2 - SOUTHEAST COAST,32 MOORABOOL RIVER,1.72,2006-02-20T00:00:00Z,2013,Tributary Of Little Rv (Upper),Waterway section
3174,7608,TRIB OF LITTLE RV (UPPER),7600,LITTLE RIVER (UPPER),LITTLE RIVER,Werribee,DIV 2 - SOUTHEAST COAST,32 MOORABOOL RIVER,1.83,2006-02-20T00:00:00Z,2013,Tributary Of Little Rv (Upper),Waterway section
3175,7609,TRIB OF LITTLE RV (UPPER),7600,LITTLE RIVER (UPPER),LITTLE RIVER,Werribee,DIV 2 - SOUTHEAST COAST,32 MOORABOOL RIVER,3.02,2006-02-20T00:00:00Z,2013,Tributary Of Little Rv (Upper),Waterway section
3176,7610,REILLY CREEK,7600,LITTLE RIVER (UPPER),LITTLE RIVER,Werribee,DIV 2 - SOUTHEAST COAST,32 MOORABOOL RIVER,8.74,2006-02-20T00:00:00Z,2013,Reilly Creek,Waterway section
3177,8420,TRIB OF 8419,8400,PYRITES CREEK,WERRIBEE RIVER,Werribee,DIV 2 - SOUTHEAST COAST,31 WERRIBEE RIVER,1,2006-03-20T00:00:00Z,2013,Tributary Of 8419,Waterway section
3178,8421,TRIB OF PYRITES CREEK,8400,PYRITES CREEK,WERRIBEE RIVER,Werribee,DIV 2 - SOUTHEAST COAST,31 WERRIBEE RIVER,8.77,2006-03-20T00:00:00Z,2013,Tributary Of Pyrites Creek,Waterway section
3179,8517,TRIB OF 8515,8500,LERDERDERG RIVER,WERRIBEE RIVER,Werribee,DIV 2 - SOUTHEAST COAST,31 WERRIBEE RIVER,0.88,2006-03-20T00:00:00Z,2013,Tributary Of 8515,Waterway section
3180,8308,TRIB OF DJERRIWARRH CREEK,8300,DJERRIWARRH CREEK,WERRIBEE RIVER,Werribee,DIV 2 - SOUTHEAST COAST,31 WERRIBEE RIVER,0.83,2006-03-20T00:00:00Z,2013,Tributary Of Djerriwarrh Creek,Waterway section
3181,8309,TRIB OF DJERRIWARRH CREEK,8300,DJERRIWARRH CREEK,WERRIBEE RIVER,Werribee,DIV 2 - SOUTHEAST COAST,31 WERRIBEE RIVER,1.67,2006-03-20T00:00:00Z,2013,Tributary Of Djerriwarrh Creek,Waterway section
3182,8310,BOGGY CREEK,8300,DJERRIWARRH CREEK,WERRIBEE RIVER,Werribee,DIV 2 - SOUTHEAST COAST,31 WERRIBEE RIVER,6.09,2006-03-20T00:00:00Z,2013,Boggy Creek,Waterway section
3183,8430,TRIB OF 8427,8400,PYRITES CREEK,WERRIBEE RIVER,Werribee,DIV 2 - SOUTHEAST COAST,31 WERRIBEE RIVER,0.86,2006-03-20T00:00:00Z,2013,Tributary Of 8427,Waterway section
3184,8115,TRIB OF KORKUPERRIMUL CREEK,8100,WERRIBEE RIVER (UPPER),WERRIBEE RIVER,Werribee,DIV 2 - SOUTHEAST COAST,31 WERRIBEE RIVER,2.83,2006-03-20T00:00:00Z,2013,Tributary Of Korkuperrimul Creek,Waterway section
3185,8116,TRIB OF KORKUPERRIMUL CREEK,8100,WERRIBEE RIVER (UPPER),WERRIBEE RIVER,Werribee,DIV 2 - SOUTHEAST COAST,31 WERRIBEE RIVER,2.07,2006-03-20T00:00:00Z,2013,Tributary Of Korkuperrimul Creek,Waterway section
3186,8117,TRIB OF KORKUPERRIMUL CREEK,8100,WERRIBEE RIVER (UPPER),WERRIBEE RIVER,Werribee,DIV 2 - SOUTHEAST COAST,31 WERRIBEE RIVER,0.68,2006-03-20T00:00:00Z,2013,Tributary Of Korkuperrimul Creek,Waterway section
3187,8118,TRIB OF KORKUPERRIMUL CREEK,8100,WERRIBEE RIVER (UPPER),WERRIBEE RIVER,Werribee,DIV 2 - SOUTHEAST COAST,31 WERRIBEE RIVER,0.67,2006-03-20T00:00:00Z,2013,Tributary Of Korkuperrimul Creek,Waterway section
3188,8119,TRIB OF KORKUPERRIMUL CREEK,8100,WERRIBEE RIVER (UPPER),WERRIBEE RIVER,Werribee,DIV 2 - SOUTHEAST COAST,31 WERRIBEE RIVER,2.12,2006-03-20T00:00:00Z,2013,Tributary Of Korkuperrimul Creek,Waterway section
3189,7740,TRIB OF 7730,7700,LOLLYPOP CREEK,LITTLE RIVER,Werribee,DIV 2 - SOUTHEAST COAST,32 MOORABOOL RIVER,0.79,2006-02-20T00:00:00Z,2013,Tributary Of 7730,Waterway section
3190,7742,TRIB OF LOLLYPOP CREEK,7700,LOLLYPOP CREEK,LITTLE RIVER,Werribee,DIV 2 - SOUTHEAST COAST,32 MOORABOOL RIVER,1.26,2006-02-20T00:00:00Z,2013,Tributary Of Lollypop Creek,Waterway section
3191,7743,TRIB OF LOLLYPOP CREEK,7700,LOLLYPOP CREEK,LITTLE RIVER,Werribee,DIV 2 - SOUTHEAST COAST,32 MOORABOOL RIVER,4.45,2006-02-20T00:00:00Z,2013,Tributary Of Lollypop Creek,Waterway section
3192,7746,TRIB OF LOLLYPOP CREEK,7700,LOLLYPOP CREEK,LITTLE RIVER,Werribee,DIV 2 - SOUTHEAST COAST,32 MOORABOOL RIVER,1.7,2006-02-20T00:00:00Z,2013,Tributary Of Lollypop Creek,Waterway section
3193,8518,TRIB OF 8515,8500,LERDERDERG RIVER,WERRIBEE RIVER,Werribee,DIV 2 - SOUTHEAST COAST,31 WERRIBEE RIVER,2.44,2006-03-20T00:00:00Z,2013,Tributary Of 8515,Waterway section
3194,8519,TRIB OF 8515,8500,LERDERDERG RIVER,WERRIBEE RIVER,Werribee,DIV 2 - SOUTHEAST COAST,31 WERRIBEE RIVER,1,2006-03-20T00:00:00Z,2013,Tributary Of 8515,Waterway section
3195,8431,TRIB OF 8427,8400,PYRITES CREEK,WERRIBEE RIVER,Werribee,DIV 2 - SOUTHEAST COAST,31 WERRIBEE RIVER,0.91,2006-03-20T00:00:00Z,2013,Tributary Of 8427,Waterway section
3196,8432,TRIB OF 8427,8400,PYRITES CREEK,WERRIBEE RIVER,Werribee,DIV 2 - SOUTHEAST COAST,31 WERRIBEE RIVER,0.7,2006-03-20T00:00:00Z,2013,Tributary Of 8427,Waterway section
3197,1126,MORDIALLOC CK (D/S WELLS RD),1100,MORDIALLOC CREEK,MORDIALLOC CREEK,Dandenong,DIV 2 - SOUTHEAST COAST,28 BUNYIP RIVER,1.13,2003-12-08T00:00:00Z,2018,Mordialloc Ck (Downstream Wells Rd),Waterway section
3198,9874,9874 COUNCIL DRAINAGE DIRECT TO BAY,4900,ELSTER CREEK,ELSTER CREEK,Dandenong,DIV 2 - SOUTHEAST COAST,28 BUNYIP RIVER,7.34,2005-10-24T00:00:00Z,2014,Council Drainage Direct To Bay,Council drainage discharging directly
3199,2806,SEARLE GULLY,2800,BUNYIP RIVER,BUNYIP RIVER,Western Port,DIV 2 - SOUTHEAST COAST,28 BUNYIP RIVER,0.69,2003-09-19T00:00:00Z,2013,Searle Gully,Waterway section
3200,8803,TRIB OF PARWAN CREEK,8800,PARWAN CREEK,WERRIBEE RIVER,Werribee,DIV 2 - SOUTHEAST COAST,31 WERRIBEE RIVER,5.35,2006-03-20T00:00:00Z,2013,Tributary Of Parwan Creek,Waterway section
3201,8804,TRIB OF PARWAN CREEK,8100,PARWAN CREEK,WERRIBEE RIVER,Werribee,DIV 2 - SOUTHEAST COAST,31 WERRIBEE RIVER,0.74,2006-03-20T00:00:00Z,2013,Tributary Of Parwan Creek,Waterway section
3202,8805,DOG TRAP GULLY,8800,PARWAN CREEK,WERRIBEE RIVER,Werribee,DIV 2 - SOUTHEAST COAST,31 WERRIBEE RIVER,4.5,2006-03-20T00:00:00Z,2013,Dog Trap Gully,Waterway section
3203,8806,TRIB OF DOG TRAP GULLY,8800,PARWAN CREEK,WERRIBEE RIVER,Werribee,DIV 2 - SOUTHEAST COAST,31 WERRIBEE RIVER,1.36,2006-03-20T00:00:00Z,2013,Tributary Of Dog Trap Gully,Waterway section
3204,8807,TRIB OF PARWAN CREEK,8800,PARWAN CREEK,WERRIBEE RIVER,Werribee,DIV 2 - SOUTHEAST COAST,31 WERRIBEE RIVER,3.78,2006-03-20T00:00:00Z,2013,Tributary Of Parwan Creek,Waterway section
3205,8808,TRIB OF PARWAN CREEK,8800,PARWAN CREEK,WERRIBEE RIVER,Werribee,DIV 2 - SOUTHEAST COAST,31 WERRIBEE RIVER,1.68,2006-03-20T00:00:00Z,2013,Tributary Of Parwan Creek,Waterway section
3206,2800,BUNYIP RIVER (UPPER),2800,BUNYIP RIVER,BUNYIP RIVER,Western Port,DIV 2 - SOUTHEAST COAST,28 BUNYIP RIVER,19.33,2003-09-23T00:00:00Z,2014,Bunyip River (Upper),Waterway section
3207,1314,MUDDY CREEK,1300,CARDINIA CREEK,CARDINIA CREEK,Western Port,DIV 2 - SOUTHEAST COAST,28 BUNYIP RIVER,30.17,2002-10-30T00:00:00Z,2014,Muddy Creek,Waterway section
3208,1313,CARDINIA RESERVOIR,1300,CARDINIA CREEK,CARDINIA CREEK,Western Port,DIV 2 - SOUTHEAST COAST,28 BUNYIP RIVER,20.64,2002-11-29T00:00:00Z,2014,Cardinia Reservoir,Waterway section
3209,6282,TRIB OF ARTHURS CREEK,4640,DIAMOND CREEK,YARRA RIVER,Yarra,DIV 2 - SOUTHEAST COAST,29 YARRA RIVER,2.65,2003-08-26T00:00:00Z,2013,Tributary Of Arthurs Creek,Waterway section
3210,3414,HEARN CREEK,3400,BALCOLMBE CREEK,MORN'N PENINSULA / PORT PHILLIP,Western Port,DIV 2 - SOUTHEAST COAST,28 BUNYIP RIVER,1.97,NA,2014,Hearn Creek,Waterway section
3211,4238,NIDDRIE WEST DRAIN,4220,MARIBYRNONG RIVER,MARIBYRNONG RIVER,Maribyrnong,DIV 2 - SOUTHEAST COAST,30 MARIBYRNONG RIVER,0.5,2002-10-09T00:00:00Z,2014,Niddrie West Drain,Waterway section
3212,4241,MILLEARA RD DRAIN,4220,MARIBYRNONG RIVER,MARIBYRNONG RIVER,Maribyrnong,DIV 2 - SOUTHEAST COAST,30 MARIBYRNONG RIVER,3.53,2002-07-25T00:00:00Z,2014,Milleara Rd Drain,Waterway section
3213,1745,EASTERN TANTI PARK ESTATE DN,1700,BALLAR CREEK,MORN'N PENINSULA / PORT PHILLIP,Western Port,DIV 2 - SOUTHEAST COAST,28 BUNYIP RIVER,0.95,NA,2014,Eastern Tanti Park Estate Dn,Waterway section
3214,1231,VALLEY RD D.S.,1260,BOGGY CREEK,KANANOOK CREEK,Dandenong,DIV 2 - SOUTHEAST COAST,28 BUNYIP RIVER,0.45,2002-10-18T00:00:00Z,2013,Valley Rd Downstream.,Waterway section
3215,1221,LITTLE BOGGY CREEK,1260,BOGGY CREEK,KANANOOK CREEK,Dandenong,DIV 2 - SOUTHEAST COAST,28 BUNYIP RIVER,3.52,2002-10-18T00:00:00Z,2013,Little Boggy Creek,Waterway section
3216,2380,LANGWARRIN CREEK,2300,WATSON INLET,MORN'N PENINSULA / WESTERN PORT,Western Port,DIV 2 - SOUTHEAST COAST,28 BUNYIP RIVER,22.61,2003-12-18T00:00:00Z,2013,Langwarrin Creek,Waterway section
3217,1222,POTTS RD WEST D.S.,1260,BOGGY CREEK,KANANOOK CREEK,Dandenong,DIV 2 - SOUTHEAST COAST,28 BUNYIP RIVER,0.84,2002-10-18T00:00:00Z,2013,Potts Rd West Downstream.,Waterway section
3218,1214,LT BOGGY CK (QUARRY/PINES RES),1260,BOGGY CREEK,KANANOOK CREEK,Dandenong,DIV 2 - SOUTHEAST COAST,28 BUNYIP RIVER,3.34,2002-10-31T00:00:00Z,2013,Lt Boggy Ck (Quarry/Pines Res),Waterway section
3219,8843,TRIB OF 8840,8800,PARWAN CREEK,WERRIBEE RIVER,Werribee,DIV 2 - SOUTHEAST COAST,31 WERRIBEE RIVER,1.1,2006-03-20T00:00:00Z,2013,Tributary Of 8840,Waterway section
3220,8844,TRIB OF PARWAN CREEK,8800,PARWAN CREEK,WERRIBEE RIVER,Werribee,DIV 2 - SOUTHEAST COAST,31 WERRIBEE RIVER,3.75,2006-03-20T00:00:00Z,2013,Tributary Of Parwan Creek,Waterway section
3221,8845,TRIB OF PARWAN CREEK,8800,PARWAN CREEK,WERRIBEE RIVER,Werribee,DIV 2 - SOUTHEAST COAST,31 WERRIBEE RIVER,0.77,2006-03-20T00:00:00Z,2013,Tributary Of Parwan Creek,Waterway section
3222,1730,TANTI CREEK,1700,BALLAR CREEK,MORN'N PENINSULA / PORT PHILLIP,Western Port,DIV 2 - SOUTHEAST COAST,28 BUNYIP RIVER,2.42,NA,2014,Tanti Creek,Waterway section
3223,1715,PITT ST DRAIN,1700,BALLAR CREEK,MORN'N PENINSULA / PORT PHILLIP,Western Port,DIV 2 - SOUTHEAST COAST,28 BUNYIP RIVER,1.02,NA,2014,Pitt St Drain,Waterway section
3224,1125,MORDIALLOC CK (U/S WELLS RD),1100,MORDIALLOC CREEK,MORDIALLOC CREEK,Dandenong,DIV 2 - SOUTHEAST COAST,28 BUNYIP RIVER,0.83,2002-11-06T00:00:00Z,2014,Mordialloc Ck (Upstream Wells Rd),Waterway section
3225,1232,EEL RACE CREEK,1250,EEL RACE CREEK,KANANOOK CREEK,Dandenong,DIV 2 - SOUTHEAST COAST,28 BUNYIP RIVER,3.35,2002-10-30T00:00:00Z,2015,Eel Race Creek,Waterway section
3226,1229,EEL RACE CREEK,1250,EEL RACE CREEK,KANANOOK CREEK,Dandenong,DIV 2 - SOUTHEAST COAST,28 BUNYIP RIVER,0.23,2002-11-06T00:00:00Z,2015,Eel Race Creek,Waterway section
3227,1219,EEL RACE CREEK,1250,EEL RACE CREEK,KANANOOK CREEK,Dandenong,DIV 2 - SOUTHEAST COAST,28 BUNYIP RIVER,5.18,2002-11-26T00:00:00Z,2015,Eel Race Creek,Waterway section
3228,0713,SKYE SOUTH,0700,EASTERN CONTOUR DRAIN,PATTERSON RIVER,Dandenong,DIV 2 - SOUTHEAST COAST,28 BUNYIP RIVER,1.86,2006-01-10T00:00:00Z,2013,Skye South,Waterway section
3229,0712,CRANBOURNE SOUTH,0700,EASTERN CONTOUR DRAIN,PATTERSON RIVER,Dandenong,DIV 2 - SOUTHEAST COAST,28 BUNYIP RIVER,5.93,2006-01-10T00:00:00Z,2013,Cranbourne South,Waterway section
3230,8625,PUMPHOUSE CREEK,8500,LERDERDERG RIVER,WERRIBEE RIVER,Werribee,DIV 2 - SOUTHEAST COAST,31 WERRIBEE RIVER,1.35,2006-03-20T00:00:00Z,2013,Pumphouse Creek,Waterway section
3231,3331,TRIB OF BASS RIVER,3300,BASS RIVER MAIN STREAM,BASS RIVER,Western Port,DIV 2 - SOUTHEAST COAST,27 SOUTH GIPPSLAND,1.06,2006-02-03T00:00:00Z,2013,Tributary Of Bass River,Waterway section
3232,3359,TRIB OF 3338,3300,BASS RIVER MAIN STREAM,BASS RIVER,Western Port,DIV 2 - SOUTHEAST COAST,27 SOUTH GIPPSLAND,0.99,2006-02-03T00:00:00Z,2013,Tributary Of 3338,Waterway section
3233,1218,WADSLEY'S DRAIN,1250,EEL RACE CREEK,KANANOOK CREEK,Dandenong,DIV 2 - SOUTHEAST COAST,28 BUNYIP RIVER,13.11,2002-10-29T00:00:00Z,2015,Wadsley's Drain,Waterway section
3234,1209,UPPER CARRUM DOWNS D.S.,1250,EEL RACE CREEK,KANANOOK CREEK,Dandenong,DIV 2 - SOUTHEAST COAST,28 BUNYIP RIVER,4.83,2002-10-18T00:00:00Z,2015,Upper Carrum Downs Downstream.,Waterway section
3235,1208,LOWER CARRUM DOWNS D.S.,1250,EEL RACE CREEK,KANANOOK CREEK,Dandenong,DIV 2 - SOUTHEAST COAST,28 BUNYIP RIVER,1.79,2002-10-18T00:00:00Z,2015,Lower Carrum Downs Downstream.,Waterway section
3236,0504,EUMEMMERRING CREEK UPPER,0500,EUMEMMERRRING CREEK,PATTERSON RIVER,Dandenong,DIV 2 - SOUTHEAST COAST,28 BUNYIP RIVER,20.33,2003-09-09T00:00:00Z,2017,Eumemmerring Creek Upper,Waterway section
3237,8626,TRIB OF CROWLEY CREEK,8500,LERDERDERG RIVER,WERRIBEE RIVER,Werribee,DIV 2 - SOUTHEAST COAST,31 WERRIBEE RIVER,0.8,2006-03-20T00:00:00Z,2013,Tributary Of Crowley Creek,Waterway section
3238,8627,COOPERS CREEK,8500,LERDERDERG RIVER,WERRIBEE RIVER,Werribee,DIV 2 - SOUTHEAST COAST,31 WERRIBEE RIVER,3.44,2006-03-20T00:00:00Z,2013,Coopers Creek,Waterway section
3239,8628,TRIB OF COOPERS CREEK,8500,LERDERDERG RIVER,WERRIBEE RIVER,Werribee,DIV 2 - SOUTHEAST COAST,31 WERRIBEE RIVER,1.78,2006-03-20T00:00:00Z,2013,Tributary Of Coopers Creek,Waterway section
3240,8708,TRIB OF STONY HUT CREEK,8700,PYKES CREEK,WERRIBEE RIVER,Werribee,DIV 2 - SOUTHEAST COAST,31 WERRIBEE RIVER,1.69,2006-03-20T00:00:00Z,2013,Tributary Of Stony Hut Creek,Waterway section
3241,6530,HERNES CREEK,4420,MERRI CREEK,YARRA RIVER,Yarra,DIV 2 - SOUTHEAST COAST,29 YARRA RIVER,1.85,NA,2013,Hernes Creek,Waterway section
3242,4486,BROOKFIELD DRAIN,4420,MERRI CREEK,YARRA RIVER,Yarra,DIV 2 - SOUTHEAST COAST,29 YARRA RIVER,1.26,2002-10-29T00:00:00Z,2013,Brookfield Drain,Waterway section
3243,0913,RIDDELL RD D.S. (U/S RB),0900,BLIND CREEK,PATTERSON RIVER,Dandenong,DIV 2 - SOUTHEAST COAST,28 BUNYIP RIVER,2.85,2002-11-29T00:00:00Z,2017,Riddell Rd Downstream. (Upstream Rb),Waterway section
3244,1122,PERRY ROAD,1100,MORDIALLOC CREEK,MORDIALLOC CREEK,Dandenong,DIV 2 - SOUTHEAST COAST,28 BUNYIP RIVER,3.77,2002-11-26T00:00:00Z,2017,Perry Road,Waterway section
3245,8735,TRIB OF POTTERS CREEK,8700,PYKES CREEK,WERRIBEE RIVER,Werribee,DIV 2 - SOUTHEAST COAST,31 WERRIBEE RIVER,1.57,2006-03-20T00:00:00Z,2013,Tributary Of Potters Creek,Waterway section
3246,8736,BIG TREE CREEK,8700,PYKES CREEK,WERRIBEE RIVER,Werribee,DIV 2 - SOUTHEAST COAST,31 WERRIBEE RIVER,2.15,2006-03-20T00:00:00Z,2013,Big Tree Creek,Waterway section
3247,8737,TRIB OF KORWEINGUBOORA CREEK,8700,PYKES CREEK,WERRIBEE RIVER,Werribee,DIV 2 - SOUTHEAST COAST,31 WERRIBEE RIVER,1.95,2006-03-20T00:00:00Z,2013,Tributary Of Korweinguboora Creek,Waterway section
3248,8738,TRIB OF KORWEINGUBOORA CREEK,8700,PYKES CREEK,WERRIBEE RIVER,Werribee,DIV 2 - SOUTHEAST COAST,31 WERRIBEE RIVER,3.65,2006-03-20T00:00:00Z,2013,Tributary Of Korweinguboora Creek,Waterway section
3249,8739,TRIB OF KORWEINGUBOORA CREEK,8700,PYKES CREEK,WERRIBEE RIVER,Werribee,DIV 2 - SOUTHEAST COAST,31 WERRIBEE RIVER,1.97,2006-03-20T00:00:00Z,2013,Tributary Of Korweinguboora Creek,Waterway section
3250,8740,TRIB OF 8738,8700,PYKES CREEK,WERRIBEE RIVER,Werribee,DIV 2 - SOUTHEAST COAST,31 WERRIBEE RIVER,1.9,2006-03-20T00:00:00Z,2013,Tributary Of 8738,Waterway section
3251,8709,TRIB OF STONY HUT CREEK,8700,PYKES CREEK,WERRIBEE RIVER,Werribee,DIV 2 - SOUTHEAST COAST,31 WERRIBEE RIVER,1.11,2006-03-20T00:00:00Z,2013,Tributary Of Stony Hut Creek,Waterway section
3252,8809,TRIB OF PARWAN CREEK,8800,PARWAN CREEK,WERRIBEE RIVER,Werribee,DIV 2 - SOUTHEAST COAST,31 WERRIBEE RIVER,3.59,2006-03-20T00:00:00Z,2013,Tributary Of Parwan Creek,Waterway section
3253,8810,TRIB OF PARWAN CREEK,8800,PARWAN CREEK,WERRIBEE RIVER,Werribee,DIV 2 - SOUTHEAST COAST,31 WERRIBEE RIVER,8.26,2006-03-20T00:00:00Z,2013,Tributary Of Parwan Creek,Waterway section
3254,8811,TRIB OF 8810,8800,PARWAN CREEK,WERRIBEE RIVER,Werribee,DIV 2 - SOUTHEAST COAST,31 WERRIBEE RIVER,5.9,2006-03-20T00:00:00Z,2013,Tributary Of 8810,Waterway section
3255,5592,TRIB OF WATTS RIVER,5670,WATTS RIVER,YARRA RIVER,Yarra,DIV 2 - SOUTHEAST COAST,29 YARRA RIVER,1.33,2003-10-30T00:00:00Z,2017,Tributary Of Watts River,Waterway section
3256,4697,COCKPIT GULLY,4600,PLENTY RIVER,YARRA RIVER,Yarra,DIV 2 - SOUTHEAST COAST,29 YARRA RIVER,1.48,NA,2017,Cockpit Gully,Waterway section
3257,4870,GARDINERS CREEK,4820,GARDINERS CREEK,YARRA RIVER,Yarra,DIV 2 - SOUTHEAST COAST,29 YARRA RIVER,6.09,2003-09-02T00:00:00Z,2017,Gardiners Creek,Waterway section
3258,6197,TRIB OF 6196,4400,YARRA RIVER MAIN STREAM,YARRA RIVER,Yarra,DIV 2 - SOUTHEAST COAST,29 YARRA RIVER,0.86,2003-11-05T00:00:00Z,2017,Tributary Of 6196,Waterway section
3259,6198,TRIB OF 6196,4400,YARRA RIVER MAIN STREAM,YARRA RIVER,Yarra,DIV 2 - SOUTHEAST COAST,29 YARRA RIVER,1.1,2003-11-05T00:00:00Z,2017,Tributary Of 6196,Waterway section
3260,8041,TRIB OF WERRIBEE RIVER (LOWER),8000,WERRIBEE RIVER (LOWER),WERRIBEE RIVER,Werribee,DIV 2 - SOUTHEAST COAST,31 WERRIBEE RIVER,7.18,2006-03-20T00:00:00Z,2017,Tributary Of Werribee River (Lower),Waterway section
3261,8834,TRIB OF 8833,8800,PARWAN CREEK,WERRIBEE RIVER,Werribee,DIV 2 - SOUTHEAST COAST,31 WERRIBEE RIVER,1.31,2006-03-20T00:00:00Z,2013,Tributary Of 8833,Waterway section
3262,8835,TRIB OF 8833,8800,PARWAN CREEK,WERRIBEE RIVER,Werribee,DIV 2 - SOUTHEAST COAST,31 WERRIBEE RIVER,0.79,2006-03-20T00:00:00Z,2013,Tributary Of 8833,Waterway section
3263,8812,TRIB OF 8811,8800,PARWAN CREEK,WERRIBEE RIVER,Werribee,DIV 2 - SOUTHEAST COAST,31 WERRIBEE RIVER,1.22,2006-03-20T00:00:00Z,2013,Tributary Of 8811,Waterway section
3264,8813,TRIB OF 8811,8800,PARWAN CREEK,WERRIBEE RIVER,Werribee,DIV 2 - SOUTHEAST COAST,31 WERRIBEE RIVER,0.92,2006-03-20T00:00:00Z,2013,Tributary Of 8811,Waterway section
3265,7501,LITTLE RIVER (LOWER),7500,LITTLE RIVER (LOWER),LITTLE RIVER,Werribee,DIV 2 - SOUTHEAST COAST,32 MOORABOOL RIVER,19.37,2006-02-20T00:00:00Z,2017,Little River (Lower),Waterway section
3266,7505,RYANS SWAMP DN (WTP SUBDRAIN),7500,LITTLE RIVER (LOWER),LITTLE RIVER,Werribee,DIV 2 - SOUTHEAST COAST,32 MOORABOOL RIVER,5.02,2006-02-20T00:00:00Z,2017,Ryans Swamp Dn (Wtp Subdrain),Waterway section
3267,7510,TRIB OF RYANS SWAMP DRAIN,7500,LITTLE RIVER (LOWER),LITTLE RIVER,Werribee,DIV 2 - SOUTHEAST COAST,32 MOORABOOL RIVER,11.39,2006-02-20T00:00:00Z,2017,Tributary Of Ryans Swamp Drain,Waterway section
3268,6735,DRY CREEK,6600,DEEP CREEK,MARIBYRNONG RIVER,Maribyrnong,DIV 2 - SOUTHEAST COAST,30 MARIBYRNONG RIVER,14.52,2006-03-20T00:00:00Z,2017,Dry Creek,Waterway section
3269,2440,LITTLE LANG LANG RIVER,2440,LITTLE LANG LANG RIVER,LANG LANG RIVER,Western Port,DIV 2 - SOUTHEAST COAST,28 BUNYIP RIVER,27.78,2003-10-20T00:00:00Z,2017,Little Lang Lang River,Waterway section
3270,2420,LANG LANG RIVER (MIDDLE),2420,LANG LANG RIVER (MIDDLE),LANG LANG RIVER,Western Port,DIV 2 - SOUTHEAST COAST,28 BUNYIP RIVER,26.37,2003-12-19T00:00:00Z,2017,Lang Lang River (Middle),Waterway section
3271,2496,TRIB OF ELIZA CREEK,2490,PHEASANT CREEK,LANG LANG RIVER,Western Port,DIV 2 - SOUTHEAST COAST,28 BUNYIP RIVER,0.44,2003-10-17T00:00:00Z,2017,Tributary Of Eliza Creek,Waterway section
3272,2492,TRIB OF PHEASANT CREEK,2490,PHEASANT CREEK,LANG LANG RIVER,Western Port,DIV 2 - SOUTHEAST COAST,28 BUNYIP RIVER,3.53,2003-10-17T00:00:00Z,2017,Tributary Of Pheasant Creek,Waterway section
3273,2450,MT VIEW CREEK,2430,LANG LANG RIVER (UPPER),LANG LANG RIVER,Western Port,DIV 2 - SOUTHEAST COAST,28 BUNYIP RIVER,12.3,2003-10-17T00:00:00Z,2017,Mt View Creek,Waterway section
3274,2452,TRIB OF MT VIEW CREEK,2430,LANG LANG RIVER (UPPER),LANG LANG RIVER,Western Port,DIV 2 - SOUTHEAST COAST,28 BUNYIP RIVER,1.29,2003-10-17T00:00:00Z,2017,Tributary Of Mt View Creek,Waterway section
3275,2470,MINNIEBURN CREEK,2460,O'MAHONEY'S CREEK,LANG LANG RIVER,Western Port,DIV 2 - SOUTHEAST COAST,28 BUNYIP RIVER,9.07,2003-10-08T00:00:00Z,2017,Minnieburn Creek,Waterway section
3276,8802,TRIB OF PARWAN CREEK,8800,PARWAN CREEK,WERRIBEE RIVER,Werribee,DIV 2 - SOUTHEAST COAST,31 WERRIBEE RIVER,29.27,2006-03-20T00:00:00Z,2017,Tributary Of Parwan Creek,Waterway section
3277,5289,TRIB OF EIGHTEEN MILE CREEK,4400,YARRA RIVER MAIN STREAM,YARRA RIVER,Yarra,DIV 2 - SOUTHEAST COAST,29 YARRA RIVER,6.71,2003-11-12T00:00:00Z,2013,Tributary Of Eighteen Mile Creek,Waterway section
3278,2500,RED BLUFF CREEK,2500,RED BLUFF CREEK,LANG LANG RIVER,Western Port,DIV 2 - SOUTHEAST COAST,28 BUNYIP RIVER,10.65,2003-12-15T00:00:00Z,2013,Red Bluff Creek,Waterway section
3279,2505,TRIB OF 2504,2500,RED BLUFF CREEK,LANG LANG RIVER,Western Port,DIV 2 - SOUTHEAST COAST,28 BUNYIP RIVER,5.38,2007-01-16T00:00:00Z,2013,Tributary Of 2504,Waterway section
3280,9810,9810 COUNCIL DRAINS DIRECT TO BAY,2500,RED BLUFF CREEK,LANG LANG RIVER,Western Port,DIV 2 - SOUTHEAST COAST,28 BUNYIP RIVER,5.08,2007-01-16T00:00:00Z,2013,Council Drains Direct To Bay,Waterway section
3281,2510,TRIB OF 2501,2500,RED BLUFF CREEK,LANG LANG RIVER,Western Port,DIV 2 - SOUTHEAST COAST,28 BUNYIP RIVER,1.39,2007-01-16T00:00:00Z,2013,Tributary Of 2501,Waterway section
3282,2501,TRIB OF RED BLUFF CREEK,2500,RED BLUFF CREEK,LANG LANG RIVER,Western Port,DIV 2 - SOUTHEAST COAST,28 BUNYIP RIVER,3.23,2007-01-16T00:00:00Z,2013,Tributary Of Red Bluff Creek,Waterway section
3283,2502,TRIB OF RED BLUFF CREEK,2500,RED BLUFF CREEK,LANG LANG RIVER,Western Port,DIV 2 - SOUTHEAST COAST,28 BUNYIP RIVER,1.65,2007-01-16T00:00:00Z,2013,Tributary Of Red Bluff Creek,Waterway section
3284,2503,PEACOCK RD DRAIN,2500,RED BLUFF CREEK,LANG LANG RIVER,Western Port,DIV 2 - SOUTHEAST COAST,28 BUNYIP RIVER,8.29,2007-01-16T00:00:00Z,2013,Peacock Rd Drain,Waterway section
3285,2504,CREEK 2504,2500,RED BLUFF CREEK,LANG LANG RIVER,Western Port,DIV 2 - SOUTHEAST COAST,28 BUNYIP RIVER,18.65,2007-01-16T00:00:00Z,2013,Creek 2504,Waterway section
3286,2506,TRIB OF 2505,2500,RED BLUFF CREEK,LANG LANG RIVER,Western Port,DIV 2 - SOUTHEAST COAST,28 BUNYIP RIVER,1.04,2007-01-16T00:00:00Z,2013,Tributary Of 2505,Waterway section
3287,8846,TRIB OF PARWAN CREEK,8800,PARWAN CREEK,WERRIBEE RIVER,Werribee,DIV 2 - SOUTHEAST COAST,31 WERRIBEE RIVER,1.21,2006-03-20T00:00:00Z,2013,Tributary Of Parwan Creek,Waterway section
3288,8847,TRIB OF PARWAN CREEK,8800,PARWAN CREEK,WERRIBEE RIVER,Werribee,DIV 2 - SOUTHEAST COAST,31 WERRIBEE RIVER,2.52,2006-03-20T00:00:00Z,2013,Tributary Of Parwan Creek,Waterway section
3289,9892,WERRIBEE IRRIGATION DISTRICT WATERWAYS,8000,WERRIBEE RIVER (LOWER),WERRIBEE RIVER,Werribee,DIV 2 - SOUTHEAST COAST,31 WERRIBEE RIVER,24.57,2006-03-20T00:00:00Z,2013,Werribee Irrigation District Waterways,Waterway section
3290,3337,TRIB OF BASS RIVER,3300,BASS RIVER MAIN STREAM,BASS RIVER,Western Port,DIV 2 - SOUTHEAST COAST,27 SOUTH GIPPSLAND,1.6,2006-02-03T00:00:00Z,2017,Tributary Of Bass River,Waterway section
3291,8629,TRIB OF 8628,8500,LERDERDERG RIVER,WERRIBEE RIVER,Werribee,DIV 2 - SOUTHEAST COAST,31 WERRIBEE RIVER,1.02,2006-03-20T00:00:00Z,2013,Tributary Of 8628,Waterway section
3292,8630,TRIB OF 8629,8500,LERDERDERG RIVER,WERRIBEE RIVER,Werribee,DIV 2 - SOUTHEAST COAST,31 WERRIBEE RIVER,0.74,2006-03-20T00:00:00Z,2013,Tributary Of 8629,Waterway section
3293,3341,TRIB OF 3338,3300,BASS RIVER MAIN STREAM,BASS RIVER,Western Port,DIV 2 - SOUTHEAST COAST,27 SOUTH GIPPSLAND,0.53,2006-02-03T00:00:00Z,2013,Tributary Of 3338,Waterway section
3294,3338,TRIB OF BASS RIVER,3300,BASS RIVER MAIN STREAM,BASS RIVER,Western Port,DIV 2 - SOUTHEAST COAST,27 SOUTH GIPPSLAND,2.52,2006-02-03T00:00:00Z,2013,Tributary Of Bass River,Waterway section
3295,3342,TRIB OF BASS RIVER,3300,BASS RIVER MAIN STREAM,BASS RIVER,Western Port,DIV 2 - SOUTHEAST COAST,27 SOUTH GIPPSLAND,7.26,2006-02-03T00:00:00Z,2013,Tributary Of Bass River,Waterway section
3296,3346,TRIB OF BASS RIVER,3300,BASS RIVER MAIN STREAM,BASS RIVER,Western Port,DIV 2 - SOUTHEAST COAST,27 SOUTH GIPPSLAND,3.02,2006-02-03T00:00:00Z,2013,Tributary Of Bass River,Waterway section
3297,3343,TRIB OF 3342,3300,BASS RIVER MAIN STREAM,BASS RIVER,Western Port,DIV 2 - SOUTHEAST COAST,27 SOUTH GIPPSLAND,1.11,2006-02-03T00:00:00Z,2017,Tributary Of 3342,Waterway section
3298,8741,TRIB OF KORJAMNUNNIP CREEK,8700,PYKES CREEK,WERRIBEE RIVER,Werribee,DIV 2 - SOUTHEAST COAST,31 WERRIBEE RIVER,1.1,2006-03-20T00:00:00Z,2013,Tributary Of Korjamnunnip Creek,Waterway section
3299,8742,GOLDEN CREEK,8700,PYKES CREEK,WERRIBEE RIVER,Werribee,DIV 2 - SOUTHEAST COAST,31 WERRIBEE RIVER,4.58,2006-03-20T00:00:00Z,2013,Golden Creek,Waterway section
3300,8710,TRIB OF STONY HUT CREEK,8700,PYKES CREEK,WERRIBEE RIVER,Werribee,DIV 2 - SOUTHEAST COAST,31 WERRIBEE RIVER,1.08,2006-03-20T00:00:00Z,2013,Tributary Of Stony Hut Creek,Waterway section
3301,8711,TRIB OF KORJAMNUNNIP CREEK,8700,PYKES CREEK,WERRIBEE RIVER,Werribee,DIV 2 - SOUTHEAST COAST,31 WERRIBEE RIVER,0.97,2006-03-20T00:00:00Z,2013,Tributary Of Korjamnunnip Creek,Waterway section
3302,8712,DALE CREEK,8700,PYKES CREEK,WERRIBEE RIVER,Werribee,DIV 2 - SOUTHEAST COAST,31 WERRIBEE RIVER,10.68,2006-03-20T00:00:00Z,2013,Dale Creek,Waterway section
3303,6534,MITTAGONG CREEK,4420,MERRI CREEK,YARRA RIVER,Yarra,DIV 2 - SOUTHEAST COAST,29 YARRA RIVER,9.78,2011-10-17T00:00:00Z,2013,Mittagong Creek,Waterway section
3304,6535,WALLAN CREEK,4420,MERRI CREEK,YARRA RIVER,Yarra,DIV 2 - SOUTHEAST COAST,29 YARRA RIVER,3.6,2011-10-17T00:00:00Z,2013,Wallan Creek,Waterway section
3305,0811,MONBULK CREEK (UPPER),0800,CORHANWARRABUL CREEK,PATTERSON RIVER,Dandenong,DIV 2 - SOUTHEAST COAST,28 BUNYIP RIVER,8.23,2002-10-30T00:00:00Z,2017,Monbulk Creek (Upper),Waterway section
3306,0821,TRIB OF MONBULK CREEK (UPPER),0800,CORHANWARRABUL CREEK,PATTERSON RIVER,Dandenong,DIV 2 - SOUTHEAST COAST,28 BUNYIP RIVER,1.47,2017-06-15T00:00:00Z,2017,Tributary Of Monbulk Creek (Upper),Waterway section
3307,8743,TRIB OF GOLDEN CREEK,8700,PYKES CREEK,WERRIBEE RIVER,Werribee,DIV 2 - SOUTHEAST COAST,31 WERRIBEE RIVER,1.82,2006-03-20T00:00:00Z,2013,Tributary Of Golden Creek,Waterway section
3308,8836,TRIB OF YALOAK CREEK,8800,PARWAN CREEK,WERRIBEE RIVER,Werribee,DIV 2 - SOUTHEAST COAST,31 WERRIBEE RIVER,1.68,2006-03-20T00:00:00Z,2013,Tributary Of Yaloak Creek,Waterway section
3309,5637,MCKILLOP CREEK,5610,OLINDA CREEK,YARRA RIVER,Yarra,DIV 2 - SOUTHEAST COAST,29 YARRA RIVER,2.29,2003-09-03T00:00:00Z,2013,Mckillop Creek,Waterway section
3310,3841,COLBERT CREEK,3830,MULTIPLE OUTFALLS DIRECT TO BAY,BASS RIVER,Western Port,DIV 2 - SOUTHEAST COAST,27 SOUTH GIPPSLAND,2.4,2006-02-03T00:00:00Z,2013,Colbert Creek,Waterway section
3311,1114,HAILEYBURY D.S.,1100,MORDIALLOC CREEK,MORDIALLOC CREEK,Dandenong,DIV 2 - SOUTHEAST COAST,28 BUNYIP RIVER,4.42,2002-07-24T00:00:00Z,2013,Haileybury Downstream.,Waterway section
3312,4141,STONY HILL CREEK,4110,KOROROIT CREEK,KOROROIT CREEK,Werribee,DIV 2 - SOUTHEAST COAST,31 WERRIBEE RIVER,13.45,2002-07-24T00:00:00Z,2013,Stony Hill Creek,Waterway section
3313,4150,TRIB OF STONY HILL CREEK,4110,KOROROIT CREEK,KOROROIT CREEK,Werribee,DIV 2 - SOUTHEAST COAST,31 WERRIBEE RIVER,1.82,2012-11-28T00:00:00Z,2013,Tributary Of Stony Hill Creek,Waterway section
3314,0403,DANDENONG CREEK (UPPER),0400,UPPER DANDENONG CREEK,PATTERSON RIVER,Dandenong,DIV 2 - SOUTHEAST COAST,28 BUNYIP RIVER,13.65,2002-11-14T00:00:00Z,2013,Dandenong Creek (Upper),Waterway section
3315,0415,DOBSONS CREEK,0400,UPPER DANDENONG CREEK,PATTERSON RIVER,Dandenong,DIV 2 - SOUTHEAST COAST,28 BUNYIP RIVER,9.13,2002-10-21T00:00:00Z,2013,Dobsons Creek,Waterway section
3316,9831,QUAIL & CHINAMANS ISLANDS,9999,MINOR WESTERN PORT ISLANDS,WESTERN PORT ISLANDS,Western Port,DIV 2 - SOUTHEAST COAST,28 BUNYIP RIVER,6.06,2005-10-21T00:00:00Z,2013,Quail & Chinamans Islands,Waterway section
3317,0619,TI-TREE CREEK D.S.,0600,HALLAM VALLEY CONTOUR DRAIN,PATTERSON RIVER,Dandenong,DIV 2 - SOUTHEAST COAST,28 BUNYIP RIVER,23.78,2002-10-18T00:00:00Z,2013,Ti-Tree Creek Downstream.,Waterway section
3318,9804,9804 Council Drainage Direct to Bay/Bight,3260,PHILLIP ISLAND,WESTERN PORT ISLANDS,Western Port - Phillip Island,DIV 2 - SOUTHEAST COAST,28 BUNYIP RIVER,40.23,2006-04-11T00:00:00Z,2013,Council Drainage Direct To Bay/Bight,Council drainage discharging directly
3319,8837,TRIB OF YALOAK CREEK,8800,PARWAN CREEK,WERRIBEE RIVER,Werribee,DIV 2 - SOUTHEAST COAST,31 WERRIBEE RIVER,1.68,2006-03-20T00:00:00Z,2013,Tributary Of Yaloak Creek,Waterway section
3320,8838,TRIB OF PARWAN CREEK,8800,PARWAN CREEK,WERRIBEE RIVER,Werribee,DIV 2 - SOUTHEAST COAST,31 WERRIBEE RIVER,1.77,2006-03-20T00:00:00Z,2013,Tributary Of Parwan Creek,Waterway section
3321,2507,BAY RD DRAIN,2500,RED BLUFF CREEK,LANG LANG RIVER,Western Port,DIV 2 - SOUTHEAST COAST,28 BUNYIP RIVER,1.31,2007-01-16T00:00:00Z,2013,Bay Rd Drain,Waterway section
3322,9895,9895 Drains Direct to Bay,7500,LITTLE RIVER (LOWER),LITTLE RIVER,Werribee,DIV 2 - SOUTHEAST COAST,32 MOORABOOL RIVER,6.98,2006-03-17T00:00:00Z,2014,Drains Direct To Bay,Waterway section
3323,9801,9801 Local Drainage Direct to Bay,3200,FRENCH ISLAND,WESTERN PORT ISLANDS,Western Port - French Island,DIV 2 - SOUTHEAST COAST,28 BUNYIP RIVER,43.2,2006-04-11T00:00:00Z,2014,Local Drainage Direct To Bay,Waterway section
3324,7804,TRIB OF 7803,7800,7800 TRIB OF LT RIVER (UPPER),LITTLE RIVER,Werribee,DIV 2 - SOUTHEAST COAST,32 MOORABOOL RIVER,1.09,2006-02-20T00:00:00Z,2014,Tributary Of 7803,Waterway section
3325,7801,TRIB OF LITTLE RIVER (UPPER),7800,7800 TRIB OF LITTLE RIVER (UPPER),LITTLE RIVER,Werribee,DIV 2 - SOUTHEAST COAST,32 MOORABOOL RIVER,15.35,2006-02-20T00:00:00Z,2014,Tributary Of Little River (Upper),Waterway section
3326,7597,TRIB OF WTP SUBDRAIN,7500,LITTLE RIVER (LOWER),LITTLE RIVER,Werribee,DIV 2 - SOUTHEAST COAST,32 MOORABOOL RIVER,18.54,2006-03-17T00:00:00Z,2014,Tributary Of Wtp Subdrain,Waterway section
3327,6852,BUNJIL CREEK,6800,JACKSONS CREEK,MARIBYRNONG RIVER,Maribyrnong,DIV 2 - SOUTHEAST COAST,30 MARIBYRNONG RIVER,2.2,2006-03-20T00:00:00Z,2018,Bunjil Creek,Waterway section
3328,6853,HOWEY CREEK,6800,JACKSONS CREEK,MARIBYRNONG RIVER,Maribyrnong,DIV 2 - SOUTHEAST COAST,30 MARIBYRNONG RIVER,2.33,2006-03-20T00:00:00Z,2018,Howey Creek,Waterway section
3329,2509,CREEK 2509,2500,RED BLUFF CREEK,LANG LANG RIVER,Western Port,DIV 2 - SOUTHEAST COAST,28 BUNYIP RIVER,1.96,2007-01-16T00:00:00Z,2013,Creek 2509,Waterway section
3330,9807,9807 Council Drains Direct to Bay,3830,MULTIPLE OUTFALLS DIRECT TO BAY,BASS RIVER,Western Port,DIV 2 - SOUTHEAST COAST,27 SOUTH GIPPSLAND,20.37,2006-03-21T00:00:00Z,2013,Council Drains Direct To Bay,Waterway section
3331,3831,CREEK 3831,3830,MULTIPLE OUTFALLS DIRECT TO BAY,BASS RIVER,Western Port,DIV 2 - SOUTHEAST COAST,27 SOUTH GIPPSLAND,6.17,2006-02-03T00:00:00Z,2013,Creek 3831,Waterway section
3332,8631,TRIB OF LERDERDERG RIVER,8500,LERDERDERG RIVER,WERRIBEE RIVER,Werribee,DIV 2 - SOUTHEAST COAST,31 WERRIBEE RIVER,0.58,2006-03-20T00:00:00Z,2013,Tributary Of Lerderderg River,Waterway section
3333,8701,KORJAMNUNNIP CREEK,8700,PYKES CREEK,WERRIBEE RIVER,Werribee,DIV 2 - SOUTHEAST COAST,31 WERRIBEE RIVER,24.38,2006-03-20T00:00:00Z,2013,Korjamnunnip Creek,Waterway section
3334,8425,TRIB OF PYRITES CREEK,8400,PYRITES CREEK,WERRIBEE RIVER,Werribee,DIV 2 - SOUTHEAST COAST,31 WERRIBEE RIVER,2.43,2006-03-20T00:00:00Z,2014,Tributary Of Pyrites Creek,Waterway section
3335,8320,TRIB OF DJERRIWARRH CREEK,8300,DJERRIWARRH CREEK,WERRIBEE RIVER,Werribee,DIV 2 - SOUTHEAST COAST,31 WERRIBEE RIVER,2.14,2006-03-20T00:00:00Z,2014,Tributary Of Djerriwarrh Creek,Waterway section
3336,6341,EMU CREEK,6340,EMU CREEK,MARIBYRNONG RIVER,Maribyrnong,DIV 2 - SOUTHEAST COAST,30 MARIBYRNONG RIVER,38.48,2006-03-20T00:00:00Z,2014,Emu Creek,Waterway section
3337,4230,STEELE CREEK,4220,MARIBYRNONG RIVER,MARIBYRNONG RIVER,Maribyrnong,DIV 2 - SOUTHEAST COAST,30 MARIBYRNONG RIVER,13.7,2002-10-10T00:00:00Z,2013,Steele Creek,Waterway section
3338,4860,SCOTCHMANS CREEK,4820,GARDINERS CREEK,YARRA RIVER,Yarra,DIV 2 - SOUTHEAST COAST,29 YARRA RIVER,10.84,2002-09-23T00:00:00Z,2013,Scotchmans Creek,Waterway section
3339,9850,9850 DIRECT TO BAY CATCHMENTS,3400,BALCOLMBE CREEK,MORN'N PENINSULA / PORT PHILLIP,Western Port,DIV 2 - SOUTHEAST COAST,28 BUNYIP RIVER,2.91,2005-10-04T00:00:00Z,2013,Direct To Bay Catchments,Waterway section
3340,8828,TRIB OF 8827,8800,PARWAN CREEK,WERRIBEE RIVER,Werribee,DIV 2 - SOUTHEAST COAST,31 WERRIBEE RIVER,0.72,2006-03-20T00:00:00Z,2013,Tributary Of 8827,Waterway section
3341,8829,YALOAK CREEK,8800,PARWAN CREEK,WERRIBEE RIVER,Werribee,DIV 2 - SOUTHEAST COAST,31 WERRIBEE RIVER,18.17,2006-03-20T00:00:00Z,2013,Yaloak Creek,Waterway section
3342,8830,TRIB OF YALOAK CREEK,8800,PARWAN CREEK,WERRIBEE RIVER,Werribee,DIV 2 - SOUTHEAST COAST,31 WERRIBEE RIVER,2.39,2006-03-20T00:00:00Z,2013,Tributary Of Yaloak Creek,Waterway section
3343,5470,WATSONS CREEK,5470,WATSONS CREEK,YARRA RIVER,Yarra,DIV 2 - SOUTHEAST COAST,29 YARRA RIVER,22.76,2003-08-29T00:00:00Z,2013,Watsons Creek,Waterway section
3344,8702,TRIB OF KORJAMNUNNIP CREEK,8700,PYKES CREEK,WERRIBEE RIVER,Werribee,DIV 2 - SOUTHEAST COAST,31 WERRIBEE RIVER,3.78,2006-03-20T00:00:00Z,2013,Tributary Of Korjamnunnip Creek,Waterway section
3345,8704,TRIB OF 8702,8700,PYKES CREEK,WERRIBEE RIVER,Werribee,DIV 2 - SOUTHEAST COAST,31 WERRIBEE RIVER,0.81,2006-03-20T00:00:00Z,2013,Tributary Of 8702,Waterway section
3346,8744,TRIB OF KORJAMNUNNIP CREEK,8700,PYKES CREEK,WERRIBEE RIVER,Werribee,DIV 2 - SOUTHEAST COAST,31 WERRIBEE RIVER,0.91,2006-03-20T00:00:00Z,2013,Tributary Of Korjamnunnip Creek,Waterway section
3347,6818,FRANCIS BLV DRAIN,6800,JACKSONS CREEK,MARIBYRNONG RIVER,Maribyrnong,DIV 2 - SOUTHEAST COAST,30 MARIBYRNONG RIVER,0.77,2006-03-20T00:00:00Z,2014,Francis Blv Drain,Waterway section
3348,5893,ARMSTRONG CREEK EAST BRANCH,4400,YARRA RIVER MAIN STREAM,YARRA RIVER,Yarra,DIV 2 - SOUTHEAST COAST,29 YARRA RIVER,8.46,2003-11-10T00:00:00Z,2014,Armstrong Creek East Branch,Waterway section
3349,5890,ARMSTRONG CREEK,4400,YARRA RIVER MAIN STREAM,YARRA RIVER,Yarra,DIV 2 - SOUTHEAST COAST,29 YARRA RIVER,20.23,2003-11-10T00:00:00Z,2014,Armstrong Creek,Waterway section
3350,3912,TRIB OF 3903,3900,BLUE MOUNTAIN CREEK,BASS RIVER,Western Port,DIV 2 - SOUTHEAST COAST,27 SOUTH GIPPSLAND,1.56,2006-02-03T00:00:00Z,2014,Tributary Of 3903,Waterway section
3351,3420,BALCOMBE CREEK WATERWAY,3400,BALCOLMBE CREEK,MORN'N PENINSULA / PORT PHILLIP,Western Port,DIV 2 - SOUTHEAST COAST,28 BUNYIP RIVER,36.19,NA,2014,Balcombe Creek Waterway,Waterway section
3352,6218,STEWART GULLY SOUTH BRANCH,4640,DIAMOND CREEK,YARRA RIVER,Yarra,DIV 2 - SOUTHEAST COAST,29 YARRA RIVER,0.75,2002-10-22T00:00:00Z,2014,Stewart Gully South Branch,Waterway section
3353,6214,TRIB OF STEWART PONDS,4640,DIAMOND CREEK,YARRA RIVER,Yarra,DIV 2 - SOUTHEAST COAST,29 YARRA RIVER,1.25,2002-10-22T00:00:00Z,2014,Tributary Of Stewart Ponds,Waterway section
3354,5706,TRIB OF WATSONS CREEK,5470,WATSONS CREEK,YARRA RIVER,Yarra,DIV 2 - SOUTHEAST COAST,29 YARRA RIVER,1,2003-08-29T00:00:00Z,2013,Tributary Of Watsons Creek,Waterway section
3355,5904,SUGARLOAF CREEK,5470,WATSONS CREEK,YARRA RIVER,Yarra,DIV 2 - SOUTHEAST COAST,29 YARRA RIVER,12.79,2003-08-29T00:00:00Z,2013,Sugarloaf Creek,Waterway section
3356,5840,BIG PATS CREEK,4400,YARRA RIVER MAIN STREAM,YARRA RIVER,Yarra,DIV 2 - SOUTHEAST COAST,29 YARRA RIVER,11.48,2003-11-18T00:00:00Z,2013,Big Pats Creek,Waterway section
3357,5779,TRIB OF YARRA CREEK,4400,YARRA RIVER MAIN STREAM,YARRA RIVER,Yarra,DIV 2 - SOUTHEAST COAST,29 YARRA RIVER,0.98,2003-10-09T00:00:00Z,2013,Tributary Of Yarra Creek,Waterway section
3358,0707,RODDS DRAIN,0700,EASTERN CONTOUR DRAIN,PATTERSON RIVER,Dandenong,DIV 2 - SOUTHEAST COAST,28 BUNYIP RIVER,16.44,2002-10-18T00:00:00Z,2013,Rodds Drain,Waterway section
3359,0709,EASTERN CONTOUR DRAIN (UPPER),0700,EASTERN CONTOUR DRAIN,PATTERSON RIVER,Dandenong,DIV 2 - SOUTHEAST COAST,28 BUNYIP RIVER,12.74,2002-11-06T00:00:00Z,2013,Eastern Contour Drain (Upper),Waterway section
3360,1202,BALLARTO RD D.S.,1260,BOGGY CREEK,KANANOOK CREEK,Dandenong,DIV 2 - SOUTHEAST COAST,28 BUNYIP RIVER,5.04,2002-10-18T00:00:00Z,2013,Ballarto Rd Downstream.,Waterway section
3361,8745,TRIB OF KORJAMNUNNIP CREEK,8700,PYKES CREEK,WERRIBEE RIVER,Werribee,DIV 2 - SOUTHEAST COAST,31 WERRIBEE RIVER,2.76,2006-03-20T00:00:00Z,2013,Tributary Of Korjamnunnip Creek,Waterway section
3362,8746,SCHILLITOE CREEK,8700,PYKES CREEK,WERRIBEE RIVER,Werribee,DIV 2 - SOUTHEAST COAST,31 WERRIBEE RIVER,2.21,2006-03-20T00:00:00Z,2013,Schillitoe Creek,Waterway section
3363,8747,PARADISE GULLY,8700,PYKES CREEK,WERRIBEE RIVER,Werribee,DIV 2 - SOUTHEAST COAST,31 WERRIBEE RIVER,0.82,2006-03-20T00:00:00Z,2013,Paradise Gully,Waterway section
3364,8839,TRIB OF PARWAN CREEK,8800,PARWAN CREEK,WERRIBEE RIVER,Werribee,DIV 2 - SOUTHEAST COAST,31 WERRIBEE RIVER,1.13,2006-03-20T00:00:00Z,2013,Tributary Of Parwan Creek,Waterway section
3365,8840,TRIB OF PARWAN CREEK,8800,PARWAN CREEK,WERRIBEE RIVER,Werribee,DIV 2 - SOUTHEAST COAST,31 WERRIBEE RIVER,3.56,2006-03-20T00:00:00Z,2013,Tributary Of Parwan Creek,Waterway section
3366,3903,TRIB OF 3901,3900,BLUE MOUNTAIN CREEK,BASS RIVER,Western Port,DIV 2 - SOUTHEAST COAST,27 SOUTH GIPPSLAND,6.59,2006-02-03T00:00:00Z,2014,Tributary Of 3901,Waterway section
3367,3265,CREEK 3265,3260,PHILLIP ISLAND,WESTERN PORT ISLANDS,Western Port - Phillip Island,DIV 2 - SOUTHEAST COAST,28 BUNYIP RIVER,1.63,2006-04-11T00:00:00Z,2014,Creek 3265,Waterway section
3368,6162,TRIB OF SLATY CREEK,5810,LITTLE YARRA RIVER,YARRA RIVER,Yarra,DIV 2 - SOUTHEAST COAST,29 YARRA RIVER,1.03,2003-09-17T00:00:00Z,2014,Tributary Of Slaty Creek,Waterway section
3369,6283,TRIB OF 6282,4640,DIAMOND CREEK,YARRA RIVER,Yarra,DIV 2 - SOUTHEAST COAST,29 YARRA RIVER,0.2,2003-08-26T00:00:00Z,2014,Tributary Of 6282,Waterway section
3370,6275,GREENS RD GULLY,4640,DIAMOND CREEK,YARRA RIVER,Yarra,DIV 2 - SOUTHEAST COAST,29 YARRA RIVER,3.67,2002-09-18T00:00:00Z,2014,Greens Rd Gully,Waterway section
3371,4862,PARK ROAD DRAIN OAKLEIGH,4820,GARDINERS CREEK,YARRA RIVER,Yarra,DIV 2 - SOUTHEAST COAST,29 YARRA RIVER,0.08,2002-09-03T00:00:00Z,2014,Park Road Drain Oakleigh,Waterway section
3372,8618,TRIB OF LERDERDERG RIVER,8500,LERDERDERG RIVER,WERRIBEE RIVER,Werribee,DIV 2 - SOUTHEAST COAST,31 WERRIBEE RIVER,0.88,2006-03-20T00:00:00Z,2013,Tributary Of Lerderderg River,Waterway section
3373,8619,LOAM CREEK,8500,LERDERDERG RIVER,WERRIBEE RIVER,Werribee,DIV 2 - SOUTHEAST COAST,31 WERRIBEE RIVER,2.51,2006-03-20T00:00:00Z,2013,Loam Creek,Waterway section
3374,8620,NOLAN CREEK,8500,LERDERDERG RIVER,WERRIBEE RIVER,Werribee,DIV 2 - SOUTHEAST COAST,31 WERRIBEE RIVER,1.99,2006-03-20T00:00:00Z,2013,Nolan Creek,Waterway section
3375,8621,STOCKYARD CREEK,8500,LERDERDERG RIVER,WERRIBEE RIVER,Werribee,DIV 2 - SOUTHEAST COAST,31 WERRIBEE RIVER,2.66,2006-03-20T00:00:00Z,2013,Stockyard Creek,Waterway section
3376,8622,SCRUB CREEK,8500,LERDERDERG RIVER,WERRIBEE RIVER,Werribee,DIV 2 - SOUTHEAST COAST,31 WERRIBEE RIVER,1.7,2006-03-20T00:00:00Z,2013,Scrub Creek,Waterway section
3377,8623,TRIB OF LERDERDERG RIVER,8500,LERDERDERG RIVER,WERRIBEE RIVER,Werribee,DIV 2 - SOUTHEAST COAST,31 WERRIBEE RIVER,0.69,2006-03-20T00:00:00Z,2013,Tributary Of Lerderderg River,Waterway section
3378,8841,TRIB OF 8840,8800,PARWAN CREEK,WERRIBEE RIVER,Werribee,DIV 2 - SOUTHEAST COAST,31 WERRIBEE RIVER,0.7,2006-03-20T00:00:00Z,2013,Tributary Of 8840,Waterway section
3379,8842,TRIB OF 8840,8800,PARWAN CREEK,WERRIBEE RIVER,Werribee,DIV 2 - SOUTHEAST COAST,31 WERRIBEE RIVER,2.73,2006-03-20T00:00:00Z,2013,Tributary Of 8840,Waterway section
3380,3833,TRIB OF 3831,3830,MULTIPLE OUTFALLS DIRECT TO BAY,BASS RIVER,Western Port,DIV 2 - SOUTHEAST COAST,27 SOUTH GIPPSLAND,0.67,2006-02-03T00:00:00Z,2013,Tributary Of 3831,Waterway section
3381,3328,TRIB OF BASS RIVER,3300,BASS RIVER MAIN STREAM,BASS RIVER,Western Port,DIV 2 - SOUTHEAST COAST,27 SOUTH GIPPSLAND,1.15,2006-02-03T00:00:00Z,2013,Tributary Of Bass River,Waterway section
3382,5811,TRIB OF LT YARRA RIVER,5810,LITTLE YARRA RIVER,YARRA RIVER,Yarra,DIV 2 - SOUTHEAST COAST,29 YARRA RIVER,1.13,2003-09-17T00:00:00Z,2014,Tributary Of Lt Yarra River,Waterway section
3383,5994,TRIB OF WANDIN YALLOCK CREEK,5720,WOORI YALLOCK CREEK,YARRA RIVER,Yarra,DIV 2 - SOUTHEAST COAST,29 YARRA RIVER,0.93,2003-09-11T00:00:00Z,2014,Tributary Of Wandin Yallock Creek,Waterway section
3384,4853,CARLISLE CRES M.D.,4820,GARDINERS CREEK,YARRA RIVER,Yarra,DIV 2 - SOUTHEAST COAST,29 YARRA RIVER,1.02,2002-10-24T00:00:00Z,2014,Carlisle Cres Main Drain.,Melbourne Water main drain
3385,4911,COWDEROY ST M.D.,4900,ELSTER CREEK,ELSTER CREEK,Dandenong,DIV 2 - SOUTHEAST COAST,28 BUNYIP RIVER,3.49,2002-10-21T00:00:00Z,2014,Cowderoy St Main Drain.,Melbourne Water main drain
3386,3555,BALD HILL CREEK,3500,SAFETY BEACH,MORN'N PENINSULA / PORT PHILLIP,Western Port,DIV 2 - SOUTHEAST COAST,28 BUNYIP RIVER,5.19,2005-07-25T00:00:00Z,2014,Bald Hill Creek,Waterway section
3387,8624,CROWLEY CREEK,8500,LERDERDERG RIVER,WERRIBEE RIVER,Werribee,DIV 2 - SOUTHEAST COAST,31 WERRIBEE RIVER,2.47,2006-03-20T00:00:00Z,2013,Crowley Creek,Waterway section
3388,8730,TRIB OF KORJAMNUNNIP CREEK,8700,PYKES CREEK,WERRIBEE RIVER,Werribee,DIV 2 - SOUTHEAST COAST,31 WERRIBEE RIVER,1.35,2006-03-20T00:00:00Z,2013,Tributary Of Korjamnunnip Creek,Waterway section
3389,8731,KORWEINGUBOORA CREEK,8700,PYKES CREEK,WERRIBEE RIVER,Werribee,DIV 2 - SOUTHEAST COAST,31 WERRIBEE RIVER,8.98,2006-03-20T00:00:00Z,2013,Korweinguboora Creek,Waterway section
3390,8732,TRIB OF KORWEINGUBOORA CREEK,8700,PYKES CREEK,WERRIBEE RIVER,Werribee,DIV 2 - SOUTHEAST COAST,31 WERRIBEE RIVER,0.8,2006-03-20T00:00:00Z,2013,Tributary Of Korweinguboora Creek,Waterway section
3391,8733,TRIB OF KORWEINGUBOORA CREEK,8700,PYKES CREEK,WERRIBEE RIVER,Werribee,DIV 2 - SOUTHEAST COAST,31 WERRIBEE RIVER,3.13,2006-03-20T00:00:00Z,2013,Tributary Of Korweinguboora Creek,Waterway section
3392,8734,POTTERS CREEK,8700,PYKES CREEK,WERRIBEE RIVER,Werribee,DIV 2 - SOUTHEAST COAST,31 WERRIBEE RIVER,2,2006-03-20T00:00:00Z,2013,Potters Creek,Waterway section
3393,3329,TRIB OF 3328,3300,BASS RIVER MAIN STREAM,BASS RIVER,Western Port,DIV 2 - SOUTHEAST COAST,27 SOUTH GIPPSLAND,0.97,2006-02-03T00:00:00Z,2013,Tributary Of 3328,Waterway section
3394,8705,TRIB OF KORJAMNUNNIP CREEK,8700,PYKES CREEK,WERRIBEE RIVER,Werribee,DIV 2 - SOUTHEAST COAST,31 WERRIBEE RIVER,0.9,2006-03-20T00:00:00Z,2013,Tributary Of Korjamnunnip Creek,Waterway section
3395,8706,STONY HUT CREEK,8700,PYKES CREEK,WERRIBEE RIVER,Werribee,DIV 2 - SOUTHEAST COAST,31 WERRIBEE RIVER,7.57,2006-03-20T00:00:00Z,2013,Stony Hut Creek,Waterway section
3396,5976,TRIB OF LOG CREEK,5610,OLINDA CREEK,YARRA RIVER,Yarra,DIV 2 - SOUTHEAST COAST,29 YARRA RIVER,2.31,2003-09-03T00:00:00Z,2014,Tributary Of Log Creek,Waterway section
3397,5789,WOMBAT CREEK,5780,HODDLES CREEK,YARRA RIVER,Yarra,DIV 2 - SOUTHEAST COAST,29 YARRA RIVER,3.57,2002-10-21T00:00:00Z,2014,Wombat Creek,Waterway section
3398,5786,TRIB OF HODDLES CREEK,5780,HODDLES CREEK,YARRA RIVER,Yarra,DIV 2 - SOUTHEAST COAST,29 YARRA RIVER,1.11,2002-10-21T00:00:00Z,2014,Tributary Of Hoddles Creek,Waterway section
3399,6010,BEER CREEK,5810,LITTLE YARRA RIVER,YARRA RIVER,Yarra,DIV 2 - SOUTHEAST COAST,29 YARRA RIVER,2.4,2003-09-17T00:00:00Z,2014,Beer Creek,Waterway section
3400,5499,ELY CREEK,5810,LITTLE YARRA RIVER,YARRA RIVER,Yarra,DIV 2 - SOUTHEAST COAST,29 YARRA RIVER,0.96,2003-10-09T00:00:00Z,2014,Ely Creek,Waterway section
3401,3540,DUNNS CREEK,3500,SAFETY BEACH,MORN'N PENINSULA / PORT PHILLIP,Western Port,DIV 2 - SOUTHEAST COAST,28 BUNYIP RIVER,17.97,NA,2014,Dunns Creek,Waterway section
3402,3451,TRIB OF BALCOMBE CREEK,3400,BALCOLMBE CREEK,MORN'N PENINSULA / PORT PHILLIP,Western Port,DIV 2 - SOUTHEAST COAST,28 BUNYIP RIVER,2.73,NA,2014,Tributary Of Balcombe Creek,Waterway section
3403,3450,BARAKEE RESERVE OUTFALL DRAIN,3400,BALCOLMBE CREEK,MORN'N PENINSULA / PORT PHILLIP,Western Port,DIV 2 - SOUTHEAST COAST,28 BUNYIP RIVER,9.56,NA,2014,Barakee Reserve Outfall Drain,Waterway section
3404,8831,TRIB OF 8830,8800,PARWAN CREEK,WERRIBEE RIVER,Werribee,DIV 2 - SOUTHEAST COAST,31 WERRIBEE RIVER,0.84,2006-03-20T00:00:00Z,2013,Tributary Of 8830,Waterway section
3405,8832,TRIB OF 8831,8800,PARWAN CREEK,WERRIBEE RIVER,Werribee,DIV 2 - SOUTHEAST COAST,31 WERRIBEE RIVER,0.78,2006-03-20T00:00:00Z,2013,Tributary Of 8831,Waterway section
3406,8833,TRIB OF YALOAK CREEK,8800,PARWAN CREEK,WERRIBEE RIVER,Werribee,DIV 2 - SOUTHEAST COAST,31 WERRIBEE RIVER,7.19,2006-03-20T00:00:00Z,2013,Tributary Of Yaloak Creek,Waterway section
3407,8707,TRIB OF STONY HUT CREEK,8700,PYKES CREEK,WERRIBEE RIVER,Werribee,DIV 2 - SOUTHEAST COAST,31 WERRIBEE RIVER,0.77,2006-03-20T00:00:00Z,2013,Tributary Of Stony Hut Creek,Waterway section
3408,8748,GERMAN GULLY,8700,PYKES CREEK,WERRIBEE RIVER,Werribee,DIV 2 - SOUTHEAST COAST,31 WERRIBEE RIVER,0.93,2006-03-20T00:00:00Z,2013,German Gully,Waterway section
3409,8801,PARWAN CREEK,8800,PARWAN CREEK,WERRIBEE RIVER,Werribee,DIV 2 - SOUTHEAST COAST,31 WERRIBEE RIVER,35.37,2006-03-20T00:00:00Z,2013,Parwan Creek,Waterway section
